CASE_ID,ACCIDENT_YEAR,PROC_DATE,JURIS,COLLISION_DATE,COLLISION_TIME,OFFICER_ID,REPORTING_DISTRICT,DAY_OF_WEEK,CHP_SHIFT,POPULATION,CNTY_CITY_LOC,SPECIAL_COND,BEAT_TYPE,CHP_BEAT_TYPE,CITY_DIVISION_LAPD,CHP_BEAT_CLASS,BEAT_NUMBER,PRIMARY_RD,SECONDARY_RD,DISTANCE,DIRECTION,INTERSECTION,WEATHER_1,WEATHER_2,STATE_HWY_IND,CALTRANS_COUNTY,CALTRANS_DISTRICT,STATE_ROUTE,ROUTE_SUFFIX,POSTMILE_PREFIX,POSTMILE,LOCATION_TYPE,RAMP_INTERSECTION,SIDE_OF_HWY,TOW_AWAY,COLLISION_SEVERITY,NUMBER_KILLED,NUMBER_INJURED,PARTY_COUNT,PRIMARY_COLL_FACTOR,PCF_CODE_OF_VIOL,PCF_VIOL_CATEGORY,PCF_VIOLATION,PCF_VIOL_SUBSECTION,HIT_AND_RUN,TYPE_OF_COLLISION,MVIW,PED_ACTION,ROAD_SURFACE,ROAD_COND_1,ROAD_COND_2,LIGHTING,CONTROL_DEVICE,CHP_ROAD_TYPE,PEDESTRIAN_ACCIDENT,BICYCLE_ACCIDENT,MOTORCYCLE_ACCIDENT,TRUCK_ACCIDENT,NOT_PRIVATE_PROPERTY,ALCOHOL_INVOLVED,STWD_VEHTYPE_AT_FAULT,CHP_VEHTYPE_AT_FAULT,COUNT_SEVERE_INJ,COUNT_VISIBLE_INJ,COUNT_COMPLAINT_PAIN,COUNT_PED_KILLED,COUNT_PED_INJURED,COUNT_BICYCLIST_KILLED,COUNT_BICYCLIST_INJURED,COUNT_MC_KILLED,COUNT_MC_INJURED,PRIMARY_RAMP,SECONDARY_RAMP,LATITUDE,LONGITUDE,COUNTY,CITY,POINT_X,POINT_Y
6290270,2014,2014-04-16,9530,2014-02-22,1655,17755,NA,6,2,9,1900,0,3,5,NA,2,003,FRAILEY AV,COMPTON BL,0,NA,Y,A,-,N,NA,NA,NA,NA,NA,NA,NA,NA,NA,Y,1,1,5,3,A,-,12,22450,A,N,E,I,A,A,H,-,A,A,0,NA,NA,NA,NA,Y,NA,A,01,1,4,0,0,0,0,0,0,0,-,-,33.89615,-118.19126,LOS ANGELES,UNINCORPORATED,-118.19124004,33.89619011
6290272,2014,2014-04-16,9545,2014-02-28,1050,15351,9545,5,1,9,1900,0,3,5,NA,2,002,AVENUE S,TOVEY AV,0,NA,Y,C,-,N,NA,NA,NA,NA,NA,NA,NA,NA,NA,Y,1,1,1,1,A,-,03,22350,NA,N,E,I,A,B,H,-,A,D,0,NA,NA,NA,NA,Y,NA,A,01,1,0,0,0,0,0,0,0,0,-,-,34.55806,-118.14998,LOS ANGELES,UNINCORPORATED,-118.15002008,34.55804
6290274,2014,2015-12-21,1955,2014-03-10,2036,40180,50,1,5,6,1955,0,0,0,NA,0,001,HOLT AV,FILLMORE PL,106,W,N,A,-,N,NA,NA,NA,NA,NA,NA,NA,NA,NA,Y,1,1,0,2,A,-,11,21954,A,N,G,B,E,A,H,-,C,D,0,Y,NA,NA,NA,Y,Y,N,60,0,0,0,1,0,0,0,0,0,-,-,NA,NA,LOS ANGELES,POMONA,-117.76742893,34.06195057
6290282,2014,2015-12-21,1969,2014-01-19,2311,10171,TRAFF,7,5,5,1969,0,0,0,NA,0,001,TWEEDY BL,LONG BEACH BL,0,NA,Y,A,-,N,NA,NA,NA,NA,NA,NA,NA,NA,NA,Y,1,1,2,3,A,-,01,23152,A,N,E,I,-,A,H,-,C,A,0,Y,NA,NA,NA,Y,Y,A,01,0,0,2,0,1,0,0,0,0,-,-,NA,NA,LOS ANGELES,SOUTH GATE,-118.21616011,33.94535002
6290289,2014,2015-12-21,1942,2014-03-13,1150,38956,1685,4,5,7,1942,0,0,0,P,0,21T62,TUJUNGA AV,KESWICK ST,0,NA,Y,A,-,N,NA,NA,NA,NA,NA,NA,NA,NA,NA,Y,1,1,1,2,A,-,12,22450,A,N,D,C,A,A,H,-,A,A,0,NA,NA,Y,NA,Y,NA,A,08,0,0,1,0,0,0,0,1,0,-,-,NA,NA,LOS ANGELES,LOS ANGELES,-118.37903003,34.21026005
6290295,2014,2014-04-28,1925,2014-03-09,0712,13002,237,7,5,6,1925,0,0,0,NA,0,004,GLENDALE AV,CALIFORNIA AV,0,NA,Y,A,-,N,NA,NA,NA,NA,NA,NA,NA,NA,NA,Y,1,1,0,2,A,-,12,21453,A,N,H,G,A,A,H,-,A,A,0,NA,Y,NA,NA,Y,NA,L,04,0,0,0,0,0,1,0,0,0,-,-,34.14997,-118.24568,LOS ANGELES,GLENDALE,-118.24572003,34.14996003
6290298,2014,2014-04-28,1965,2014-03-22,0055,3178,B1G,6,5,5,1965,0,0,0,NA,0,B001,OCEAN AV,SEASIDE TER,98,S,N,A,-,N,NA,NA,NA,NA,NA,NA,NA,NA,NA,N,1,1,1,4,A,-,03,22350,NA,F,G,B,D,A,H,-,C,A,0,Y,NA,NA,NA,Y,Y,A,01,0,0,1,1,1,0,0,0,0,-,-,NA,NA,LOS ANGELES,SANTA MONICA,-118.49360191,34.01032191
6290311,2014,2014-04-30,1942,2014-02-04,1920,40696,1834,2,5,7,1942,0,0,0,R,0,18T23,105TH ST,WADSWORTH AV,0,NA,Y,A,-,N,NA,NA,NA,NA,NA,NA,NA,NA,NA,Y,1,1,1,9,A,-,03,22350,NA,F,E,J,E,A,H,-,C,D,0,Y,NA,NA,NA,Y,NA,A,01,0,1,0,1,0,0,0,0,0,-,-,NA,NA,LOS ANGELES,LOS ANGELES,-118.25872012,33.94097009
6290316,2014,2015-12-23,1942,2014-03-30,0020,40545,1134,7,5,7,1942,0,0,0,K,0,4T43,SAN FERNANDO RD,CAZADOR ST,0,NA,Y,A,-,N,NA,NA,NA,NA,NA,NA,NA,NA,NA,Y,1,1,2,2,A,-,03,22350,NA,N,D,C,A,A,H,-,C,A,0,NA,NA,Y,NA,Y,Y,C,02,0,1,1,0,0,0,0,1,0,-,-,NA,NA,LOS ANGELES,LOS ANGELES,-118.23761012,34.10331007
6290319,2014,2014-05-02,9580,2014-01-13,2044,20100,NA,1,2,7,1942,0,1,1,NA,2,406,RT 405,RAYMER ST,800,N,N,A,-,Y,LA,7,405,-,-,43.61,H,-,N,Y,1,1,0,3,A,-,03,22350,NA,N,C,C,A,A,A,B,D,D,1,NA,NA,Y,NA,Y,NA,C,02,0,0,0,0,0,0,0,1,0,-,-,34.21776,-118.47316,LOS ANGELES,LOS ANGELES,-118.47311108,34.21901427
6290333,2014,2015-12-21,1972,2014-01-07,0706,16610,NA,2,5,6,1972,0,0,0,NA,0,NA,SKYPARK DR,GARNIER ST,0,NA,Y,A,-,N,NA,NA,NA,NA,NA,NA,NA,NA,NA,Y,1,1,1,2,A,-,09,21801,A,N,D,C,A,A,H,-,A,D,0,NA,NA,Y,NA,Y,NA,A,01,0,1,0,0,0,0,0,1,0,-,-,NA,NA,LOS ANGELES,TORRANCE,-118.33756009,33.80536009
6290334,2014,2015-12-21,9575,2014-01-26,0003,19603,NA,7,3,7,1942,0,1,3,NA,2,041,RT 134,ARBOR DELL DR,829,E,N,A,-,Y,LA,7,134,-,R,11.36,H,-,W,Y,1,1,4,4,A,-,01,23152,A,N,D,C,-,A,H,-,D,D,1,Y,NA,NA,NA,Y,Y,D,22,1,1,2,1,1,0,0,0,0,-,-,34.14511,-118.19014,LOS ANGELES,LOS ANGELES,-118.18675011,34.14352025
6290338,2014,2014-04-24,1942,2014-03-23,1200,40398,1777,7,5,7,1942,0,0,0,Q,0,15TL42,HAYVENHURST AV,PLUMMER ST,0,NA,Y,A,-,N,NA,NA,NA,NA,NA,NA,NA,NA,NA,Y,1,1,6,3,A,-,12,21453,A,N,D,C,A,A,H,-,A,A,0,NA,NA,NA,NA,Y,NA,A,01,1,3,2,0,0,0,0,0,0,-,-,NA,NA,LOS ANGELES,LOS ANGELES,-118.49373006,34.24297002
6290339,2014,2015-12-23,1942,2014-03-23,0500,33757,2031,7,5,7,1942,0,0,0,NA,0,20T59,WESTERN AV,WILSHIRE BL,46,S,N,B,-,N,NA,NA,NA,NA,NA,NA,NA,NA,NA,Y,1,1,0,2,A,-,03,22350,NA,N,C,E,A,A,H,-,C,A,0,NA,NA,NA,NA,Y,NA,A,01,0,0,0,0,0,0,0,0,0,-,-,NA,NA,LOS ANGELES,LOS ANGELES,-118.30908247,34.06155386
6290341,2014,2014-04-23,1942,2014-03-28,1410,38185,0991,5,5,7,1942,0,0,0,I,0,19TL73,BEVERLY GLEN BL,BEVERLY RIDGE DR,499,S,N,A,-,N,NA,NA,NA,NA,NA,NA,NA,NA,NA,Y,1,1,2,3,A,-,03,22350,NA,N,B,C,A,A,H,-,A,A,0,NA,NA,NA,NA,Y,NA,D,22,0,1,1,0,0,0,0,0,0,-,-,NA,NA,LOS ANGELES,LOS ANGELES,-118.44801988,34.1329411
6290342,2014,2014-04-23,1942,2014-03-30,0630,40735,1083,7,5,7,1942,0,0,0,J,0,10T35,RESEDA BL,HERMANO DR,70,S,-,A,-,N,NA,NA,NA,NA,NA,NA,NA,NA,NA,Y,1,1,1,1,A,-,03,22350,NA,N,E,I,A,A,H,-,A,D,0,NA,NA,NA,NA,Y,NA,A,01,0,1,0,0,0,0,0,0,0,-,-,NA,NA,LOS ANGELES,LOS ANGELES,-118.53665336,34.15919426
6290349,2014,2014-04-24,1900,2014-01-30,1550,530043,2619,4,5,6,1950,0,0,0,NA,0,261T1,10TH ST WEST,AVENUE N,0,NA,Y,C,-,N,NA,NA,NA,NA,NA,NA,NA,NA,NA,Y,1,1,2,2,A,-,09,21801,A,N,D,C,A,B,H,-,A,A,0,NA,NA,NA,NA,Y,NA,A,08,1,1,0,0,0,0,0,0,0,-,-,NA,NA,LOS ANGELES,PALMDALE,-118.1477,34.63121008
6290364,2014,2014-04-24,1942,2014-03-19,1450,40058,0824,3,5,7,1942,0,0,0,H,0,7T38,CHAUTAUQUA BL,ALMOLOYA DR,202,S,N,A,-,N,NA,NA,NA,NA,NA,NA,NA,NA,NA,Y,1,1,1,2,A,-,03,22350,NA,N,C,E,A,A,H,-,A,D,0,NA,NA,NA,NA,Y,NA,A,01,0,0,1,0,0,0,0,0,0,-,-,NA,NA,LOS ANGELES,LOS ANGELES,-118.51944779,34.03558246
6290373,2014,2014-04-23,1900,2014-03-27,1445,524695,2917,4,5,4,1974,0,0,0,NA,0,292K3,CALAVERAS DR,SUMMIT RIDGE DR,0,NA,Y,A,-,N,NA,NA,NA,NA,NA,NA,NA,NA,NA,Y,1,1,0,2,A,-,03,22350,NA,N,G,B,D,A,H,-,A,D,0,Y,NA,NA,NA,Y,NA,A,08,0,0,0,1,0,0,0,0,0,-,-,NA,NA,LOS ANGELES,WALNUT,-117.88822011,34.0283301
6290375,2014,2015-12-29,1976,2014-04-02,2039,337,CA019,3,5,5,1976,0,0,0,NA,0,003,MAR VISTA ST,LA SIERRA AV,128,W,N,A,-,N,NA,NA,NA,NA,NA,NA,NA,NA,NA,Y,1,1,0,2,A,-,01,23152,A,N,G,B,E,A,H,-,D,D,0,Y,NA,NA,NA,Y,Y,A,01,0,0,0,1,0,0,0,0,0,-,-,NA,NA,LOS ANGELES,WHITTIER,-118.00397636,33.96216698
6290376,2014,2015-12-23,1942,2014-04-03,0935,30452,1005,4,5,7,1942,0,0,0,J,0,9TL53,LULL ST,ENFIELD AV,164,W,N,A,-,N,NA,NA,NA,NA,NA,NA,NA,NA,NA,Y,1,1,0,3,A,-,03,22350,NA,F,G,B,E,A,H,-,A,D,0,Y,NA,NA,NA,Y,NA,-,99,0,0,0,1,0,0,0,0,0,-,-,NA,NA,LOS ANGELES,LOS ANGELES,-118.52433149,34.20926
6290396,2014,2014-05-23,9590,2014-01-04,1825,20697,NA,6,2,7,1942,0,1,2,NA,2,070,RT 101,ALAMEDA ST,342,S,N,A,-,Y,LA,7,101,-,-,0.7,H,-,N,N,1,1,0,2,A,-,11,21954,A,F,G,B,E,A,H,-,C,D,1,Y,NA,NA,NA,Y,Y,N,60,0,0,0,1,0,0,0,0,0,TO,-,34.05418,-118.23642,LOS ANGELES,LOS ANGELES,-118.23711216,34.05398018
6290399,2014,2015-12-21,1900,2014-02-03,0543,427517,0451,1,5,6,1949,0,0,0,NA,0,43T1,IMPERIAL HWY,FAIRFORD AV,2,E,N,A,-,N,NA,NA,NA,NA,NA,NA,NA,NA,NA,N,1,1,0,3,A,-,11,21950,B,F,G,B,D,A,H,-,C,A,0,Y,NA,NA,NA,Y,NA,N,60,0,0,0,1,0,0,0,0,0,-,-,NA,NA,LOS ANGELES,NORWALK,-118.09487389,33.91708796
6290407,2014,2014-04-25,1922,2014-02-22,2058,505,NA,6,5,6,1922,0,0,0,NA,0,NA,BRYANT RD,MAPLE AV,26,W,N,A,-,N,NA,NA,NA,NA,NA,NA,NA,NA,NA,Y,1,1,0,1,A,-,03,22350,NA,N,E,I,A,A,H,-,C,A,0,NA,NA,Y,NA,Y,NA,C,02,0,0,0,0,0,0,0,1,0,-,-,NA,NA,LOS ANGELES,EL MONTE,-118.02294338,34.07917639
6290408,2014,2014-11-13,1922,2014-03-10,1457,620,NA,1,5,6,1922,0,0,0,NA,0,NA,PECK RD,GARVEY AV,0,NA,Y,A,-,N,NA,NA,NA,NA,NA,NA,NA,NA,NA,Y,1,1,4,2,A,-,09,21801,A,N,A,C,A,A,H,-,A,A,0,NA,NA,NA,NA,Y,NA,D,22,0,0,4,0,0,0,0,0,0,-,-,NA,NA,LOS ANGELES,EL MONTE,-118.03054003,34.06285004
6290419,2014,2014-04-30,9540,2014-03-14,1945,18454,NA,5,2,9,1900,0,2,4,NA,2,072,LAKE HUGHES RD,WARM SPRINGS RD,9662,W,N,A,-,N,NA,NA,NA,NA,NA,NA,NA,NA,NA,Y,1,1,1,1,A,-,08,22107,NA,N,E,I,A,A,H,-,D,D,0,NA,NA,NA,NA,Y,NA,D,22,1,0,0,0,0,0,0,0,0,-,-,34.57706,-118.55658,LOS ANGELES,UNINCORPORATED,-118.56184999,34.59009999
6290429,2014,2014-06-24,9565,2014-01-11,1450,19859,NA,6,2,3,1923,0,1,1,NA,2,010,RT 105,NASH ST,123,W,N,A,-,Y,LA,7,105,-,R,0.951,R,2,E,Y,1,1,0,1,A,-,08,22107,NA,N,E,I,A,A,H,-,A,D,1,NA,NA,Y,NA,Y,NA,C,02,0,0,0,0,0,0,0,1,0,FR,-,33.93086,-118.38887,LOS ANGELES,EL SEGUNDO,-118.38838472,33.93106401
6290433,2014,2014-05-09,1942,2014-02-20,0525,38591,0515,4,5,7,1942,0,0,0,E,0,5T21,PACIFIC COAST HWY,NEPTUNE AV,91,E,N,A,-,Y,LA,7,1,-,-,10.92,H,-,N,N,1,1,0,2,A,-,11,21956,A,N,G,B,D,A,H,-,C,A,0,Y,NA,NA,NA,Y,NA,N,60,0,0,0,1,0,0,0,0,0,-,-,NA,NA,LOS ANGELES,LOS ANGELES,-118.27006122,33.79086433
6290437,2014,2014-05-07,1942,2014-03-06,1005,30380,0375,4,5,7,1942,0,0,0,C,0,3T5,S GRAMERCY PL,EXPOSITION BL,0,NA,Y,A,-,N,NA,NA,NA,NA,NA,NA,NA,NA,NA,N,1,1,0,2,A,-,11,21456,B,N,G,B,B,A,H,-,A,A,0,Y,NA,NA,NA,Y,NA,N,60,0,0,0,1,0,0,0,0,0,-,-,NA,NA,LOS ANGELES,LOS ANGELES,-118.31382006,34.0185001
6290447,2014,2014-05-08,1925,2014-04-09,0944,14089,160,3,5,6,1925,0,0,0,NA,0,004,GLENDALE AV,VERDUGO RD,500,S,N,A,-,N,NA,NA,NA,NA,NA,NA,NA,NA,NA,Y,1,1,0,2,A,-,11,21954,A,N,G,B,D,A,H,-,A,D,0,Y,NA,NA,NA,Y,NA,N,60,0,0,0,1,0,0,0,0,0,-,-,NA,NA,LOS ANGELES,GLENDALE,-118.23770822,34.16061694
6290450,2014,2015-12-28,1928,2014-04-13,0224,381,509,7,5,5,1928,0,0,0,NA,0,0H2,PRAIRIE AV,120TH ST,300,S,N,A,-,N,NA,NA,NA,NA,NA,NA,NA,NA,NA,N,1,1,4,7,A,-,-,NA,NA,N,G,B,E,A,H,-,C,D,0,Y,NA,NA,NA,Y,Y,-,-,1,2,1,0,3,0,0,0,0,-,-,NA,NA,LOS ANGELES,HAWTHORNE,-118.34388,33.92285718
6290456,2014,2014-05-02,1902,2014-04-16,2113,561,17,3,5,5,1902,0,0,0,NA,0,003,HUNTINGTON DR,GATE 1,0,NA,Y,A,-,N,NA,NA,NA,NA,NA,NA,NA,NA,NA,N,1,1,1,3,-,-,-,NA,NA,N,G,B,D,A,H,-,E,B,0,Y,NA,NA,NA,Y,NA,-,-,1,0,0,1,1,0,0,0,0,-,-,NA,NA,LOS ANGELES,ARCADIA,-118.05177,34.131946
6290457,2014,2015-12-29,1942,2014-04-19,0105,31652,2137,6,5,7,1942,0,0,0,NA,0,19T73,SATICOY ST,DE SOTO AV,25,E,N,A,-,N,NA,NA,NA,NA,NA,NA,NA,NA,NA,Y,1,1,2,2,A,-,12,21453,A,N,D,C,A,A,H,-,C,A,0,NA,NA,Y,NA,Y,NA,C,02,1,1,0,0,0,0,0,1,0,-,-,NA,NA,LOS ANGELES,LOS ANGELES,-118.58839745,34.20833
6290462,2014,2015-12-29,1942,2014-04-22,2325,40063,2149,2,5,7,1942,0,0,0,NA,0,9T55,VANOWEN ST,HATILLO AV,68,W,N,A,-,N,NA,NA,NA,NA,NA,NA,NA,NA,NA,N,1,1,0,2,A,-,11,21955,NA,N,G,B,D,A,H,-,C,D,0,Y,NA,NA,NA,Y,Y,N,60,0,0,0,1,0,0,0,0,0,-,-,NA,NA,LOS ANGELES,LOS ANGELES,-118.56510449,34.19382
6290475,2014,2015-12-29,1900,2014-03-20,1938,507884,0631,4,5,6,1985,0,0,0,NA,0,61T1P,SOLEDAD CANYON RD,CANYON COUNTRY PK,12,E,N,A,-,N,NA,NA,NA,NA,NA,NA,NA,NA,NA,Y,1,1,4,2,A,-,00,23103,A,N,C,C,A,A,H,-,C,D,0,NA,NA,Y,NA,Y,Y,C,02,0,0,4,0,0,0,0,1,0,-,-,NA,NA,LOS ANGELES,SANTA CLARITA,-118.44065905,34.41800063
6290476,2014,2014-05-14,9590,2014-03-23,0605,20169,NA,7,1,7,1942,0,1,1,NA,2,061,RT 10,WESTERN AV,55,E,N,A,-,Y,LA,7,10,-,R,13.015,R,2,W,N,1,1,0,2,A,-,11,21954,A,F,G,B,D,A,H,-,B,A,1,Y,NA,NA,NA,Y,NA,N,60,0,0,0,1,0,0,0,0,0,TO,-,34.0377,-118.30867,LOS ANGELES,LOS ANGELES,-118.30561761,34.03722516
6290478,2014,2014-05-14,1905,2014-03-30,1833,1147,241,7,5,4,1905,0,0,0,NA,0,071,AZUSA AV,GLADSTONE ST,0,NA,Y,A,-,N,NA,NA,NA,NA,NA,NA,NA,NA,NA,Y,1,1,2,2,A,-,12,21453,A,N,D,C,A,A,H,-,A,A,0,NA,NA,NA,NA,Y,NA,-,-,0,1,1,0,0,0,0,0,0,-,-,NA,NA,LOS ANGELES,AZUSA,-117.90772012,34.11425012
6290486,2014,2014-10-03,1942,2014-04-21,0800,36911,0507,1,5,7,1942,0,0,0,E,0,3T5,WESTERN AV,228TH ST,165,S,N,B,-,N,NA,NA,NA,NA,NA,NA,NA,NA,NA,Y,4,0,1,2,C,-,18,NA,NA,N,E,I,A,A,H,-,A,D,0,NA,NA,NA,NA,Y,NA,-,-,0,0,1,0,0,0,0,0,0,-,-,NA,NA,LOS ANGELES,LOS ANGELES,-118.308812,33.818568
6290502,2014,2014-05-23,1942,2014-04-11,1930,35471,2156,5,5,7,1942,0,0,0,NA,0,10T35,TOPANGA CANYON BL,TOPANGA PLAZA DR,97,N,N,A,-,Y,LA,7,27,-,-,13.86,H,-,N,Y,1,1,0,2,A,-,03,22350,NA,N,B,C,A,A,H,-,B,A,0,NA,NA,Y,NA,Y,NA,C,02,0,0,0,0,0,0,0,1,0,-,-,NA,NA,LOS ANGELES,LOS ANGELES,-118.60583424,34.19104865
6290504,2014,2015-12-29,1942,2014-04-15,2000,40460,2021,2,5,7,1942,0,0,0,NA,0,20T59,WILSHIRE BL,WINDSOR BL,161,E,N,A,-,N,NA,NA,NA,NA,NA,NA,NA,NA,NA,Y,1,1,0,3,A,-,11,21954,A,N,G,B,D,A,H,-,C,D,0,Y,NA,NA,NA,Y,Y,N,60,0,0,0,1,0,0,0,0,0,-,-,NA,NA,LOS ANGELES,LOS ANGELES,-118.32089968,34.06174687
6290505,2014,2014-05-19,1942,2014-04-23,0040,40696,1831,3,5,7,1942,0,0,0,R,0,18T23,FIGUEROA ST,121ST ST,150,S,N,A,-,N,NA,NA,NA,NA,NA,NA,NA,NA,NA,N,1,1,0,2,A,-,11,21956,NA,F,G,B,E,A,H,-,C,D,0,Y,NA,NA,NA,Y,NA,N,60,0,0,0,1,0,0,0,0,0,-,-,NA,NA,LOS ANGELES,LOS ANGELES,-118.28284977,33.92208164
6290506,2014,2015-12-29,1942,2014-04-28,1045,35481,1958,1,5,7,1942,0,0,0,NA,0,21TL62,VAN NUYS BL,CANTERBURY AV,0,NA,Y,A,-,N,NA,NA,NA,NA,NA,NA,NA,NA,NA,Y,1,2,1,3,A,-,10,21950,A,N,G,B,B,A,H,-,A,D,0,Y,NA,NA,NA,Y,NA,A,01,0,1,0,2,0,0,0,0,0,-,-,NA,NA,LOS ANGELES,LOS ANGELES,-118.44528005,34.2492101
6290514,2014,2014-05-16,1900,2014-04-07,1949,530043,2612,1,5,6,1950,0,0,0,NA,0,264T1,10TH ST WEST,AVENUE O,436,S,N,A,-,N,NA,NA,NA,NA,NA,NA,NA,NA,NA,Y,1,1,0,3,A,-,08,22107,NA,N,D,C,A,A,H,-,B,A,0,NA,NA,Y,NA,Y,NA,C,02,0,0,0,0,0,0,0,1,0,-,-,NA,NA,LOS ANGELES,PALMDALE,-118.14776461,34.61541451
6290525,2014,2014-05-21,9575,2014-01-06,1754,18814,NA,1,2,6,1925,0,1,3,NA,2,090,RT 2,MOUNTAIN ST,1171,W,N,A,-,Y,LA,7,2,-,R,19.83,H,-,E,Y,1,1,0,2,A,-,03,22350,NA,F,F,A,A,A,H,-,B,D,1,NA,NA,Y,NA,Y,NA,C,02,0,0,0,0,0,0,0,1,0,-,-,34.16097,-118.22526,LOS ANGELES,GLENDALE,-118.22544819,34.16167887
6290527,2014,2015-12-23,9565,2014-02-22,1842,20590,NA,6,2,7,1942,0,1,1,NA,2,061,RT 405,HOWARD HUGHES PKWY,587,N,N,A,-,Y,LA,7,405,-,-,24.88,H,-,N,Y,1,1,0,3,A,-,11,21956,A,N,G,B,E,A,H,-,C,D,1,Y,NA,NA,NA,Y,Y,N,60,0,0,0,1,0,0,0,0,0,-,-,33.97571,-118.38539,LOS ANGELES,LOS ANGELES,-118.38678951,33.97651446
6290528,2014,2014-05-19,1900,2014-02-26,2358,473010,1516,3,5,5,1954,0,0,0,NA,0,151T3E,WASHINGTON BL,PARAMOUNT BL,962,W,N,B,-,N,NA,NA,NA,NA,NA,NA,NA,NA,NA,N,1,1,0,2,A,-,05,21650,NA,N,H,G,A,A,H,-,C,D,0,NA,Y,NA,NA,Y,NA,L,04,0,0,0,0,0,1,0,0,0,-,-,NA,NA,LOS ANGELES,PICO RIVERA,-118.1077765,33.98910324
6290529,2014,2014-05-21,9565,2014-02-26,0528,20066,NA,3,3,7,1942,0,1,1,NA,2,064,RT 405,GETTY CENTER DR,2088,S,N,B,-,Y,LA,7,405,-,-,33.81,H,-,N,Y,1,1,0,2,A,-,-,NA,NA,N,G,B,E,A,D,-,D,D,1,Y,NA,NA,NA,Y,NA,N,60,0,0,0,1,0,0,0,0,0,-,-,34.08253,-118.47444,LOS ANGELES,LOS ANGELES,-118.47408892,34.08257221
6290542,2014,2015-12-29,1942,2014-04-29,0210,32973,0105,2,5,7,1942,0,0,0,A,0,1TL24,N BROADWAY,CASANOVA ST,10,N,N,A,-,N,NA,NA,NA,NA,NA,NA,NA,NA,NA,Y,1,1,0,1,A,-,05,21460,A,N,E,I,A,A,H,-,C,D,0,NA,NA,Y,NA,Y,Y,C,02,0,0,0,0,0,0,0,1,0,-,-,NA,NA,LOS ANGELES,LOS ANGELES,-118.22908827,34.07133741
6290544,2014,2014-05-19,1942,2014-05-01,1630,39761,1102,4,5,7,1942,0,0,0,K,0,2T28,W SAN FERNANDO RD,ELECTRONICS PL,60,S,N,A,-,N,NA,NA,NA,NA,NA,NA,NA,NA,NA,Y,1,1,0,1,A,-,03,22350,NA,N,E,I,A,A,H,-,A,D,0,NA,NA,NA,NA,Y,NA,A,01,0,0,0,0,0,0,0,0,0,-,-,NA,NA,LOS ANGELES,LOS ANGELES,-118.27126194,34.14464879
6290563,2014,2015-12-29,1942,2014-04-23,1845,39299,2015,3,5,7,1942,0,0,0,NA,0,20T59,BEVERLY BL,ALEXANDRIA AV,295,E,N,A,-,N,NA,NA,NA,NA,NA,NA,NA,NA,NA,Y,1,1,1,4,A,-,03,22350,NA,N,C,C,A,A,H,-,B,D,0,NA,NA,Y,NA,Y,Y,C,02,1,0,0,0,0,0,0,1,1,-,-,NA,NA,LOS ANGELES,LOS ANGELES,-118.29734815,34.0763
6290564,2014,2014-05-22,1942,2014-04-24,1710,40875,0665,4,5,7,1942,0,0,0,F,0,8TL26,ROMAINE ST,HIGHLAND AV,0,NA,Y,A,-,N,NA,NA,NA,NA,NA,NA,NA,NA,NA,Y,1,1,0,2,A,-,09,21802,A,N,D,C,A,A,H,-,A,A,0,NA,NA,NA,NA,Y,NA,A,01,0,0,0,0,0,0,0,0,0,-,-,NA,NA,LOS ANGELES,LOS ANGELES,-118.33859009,34.08890001
6290569,2014,2014-05-22,1942,2014-05-05,0920,30596,2149,1,5,7,1942,0,0,0,NA,0,17TL17,SHERMAN WY,WINNETKA,0,NA,Y,A,-,N,NA,NA,NA,NA,NA,NA,NA,NA,NA,N,1,1,0,2,A,-,11,21456,B,N,G,B,B,A,H,-,A,A,0,Y,NA,NA,Y,Y,NA,N,60,0,0,0,1,0,0,0,0,0,-,-,NA,NA,LOS ANGELES,LOS ANGELES,-118.57099,34.20114011
6290570,2014,2014-05-22,1942,2014-05-08,0925,38956,1691,4,5,7,1942,0,0,0,P,0,19T73,WHITSETT AV,STRATHERN ST,718,N,N,A,-,N,NA,NA,NA,NA,NA,NA,NA,NA,NA,Y,1,1,1,3,A,-,08,22103,NA,N,D,C,A,A,H,-,A,D,0,NA,NA,NA,NA,Y,NA,A,01,0,0,1,0,0,0,0,0,0,-,-,NA,NA,LOS ANGELES,LOS ANGELES,-118.40527,34.21769933
6290575,2014,2014-05-28,9565,2014-03-30,0428,20560,NA,7,3,4,1918,0,1,1,NA,2,061,RT 405,VENICE BL,476,S,N,A,-,Y,LA,7,405,-,-,27.864,R,2,S,Y,1,1,0,1,A,-,01,23152,A,N,E,I,A,A,H,-,C,D,1,NA,NA,NA,NA,Y,Y,A,01,0,0,0,0,0,0,0,0,0,TO,-,34.01033,-118.41745,LOS ANGELES,CULVER CITY,-118.4176106,34.0109868
6290577,2014,2014-05-28,9580,2014-04-03,0314,18637,NA,4,3,7,1942,0,1,2,NA,2,102,RT 101,VINELAND AV,222,N,N,A,-,Y,LA,7,101,-,-,11.15,H,-,S,Y,1,1,0,2,A,-,03,22350,NA,N,C,C,A,A,H,-,C,D,1,NA,NA,NA,Y,Y,NA,A,01,0,0,0,0,0,0,0,0,0,-,-,34.14697,-118.3705,LOS ANGELES,LOS ANGELES,-118.37061782,34.14700521
6290582,2014,2014-05-23,1976,2014-04-29,1308,862,NA,2,5,5,1976,0,0,0,NA,0,002,NEWLIN AV,WALNUT ST,100,S,N,A,-,N,NA,NA,NA,NA,NA,NA,NA,NA,NA,N,1,1,0,2,D,-,00,NA,NA,N,G,B,D,A,H,-,A,D,0,Y,NA,NA,NA,Y,NA,-,-,0,0,0,1,0,0,0,0,0,-,-,NA,NA,LOS ANGELES,WHITTIER,-118.04088924,33.97153581