CASE_ID,ACCIDENT_YEAR,PROC_DATE,JURIS,COLLISION_DATE,COLLISION_TIME,OFFICER_ID,REPORTING_DISTRICT,DAY_OF_WEEK,CHP_SHIFT,POPULATION,CNTY_CITY_LOC,SPECIAL_COND,BEAT_TYPE,CHP_BEAT_TYPE,CITY_DIVISION_LAPD,CHP_BEAT_CLASS,BEAT_NUMBER,PRIMARY_RD,SECONDARY_RD,DISTANCE,DIRECTION,INTERSECTION,WEATHER_1,WEATHER_2,STATE_HWY_IND,CALTRANS_COUNTY,CALTRANS_DISTRICT,STATE_ROUTE,ROUTE_SUFFIX,POSTMILE_PREFIX,POSTMILE,LOCATION_TYPE,RAMP_INTERSECTION,SIDE_OF_HWY,TOW_AWAY,COLLISION_SEVERITY,NUMBER_KILLED,NUMBER_INJURED,PARTY_COUNT,PRIMARY_COLL_FACTOR,PCF_CODE_OF_VIOL,PCF_VIOL_CATEGORY,PCF_VIOLATION,PCF_VIOL_SUBSECTION,HIT_AND_RUN,TYPE_OF_COLLISION,MVIW,PED_ACTION,ROAD_SURFACE,ROAD_COND_1,ROAD_COND_2,LIGHTING,CONTROL_DEVICE,CHP_ROAD_TYPE,PEDESTRIAN_ACCIDENT,BICYCLE_ACCIDENT,MOTORCYCLE_ACCIDENT,TRUCK_ACCIDENT,NOT_PRIVATE_PROPERTY,ALCOHOL_INVOLVED,STWD_VEHTYPE_AT_FAULT,CHP_VEHTYPE_AT_FAULT,COUNT_SEVERE_INJ,COUNT_VISIBLE_INJ,COUNT_COMPLAINT_PAIN,COUNT_PED_KILLED,COUNT_PED_INJURED,COUNT_BICYCLIST_KILLED,COUNT_BICYCLIST_INJURED,COUNT_MC_KILLED,COUNT_MC_INJURED,PRIMARY_RAMP,SECONDARY_RAMP,LATITUDE,LONGITUDE,COUNTY,CITY,POINT_X,POINT_Y
6292236,2015,2015-09-14,1955,2015-04-24,2031,30354,84,5,5,6,1955,0,0,0,NA,0,005,GAREY AV,RIO RANCHO RD,0,NA,Y,A,-,N,NA,NA,NA,NA,NA,NA,NA,NA,NA,Y,1,1,0,2,A,-,11,21456,B,F,G,B,B,A,H,-,C,A,0,Y,NA,NA,NA,Y,NA,N,60,0,0,0,1,0,0,0,0,0,-,-,NA,NA,LOS ANGELES,POMONA,-117.74932007,34.03337009
6292255,2015,2017-05-09,1900,2015-04-19,0200,407852,1327,7,5,5,1935,0,0,0,NA,0,132T1,DEL AMO BL,LOS COYOTES BL,409,E,N,A,-,N,NA,NA,NA,NA,NA,NA,NA,NA,NA,Y,1,1,1,2,A,-,01,23153,A,F,H,G,A,A,H,-,C,D,0,NA,Y,NA,NA,Y,Y,A,01,0,0,1,0,0,1,0,0,0,-,-,NA,NA,LOS ANGELES,LAKEWOOD,-118.08356613,33.84594774
6292262,2015,2017-04-04,1942,2015-05-18,0130,36571,0315,1,5,7,1942,0,0,0,C,0,12T41,ARLINGTON AV,25TH ST,0,N,N,A,-,N,NA,NA,NA,NA,NA,NA,NA,NA,NA,Y,1,1,1,1,A,-,03,22350,NA,N,E,J,A,A,H,-,C,D,0,NA,NA,NA,NA,Y,Y,A,01,1,0,0,0,0,0,0,0,0,-,-,NA,NA,LOS ANGELES,LOS ANGELES,-118.31769,34.03383
6292267,2015,2015-06-11,1976,2015-05-09,0944,508,1976,6,5,3,1964,0,0,0,NA,0,001,WASHINGTON BL,BROADWAY AV,14,E,N,A,-,N,NA,NA,NA,NA,NA,NA,NA,NA,NA,Y,1,1,0,2,A,-,10,21950,A,N,G,B,B,A,H,-,A,A,0,Y,NA,NA,NA,Y,NA,A,07,0,0,0,1,0,0,0,0,0,-,-,NA,NA,LOS ANGELES,SANTA FE SPRINGS,-118.06885525,33.97134085
6292269,2015,2017-05-09,1942,2015-05-25,2210,27792,1676,1,5,7,1942,0,0,0,P,0,10T35W,GLENOAKS BL,NETTLETON ST,0,NA,Y,A,-,N,NA,NA,NA,NA,NA,NA,NA,NA,NA,Y,1,1,0,2,A,-,09,21801,A,N,A,C,A,A,H,-,C,A,0,NA,NA,Y,NA,Y,NA,A,07,0,0,0,0,0,0,0,1,0,-,-,NA,NA,LOS ANGELES,LOS ANGELES,-118.36177003,34.22496006
6292270,2015,2015-06-11,1942,2015-05-25,2145,38124,1375,1,5,7,1942,0,0,0,M,0,13T55,HOOPER AV,E 55TH ST,6,S,N,A,-,N,NA,NA,NA,NA,NA,NA,NA,NA,NA,Y,1,1,0,2,A,-,12,21453,A,N,H,G,A,A,H,-,C,A,0,NA,Y,NA,NA,Y,NA,L,04,0,0,0,0,0,1,0,0,0,-,-,NA,NA,LOS ANGELES,LOS ANGELES,-118.25213,33.99298355
6292272,2015,2017-04-14,9565,2015-01-23,0005,20209,NA,5,3,7,1942,0,1,3,NA,2,070,RT 90,JEFFERSON BL,48,S,N,A,-,Y,LA,7,405,-,-,25.61,R,2,S,Y,1,1,0,1,A,-,08,22107,NA,N,E,I,A,A,H,-,C,D,1,NA,NA,Y,NA,Y,Y,C,02,0,0,0,0,0,0,0,1,0,-,-,33.98707,-118.39974,LOS ANGELES,LOS ANGELES,-118.3959735,33.98355116
6292273,2015,2015-06-17,9535,2015-02-16,0540,12952,NA,1,3,9,1900,0,1,3,NA,2,600,RT 60,BELVEDERE,68,W,N,E,-,Y,LA,7,60,-,R,3.87,H,-,E,Y,1,1,1,2,A,-,04,21703,NA,N,C,C,A,A,H,-,D,D,1,NA,NA,NA,NA,Y,NA,A,07,0,1,0,0,0,0,0,0,0,-,-,34.03653,-118.15984,LOS ANGELES,UNINCORPORATED,-118.15966197,34.03644971
6292278,2015,2017-04-25,9540,2015-03-17,1700,18502,NA,2,2,9,1900,0,2,4,NA,2,061,THE OLD RD,PARKER RD,3696,S,N,A,-,N,NA,NA,NA,NA,NA,NA,NA,NA,NA,Y,1,1,3,3,A,-,05,21460,A,N,B,C,A,A,H,-,A,D,0,NA,NA,NA,NA,Y,NA,A,01,2,1,0,0,0,0,0,0,0,-,-,34.48188,-118.61503,LOS ANGELES,UNINCORPORATED,-118.61496856,34.48142136
6292284,2015,2015-06-30,9535,2015-01-24,0437,20833,NA,6,3,9,1900,0,1,3,NA,2,600,RT 60,INDIANA ST,824,E,N,A,-,Y,LA,7,60,-,R,2.1,H,-,E,Y,1,1,0,2,C,-,18,NA,NA,F,G,B,E,A,H,-,C,D,1,Y,NA,NA,NA,Y,Y,-,-,0,0,0,1,0,0,0,0,0,-,-,34.03162,-118.19001,LOS ANGELES,UNINCORPORATED,-118.18955621,34.031615
6292286,2015,2017-04-21,9535,2015-02-11,0020,17308,NA,3,3,9,1900,0,1,3,NA,2,066,RT 164,GALLATIN RD,2640,N,N,A,-,Y,LA,7,164,-,-,1.9,H,-,N,N,1,1,0,2,A,-,08,22107,NA,F,G,B,E,A,H,-,D,D,0,Y,NA,NA,NA,Y,NA,A,01,0,0,0,1,0,0,0,0,0,-,-,34.02196,-118.07229,LOS ANGELES,UNINCORPORATED,-118.07239171,34.02188789
6292288,2015,2017-04-25,1900,2015-03-01,0144,438154,1414,7,5,1,1932,0,0,0,NA,0,141T1,VALLEY BL,PROCTOR AV,358,W,N,B,-,N,NA,NA,NA,NA,NA,NA,NA,NA,NA,Y,1,1,0,1,A,-,01,23152,A,N,E,I,A,B,H,-,C,D,0,NA,NA,NA,NA,Y,Y,A,01,0,0,0,0,0,0,0,0,0,-,-,NA,NA,LOS ANGELES,INDUSTRY,-117.96044147,34.02341868
6292304,2015,2017-04-04,9430,2015-04-25,0317,17153,NA,6,3,9,1900,0,2,4,NA,1,021,FRAZIER MOUNTAIN PARK RD,LEBEC RD,950,W,N,B,-,N,NA,NA,NA,NA,NA,NA,NA,NA,NA,Y,1,1,0,2,A,-,03,22350,NA,N,D,C,A,A,H,-,C,D,0,NA,NA,Y,Y,Y,Y,C,06,0,0,0,0,0,0,0,1,0,-,-,34.81762,-118.88817,LOS ANGELES,UNINCORPORATED,-118.88792043,34.81774
6292311,2015,2017-04-20,9575,2015-01-26,0258,20711,NA,1,3,6,1925,0,1,3,NA,2,090,RT 2,FERN LN,825,E,N,A,-,Y,LA,7,2,-,R,21.77,H,-,W,Y,1,1,0,1,A,-,08,22107,NA,N,E,I,A,A,H,-,D,D,1,NA,NA,NA,NA,Y,NA,A,01,0,0,0,0,0,0,0,0,0,-,-,34.18648,-118.21762,LOS ANGELES,GLENDALE,-118.21821326,34.18842708
6292317,2015,2017-05-03,1900,2015-02-15,2001,448685,1516,7,5,5,1954,0,0,0,NA,0,151T1,PARAMOUNT BL,SLAUSON AV,0,NA,Y,A,-,N,NA,NA,NA,NA,NA,NA,NA,NA,NA,Y,1,1,4,3,A,-,01,23152,E,N,D,C,A,A,H,-,C,A,0,NA,NA,NA,NA,Y,NA,D,22,0,0,4,0,0,0,0,0,0,-,-,NA,NA,LOS ANGELES,PICO RIVERA,-118.11300012,33.9734101
6292318,2015,2015-06-25,1948,2015-02-17,1934,364,948,2,5,5,1948,0,0,0,NA,0,NA,W FLORAL DR,KERN AV,327,W,N,A,-,N,NA,NA,NA,NA,NA,NA,NA,NA,NA,Y,1,1,1,2,A,-,11,21954,A,N,G,B,D,A,H,-,C,D,0,Y,NA,NA,NA,Y,NA,N,60,0,0,1,1,0,0,0,0,0,-,-,NA,NA,LOS ANGELES,MONTEREY PARK,-118.16383719,34.04421
6292319,2015,2017-04-25,9590,2015-02-23,0434,20617,NA,1,3,7,1942,0,1,1,NA,2,080,RT 5,7TH ST,47,N,N,B,-,Y,LA,7,5,-,-,16.91,H,-,N,N,1,1,0,2,A,-,11,21954,A,N,G,B,E,B,H,-,C,D,1,Y,NA,NA,Y,Y,Y,N,60,0,0,0,1,0,0,0,0,0,-,-,34.03387,-118.22002,LOS ANGELES,LOS ANGELES,-118.22070498,34.03413171
6292322,2015,2015-10-13,9580,2015-02-04,1503,16550,NA,3,2,3,1989,0,1,2,NA,2,105,RT 101,VALLEY CIRCLE BL,475,N,N,A,-,Y,LA,7,101,-,-,27.42,H,-,S,Y,1,1,2,6,A,-,03,22350,NA,N,C,C,A,A,H,-,A,A,1,NA,NA,NA,NA,Y,NA,A,01,0,2,0,0,0,0,0,0,0,-,-,34.15863,-118.63873,LOS ANGELES,CALABASAS,-118.63858118,34.15893983
6292324,2015,2017-04-25,9530,2015-02-27,1858,20483,NA,5,2,9,1900,0,3,5,NA,2,001,FIRESTONE BL,MAIE AV,0,NA,Y,A,-,N,NA,NA,NA,NA,NA,NA,NA,NA,NA,Y,1,1,0,2,A,-,09,21801,A,N,F,A,A,A,H,-,C,A,0,NA,NA,Y,NA,Y,NA,D,22,0,0,0,0,0,0,0,1,0,-,-,33.57365,-118.14399,LOS ANGELES,UNINCORPORATED,-118.24444001,33.96015006
6292326,2015,2017-04-25,9545,2015-03-08,2253,19963,NA,7,3,9,1900,0,1,3,NA,2,011,RT 14,AVENUE G,1082,N,N,A,-,Y,LA,7,14,-,R,71.29,H,-,S,Y,1,1,0,1,A,-,03,22350,NA,N,F,A,A,A,H,-,C,D,1,NA,NA,NA,NA,Y,Y,A,01,0,0,0,0,0,0,0,0,0,-,-,34.73624,-118.17016,LOS ANGELES,UNINCORPORATED,-118.17053855,34.7375371
6292327,2015,2017-04-25,9575,2015-03-08,0113,20078,NA,7,3,6,1925,0,1,3,NA,2,090,RT 2,HARVEY DR,240,E,N,A,-,Y,LA,7,2,-,R,19.344,R,2,W,Y,1,1,0,1,A,-,01,23152,A,N,E,I,A,A,H,-,C,D,1,NA,NA,NA,NA,Y,Y,A,01,0,0,0,0,0,0,0,0,0,TR,-,34.14891,-118.22754,LOS ANGELES,GLENDALE,-118.22429419,34.15469287
6292328,2015,2017-04-25,9535,2015-03-10,1020,17598,NA,2,1,9,1900,0,2,4,NA,2,024,WHITTIER BL,HICKS AV,0,NA,Y,A,-,N,NA,NA,NA,NA,NA,NA,NA,NA,NA,Y,1,1,3,2,A,-,01,23152,E,N,G,B,F,A,H,-,A,D,0,Y,NA,NA,NA,Y,Y,A,01,0,0,3,1,0,0,0,0,0,-,-,34.02391,-118.19113,LOS ANGELES,UNINCORPORATED,-118.19025007,34.0239201
6292329,2015,2016-04-06,9580,2015-03-13,2230,14942,NA,5,3,9,1900,0,1,1,NA,2,407,NORDHOFF ST,RT 405,0,NA,Y,A,-,Y,LA,7,405,-,-,44.9,R,4,S,Y,1,1,1,2,A,-,01,23152,E,N,D,C,A,A,H,-,C,A,1,NA,NA,Y,NA,Y,NA,A,01,0,1,0,0,0,0,0,1,0,-,TO,NA,NA,LOS ANGELES,UNINCORPORATED,-118.47315764,34.23774017
6292333,2015,2015-06-30,1918,2015-03-18,1312,607,NA,3,5,4,1918,0,0,0,NA,0,2TL21,WASHINGTON BL,OVERLAND AV,0,NA,Y,A,-,N,NA,NA,NA,NA,NA,NA,NA,NA,NA,Y,1,1,1,2,A,-,09,21801,A,N,D,C,A,A,H,-,A,A,0,NA,NA,Y,NA,Y,NA,A,01,0,0,1,0,0,0,0,1,0,-,-,34.01685,-118.40551,LOS ANGELES,CULVER CITY,-118.40549002,34.01684002
6292336,2015,2017-04-25,9575,2015-03-28,1230,18381,NA,6,1,9,1900,0,1,3,NA,2,304,RT 2,RT 2 TUNNELS,433,W,N,A,-,Y,LA,7,2,-,-,62.73,H,-,W,Y,1,1,0,1,A,-,03,22350,NA,N,E,I,A,A,H,-,A,D,0,NA,NA,Y,NA,Y,NA,C,02,0,0,0,0,0,0,0,1,0,-,-,34.32275,-118.00287,LOS ANGELES,UNINCORPORATED,-117.86691406,34.36143913
6292337,2015,2017-05-09,9525,2015-03-30,0132,19379,NA,1,3,3,1921,0,1,1,NA,2,202,RT 210,HIGHLAND AV,324,W,N,A,-,Y,LA,7,210,-,R,35.81,H,-,E,Y,1,1,0,3,A,-,03,22350,NA,N,C,C,E,A,H,-,D,D,1,Y,NA,NA,Y,Y,NA,G,25,0,0,0,1,0,0,0,0,0,-,-,34.13532,-117.96782,LOS ANGELES,DUARTE,-117.96784668,34.13541796
6292349,2015,2015-07-14,1972,2015-01-06,2100,16610,NA,2,5,6,1972,0,0,0,NA,0,NA,PACIFIC COAST HWY,MADISON ST,1110,E,N,A,-,Y,LA,7,1,-,-,15.58,H,-,S,Y,1,2,1,2,A,-,01,23152,F,N,A,C,A,A,H,-,C,D,0,NA,NA,NA,NA,Y,NA,A,NA,0,1,0,0,0,0,0,0,0,-,-,NA,NA,LOS ANGELES,TORRANCE,-118.34509301,33.80135198
6292358,2015,2015-07-09,1948,2015-01-27,1250,356,1948,2,5,5,1948,0,0,0,NA,0,NA,SOUTH ATLANTIC BL,CADIZ ST,471,S,N,A,-,N,NA,NA,NA,NA,NA,NA,NA,NA,NA,Y,1,1,3,2,A,-,08,22102,NA,N,D,C,A,A,H,-,A,A,0,NA,NA,NA,NA,Y,NA,-,NA,0,1,2,0,0,0,0,0,0,-,-,NA,NA,LOS ANGELES,MONTEREY PARK,-118.13839865,34.05035263
6292363,2015,2015-07-09,1900,2015-02-08,1829,531273,1617,7,5,5,1977,0,0,0,NA,0,167T1,CARSON ST,ORRICK AV,0,NA,Y,A,-,N,NA,NA,NA,NA,NA,NA,NA,NA,NA,N,1,1,0,2,A,-,09,21801,A,N,A,C,A,A,H,-,C,A,0,NA,NA,NA,NA,Y,NA,A,01,0,0,0,0,0,0,0,0,0,-,-,NA,NA,LOS ANGELES,CARSON,-118.27450004,33.83168001
6292369,2015,2015-07-09,1900,2015-02-18,2158,550529,1615,3,5,5,1977,0,0,0,NA,0,169,DEL AMO BL,AVALON BL,103,E,N,A,-,N,NA,NA,NA,NA,NA,NA,NA,NA,NA,N,1,1,0,2,A,-,11,21954,A,N,G,B,D,A,H,-,E,A,0,Y,NA,NA,NA,Y,NA,N,60,0,0,0,1,0,0,0,0,0,-,-,NA,NA,LOS ANGELES,CARSON,-118.2645815,33.84760786
6292372,2015,2015-07-09,1933,2015-02-26,0032,826,04,4,5,6,1933,0,0,0,NA,0,001,EUCALYPTUS AV,JUNIPER ST,0,NA,Y,A,-,N,NA,NA,NA,NA,NA,NA,NA,NA,NA,Y,1,1,0,1,A,-,01,23152,A,N,E,I,A,A,H,-,C,A,0,NA,NA,NA,NA,Y,Y,A,01,0,0,0,0,0,0,0,0,0,-,-,NA,NA,LOS ANGELES,INGLEWOOD,-118.35882007,33.97015006
6292383,2015,2017-05-09,1972,2015-03-17,1104,18450,NA,2,5,6,1972,0,0,0,NA,0,NA,190TH ST,CRENSHAW BL,140,E,N,A,-,N,NA,NA,NA,NA,NA,NA,NA,NA,NA,Y,1,1,3,4,A,-,05,21650,NA,N,A,D,A,A,H,-,A,D,0,NA,NA,NA,NA,Y,NA,A,NA,0,0,3,0,0,0,0,0,0,-,-,NA,NA,LOS ANGELES,TORRANCE,-118.3275298,33.85830432
6292390,2015,2016-04-27,9590,2015-03-28,0225,20753,NA,6,3,7,1942,0,1,1,NA,2,062,RT 10,VERMONT AV,150,W,N,A,-,Y,LA,7,10,-,R,13.77,H,-,E,Y,1,1,0,2,A,-,11,21954,A,N,G,B,E,A,H,-,C,D,1,Y,NA,NA,NA,Y,Y,N,60,0,0,0,1,0,0,0,0,0,-,-,34.03686,-118.29422,LOS ANGELES,LOS ANGELES,-118.29247645,34.03685037
6292415,2015,2017-05-09,1942,2015-05-01,2040,25495,0774,5,5,7,1942,0,0,0,G,0,7T23,WASHINGTON BL,MANSFIELD AV,0,E,N,A,-,N,NA,NA,NA,NA,NA,NA,NA,NA,NA,N,1,1,0,2,A,-,11,21954,A,N,-,B,D,A,H,-,C,D,0,Y,NA,NA,NA,Y,Y,N,60,0,0,0,1,0,0,0,0,0,-,-,NA,NA,LOS ANGELES,LOS ANGELES,-118.34862006,34.04061007
6292417,2015,2015-07-30,9530,2015-05-06,2150,20716,NA,3,2,9,1900,0,3,5,NA,2,001,HOOPER AV,78TH ST,143,N,N,B,-,N,NA,NA,NA,NA,NA,NA,NA,NA,NA,Y,1,1,1,2,A,-,03,22350,NA,N,G,B,D,A,H,-,C,D,0,Y,NA,NA,NA,Y,NA,A,01,0,1,0,1,0,0,0,0,0,-,-,33.58064,-118.15072,LOS ANGELES,UNINCORPORATED,-118.25203109,33.9684221
6292438,2015,2015-08-03,1920,2015-06-12,2127,12476,NA,5,5,6,1920,0,0,0,NA,0,004,LAKEWOOD BL,MULLER ST,0,S,N,A,-,N,NA,NA,NA,NA,NA,NA,NA,NA,NA,Y,1,1,0,2,A,-,08,22107,NA,N,D,G,A,A,H,-,C,D,0,NA,Y,NA,NA,Y,Y,L,04,0,0,0,0,0,1,0,0,0,-,-,NA,NA,LOS ANGELES,DOWNEY,-118.12060006,33.94121011
6292441,2015,2015-08-03,1900,2015-06-26,1423,540664,1137,5,5,6,1992,0,0,0,NA,0,112T1,AVENUE J,17TH ST EAST,9,E,N,A,-,N,NA,NA,NA,NA,NA,NA,NA,NA,NA,Y,1,1,3,2,A,-,09,21801,A,N,D,C,A,A,H,-,A,A,0,NA,NA,NA,NA,Y,NA,A,01,0,2,1,0,0,0,0,0,0,-,-,NA,NA,LOS ANGELES,LANCASTER,-118.09918013,34.68959039
6292451,2015,2015-08-07,9535,2015-04-09,0120,20416,NA,4,3,6,1922,0,1,1,NA,2,400,RT 10,LEXINGTON AV,10,E,N,A,-,Y,LA,7,10,-,-,28.85,H,-,E,N,1,1,0,2,A,-,00,21960,A,N,G,B,E,A,H,-,D,D,6,Y,NA,NA,NA,Y,NA,N,60,0,0,0,1,0,0,0,0,0,-,-,34.06828,-118.0393,LOS ANGELES,EL MONTE,-118.03935566,34.0682989
6292458,2015,2015-08-07,1942,2015-06-21,1400,40325,1101,7,5,7,1942,0,0,0,K,0,2TL28,CRYSTAL SPRINGS DR,RT 5,1909,N,N,A,-,N,NA,NA,NA,NA,NA,NA,NA,NA,NA,Y,1,1,0,1,A,-,03,22350,NA,N,E,I,A,A,H,-,A,A,0,NA,NA,Y,NA,Y,NA,C,02,0,0,0,0,0,0,0,1,0,-,-,NA,NA,LOS ANGELES,LOS ANGELES,NA,NA
6292461,2015,2017-04-06,1942,2015-07-07,1840,36607,0526,2,5,7,1942,0,0,0,E,0,5TL25,AVALON BL,ANAHEIM ST,0,NA,Y,A,-,N,NA,NA,NA,NA,NA,NA,NA,NA,NA,N,1,1,0,2,A,-,09,21801,A,F,H,G,A,A,H,-,A,A,0,NA,Y,NA,NA,Y,Y,A,07,0,0,0,0,0,1,0,0,0,-,-,NA,NA,LOS ANGELES,LOS ANGELES,-118.26245004,33.77998006
6292464,2015,2015-08-05,1942,2015-07-13,1450,36553,1472,1,5,7,1942,0,0,0,N,0,14TL49,CULVER BL,JEFFERSON BL,0,NA,Y,A,-,N,NA,NA,NA,NA,NA,NA,NA,NA,NA,Y,1,1,1,4,A,-,09,21801,A,N,A,C,A,A,H,-,A,A,0,NA,NA,Y,NA,Y,NA,A,07,1,0,0,0,0,0,0,1,0,-,-,NA,NA,LOS ANGELES,LOS ANGELES,-118.43923011,33.96829012
6292474,2015,2015-08-14,9540,2015-06-07,1424,18721,NA,7,2,9,1900,0,1,1,NA,2,511,RT 5,TEMPLIN HWY,15840,N,N,A,-,Y,LA,7,5,-,R,68.91,H,-,S,Y,1,1,4,1,A,-,08,22107,NA,N,E,I,A,A,H,-,A,D,1,NA,NA,NA,NA,Y,NA,A,01,4,0,0,0,0,0,0,0,0,-,-,34.60525,-118.71248,LOS ANGELES,UNINCORPORATED,-118.71212217,34.60373978
6292478,2015,2017-03-28,9540,2015-06-28,0055,20055,NA,7,3,9,1900,0,1,3,NA,2,147,RT 14,ESCONDIDO CANYON RD,5280,N,N,A,-,Y,LA,7,14,-,-,44.46,H,-,S,Y,1,1,0,1,A,-,08,22107,NA,N,E,I,A,A,H,-,D,D,1,NA,NA,NA,NA,Y,NA,A,07,0,0,0,0,0,0,0,0,0,-,-,34.49793,-118.26506,LOS ANGELES,UNINCORPORATED,-118.26451268,34.49806219
6292500,2015,2017-04-06,9575,2015-06-20,0035,20784,NA,6,3,7,1942,0,1,3,NA,2,070,RT 118,GLENOAKS BL,151,W,N,A,-,Y,LA,7,118,-,R,13.075,R,2,W,N,1,1,0,2,A,-,11,21954,A,F,G,B,E,A,H,-,D,D,1,Y,NA,NA,NA,Y,Y,N,60,0,0,0,1,0,0,0,0,0,FR,-,34.2803,-118.4193,LOS ANGELES,LOS ANGELES,-118.42042706,34.27926196
6292510,2015,2015-08-20,1972,2015-01-21,1201,18450,NA,3,5,6,1972,0,0,0,NA,0,NA,SEPULVEDA BL,LINDA DR,151,W,N,A,-,N,NA,NA,NA,NA,NA,NA,NA,NA,NA,Y,1,1,0,1,A,-,08,22107,NA,N,E,I,A,A,H,-,A,D,0,NA,NA,NA,NA,Y,NA,A,NA,0,0,0,0,0,0,0,0,0,-,-,NA,NA,LOS ANGELES,TORRANCE,-118.37115877,33.82717169
6292536,2015,2015-08-28,1942,2015-04-17,2010,36752,1215,5,5,7,1942,0,0,0,L,0,3T5,NORMANDIE AV,57TH ST,12,N,N,A,-,N,NA,NA,NA,NA,NA,NA,NA,NA,NA,N,1,1,1,2,A,-,11,21956,A,N,G,B,D,A,H,-,C,A,0,Y,NA,NA,NA,Y,NA,N,60,0,0,1,1,0,0,0,0,0,-,-,NA,NA,LOS ANGELES,LOS ANGELES,-118.30021,33.990972910000004
6292547,2015,2015-09-02,1941,2015-02-25,1917,5989,NA,3,5,7,1941,0,0,0,NA,0,NA,REDONDO AV,4TH ST,0,NA,Y,A,-,N,NA,NA,NA,NA,NA,NA,NA,NA,NA,Y,1,1,0,2,A,-,12,21453,A,N,H,C,A,A,H,-,C,A,0,NA,NA,Y,NA,Y,NA,C,NA,0,0,0,0,0,0,0,1,0,-,-,NA,NA,LOS ANGELES,LONG BEACH,-118.15243006,33.771700010000004
6292549,2015,2015-09-02,1941,2015-03-22,1238,10685,NA,7,5,7,1941,0,0,0,NA,0,NA,SPRING ST,CLAREMORE AV,0,NA,Y,A,-,N,NA,NA,NA,NA,NA,NA,NA,NA,NA,Y,1,1,0,2,A,-,11,21453,D,N,G,B,D,A,H,-,A,A,0,Y,NA,NA,NA,Y,NA,N,NA,0,0,0,1,0,0,0,0,0,-,-,NA,NA,LOS ANGELES,LONG BEACH,-118.07821,33.81040005
6292553,2015,2017-05-09,1942,2015-05-21,2105,37575,0881,4,5,7,1942,0,0,0,H,0,14T47,BUNDY DR,EXPOSITION BL,0,NA,Y,A,-,N,NA,NA,NA,NA,NA,NA,NA,NA,NA,Y,1,1,1,2,A,-,09,21801,A,N,D,C,A,A,D,-,C,A,0,NA,NA,Y,NA,Y,NA,A,07,0,1,0,0,0,0,0,1,0,-,-,NA,NA,LOS ANGELES,LOS ANGELES,-118.45265002,34.03150008
6292554,2015,2015-09-02,1975,2015-01-23,2010,395,NA,5,5,6,1975,0,0,0,NA,0,TRAFFI,FRANCISQUITO AV,EVANWOOD AV,106,E,N,A,-,N,NA,NA,NA,NA,NA,NA,NA,NA,NA,N,1,1,0,2,A,-,11,21954,A,F,G,B,D,A,H,-,C,D,0,Y,NA,NA,NA,Y,NA,N,60,0,0,0,1,0,0,0,0,0,-,-,NA,NA,LOS ANGELES,WEST COVINA,-117.95122919,34.0515068
6292555,2015,2015-09-02,1975,2015-02-13,2246,395,NA,5,5,6,1975,0,0,0,NA,0,TRAFFI,HILLSIDE DR,WESTRIDGE DR,43,S,N,A,-,N,NA,NA,NA,NA,NA,NA,NA,NA,NA,Y,1,1,1,1,A,-,01,23153,A,N,E,I,A,A,H,-,C,D,0,NA,NA,NA,NA,Y,Y,A,01,0,0,1,0,0,0,0,0,0,-,-,NA,NA,LOS ANGELES,WEST COVINA,-117.89736983,34.04447316
6292556,2015,2015-09-02,1902,2015-03-26,1336,694,32,4,5,5,1902,0,0,0,NA,0,005,LIVE OAK AV,3RD AV,0,NA,Y,A,-,N,NA,NA,NA,NA,NA,NA,NA,NA,NA,Y,1,1,0,2,A,-,09,21804,A,N,D,C,A,A,H,-,A,D,0,NA,NA,NA,NA,Y,NA,-,NA,0,0,0,0,0,0,0,0,0,-,-,NA,NA,LOS ANGELES,ARCADIA,-118.02305011,34.10850009
6292563,2015,2015-09-04,9525,2015-06-12,1850,19966,NA,5,2,4,1938,0,1,1,NA,2,207,RT 210,FOOTHILL BL,169,W,N,C,-,Y,LA,7,210,-,R,46.56,H,-,W,Y,1,1,0,1,A,-,03,22350,NA,N,E,I,A,B,H,-,C,D,1,NA,NA,NA,NA,Y,NA,A,01,0,0,0,0,0,0,0,0,0,-,-,34.12037,-117.78819,LOS ANGELES,LA VERNE,-117.78814999,34.1200938
6292567,2015,2015-09-02,1942,2015-06-15,1445,36754,1269,1,5,7,1942,0,0,0,L,0,3T57,STANFORD AV,82ND ST,0,NA,Y,A,-,N,NA,NA,NA,NA,NA,NA,NA,NA,NA,N,1,1,0,2,D,-,00,NA,NA,F,-,G,A,A,H,-,A,A,0,NA,Y,NA,NA,Y,NA,-,-,0,0,0,0,0,1,0,0,0,-,-,NA,NA,LOS ANGELES,LOS ANGELES,-118.26298011,33.96467008
6292573,2015,2015-09-11,1900,2015-02-07,1212,467716,1016,6,5,3,1995,0,0,0,NA,0,225A,RT 1,CORRAL CANYON RD,723,S,N,B,-,Y,LA,7,1,-,-,49.75,H,-,N,Y,1,1,6,4,A,-,04,21703,NA,N,C,C,A,A,H,-,A,A,0,NA,NA,NA,NA,Y,NA,A,07,1,0,5,0,0,0,0,0,0,-,-,NA,NA,LOS ANGELES,MALIBU,-118.73144733,34.03353643