CASE_ID,ACCIDENT_YEAR,PROC_DATE,JURIS,COLLISION_DATE,COLLISION_TIME,OFFICER_ID,REPORTING_DISTRICT,DAY_OF_WEEK,CHP_SHIFT,POPULATION,CNTY_CITY_LOC,SPECIAL_COND,BEAT_TYPE,CHP_BEAT_TYPE,CITY_DIVISION_LAPD,CHP_BEAT_CLASS,BEAT_NUMBER,PRIMARY_RD,SECONDARY_RD,DISTANCE,DIRECTION,INTERSECTION,WEATHER_1,WEATHER_2,STATE_HWY_IND,CALTRANS_COUNTY,CALTRANS_DISTRICT,STATE_ROUTE,ROUTE_SUFFIX,POSTMILE_PREFIX,POSTMILE,LOCATION_TYPE,RAMP_INTERSECTION,SIDE_OF_HWY,TOW_AWAY,COLLISION_SEVERITY,NUMBER_KILLED,NUMBER_INJURED,PARTY_COUNT,PRIMARY_COLL_FACTOR,PCF_CODE_OF_VIOL,PCF_VIOL_CATEGORY,PCF_VIOLATION,PCF_VIOL_SUBSECTION,HIT_AND_RUN,TYPE_OF_COLLISION,MVIW,PED_ACTION,ROAD_SURFACE,ROAD_COND_1,ROAD_COND_2,LIGHTING,CONTROL_DEVICE,CHP_ROAD_TYPE,PEDESTRIAN_ACCIDENT,BICYCLE_ACCIDENT,MOTORCYCLE_ACCIDENT,TRUCK_ACCIDENT,NOT_PRIVATE_PROPERTY,ALCOHOL_INVOLVED,STWD_VEHTYPE_AT_FAULT,CHP_VEHTYPE_AT_FAULT,COUNT_SEVERE_INJ,COUNT_VISIBLE_INJ,COUNT_COMPLAINT_PAIN,COUNT_PED_KILLED,COUNT_PED_INJURED,COUNT_BICYCLIST_KILLED,COUNT_BICYCLIST_INJURED,COUNT_MC_KILLED,COUNT_MC_INJURED,PRIMARY_RAMP,SECONDARY_RAMP,LATITUDE,LONGITUDE,COUNTY,CITY,POINT_X,POINT_Y
6336661,2014,2014-06-03,1942,2014-01-07,1600,39096,1581,2,5,7,1942,0,0,0,O,0,10TL34,COLDWATER CANYON AV,MOORPARK ST,0,NA,Y,A,-,N,NA,NA,NA,NA,NA,NA,NA,NA,NA,Y,4,0,1,2,A,-,09,21801,A,N,D,C,A,A,H,-,A,A,0,NA,NA,NA,NA,Y,NA,A,01,0,0,1,0,0,0,0,0,0,-,-,NA,NA,LOS ANGELES,LOS ANGELES,-118.41379007,34.15035006
6336664,2014,2015-01-22,1942,2014-01-06,1240,32774,2149,1,5,7,1942,0,0,0,NA,0,19TL73,WINNETKA AV,SHERMAN WY,300,N,N,A,-,N,NA,NA,NA,NA,NA,NA,NA,NA,NA,Y,4,0,1,2,A,-,03,22350,NA,N,C,C,A,A,H,-,A,D,0,NA,NA,NA,NA,Y,NA,A,01,0,0,1,0,0,0,0,0,0,-,-,NA,NA,LOS ANGELES,LOS ANGELES,-118.57098928,34.20196296
6336665,2014,2014-06-03,1942,2014-01-03,1745,33294,1999,5,5,7,1942,0,0,0,NA,0,35M81,ROSCOE BL,VENTURA CANYON AV,100,E,N,A,-,N,NA,NA,NA,NA,NA,NA,NA,NA,NA,N,4,0,1,3,A,-,03,22350,NA,N,C,C,A,A,H,-,C,A,0,NA,NA,NA,NA,Y,NA,A,01,0,0,1,0,0,0,0,0,0,-,-,NA,NA,LOS ANGELES,LOS ANGELES,-118.4284799,34.22167647
6336668,2014,2015-12-30,1942,2014-01-06,0710,32774,2114,1,5,7,1942,0,0,0,NA,0,19TL73,TOPANGA CANYON BL,ROSCOE BL,0,NA,Y,A,-,Y,LA,7,27,-,-,15.83,I,5,N,Y,3,0,1,1,A,-,03,22350,NA,N,E,I,A,A,H,-,A,D,0,NA,NA,Y,NA,Y,NA,C,02,0,1,0,0,0,0,0,0,1,-,-,NA,NA,LOS ANGELES,LOS ANGELES,-118.60591068,34.21975388
6336669,2014,2014-06-03,1942,2014-01-04,0445,30452,1958,6,5,7,1942,0,0,0,NA,0,9TL53,VAN NUYS BL,CANTERBURY AV,575,E,N,A,-,N,NA,NA,NA,NA,NA,NA,NA,NA,NA,Y,3,0,2,3,A,-,08,22107,NA,N,B,E,A,A,H,-,C,D,0,NA,NA,NA,NA,Y,NA,A,01,0,2,0,0,0,0,0,0,0,-,-,NA,NA,LOS ANGELES,LOS ANGELES,-118.44384424,34.25024237
6336672,2014,2015-01-21,1942,2014-01-02,1610,36675,2115,4,5,7,1942,0,0,0,NA,0,21W81,ROSCOE BL,TOPANGA CANYON BL,60,E,N,A,-,N,NA,NA,NA,NA,NA,NA,NA,NA,NA,N,3,0,1,2,A,-,08,22100,A,N,B,G,A,A,H,-,A,D,0,NA,Y,NA,NA,Y,NA,A,08,0,1,0,0,0,0,1,0,0,-,-,NA,NA,LOS ANGELES,LOS ANGELES,-118.60580195,34.21963521
6336673,2014,2014-06-03,1942,2014-01-05,0925,40398,1555,7,5,7,1942,0,0,0,O,0,10TL35,CAMARILLO ST,TUJUNGA AV,0,NA,Y,A,-,N,NA,NA,NA,NA,NA,NA,NA,NA,NA,Y,3,0,2,3,A,-,09,21801,B,N,D,C,A,A,H,-,A,A,0,NA,NA,NA,NA,Y,NA,A,01,0,1,1,0,0,0,0,0,0,-,-,NA,NA,LOS ANGELES,LOS ANGELES,-118.37903011,34.15765001
6336679,2014,2015-12-30,1942,2014-01-05,1235,30830,2101,7,5,7,1942,0,0,0,NA,0,16TL23,TOPANGA CANYON BL,NORDHOFF ST,135,N,N,A,-,Y,LA,7,27,-,-,17.04,H,-,S,Y,4,0,1,2,A,-,08,22107,NA,N,C,C,A,A,H,-,A,D,0,NA,NA,Y,NA,Y,NA,A,01,0,0,1,0,0,0,0,0,1,-,-,NA,NA,LOS ANGELES,LOS ANGELES,-118.60536237,34.2358663
6336683,2014,2015-12-30,1942,2014-01-05,0950,30830,2103,7,5,7,1942,0,0,0,NA,0,16TL23,TOPANGA CANYON BL,PARTHENIA ST,185,N,N,A,-,Y,LA,7,27,-,-,16.51,H,-,S,Y,4,0,1,2,A,-,04,21703,NA,N,C,C,A,A,H,-,A,D,0,NA,NA,NA,NA,Y,NA,A,01,0,0,1,0,0,0,0,0,0,-,-,NA,NA,LOS ANGELES,LOS ANGELES,-118.60350179,34.22879318
6336687,2014,2015-01-22,1942,2014-01-05,0205,38354,1003,7,5,7,1942,0,0,0,J,0,16T23,RESEDA BL,LANARK ST,147,N,N,A,-,N,NA,NA,NA,NA,NA,NA,NA,NA,NA,Y,3,0,6,2,A,-,01,23152,A,N,C,C,A,A,H,-,C,D,0,NA,NA,NA,NA,Y,Y,A,01,0,1,5,0,0,0,0,0,0,-,-,NA,NA,LOS ANGELES,LOS ANGELES,-118.53607868,34.21786324
6336689,2014,2014-06-03,1942,2014-01-05,1300,36618,1596,7,5,7,1942,0,0,0,O,0,19TL72,VENTURA BL,EUREKA AV,215,E,N,A,-,N,NA,NA,NA,NA,NA,NA,NA,NA,NA,Y,3,0,1,2,A,-,09,21804,A,N,D,C,A,A,H,-,A,D,0,NA,NA,NA,NA,Y,NA,A,07,0,1,0,0,0,0,0,0,0,-,-,NA,NA,LOS ANGELES,LOS ANGELES,-118.37557169,34.14100486
6336691,2014,2015-01-21,1942,2014-01-07,0800,39281,1068,2,5,7,1942,0,0,0,J,0,16TL25,BALBOA BL,MAGNOLIA AV,30,S,N,A,-,N,NA,NA,NA,NA,NA,NA,NA,NA,NA,N,4,0,1,2,A,-,03,22350,NA,F,C,C,A,A,H,-,A,A,0,NA,NA,NA,NA,Y,NA,-,99,0,0,1,0,0,0,0,0,0,-,-,NA,NA,LOS ANGELES,LOS ANGELES,-118.50109,34.16486771
6336695,2014,2015-01-21,1942,2014-01-08,1340,39096,0985,3,5,7,1942,0,0,0,I,0,10TL34,VENTURA BL,CALHOUN AV,60,E,N,A,-,N,NA,NA,NA,NA,NA,NA,NA,NA,NA,Y,3,0,3,3,A,-,03,22350,NA,F,C,C,A,A,H,-,A,D,0,NA,NA,NA,NA,Y,NA,-,99,0,1,2,0,0,0,0,0,0,-,-,NA,NA,LOS ANGELES,LOS ANGELES,-118.44195569,34.1497986
6336696,2014,2015-01-21,1942,2014-01-05,1930,38354,1983,7,5,7,1942,0,0,0,NA,0,16T23,SEPULVEDA BL,CHASE ST,369,S,N,A,-,N,NA,NA,NA,NA,NA,NA,NA,NA,NA,N,2,0,1,2,A,-,11,21955,NA,N,G,B,D,A,H,-,C,D,0,Y,NA,NA,NA,Y,Y,N,60,1,0,0,0,1,0,0,0,0,-,-,NA,NA,LOS ANGELES,LOS ANGELES,-118.46772029,34.2236079
6336699,2014,2015-01-22,1942,2014-01-08,0855,39476,1523,3,5,7,1942,0,0,0,O,0,21TL61,VICTORY BL,WHITSETT AV,60,W,N,A,-,N,NA,NA,NA,NA,NA,NA,NA,NA,NA,N,4,0,1,2,A,-,07,21658,A,F,B,C,A,A,H,-,A,D,0,NA,NA,NA,NA,Y,NA,-,99,0,0,1,0,0,0,0,0,0,-,-,NA,NA,LOS ANGELES,LOS ANGELES,-118.40545803,34.18668
6336700,2014,2015-01-21,1942,2014-01-01,0410,41120,RD151,3,5,7,1942,0,0,0,NA,0,15A21,BELLAIRE AV,SHERMAN WY,0,NA,Y,A,-,N,NA,NA,NA,NA,NA,NA,NA,NA,NA,Y,4,0,1,1,A,-,01,23152,A,N,E,I,A,A,H,-,C,D,0,NA,NA,NA,NA,Y,Y,A,01,0,0,1,0,0,0,0,0,0,-,-,NA,NA,LOS ANGELES,LOS ANGELES,-118.4094301,34.20120012
6336704,2014,2015-01-22,1942,2014-01-03,1015,30452,1596,5,5,7,1942,0,0,0,O,0,9TL53,VENTURA BL,FRUITLAND DR,0,NA,Y,A,-,N,NA,NA,NA,NA,NA,NA,NA,NA,NA,Y,4,0,1,2,A,-,09,21801,A,N,H,I,A,A,H,-,A,A,0,NA,NA,NA,NA,Y,NA,A,01,0,0,1,0,0,0,0,0,0,-,-,NA,NA,LOS ANGELES,LOS ANGELES,-118.37199013,34.14117012
6336706,2014,2014-06-30,1931,2014-01-12,1750,5601,1931,7,5,5,1931,0,0,0,NA,0,004,FLORENCE AV,BENSON ST,153,W,N,A,-,N,NA,NA,NA,NA,NA,NA,NA,NA,NA,Y,3,0,1,3,A,-,03,22350,NA,M,C,C,A,A,H,-,C,D,0,NA,NA,NA,NA,Y,NA,A,01,0,1,0,0,0,0,0,0,0,-,-,NA,NA,LOS ANGELES,HUNTINGTON PARK,-118.21181059,33.97280583
6336708,2014,2015-01-21,1942,2014-01-08,1435,33779,1999,3,5,7,1942,0,0,0,NA,0,15TL44,CANTARA ST,WOODMAN AV,0,NA,Y,A,-,N,NA,NA,NA,NA,NA,NA,NA,NA,NA,N,4,0,1,2,A,-,11,21950,B,N,G,B,B,A,H,-,A,A,0,Y,NA,NA,NA,Y,NA,N,60,0,0,1,0,1,0,0,0,0,-,-,NA,NA,LOS ANGELES,LOS ANGELES,-118.43193002,34.21960003
6336710,2014,2014-06-30,1931,2014-01-13,1713,5563,1931,1,5,5,1931,0,0,0,NA,0,002,ALAMEDA ST,GAGE AV,144,N,N,A,-,N,NA,NA,NA,NA,NA,NA,NA,NA,NA,N,4,0,2,2,A,-,03,22350,NA,N,C,C,A,A,H,-,C,A,0,NA,NA,NA,NA,Y,NA,-,NA,0,0,2,0,0,0,0,0,0,-,-,NA,NA,LOS ANGELES,HUNTINGTON PARK,-118.2359,33.98165
6336712,2014,2015-01-21,1942,2014-01-07,1620,33700,2136,2,5,7,1942,0,0,0,NA,0,35M53,CANOGA AV,SHERMAN AV,25,N,N,A,-,N,NA,NA,NA,NA,NA,NA,NA,NA,NA,N,3,0,1,1,A,-,03,22350,NA,N,H,J,A,A,H,-,A,A,0,NA,NA,Y,NA,Y,NA,C,02,0,1,0,0,0,0,0,0,1,-,-,NA,NA,LOS ANGELES,LOS ANGELES,-118.59771125,34.20109857
6336716,2014,2015-01-22,1942,2014-01-05,1550,36336,2156,7,5,7,1942,0,0,0,NA,0,9TL52,OWENSMOUTH AV,VICTORY BL,60,N,N,A,-,N,NA,NA,NA,NA,NA,NA,NA,NA,NA,N,4,0,2,2,A,-,07,21658,A,N,C,C,A,A,H,-,A,D,0,NA,NA,NA,NA,Y,NA,A,08,0,0,2,0,0,0,0,0,0,-,-,NA,NA,LOS ANGELES,LOS ANGELES,-118.60153713,34.18789458
6336720,2014,2015-01-22,1942,2014-01-06,1405,36336,2158,1,5,7,1942,0,0,0,NA,0,9TL52,DE SOTO AV,VICTORY BL,0,NA,Y,A,-,N,NA,NA,NA,NA,NA,NA,NA,NA,NA,Y,3,0,2,2,A,-,09,21801,A,N,D,C,A,A,H,-,A,A,0,NA,NA,NA,NA,Y,NA,A,08,0,1,1,0,0,0,0,0,0,-,-,NA,NA,LOS ANGELES,LOS ANGELES,-118.58840013,34.18836008
6336733,2014,2014-06-02,1900,2014-01-04,0640,465881,2610,6,5,6,1950,0,0,0,NA,0,262T1,10TH ST EAST,AVENUE R,0,NA,Y,A,-,N,NA,NA,NA,NA,NA,NA,NA,NA,NA,Y,4,0,1,2,A,-,12,21453,A,N,D,C,A,A,H,-,A,A,0,NA,NA,NA,NA,Y,NA,A,08,0,0,1,0,0,0,0,0,0,-,-,NA,NA,LOS ANGELES,PALMDALE,-118.11174009,34.57262004
6336737,2014,2014-06-02,1900,2014-01-02,1619,528503,2608,4,5,6,1950,0,0,0,NA,0,264T1,AVENUE S,30TH ST EAST,0,NA,Y,A,-,N,NA,NA,NA,NA,NA,NA,NA,NA,NA,N,4,0,2,2,A,-,03,22350,NA,N,C,C,A,A,H,-,A,A,0,NA,NA,NA,NA,Y,NA,D,22,0,0,2,0,0,0,0,0,0,-,-,NA,NA,LOS ANGELES,PALMDALE,-118.07627,34.55813
6336802,2014,2016-03-26,9580,2014-01-07,0630,017228,NA,2,1,7,1942,0,1,2,NA,2,100,RT 101,TUJUNGA AV,100,N,N,A,-,Y,LA,7,101,-,-,12.02,H,-,N,Y,4,0,1,2,A,-,03,22350,NA,N,C,C,A,A,H,-,D,-,1,NA,NA,NA,NA,Y,NA,-,99,0,0,1,0,0,0,0,0,0,-,-,34.15471,-118.38195,LOS ANGELES,LOS ANGELES,-118.3818914,34.15458604
6336830,2014,2016-01-07,9580,2014-01-14,1420,018185,NA,2,2,7,1942,0,1,1,NA,2,407,RT 405,RAYMER ST,100,S,N,A,-,Y,LA,7,405,-,-,43.4,H,-,S,N,4,0,1,3,A,-,03,22350,NA,N,C,C,A,A,H,-,A,D,1,NA,NA,NA,Y,Y,NA,F,26,0,0,1,0,0,0,0,0,0,-,-,34.21595,-118.47349,LOS ANGELES,LOS ANGELES,-118.47337248,34.21596302
6336849,2014,2016-01-12,9580,2014-01-15,1830,18185,NA,3,2,7,1942,0,1,1,NA,2,405,RT 405,MULLHOLLAND DR,1584,N,N,A,-,Y,LA,7,405,-,-,37.13,H,-,S,Y,4,0,1,2,A,-,03,22350,NA,N,C,C,A,A,D,-,D,D,1,NA,NA,NA,NA,Y,NA,A,01,0,0,1,0,0,0,0,0,0,-,-,34.13843,-118.47136,LOS ANGELES,LOS ANGELES,-118.47478885,34.12757999
6336853,2014,2016-01-12,9580,2014-01-10,2210,019544,NA,5,3,7,1942,0,1,1,NA,2,405,RT 405,VENTURA BL,30,N,N,A,-,Y,LA,7,405,-,-,39.09,H,-,S,N,4,0,1,2,A,-,08,22107,NA,N,B,C,A,A,D,-,C,D,1,NA,NA,NA,Y,Y,NA,A,01,0,0,1,0,0,0,0,0,0,-,-,34.15521,-118.46851,LOS ANGELES,LOS ANGELES,-118.46847463,34.15522773
6336858,2014,2014-06-03,1916,2014-01-05,0818,2623,58A,7,5,4,1916,0,0,0,NA,0,002,BADILLO,BARRANCA,0,NA,Y,A,-,N,NA,NA,NA,NA,NA,NA,NA,NA,NA,Y,4,0,1,2,A,-,12,21453,A,N,D,C,A,A,H,-,A,A,0,NA,NA,NA,Y,Y,NA,F,26,0,0,1,0,0,0,0,0,0,-,-,NA,NA,LOS ANGELES,COVINA,-117.88135001,34.08627006
6336970,2014,2015-11-14,9590,2014-01-04,1030,19303,NA,6,1,7,1942,0,1,1,NA,2,063,RT 10,NORMANDIE AV,250,E,N,A,-,Y,LA,7,10,-,R,13.437,R,2,W,Y,4,0,1,3,A,-,07,21658,A,N,B,C,A,A,H,-,A,D,1,NA,NA,NA,NA,Y,NA,A,01,0,0,1,0,0,0,0,0,0,-,-,34.03722,-118.29696,LOS ANGELES,LOS ANGELES,-118.2982728,34.03713942
6336978,2014,2016-01-19,9590,2014-01-06,1110,017586,NA,1,1,7,1942,0,1,2,NA,2,070,RT 101,ALAMEDA ST,250,S,N,A,-,Y,LA,7,101,-,-,0.71,H,-,N,Y,3,0,1,2,A,-,03,22350,NA,F,C,C,A,A,H,-,A,D,1,NA,NA,NA,Y,Y,NA,A,01,0,1,0,0,0,0,0,0,0,-,-,34.05373,-118.23543,LOS ANGELES,LOS ANGELES,-118.23724406,34.05401786
6337017,2014,2016-03-05,9590,2014-01-06,1458,15918,NA,1,2,7,1942,0,1,1,NA,2,053,RT 110,TEMPLE ST,500,S,N,A,-,Y,LA,7,110,-,-,23.52,H,-,S,Y,4,0,3,3,A,-,03,22350,NA,N,C,C,A,A,H,-,A,D,1,NA,NA,NA,NA,Y,NA,A,01,0,0,3,0,0,0,0,0,0,-,-,34.06028,-118.25157,LOS ANGELES,LOS ANGELES,-118.25121954,34.06063136
6337081,2014,2014-06-04,1942,2014-01-13,1940,38354,2115,1,5,7,1942,0,0,0,NA,0,16T23,ROSCOE BL,OWENSMOUTH AV,123,W,N,A,-,N,NA,NA,NA,NA,NA,NA,NA,NA,NA,Y,4,0,1,3,A,-,04,21703,NA,N,C,C,A,A,H,-,C,A,0,NA,NA,NA,NA,Y,NA,D,22,0,0,1,0,0,0,0,0,0,-,-,NA,NA,LOS ANGELES,LOS ANGELES,-118.60203601,34.21971986
6337085,2014,2014-06-12,1942,2014-01-09,1950,39868,1525,4,5,7,1942,0,0,0,O,0,15A27,VICTORY BL,AGNES AV,0,NA,Y,A,-,N,NA,NA,NA,NA,NA,NA,NA,NA,NA,Y,4,0,3,2,A,-,09,21802,A,N,D,C,A,A,H,-,C,A,0,NA,NA,NA,NA,Y,NA,A,07,0,0,3,0,0,0,0,0,0,-,-,NA,NA,LOS ANGELES,LOS ANGELES,-118.39544008,34.18668004
6337220,2014,2014-06-04,9525,2014-01-03,1635,020058,NA,5,2,9,1900,0,3,5,NA,2,004,SUNSET AV,AMAR RD,100,S,N,A,-,N,NA,NA,NA,NA,NA,NA,NA,NA,NA,Y,4,0,1,2,A,-,01,23152,A,M,C,C,A,A,H,-,C,A,0,NA,NA,NA,NA,Y,Y,-,NA,0,0,1,0,0,0,0,0,0,-,-,34.04508,-117.96318,LOS ANGELES,UNINCORPORATED,-117.96335647,34.04513337
6337254,2014,2014-06-03,1900,2014-01-14,1507,442237,1126,2,5,6,1992,0,0,0,NA,0,111T1,13TH ST WEST,AVENUE K,8,S,N,A,-,N,NA,NA,NA,NA,NA,NA,NA,NA,NA,Y,3,0,1,2,A,-,10,21950,A,N,G,B,B,A,H,-,A,D,0,Y,NA,NA,NA,Y,NA,A,01,0,1,0,0,1,0,0,0,0,-,-,NA,NA,LOS ANGELES,LANCASTER,-118.15407,34.67496806
6337258,2014,2014-06-03,1900,2014-01-14,1352,531568,11271,2,5,6,1992,0,0,0,NA,0,112T1,AVENUE K,20 ST W,21,W,N,A,-,N,NA,NA,NA,NA,NA,NA,NA,NA,NA,Y,4,0,1,2,A,-,21,22106,NA,N,C,C,A,A,H,-,A,A,0,NA,NA,Y,NA,Y,NA,A,07,0,0,1,0,0,0,0,0,1,-,-,NA,NA,LOS ANGELES,LANCASTER,-118.1657997,34.675
6337262,2014,2014-06-03,1900,2014-01-14,1237,528232,1124,2,5,6,1992,0,0,0,NA,0,111T2,SIERRA HWY,AVE L-4,285,N,N,A,-,N,NA,NA,NA,NA,NA,NA,NA,NA,NA,N,4,0,1,2,A,-,07,21658,A,N,C,C,A,A,H,-,A,D,0,NA,NA,NA,NA,Y,NA,A,01,0,0,1,0,0,0,0,0,0,-,-,NA,NA,LOS ANGELES,LANCASTER,-118.13012326,34.65745478
6337287,2014,2016-01-26,9525,2014-01-08,0715,12820,NA,3,1,5,1926,0,1,1,NA,2,206,RT 210,AUTO CENTER DR,400,N,N,A,-,Y,LA,7,57,-,R,11.68,H,-,S,Y,4,0,1,2,A,-,07,21658,A,N,B,C,A,A,H,-,A,D,0,NA,NA,Y,NA,Y,NA,A,01,0,0,1,0,0,0,0,0,1,-,-,34.11811,-117.82465,LOS ANGELES,GLENDORA,-117.82674746000001,34.11992241
6337294,2014,2016-03-22,9525,2014-01-02,1538,18366,NA,4,2,5,1990,0,1,3,NA,2,574,RT 57,PATHFINDER RD,2640,N,N,A,-,Y,LA,7,57,-,R,3.67,H,-,N,Y,4,0,1,3,A,-,03,22350,NA,N,C,C,A,A,H,-,A,D,1,NA,NA,NA,NA,Y,NA,A,01,0,0,1,0,0,0,0,0,0,-,-,33.99201,-117.84216,LOS ANGELES,DIAMOND BAR,-117.84233057,33.99190564
6337298,2014,2015-11-14,9525,2014-01-02,1827,20544,NA,4,2,5,1906,0,1,1,NA,2,104,RT 10,FRAZIER ST,1056,W,N,A,-,Y,LA,7,10,-,-,31.34,H,-,E,Y,4,0,1,3,A,-,03,22350,NA,N,C,C,A,A,H,-,C,D,1,NA,NA,NA,NA,Y,NA,A,01,0,0,1,0,0,0,0,0,0,-,-,34.06526,-117.99632,LOS ANGELES,BALDWIN PARK,-117.99690548,34.06538734
6337302,2014,2015-12-28,9525,2014-01-02,1045,19966,NA,4,1,5,1990,0,1,3,NA,2,603,RT 60,GRAND AV,400,E,N,A,-,Y,LA,7,60,-,R,24.53,H,-,W,N,3,0,1,4,A,-,03,22350,NA,N,C,C,A,A,H,-,A,D,1,NA,NA,NA,NA,Y,NA,A,01,0,1,0,0,0,0,0,0,0,-,-,34.01583,-117.81858,LOS ANGELES,DIAMOND BAR,-117.82252325,34.01115546
6337306,2014,2015-11-14,9525,2014-01-07,1820,18505,NA,2,2,5,1906,0,1,1,NA,2,103,RT 10,BESS AV,40,E,N,A,-,Y,LA,7,10,-,-,31.73,H,-,W,Y,4,0,2,3,A,-,03,22350,NA,N,C,C,A,A,H,-,D,D,1,NA,NA,NA,NA,Y,NA,A,07,0,0,2,0,0,0,0,0,0,-,-,34.06669,-117.98991,LOS ANGELES,BALDWIN PARK,-117.99017156,34.06649698
6337310,2014,2015-12-28,9525,2014-01-01,0548,15632,NA,3,3,5,1990,0,1,3,NA,2,611,RT 60,S LEMON AV,150,W,N,A,-,Y,LA,7,60,-,R,22.35,H,-,W,Y,3,0,3,4,A,-,03,22350,NA,N,A,C,E,A,H,-,D,D,1,Y,NA,NA,NA,Y,NA,A,07,0,1,2,0,1,0,0,0,0,-,-,33.99876,-117.85578,LOS ANGELES,DIAMOND BAR,-117.85569997,33.99875147
6337314,2014,2015-12-28,9525,2014-01-02,0810,20114,NA,4,1,5,1990,0,1,3,NA,2,602,RT 60,BREA CANYON RD,200,W,N,A,-,Y,LA,7,60,-,R,22.93,H,-,E,Y,4,0,1,2,A,-,03,22350,NA,F,C,C,A,A,H,-,A,D,1,NA,NA,NA,NA,Y,NA,A,01,0,0,1,0,0,0,0,0,0,-,-,34.00201,-117.83511,LOS ANGELES,DIAMOND BAR,-117.84572421,34.00032954
6337326,2014,2014-06-16,9525,2014-01-04,0940,20596,NA,6,1,9,1900,0,2,4,NA,2,032,VALLEY BL,FULLERTON RD,0,NA,Y,A,-,N,NA,NA,NA,NA,NA,NA,NA,NA,NA,Y,3,0,1,2,A,-,12,21453,A,N,A,C,A,A,H,-,A,A,0,NA,NA,NA,NA,Y,NA,A,07,0,1,0,0,0,0,0,0,0,-,-,34.00543,-117.90333,LOS ANGELES,UNINCORPORATED,-117.90376003,34.00555004
6337327,2014,2014-06-16,1912,2014-01-04,0055,13522,1912,6,5,6,1912,0,0,0,NA,0,00D,PROVIDENCIA AV,BEL AIRE DR,435,W,N,A,-,N,NA,NA,NA,NA,NA,NA,NA,NA,NA,Y,4,0,1,3,A,-,08,22107,NA,N,C,E,A,A,H,-,C,D,0,NA,NA,NA,NA,Y,NA,A,01,0,0,1,0,0,0,0,0,0,-,-,34.18577,-118.29495,LOS ANGELES,BURBANK,-118.29497253,34.18567016
6337329,2014,2015-11-14,9525,2014-01-03,1645,17408,NA,5,2,6,1975,0,1,1,NA,2,104,RT 10,VINCENT AV,3000,W,N,A,-,Y,LA,7,10,-,-,34.82,H,-,E,N,4,0,1,2,A,-,04,21703,NA,N,C,C,A,A,H,-,A,D,1,NA,NA,NA,NA,Y,NA,A,08,0,0,1,0,0,0,0,0,0,-,-,34.07214,-117.93263,LOS ANGELES,WEST COVINA,-117.93688074,34.0723298
6337331,2014,2014-06-16,1912,2014-01-03,1810,9589,NA,5,5,6,1912,0,0,0,NA,0,NA,BUENA VISTA ST,BURBANK BL,0,NA,Y,A,-,N,NA,NA,NA,NA,NA,NA,NA,NA,NA,Y,4,0,2,2,A,-,09,21801,A,N,D,C,A,A,H,-,C,A,0,NA,NA,NA,NA,Y,NA,A,01,0,0,2,0,0,0,0,0,0,-,-,NA,NA,LOS ANGELES,BURBANK,-118.33804002,34.17875008
6337335,2014,2014-06-16,1912,2014-01-06,2500,12104,NA,1,5,6,1912,0,0,0,NA,0,NA,VERDUGO AV,KENWOOD ST,0,NA,Y,A,-,N,NA,NA,NA,NA,NA,NA,NA,NA,NA,Y,4,0,2,2,A,-,09,21804,A,N,D,C,A,A,H,-,A,D,0,NA,NA,NA,NA,Y,NA,A,01,0,0,2,0,0,0,0,0,0,-,-,NA,NA,LOS ANGELES,BURBANK,-118.34569009,34.16032008
6337339,2014,2014-06-24,1912,2014-01-05,0840,8334,NA,7,5,6,1912,0,0,0,NA,0,00V,ORANGE GROVE AV,SAN FERNANDO BL,0,NA,Y,A,-,N,NA,NA,NA,NA,NA,NA,NA,NA,NA,Y,2,0,1,2,A,-,09,21801,A,N,D,C,A,A,H,-,A,A,0,NA,NA,NA,NA,Y,NA,-,NA,1,0,0,0,0,0,0,0,0,-,-,NA,NA,LOS ANGELES,BURBANK,-118.30972004,34.18162007
6337358,2014,2014-06-16,9525,2014-01-08,2140,18364,NA,3,2,9,1900,0,3,5,NA,2,005,GLENDORA MOUNTAIN RD,BIG DALTON CANYON RD,5808,N,N,A,-,N,NA,NA,NA,NA,NA,NA,NA,NA,NA,Y,3,0,2,1,A,-,03,22350,NA,N,E,I,A,A,H,-,D,D,0,NA,NA,NA,NA,Y,NA,A,01,0,2,0,0,0,0,0,0,0,-,-,34.16363,-117.84053,LOS ANGELES,UNINCORPORATED,-117.84043725,34.16348717
6337393,2014,2016-02-18,9525,2014-01-01,1342,16603,NA,3,1,5,1926,0,1,1,NA,2,206,RT 210,GRAND AV,4224,E,N,A,-,Y,LA,7,210,-,R,42.42,H,-,E,Y,4,0,1,2,A,-,03,22350,NA,N,C,C,A,A,H,-,A,D,1,NA,NA,NA,NA,Y,NA,A,07,0,0,1,0,0,0,0,0,0,-,-,34.11693,-117.85889,LOS ANGELES,GLENDORA,-117.85938937,34.11699111
6337478,2014,2014-06-09,1942,2014-01-03,0745,30452,1622,5,5,7,1942,0,0,0,P,0,9TL53,SAN FERNANDO RD,FILMORE ST,315,S,N,A,-,N,NA,NA,NA,NA,NA,NA,NA,NA,NA,Y,4,0,2,2,A,-,08,22107,NA,N,C,C,A,A,H,-,A,D,0,NA,NA,NA,NA,Y,NA,A,07,0,0,2,0,0,0,0,0,0,-,-,NA,NA,LOS ANGELES,LOS ANGELES,-118.4245651,34.26842684