CASE_ID,ACCIDENT_YEAR,PROC_DATE,JURIS,COLLISION_DATE,COLLISION_TIME,OFFICER_ID,REPORTING_DISTRICT,DAY_OF_WEEK,CHP_SHIFT,POPULATION,CNTY_CITY_LOC,SPECIAL_COND,BEAT_TYPE,CHP_BEAT_TYPE,CITY_DIVISION_LAPD,CHP_BEAT_CLASS,BEAT_NUMBER,PRIMARY_RD,SECONDARY_RD,DISTANCE,DIRECTION,INTERSECTION,WEATHER_1,WEATHER_2,STATE_HWY_IND,CALTRANS_COUNTY,CALTRANS_DISTRICT,STATE_ROUTE,ROUTE_SUFFIX,POSTMILE_PREFIX,POSTMILE,LOCATION_TYPE,RAMP_INTERSECTION,SIDE_OF_HWY,TOW_AWAY,COLLISION_SEVERITY,NUMBER_KILLED,NUMBER_INJURED,PARTY_COUNT,PRIMARY_COLL_FACTOR,PCF_CODE_OF_VIOL,PCF_VIOL_CATEGORY,PCF_VIOLATION,PCF_VIOL_SUBSECTION,HIT_AND_RUN,TYPE_OF_COLLISION,MVIW,PED_ACTION,ROAD_SURFACE,ROAD_COND_1,ROAD_COND_2,LIGHTING,CONTROL_DEVICE,CHP_ROAD_TYPE,PEDESTRIAN_ACCIDENT,BICYCLE_ACCIDENT,MOTORCYCLE_ACCIDENT,TRUCK_ACCIDENT,NOT_PRIVATE_PROPERTY,ALCOHOL_INVOLVED,STWD_VEHTYPE_AT_FAULT,CHP_VEHTYPE_AT_FAULT,COUNT_SEVERE_INJ,COUNT_VISIBLE_INJ,COUNT_COMPLAINT_PAIN,COUNT_PED_KILLED,COUNT_PED_INJURED,COUNT_BICYCLIST_KILLED,COUNT_BICYCLIST_INJURED,COUNT_MC_KILLED,COUNT_MC_INJURED,PRIMARY_RAMP,SECONDARY_RAMP,LATITUDE,LONGITUDE,COUNTY,CITY,POINT_X,POINT_Y
6345265,2014,2014-06-03,1900,2014-01-09,1505,504115,523,4,5,4,1971,0,0,0,NA,0,52T1PM,LIVE OAK AV,PRIMROSE AV,5,W,N,A,-,N,NA,NA,NA,NA,NA,NA,NA,NA,NA,N,4,0,1,2,A,-,09,21802,A,N,D,C,A,A,H,-,A,A,0,NA,NA,NA,NA,Y,NA,A,01,0,0,1,0,0,0,0,0,0,-,-,NA,NA,LOS ANGELES,TEMPLE CITY,-118.06161621,34.10284752
6345266,2014,2014-06-02,1900,2014-01-07,0825,404532,632,2,5,6,1985,0,0,0,NA,0,61T1,LIVE OAK SPRINGS CANYON RD,TRAIL RIDGE RD,36,W,N,A,-,N,NA,NA,NA,NA,NA,NA,NA,NA,NA,Y,3,0,1,1,A,-,03,22350,NA,N,D,I,A,A,H,-,A,D,0,NA,NA,NA,NA,Y,NA,A,07,0,1,0,0,0,0,0,0,0,-,-,NA,NA,LOS ANGELES,SANTA CLARITA,-118.41720477,34.40935649
6345267,2014,2014-06-02,1909,2014-01-07,1633,507,1909,2,5,4,1909,0,0,0,NA,0,NORTH,FLORENCE PL,GRANGER AV,12,W,N,A,-,N,NA,NA,NA,NA,NA,NA,NA,NA,NA,N,4,0,1,2,A,-,12,22450,A,N,A,G,A,A,H,-,A,A,0,NA,Y,NA,NA,Y,NA,L,04,0,0,1,0,0,0,1,0,0,-,-,NA,NA,LOS ANGELES,BELL GARDENS,-118.14967899,33.96622524
6345269,2014,2014-06-02,1900,2014-01-09,1800,504115,524,4,5,4,1971,0,0,0,NA,0,52T1PM,LOWER AZUSA RD,ENCINITA AV,217,E,N,A,-,N,NA,NA,NA,NA,NA,NA,NA,NA,NA,Y,4,0,1,1,A,-,08,22107,NA,N,E,I,A,A,H,-,C,D,0,NA,NA,NA,NA,Y,NA,A,01,0,0,1,0,0,0,0,0,0,-,-,NA,NA,LOS ANGELES,TEMPLE CITY,-118.06697426,34.08807596
6345270,2014,2014-06-03,1900,2014-01-02,1503,520084,628,4,5,6,1985,0,0,0,NA,0,62T1,CALGROVE BL,WILEY CANYON RD,268,W,N,A,-,N,NA,NA,NA,NA,NA,NA,NA,NA,NA,Y,4,0,2,2,A,-,09,21801,A,N,D,C,A,A,H,-,A,D,0,NA,NA,NA,NA,Y,NA,A,01,0,0,2,0,0,0,0,0,0,-,-,NA,NA,LOS ANGELES,SANTA CLARITA,-118.55354656,34.3638183
6345271,2014,2014-06-02,1900,2014-01-12,1905,515194,2822,7,5,5,1915,0,0,0,NA,0,283T1,LOS ANGELES,ROSECRANS AV,21,S,N,A,-,N,NA,NA,NA,NA,NA,NA,NA,NA,NA,Y,4,0,1,3,A,-,03,22350,NA,M,C,C,A,A,H,-,C,A,0,NA,NA,NA,NA,Y,NA,A,08,0,0,1,0,0,0,0,0,0,-,-,NA,NA,LOS ANGELES,COMPTON,NA,NA
6345273,2014,2014-06-03,1900,2014-01-06,0842,476638,542,1,5,3,1921,0,0,0,NA,0,58T1AM,MOUNT OLIVE DR,ROYAL OAKS DR,175,S,N,A,-,N,NA,NA,NA,NA,NA,NA,NA,NA,NA,Y,4,0,1,2,A,-,08,22107,NA,N,H,E,A,A,H,-,A,D,0,NA,NA,NA,NA,Y,Y,A,07,0,0,1,0,0,0,0,0,0,-,-,NA,NA,LOS ANGELES,DUARTE,-117.95561716,34.14290026
6345274,2014,2014-06-03,1942,2014-01-08,1020,33977,1148,3,5,7,1942,0,0,0,K,0,11TL25,MUSEUM DR,CRANE BL,850,N,N,A,-,N,NA,NA,NA,NA,NA,NA,NA,NA,NA,Y,4,0,1,4,A,-,03,22350,NA,F,C,C,A,A,H,-,A,D,0,NA,NA,NA,NA,Y,NA,A,01,0,0,1,0,0,0,0,0,0,-,-,NA,NA,LOS ANGELES,LOS ANGELES,-118.20843834,34.10197562
6345275,2014,2016-02-12,1900,2014-01-11,1355,516686,2842,6,5,5,1915,0,0,0,NA,0,283T1,ALAMEDA ST,RT 91,0,NA,Y,A,-,Y,LA,7,91,-,R,10.108,R,4,E,Y,4,0,1,2,A,-,12,21453,A,N,D,C,A,A,H,-,A,A,0,NA,NA,NA,NA,Y,NA,A,01,0,0,1,0,0,0,0,0,0,-,-,NA,NA,LOS ANGELES,COMPTON,-118.21965607,33.8735605
6345277,2014,2014-06-03,1900,2014-01-09,0850,437387,542,4,5,3,1921,0,0,0,NA,0,58T1AM,HUNTINGTON DR,ENCANTO PKWY,0,NA,Y,A,-,N,NA,NA,NA,NA,NA,NA,NA,NA,NA,Y,4,0,1,2,A,-,09,21802,A,N,D,C,A,A,H,-,A,A,0,NA,NA,NA,NA,Y,NA,A,01,0,0,1,0,0,0,0,0,0,-,-,NA,NA,LOS ANGELES,DUARTE,-117.94481008,34.13805002
6345278,2014,2014-06-02,1942,2014-01-11,2025,30083,123,6,5,7,1942,0,0,0,L,0,11T21,BROADWAY,I ST,0,NA,Y,A,-,N,NA,NA,NA,NA,NA,NA,NA,NA,NA,N,3,0,1,2,A,-,12,21453,A,N,D,G,A,A,H,-,C,A,0,NA,Y,NA,NA,Y,NA,L,04,0,1,0,0,0,0,1,0,0,-,-,NA,NA,LOS ANGELES,LOS ANGELES,-118.245583,34.053602
6345279,2014,2014-06-02,1900,2014-01-07,0350,520223,2823,2,5,5,1915,0,0,0,NA,0,283E,QUEENSDALE ST,PANNES AV,5,E,N,A,-,N,NA,NA,NA,NA,NA,NA,NA,NA,NA,Y,3,0,1,2,A,-,03,22350,NA,M,B,E,A,A,H,-,C,D,0,NA,NA,NA,NA,Y,Y,A,01,0,1,0,0,0,0,0,0,0,-,-,NA,NA,LOS ANGELES,COMPTON,-118.20298,33.9051
6345941,2014,2014-06-05,1900,2014-01-22,1820,213720,2923,3,5,5,1990,0,0,0,NA,0,292M2,DIAMOND BAR BL,PALOMINO DR,99,S,N,A,-,N,NA,NA,NA,NA,NA,NA,NA,NA,NA,Y,4,0,1,2,A,-,03,22350,NA,N,C,C,A,A,H,-,A,A,0,NA,NA,NA,NA,Y,NA,A,01,0,0,1,0,0,0,0,0,0,-,-,NA,NA,LOS ANGELES,DIAMOND BAR,-117.8106121,34.02184263
6346322,2014,2014-06-06,1944,2014-01-12,1731,329,NA,7,5,4,1944,0,0,0,NA,0,NA,VALLEY DR,35TH ST,89,S,N,A,-,N,NA,NA,NA,NA,NA,NA,NA,NA,NA,Y,4,0,1,2,A,-,08,22107,NA,N,C,E,A,A,H,-,C,D,0,NA,NA,NA,NA,Y,NA,A,01,0,0,1,0,0,0,0,0,0,-,-,NA,NA,LOS ANGELES,MANHATTAN BEACH,-118.39736685,33.89978546
6346325,2014,2014-06-05,1948,2014-01-15,1042,398,1948,3,5,5,1948,0,0,0,NA,0,002,HELLMAN AV,NEW AV,0,NA,Y,A,-,N,NA,NA,NA,NA,NA,NA,NA,NA,NA,Y,4,0,1,2,A,-,12,21453,A,N,D,C,A,A,H,-,A,A,0,NA,NA,NA,NA,Y,NA,A,01,0,0,1,0,0,0,0,0,0,-,-,NA,NA,LOS ANGELES,MONTEREY PARK,-118.10815,34.06984003
6346326,2014,2014-06-05,1944,2014-01-04,1505,325,NA,6,5,4,1944,0,0,0,NA,0,002,MANHATTAN AV,8TH PL,0,NA,Y,A,-,N,NA,NA,NA,NA,NA,NA,NA,NA,NA,N,4,0,1,2,A,-,06,21750,NA,N,D,C,A,A,H,-,A,D,0,NA,NA,Y,NA,Y,NA,C,03,0,0,1,0,0,0,0,0,1,-,-,NA,NA,LOS ANGELES,MANHATTAN BEACH,-118.40951009,33.8825401
6346360,2014,2014-06-05,1942,2014-01-19,2105,38354,1818,7,5,7,1942,0,0,0,R,0,16T23,SATICOY ST,WOODLEY AV,0,NA,Y,A,-,N,NA,NA,NA,NA,NA,NA,NA,NA,NA,Y,4,0,1,2,A,-,01,23152,A,N,D,C,A,A,H,-,C,A,0,NA,NA,NA,NA,Y,Y,A,01,0,0,1,0,0,0,0,0,0,-,-,NA,NA,LOS ANGELES,LOS ANGELES,-118.48368013,34.20845001
6346364,2014,2014-06-05,1942,2014-01-20,0540,39281,1035,1,5,7,1942,0,0,0,J,0,16TL25,RESEDA BL,VANOWEN ST,15,N,N,A,-,N,NA,NA,NA,NA,NA,NA,NA,NA,NA,Y,4,0,1,2,A,-,03,22350,NA,N,C,C,A,A,H,-,A,A,0,NA,NA,NA,NA,Y,NA,A,01,0,0,1,0,0,0,0,0,0,-,-,NA,NA,LOS ANGELES,LOS ANGELES,-118.53604,34.19389115
6346368,2014,2014-06-04,1942,2014-01-20,1710,37737,1043,1,5,7,1942,0,0,0,J,0,10TL32,OXNARD ST,RESEDA BL,0,NA,Y,A,-,N,NA,NA,NA,NA,NA,NA,NA,NA,NA,Y,4,0,1,3,A,-,12,21453,A,N,D,C,A,A,H,-,B,A,0,NA,NA,NA,NA,Y,NA,A,07,0,0,1,0,0,0,0,0,0,-,-,NA,NA,LOS ANGELES,LOS ANGELES,-118.53601011,34.17998002
6346372,2014,2014-06-05,1942,2014-01-13,1820,41171,0963,1,5,7,1942,0,0,0,I,0,9X15,MAGNOLIA BL,KESTER AV,0,NA,Y,A,-,N,NA,NA,NA,NA,NA,NA,NA,NA,NA,Y,4,0,3,3,A,-,09,21801,A,N,A,C,A,A,H,-,C,A,0,NA,NA,NA,NA,Y,NA,A,01,0,0,3,0,0,0,0,0,0,-,-,NA,NA,LOS ANGELES,LOS ANGELES,-118.45741006,34.16485011
6346376,2014,2014-06-05,1942,2014-01-10,1345,39371,0964,5,5,7,1942,0,0,0,I,0,9X32,HAZELTINE AV,FASHION SQUARE LN,0,NA,Y,A,-,N,NA,NA,NA,NA,NA,NA,NA,NA,NA,N,4,0,1,2,A,-,09,21801,A,N,A,C,A,A,-,-,A,A,0,NA,NA,Y,NA,Y,NA,A,01,0,0,1,0,0,0,0,0,1,-,-,NA,NA,LOS ANGELES,LOS ANGELES,-118.43998003,34.15652003
6346380,2014,2014-06-05,1942,2014-01-17,0725,32774,1015,5,5,7,1942,0,0,0,J,0,19TL73,SHERMAN WAY,CANBY AV,0,NA,Y,A,-,N,NA,NA,NA,NA,NA,NA,NA,NA,NA,N,3,0,1,2,A,-,09,21800,A,N,D,C,A,A,H,-,A,D,0,NA,NA,NA,NA,Y,NA,A,07,0,1,0,0,0,0,0,0,0,-,-,NA,NA,LOS ANGELES,LOS ANGELES,-118.5347801,34.20118006
6346384,2014,2014-06-04,1942,2014-01-20,1105,30830,1047,1,5,7,1942,0,0,0,J,0,16TL23,BURBANK BL,LOUISE AV,10,E,N,A,-,N,NA,NA,NA,NA,NA,NA,NA,NA,NA,N,3,0,1,2,A,-,08,22107,NA,F,D,G,A,A,H,-,A,D,0,NA,Y,NA,NA,Y,NA,-,99,0,1,0,0,0,0,1,0,0,-,-,NA,NA,LOS ANGELES,LOS ANGELES,-118.509807,34.17224
6346388,2014,2014-06-05,1942,2014-01-19,1330,39096,1003,7,5,7,1942,0,0,0,J,0,10TL34,INGOMAR ST,YOLANDA AV,140,E,N,A,-,N,NA,NA,NA,NA,NA,NA,NA,NA,NA,Y,4,0,1,2,A,-,09,21804,A,F,D,C,A,A,H,-,A,D,0,NA,NA,NA,NA,Y,NA,-,99,0,0,1,0,0,0,0,0,0,-,-,NA,NA,LOS ANGELES,LOS ANGELES,-118.53998773000001,34.21200153
6346392,2014,2014-06-05,1942,2014-01-18,1620,35481,1075,6,5,7,1942,0,0,0,J,0,21TL62,VENTURA BL,NESTLE AV,60,E,N,A,-,N,NA,NA,NA,NA,NA,NA,NA,NA,NA,N,3,0,1,2,A,-,04,21703,NA,F,C,C,A,A,H,-,A,D,0,NA,NA,Y,NA,Y,NA,-,99,0,1,0,0,0,0,0,0,1,-,-,NA,NA,LOS ANGELES,LOS ANGELES,-118.52958711,34.16618693
6346400,2014,2014-06-05,1942,2014-01-16,1730,33779,0963,4,5,7,1942,0,0,0,I,0,15TL44,VAN NUYS,HARTSOOK ST,0,NA,Y,A,-,N,NA,NA,NA,NA,NA,NA,NA,NA,NA,Y,4,0,2,2,A,-,06,21756,A,N,D,C,A,A,H,-,B,A,0,NA,NA,NA,NA,Y,NA,A,07,0,0,2,0,0,0,0,0,0,-,-,NA,NA,LOS ANGELES,LOS ANGELES,-118.44871013,34.16395006
6346401,2014,2014-06-09,1942,2014-01-17,0930,35329,1007,5,5,7,1942,0,0,0,J,0,35QL87,BALBOA BL,N SATICOY ST,224,W,N,A,-,N,NA,NA,NA,NA,NA,NA,NA,NA,NA,N,3,0,2,3,A,-,04,21703,NA,N,C,C,A,A,H,-,A,D,0,NA,NA,NA,NA,Y,NA,A,01,0,1,1,0,0,0,0,0,0,-,-,NA,NA,LOS ANGELES,LOS ANGELES,-118.50116,34.20842
6346404,2014,2014-06-04,1965,2014-01-17,1633,3693,OBIG,5,5,5,1965,0,0,0,NA,0,B001,OCEAN AV,COLORADO AV,0,NA,Y,A,-,N,NA,NA,NA,NA,NA,NA,NA,NA,NA,N,3,0,1,2,A,-,09,21801,A,N,A,G,A,A,H,-,B,A,0,NA,Y,NA,NA,Y,NA,A,01,0,1,0,0,0,0,1,0,0,-,-,NA,NA,LOS ANGELES,SANTA MONICA,-118.49491009,34.01140002
6346405,2014,2014-06-04,1942,2014-01-20,1755,38326,0981,1,5,7,1942,0,0,0,I,0,15TL42,VENTURA BL,SEPULVEDA BL,7,E,N,A,-,N,NA,NA,NA,NA,NA,NA,NA,NA,NA,N,2,0,3,2,A,-,11,21456,A,N,G,B,B,A,H,-,C,A,0,Y,NA,NA,NA,Y,NA,N,60,1,0,2,0,1,0,0,0,0,-,-,NA,NA,LOS ANGELES,LOS ANGELES,-118.46617735,34.15382623
6346408,2014,2015-09-09,1965,2014-01-17,1320,3178,BIG,5,5,5,1965,0,0,0,NA,0,B001,LINCOLN BL,OLYMPIC BL,67,S,N,A,-,N,NA,NA,NA,NA,NA,NA,NA,NA,NA,Y,3,0,1,2,A,-,03,22350,NA,F,C,C,A,A,H,-,A,A,0,NA,NA,NA,NA,Y,NA,A,01,0,1,0,0,0,0,0,0,0,-,-,NA,NA,LOS ANGELES,SANTA MONICA,-118.48616257,34.01509119
6346409,2014,2014-06-04,1942,2014-01-01,1030,40317,9999,3,5,7,1942,0,0,0,NA,0,19A7,HUBBARD,BRADLEY,0,NA,Y,A,-,N,NA,NA,NA,NA,NA,NA,NA,NA,NA,Y,4,0,3,2,A,-,12,21453,A,N,D,C,A,A,H,-,A,A,0,NA,NA,NA,NA,Y,NA,-,-,0,0,3,0,0,0,0,0,0,-,-,NA,NA,LOS ANGELES,LOS ANGELES,-118.4452001,34.29416007
6346411,2014,2014-06-04,1948,2014-01-17,1924,438,1948,5,5,5,1948,0,0,0,NA,0,003,SOUTH GARFIELD AV,RAMONA AV,10,N,N,A,-,N,NA,NA,NA,NA,NA,NA,NA,NA,NA,N,4,0,1,2,A,-,03,22350,NA,N,C,C,A,A,H,-,D,D,0,NA,NA,NA,NA,Y,NA,-,NA,0,0,1,0,0,0,0,0,0,-,-,NA,NA,LOS ANGELES,MONTEREY PARK,-118.12537625,34.055699
6346412,2014,2014-06-04,1905,2014-01-17,1248,1092,323,5,5,4,1905,0,0,0,NA,0,063,ALOSTA AV,ROCKVALE AV,0,NA,Y,A,-,N,NA,NA,NA,NA,NA,NA,NA,NA,NA,Y,4,0,1,2,A,-,09,21802,A,N,A,C,A,A,H,-,A,D,0,NA,NA,NA,NA,Y,NA,-,NA,0,0,1,0,0,0,0,0,0,-,-,NA,NA,LOS ANGELES,AZUSA,-117.89623008,34.1324401
6346413,2014,2014-06-20,1942,2014-01-13,2005,41381,1015,1,5,7,1942,0,0,0,J,0,10A3,SHERMAN WAY,ETIWANDA AV,150,E,N,A,-,N,NA,NA,NA,NA,NA,NA,NA,NA,NA,N,4,0,1,2,B,-,22,NA,NA,N,B,E,A,A,H,-,C,-,0,NA,NA,NA,NA,Y,NA,A,01,0,0,1,0,0,0,0,0,0,-,-,NA,NA,LOS ANGELES,LOS ANGELES,-118.53118494,34.20119
6346416,2014,2014-06-04,1965,2014-01-20,1541,3709,0B1F,1,5,5,1965,0,0,0,NA,0,B001,PIER AV,MAIN ST,72,E,N,A,-,N,NA,NA,NA,NA,NA,NA,NA,NA,NA,N,4,0,1,2,A,-,03,22350,NA,N,C,E,A,A,H,-,A,D,0,NA,NA,Y,NA,Y,NA,C,03,0,0,1,0,0,0,0,0,1,-,-,NA,NA,LOS ANGELES,SANTA MONICA,-118.47992594,33.99865452
6346417,2014,2014-06-09,1942,2014-01-13,1245,38620,1044,1,5,7,1942,0,0,0,J,0,10A99,RESEDA BL,HATTERAS ST,30,S,N,A,-,N,NA,NA,NA,NA,NA,NA,NA,NA,NA,Y,4,0,1,3,A,-,03,22350,NA,N,C,C,A,A,H,-,A,A,0,NA,NA,NA,NA,Y,NA,A,01,0,0,1,0,0,0,0,0,0,-,-,NA,NA,LOS ANGELES,LOS ANGELES,-118.53601726,34.17736774
6346420,2014,2014-06-23,1965,2014-01-17,2001,3693,OBIG,5,5,5,1965,0,0,0,NA,0,B001,LINCOLN BL,PICO BL,420,N,N,A,-,N,NA,NA,NA,NA,NA,NA,NA,NA,NA,Y,4,0,1,3,A,-,03,22350,NA,N,C,C,A,A,H,-,C,D,0,NA,NA,NA,NA,Y,NA,A,07,0,0,1,0,0,0,0,0,0,-,-,NA,NA,LOS ANGELES,SANTA MONICA,-118.4839248,34.01312751
6346421,2014,2014-06-04,1942,2014-01-15,0730,36633,1041,3,5,7,1942,0,0,0,J,0,10A17,WILBUR,COLLINS,0,NA,Y,A,-,N,NA,NA,NA,NA,NA,NA,NA,NA,NA,N,4,0,1,2,A,-,09,21801,A,N,H,A,A,A,H,-,A,D,0,NA,NA,Y,NA,Y,NA,A,01,0,0,1,0,0,0,0,0,1,-,-,NA,NA,LOS ANGELES,LOS ANGELES,-118.54473,34.17449004
6346423,2014,2014-06-04,1948,2014-01-20,2208,374,1948,1,5,5,1948,0,0,0,NA,0,002,GARVEY AV,RURAL DR,0,NA,Y,A,-,N,NA,NA,NA,NA,NA,NA,NA,NA,NA,Y,3,0,2,2,A,-,09,21801,A,N,D,C,A,A,H,-,C,D,0,NA,NA,NA,NA,Y,NA,-,NA,0,1,1,0,0,0,0,0,0,-,-,NA,NA,LOS ANGELES,MONTEREY PARK,-118.11409002,34.06259001
6346424,2014,2014-06-04,1905,2014-01-02,2352,1137,323,4,5,4,1905,0,0,0,NA,0,073,CERRITOS AV,FOOTHILL BL,57,S,N,A,-,N,NA,NA,NA,NA,NA,NA,NA,NA,NA,N,4,0,1,2,A,-,11,21954,A,N,G,B,D,A,-,-,C,A,0,Y,NA,NA,NA,Y,NA,N,60,0,0,1,0,1,0,0,0,0,-,-,NA,NA,LOS ANGELES,AZUSA,-117.9000302,34.13340374
6346425,2014,2014-06-04,1942,2014-01-17,0925,30596,1012,5,5,7,1942,0,0,0,J,0,17TL17,SATICOY ST,RESEDA BL,7,E,N,A,-,N,NA,NA,NA,NA,NA,NA,NA,NA,NA,N,3,0,1,2,A,-,09,21801,A,N,D,G,A,A,H,-,A,A,0,NA,Y,NA,NA,Y,NA,A,01,0,1,0,0,0,0,1,0,0,-,-,NA,NA,LOS ANGELES,LOS ANGELES,-118.53602689,34.20840966
6346428,2014,2014-06-04,1905,2014-01-11,1052,2019,324,6,5,4,1905,0,0,0,NA,0,072,ALOSTA AV,5TH ST,96,E,N,A,-,N,NA,NA,NA,NA,NA,NA,NA,NA,NA,N,3,0,1,2,A,-,09,21804,A,M,C,G,A,A,H,-,A,D,0,NA,Y,NA,NA,Y,NA,I,10,0,1,0,0,0,0,1,0,0,-,-,NA,NA,LOS ANGELES,AZUSA,-117.89315307,34.12967907
6346429,2014,2014-06-04,1942,2014-01-16,0720,40065,1004,4,5,7,1942,0,0,0,J,0,DOK,ROSCOE BL,RESEDA AV,4,W,N,A,-,N,NA,NA,NA,NA,NA,NA,NA,NA,NA,N,4,0,1,2,A,-,-,NA,NA,N,G,B,F,A,H,-,A,D,0,Y,NA,NA,NA,Y,NA,-,-,0,0,1,0,1,0,0,0,0,-,-,NA,NA,LOS ANGELES,LOS ANGELES,-118.53609321,34.22074978
6346432,2014,2014-06-04,1905,2014-01-10,1814,1152,123,5,5,4,1905,0,0,0,NA,0,001,CERRITOS AV,FONDALE ST,91,N,N,A,-,N,NA,NA,NA,NA,NA,NA,NA,NA,NA,N,4,0,1,2,A,-,03,22350,NA,N,C,C,A,A,H,-,C,-,0,NA,NA,NA,NA,Y,NA,A,01,0,0,1,0,0,0,0,0,0,-,-,NA,NA,LOS ANGELES,AZUSA,-117.89941733,34.11814946
6346433,2014,2014-06-09,1942,2014-01-17,0300,35471,1018,5,5,7,1942,0,0,0,J,0,9T57,SHERMAN WAY,WOODLEY AV,307,E,N,A,-,N,NA,NA,NA,NA,NA,NA,NA,NA,NA,Y,3,0,2,2,A,-,04,21703,NA,N,C,C,A,A,H,-,C,A,0,NA,NA,NA,NA,Y,NA,A,01,0,1,1,0,0,0,0,0,0,-,-,NA,NA,LOS ANGELES,LOS ANGELES,-118.48267363,34.20112
6346437,2014,2014-06-04,1942,2014-01-20,1440,37737,0946,1,5,7,1942,0,0,0,I,0,10TL32,WOODMAN AV,OXNARD ST,0,NA,Y,A,-,N,NA,NA,NA,NA,NA,NA,NA,NA,NA,Y,4,0,2,2,A,-,12,21453,A,N,D,C,A,A,H,-,A,A,0,NA,NA,NA,NA,Y,NA,A,01,0,0,2,0,0,0,0,0,0,-,-,NA,NA,LOS ANGELES,LOS ANGELES,-118.43124004,34.17940007
6346438,2014,2014-06-06,1948,2014-01-18,2335,441,1948,6,5,5,1948,0,0,0,NA,0,001,ATLANTIC BL,EL PORTAL AV,426,S,N,A,-,N,NA,NA,NA,NA,NA,NA,NA,NA,NA,Y,4,0,1,1,A,-,08,22107,NA,N,E,I,A,A,H,-,C,D,0,NA,NA,NA,NA,Y,NA,-,NA,0,0,1,0,0,0,0,0,0,-,-,NA,NA,LOS ANGELES,MONTEREY PARK,-118.13681496,34.05298416
6346439,2014,2014-06-25,1965,2014-01-16,1100,2965,0B1F,4,5,5,1965,0,0,0,NA,0,A001,PICO BL,OCEAN AV,0,NA,Y,A,-,N,NA,NA,NA,NA,NA,NA,NA,NA,NA,N,4,0,1,2,A,-,12,21453,A,N,D,G,A,A,H,-,A,A,0,NA,Y,NA,NA,Y,NA,L,04,0,0,1,0,0,0,1,0,0,-,-,NA,NA,LOS ANGELES,SANTA MONICA,-118.4903301,34.00750008
6346441,2014,2014-06-04,1942,2014-01-20,1220,37737,0943,1,5,7,1942,0,0,0,I,0,10TL32,BURBANK BL,SYLMAR AV,50,E,N,A,-,N,NA,NA,NA,NA,NA,NA,NA,NA,NA,Y,4,0,2,2,A,-,08,22107,NA,N,D,C,A,A,H,-,A,D,0,NA,NA,NA,NA,Y,NA,A,01,0,0,2,0,0,0,0,0,0,-,-,NA,NA,LOS ANGELES,LOS ANGELES,-118.446265,34.172110000000004
6346443,2014,2014-06-04,1965,2014-01-16,1028,2539,0B2C,4,5,5,1965,0,0,0,NA,0,B002,PICO BL,17TH ST,0,NA,Y,A,-,N,NA,NA,NA,NA,NA,NA,NA,NA,NA,N,4,0,2,3,A,-,09,21801,A,N,A,C,A,A,H,-,A,A,0,NA,NA,NA,NA,Y,NA,A,01,0,0,2,0,0,0,0,0,0,-,-,NA,NA,LOS ANGELES,SANTA MONICA,-118.47277004,34.01772003
6346445,2014,2014-06-06,1942,2014-01-16,1725,26736,0923,4,5,7,1942,0,0,0,I,0,35M27,VANOWEN ST,CEDROS AV,0,NA,Y,A,-,N,NA,NA,NA,NA,NA,NA,NA,NA,NA,N,3,0,1,2,A,-,05,21650,NA,N,D,G,A,A,H,-,C,A,0,NA,Y,NA,NA,Y,NA,L,04,0,1,0,0,0,0,1,0,0,-,-,NA,NA,LOS ANGELES,LOS ANGELES,-118.45312001,34.19395005
6346447,2014,2014-06-04,1965,2014-01-16,0748,3178,0B1J,4,5,5,1965,0,0,0,NA,0,B001,LINCOLN BL,WILSHIRE BL,45,N,N,A,-,N,NA,NA,NA,NA,NA,NA,NA,NA,NA,N,4,0,1,2,A,-,09,21801,A,N,B,C,A,A,H,-,A,A,0,NA,NA,NA,NA,Y,NA,A,01,0,0,1,0,0,0,0,0,0,-,-,NA,NA,LOS ANGELES,SANTA MONICA,-118.49464356,34.02225833
6346449,2014,2014-06-09,1942,2014-01-15,1410,36618,0989,3,5,7,1942,0,0,0,I,0,19TL72,VENTURA BL,COLBATH AV,20,E,N,A,-,N,NA,NA,NA,NA,NA,NA,NA,NA,NA,Y,4,0,3,4,A,-,03,22350,NA,N,C,C,A,A,H,-,A,D,0,NA,NA,NA,NA,Y,NA,A,01,0,0,3,0,0,0,0,0,0,-,-,NA,NA,LOS ANGELES,LOS ANGELES,-118.43653549,34.14889848
6346451,2014,2014-06-04,1965,2014-01-18,1125,3238,081H,6,5,5,1965,0,0,0,NA,0,001,OLYMPIC BL,7TH ST,4,E,N,A,-,N,NA,NA,NA,NA,NA,NA,NA,NA,NA,Y,4,0,1,2,A,-,08,22107,NA,N,D,C,A,A,H,-,A,D,0,NA,NA,NA,NA,Y,NA,A,07,0,0,1,0,0,0,0,0,0,-,-,NA,NA,LOS ANGELES,SANTA MONICA,-118.48732047,34.01442758
6346453,2014,2014-06-06,1942,2014-01-17,0600,39192,0939,5,5,7,1942,0,0,0,I,0,10TL37,BURBANK BL,COLDWATER CANYON AV,0,NA,Y,A,-,N,NA,NA,NA,NA,NA,NA,NA,NA,NA,N,4,0,1,2,A,-,10,21950,A,N,G,B,B,A,H,-,C,A,0,Y,NA,NA,NA,Y,NA,A,01,0,0,1,0,1,0,0,0,0,-,-,NA,NA,LOS ANGELES,LOS ANGELES,-118.41374,34.17213004