CASE_ID,ACCIDENT_YEAR,PROC_DATE,JURIS,COLLISION_DATE,COLLISION_TIME,OFFICER_ID,REPORTING_DISTRICT,DAY_OF_WEEK,CHP_SHIFT,POPULATION,CNTY_CITY_LOC,SPECIAL_COND,BEAT_TYPE,CHP_BEAT_TYPE,CITY_DIVISION_LAPD,CHP_BEAT_CLASS,BEAT_NUMBER,PRIMARY_RD,SECONDARY_RD,DISTANCE,DIRECTION,INTERSECTION,WEATHER_1,WEATHER_2,STATE_HWY_IND,CALTRANS_COUNTY,CALTRANS_DISTRICT,STATE_ROUTE,ROUTE_SUFFIX,POSTMILE_PREFIX,POSTMILE,LOCATION_TYPE,RAMP_INTERSECTION,SIDE_OF_HWY,TOW_AWAY,COLLISION_SEVERITY,NUMBER_KILLED,NUMBER_INJURED,PARTY_COUNT,PRIMARY_COLL_FACTOR,PCF_CODE_OF_VIOL,PCF_VIOL_CATEGORY,PCF_VIOLATION,PCF_VIOL_SUBSECTION,HIT_AND_RUN,TYPE_OF_COLLISION,MVIW,PED_ACTION,ROAD_SURFACE,ROAD_COND_1,ROAD_COND_2,LIGHTING,CONTROL_DEVICE,CHP_ROAD_TYPE,PEDESTRIAN_ACCIDENT,BICYCLE_ACCIDENT,MOTORCYCLE_ACCIDENT,TRUCK_ACCIDENT,NOT_PRIVATE_PROPERTY,ALCOHOL_INVOLVED,STWD_VEHTYPE_AT_FAULT,CHP_VEHTYPE_AT_FAULT,COUNT_SEVERE_INJ,COUNT_VISIBLE_INJ,COUNT_COMPLAINT_PAIN,COUNT_PED_KILLED,COUNT_PED_INJURED,COUNT_BICYCLIST_KILLED,COUNT_BICYCLIST_INJURED,COUNT_MC_KILLED,COUNT_MC_INJURED,PRIMARY_RAMP,SECONDARY_RAMP,LATITUDE,LONGITUDE,COUNTY,CITY,POINT_X,POINT_Y
6347999,2014,2015-08-14,1942,2014-01-15,1350,32973,1189,3,5,7,1942,0,0,0,K,0,11TL21,FIGUEROA ST,SAN FERNANDO RD,0,NA,Y,A,-,N,NA,NA,NA,NA,NA,NA,NA,NA,NA,Y,3,0,1,2,A,-,09,21801,A,N,D,C,A,A,D,-,A,A,0,NA,NA,NA,NA,Y,Y,A,07,0,1,0,0,0,0,0,0,0,-,-,NA,NA,LOS ANGELES,LOS ANGELES,-118.22579001,34.0815401
6348000,2014,2014-06-23,1942,2014-01-13,1035,40726,0195,1,5,7,1942,0,0,0,A,0,1TL11,VENICE BL,BROADWAY,0,NA,Y,A,-,N,NA,NA,NA,NA,NA,NA,NA,NA,NA,N,4,0,1,2,A,-,09,21801,A,F,D,C,A,A,H,-,A,A,0,NA,NA,NA,NA,Y,NA,-,99,0,0,1,0,0,0,0,0,0,-,-,NA,NA,LOS ANGELES,LOS ANGELES,-118.26357007,34.03418005
6348036,2016,2016-04-06,1941,2016-02-13,0730,6159,NA,6,5,7,1941,0,0,0,NA,0,NA,DEL AMO BL,CHERRY AV,0,NA,Y,B,-,N,NA,NA,NA,NA,NA,NA,NA,NA,NA,Y,4,0,1,2,A,-,-,NA,NA,F,D,C,A,A,H,-,A,A,0,NA,NA,NA,NA,Y,NA,A,NA,0,0,1,0,0,0,0,0,0,-,-,NA,NA,LOS ANGELES,LONG BEACH,-118.16746007,33.84702005
6348083,2014,2014-06-23,1942,2014-01-14,1130,37505,0185,2,5,7,1942,0,0,0,A,0,13TL53,OLYMPIC BL,SANTEE ST,15,E,N,A,-,N,NA,NA,NA,NA,NA,NA,NA,NA,NA,NA,4,0,1,2,A,-,10,21950,A,N,D,B,B,A,H,-,A,A,0,Y,NA,NA,NA,Y,NA,A,01,0,0,1,0,1,0,0,0,0,-,-,NA,NA,LOS ANGELES,LOS ANGELES,-118.25494732,34.03886927
6348084,2014,2014-06-10,1942,2014-01-11,1440,39010,1353,6,5,7,1942,0,0,0,M,0,13TL22,CENTRAL AV,VERNON AV,115,S,N,A,-,N,NA,NA,NA,NA,NA,NA,NA,NA,NA,N,4,0,1,2,A,-,07,21658,A,F,B,C,A,A,H,-,A,A,0,NA,NA,NA,NA,Y,NA,-,99,0,0,1,0,0,0,0,0,0,-,-,NA,NA,LOS ANGELES,LOS ANGELES,-118.25649,34.00361462
6348087,2014,2014-06-23,1942,2014-01-14,1444,38171,1395,2,5,7,1942,0,0,0,M,0,2T14,FLORENCE AV,AVALON BL,262,W,N,A,-,N,NA,NA,NA,NA,NA,NA,NA,NA,NA,NA,4,0,1,2,A,-,10,21952,NA,M,G,B,E,A,H,-,A,D,0,Y,NA,NA,NA,Y,NA,-,99,0,0,1,0,1,0,0,0,0,-,-,NA,NA,LOS ANGELES,LOS ANGELES,-118.26604245,33.97471
6348088,2014,2014-06-11,1942,2014-01-09,1040,38204,1321,4,5,7,1942,0,0,0,M,0,13TL53,MAIN ST,ADAMS BL,0,NA,Y,A,-,N,NA,NA,NA,NA,NA,NA,NA,NA,NA,Y,3,0,3,2,A,-,12,21453,A,N,A,C,A,A,H,-,A,A,0,NA,NA,NA,NA,Y,NA,-,-,0,2,1,0,0,0,0,0,0,-,-,NA,NA,LOS ANGELES,LOS ANGELES,-118.26865006,34.02485007
6348091,2014,2015-08-14,1942,2014-01-15,1742,38171,1109,3,5,7,1942,0,0,0,K,0,2T14,COLORADO BL,VICENTE AV,50,NA,N,A,-,N,NA,NA,NA,NA,NA,NA,NA,NA,NA,N,4,0,2,2,A,-,07,21658,A,F,B,C,A,A,H,-,A,D,0,NA,NA,NA,NA,Y,NA,-,99,0,0,2,0,0,0,0,0,0,-,-,NA,NA,LOS ANGELES,LOS ANGELES,-118.20262007,34.13952
6348092,2014,2014-06-11,1942,2014-01-10,1045,38330,LOSAN,5,5,7,1942,0,0,0,NA,0,1351,MARTIN LUTHER KING JR BL,BROADWAY PL,0,NA,Y,A,-,N,NA,NA,NA,NA,NA,NA,NA,NA,NA,N,4,0,1,2,A,-,09,21801,A,N,-,G,A,A,H,-,A,A,0,NA,Y,NA,NA,Y,NA,-,NA,0,0,1,0,0,0,1,0,0,-,-,NA,NA,LOS ANGELES,LOS ANGELES,-118.27741004,34.01113004
6348095,2014,2014-06-23,1942,2014-01-15,0900,36238,0266,3,5,7,1942,0,0,0,B,0,1TL11,BEACON AV,JAMES M WOOD BL,5,S,N,A,-,N,NA,NA,NA,NA,NA,NA,NA,NA,NA,N,4,0,1,2,A,-,10,21950,A,F,G,B,B,A,H,-,A,D,0,Y,NA,NA,NA,Y,NA,-,99,0,0,1,0,1,0,0,0,0,-,-,NA,NA,LOS ANGELES,LOS ANGELES,-118.27434,34.05135
6348096,2014,2014-06-11,1942,2014-01-11,1000,32178,1331,6,5,7,1942,0,0,0,M,0,13A27,S BROADWAY,S BROADWAY 3320,0,NA,Y,A,-,N,NA,NA,NA,NA,NA,NA,NA,NA,NA,N,4,0,1,2,A,-,05,21650,1,N,D,G,A,A,H,-,A,D,0,NA,Y,NA,NA,Y,NA,L,04,0,0,1,0,0,0,1,0,0,-,-,NA,NA,LOS ANGELES,LOS ANGELES,NA,NA
6348099,2014,2014-06-23,1942,2014-01-10,1150,37509,285,5,5,7,1942,0,0,0,NA,0,2A91,BURLINGTON AV,11TH ST,0,NA,Y,A,-,N,NA,NA,NA,NA,NA,NA,NA,NA,NA,N,4,0,2,2,A,-,12,22450,A,N,D,C,A,A,H,-,A,A,0,NA,NA,Y,NA,Y,NA,C,02,0,0,2,0,0,0,0,0,2,-,-,NA,NA,LOS ANGELES,LOS ANGELES,-118.2775001,34.04881011
6348100,2014,2014-06-19,1942,2014-01-13,1500,40099,1354,1,5,7,1942,0,0,0,M,0,4TL4,MARTIN LUTHER KING BL,SAN PEDRO ST,2,W,N,A,-,N,NA,NA,NA,NA,NA,NA,NA,NA,NA,Y,4,0,1,3,A,-,10,21950,A,N,G,B,B,A,H,-,A,A,0,Y,NA,NA,NA,Y,NA,A,07,0,0,1,0,1,0,0,0,0,-,-,NA,NA,LOS ANGELES,LOS ANGELES,-118.26796659,34.01115
6348103,2014,2014-06-23,1942,2014-01-07,1940,36698,0111,2,5,7,1942,0,0,0,A,0,1T11W3,BUNKER HILL AV,CESAR E CHAVEZ AV,0,NA,Y,A,-,N,NA,NA,NA,NA,NA,NA,NA,NA,NA,N,4,0,1,2,A,-,10,21950,A,F,G,B,B,A,H,-,C,A,0,Y,NA,NA,NA,Y,NA,-,99,0,0,1,0,1,0,0,0,0,-,-,NA,NA,LOS ANGELES,LOS ANGELES,-118.24465,34.06126001
6348107,2014,2014-06-23,1942,2014-01-14,1850,40826,0157,2,5,7,1942,0,0,0,A,0,1A2,CROCKER ST,7TH ST,5,S,N,A,-,N,NA,NA,NA,NA,NA,NA,NA,NA,NA,N,4,0,1,2,A,-,10,21950,A,F,G,B,C,A,H,-,C,A,0,Y,NA,NA,NA,Y,NA,-,99,0,0,1,0,1,0,0,0,0,-,-,NA,NA,LOS ANGELES,LOS ANGELES,-118.24594091,34.04009973
6348123,2014,2014-06-09,1942,2014-01-16,1450,34426,1371,4,5,7,1942,0,0,0,M,0,2TL28,53RD ST,BROADWAY,0,NA,Y,A,-,N,NA,NA,NA,NA,NA,NA,NA,NA,NA,N,4,0,1,2,A,-,21,22106,NA,N,G,B,B,A,H,-,A,D,0,Y,NA,NA,NA,Y,NA,A,08,0,0,1,0,1,0,0,0,0,-,-,NA,NA,LOS ANGELES,LOS ANGELES,-118.27833001,33.99421002
6348127,2014,2014-06-09,1942,2014-01-16,2010,39349,1142,4,5,7,1942,0,0,0,K,0,4T43,N VERMONT AV,FRANKLIN AV,0,NA,Y,A,-,N,NA,NA,NA,NA,NA,NA,NA,NA,NA,Y,3,0,1,2,A,-,12,21453,A,N,D,C,A,A,H,-,C,A,0,NA,NA,NA,NA,Y,NA,A,01,0,1,0,0,0,0,0,0,0,-,-,NA,NA,LOS ANGELES,LOS ANGELES,-118.29179,34.10541006
6348129,2014,2016-02-20,1925,2014-01-18,2203,19501,222,6,5,6,1925,0,0,0,NA,0,002,CENTRAL AV,SANCHEZ DR,0,NA,Y,A,-,Y,LA,7,134,-,R,6.69,R,4,E,NA,4,0,1,2,A,-,08,22107,NA,N,B,C,A,A,H,-,C,A,0,NA,NA,NA,NA,Y,Y,A,07,0,0,1,0,0,0,0,0,0,-,-,NA,NA,LOS ANGELES,GLENDALE,-118.26251816,34.15623908
6348131,2014,2014-06-09,1942,2014-01-19,1640,38357,0477,7,5,7,1942,0,0,0,D,0,13TL22,S MOTT ST,WHITTIER BL,0,N,-,A,-,N,NA,NA,NA,NA,NA,NA,NA,NA,NA,N,3,0,1,2,A,-,09,21804,A,N,G,B,F,A,H,-,A,D,0,Y,NA,NA,NA,Y,NA,A,01,0,1,0,0,1,0,0,0,0,-,-,NA,NA,LOS ANGELES,LOS ANGELES,-118.21304002,34.03319002
6348133,2014,2014-06-11,1925,2014-01-17,1626,21057,248,5,5,6,1925,0,0,0,NA,0,003,BRAND BL,HARVARD ST,25,S,N,A,-,N,NA,NA,NA,NA,NA,NA,NA,NA,NA,N,4,0,1,2,A,-,03,22350,NA,N,C,C,A,A,H,-,A,A,0,NA,NA,NA,NA,Y,NA,A,01,0,0,1,0,0,0,0,0,0,-,-,34.14422,-118.25466,LOS ANGELES,GLENDALE,-118.25494916,34.14435144
6348135,2014,2014-06-09,1942,2014-01-19,1810,40874,1115,7,5,7,1942,0,0,0,K,0,2T28,YOSEMITE DR,HIGHLAND VIEW AV,68,E,N,A,-,N,NA,NA,NA,NA,NA,NA,NA,NA,NA,Y,4,0,1,2,A,-,05,21460,A,N,A,C,A,A,H,-,C,D,0,NA,NA,NA,NA,Y,NA,A,01,0,0,1,0,0,0,0,0,0,-,-,NA,NA,LOS ANGELES,LOS ANGELES,-118.20876212,34.13390587
6348139,2014,2014-06-09,1942,2014-01-15,2220,38233,0182,3,5,7,1942,0,0,0,A,0,13T53,S FIGUEROA ST,PICO BL,230,N,N,A,-,N,NA,NA,NA,NA,NA,NA,NA,NA,NA,N,4,0,1,2,A,-,11,21956,A,N,G,B,E,A,H,-,C,D,0,Y,NA,NA,NA,Y,NA,N,60,0,0,1,0,1,0,0,0,0,-,-,NA,NA,LOS ANGELES,LOS ANGELES,-118.26756425,34.04115003
6348143,2014,2014-06-11,1942,2014-01-19,1115,37952,0215,7,5,7,1942,0,0,0,B,0,2TL15,VIRGIL AV,SILVER LAKE BL,0,NA,Y,A,-,N,NA,NA,NA,NA,NA,NA,NA,NA,NA,Y,3,0,2,2,A,-,09,21801,A,N,A,C,A,A,H,-,A,A,0,NA,NA,NA,NA,Y,NA,A,01,0,1,1,0,0,0,0,0,0,-,-,NA,NA,LOS ANGELES,LOS ANGELES,-118.28682014,34.07635004
6348147,2014,2014-06-11,1942,2014-01-19,0155,39876,0215,7,5,7,1942,0,0,0,B,0,2T15,SILVER LAKE BL,RT 101,0,NA,Y,A,-,N,NA,NA,NA,NA,NA,NA,NA,NA,NA,Y,4,0,1,2,A,-,12,21453,A,N,D,C,A,A,H,-,C,A,0,NA,NA,NA,NA,Y,NA,A,01,0,0,1,0,0,0,0,0,0,-,-,NA,NA,LOS ANGELES,LOS ANGELES,-118.28199003,34.07719006
6348151,2014,2014-06-25,1942,2014-01-16,2150,34458,0239,4,5,7,1942,0,0,0,B,0,4T43,2ND ST,BEAUDRY AV,0,NA,Y,A,-,N,NA,NA,NA,NA,NA,NA,NA,NA,NA,Y,3,0,1,2,A,-,09,21801,A,F,D,C,A,A,H,-,C,A,0,NA,NA,NA,NA,Y,Y,-,99,0,1,0,0,0,0,0,0,0,-,-,NA,NA,LOS ANGELES,LOS ANGELES,-118.25531004,34.05794011
6348155,2014,2014-06-19,1942,2014-01-16,1740,34426,0245,4,5,7,1942,0,0,0,B,0,2TL28,WILSHIRE BL,PARK VIEW ST,50,E,N,A,-,N,NA,NA,NA,NA,NA,NA,NA,NA,NA,N,4,0,2,3,A,-,04,21703,NA,N,C,C,A,A,H,-,C,A,0,NA,NA,NA,NA,Y,NA,A,01,0,0,2,0,0,0,0,0,0,-,-,NA,NA,LOS ANGELES,LOS ANGELES,-118.27933882,34.05962156
6348159,2014,2014-06-11,1942,2014-01-18,1500,37695,0159,6,5,7,1942,0,0,0,A,0,1X32,6TH ST,MATEO ST,150,W,N,A,-,N,NA,NA,NA,NA,NA,NA,NA,NA,NA,N,3,0,1,2,A,-,09,21801,A,N,D,C,A,A,H,-,A,D,0,NA,NA,NA,NA,Y,NA,A,07,0,1,0,0,0,0,0,0,0,-,-,NA,NA,LOS ANGELES,LOS ANGELES,-118.23273,34.03839
6348170,2016,2017-02-07,1913,2016-01-28,1259,3638,56,4,5,4,1913,0,0,0,NA,0,NA,RT 210,TOWNE AV,0,NA,Y,A,-,Y,LA,7,210,-,R,49.753,R,4,W,N,4,0,2,2,A,-,12,21453,A,N,D,C,A,A,H,-,A,A,0,NA,NA,NA,NA,Y,NA,A,01,0,0,2,0,0,0,0,0,0,-,-,NA,NA,LOS ANGELES,CLAREMONT,-117.73262777,34.12047104
6348174,2016,2016-08-12,1913,2016-01-19,1454,3835,46,2,5,4,1913,0,0,0,NA,0,003,TOWNE AV,BASELINE RD,25,S,N,A,-,N,NA,NA,NA,NA,NA,NA,NA,NA,NA,N,4,0,2,2,A,-,03,22350,NA,N,C,C,A,A,H,-,A,A,0,NA,NA,NA,NA,Y,NA,A,01,0,0,2,0,0,0,0,0,0,-,-,NA,NA,LOS ANGELES,CLAREMONT,-117.73647196,34.1215715
6348198,2016,2016-03-24,1900,2016-01-21,0750,523746,1369,4,5,5,1952,0,0,0,NA,0,136T1D,DOWNEY AV,ALONDRA BL,150,S,N,A,-,N,NA,NA,NA,NA,NA,NA,NA,NA,NA,N,4,0,1,2,A,-,03,22350,NA,N,C,C,A,A,H,-,A,A,0,NA,NA,NA,NA,Y,NA,A,01,0,0,1,0,0,0,0,0,0,-,-,NA,NA,LOS ANGELES,PARAMOUNT,-118.15146,33.88887867
6348206,2016,2017-02-11,1942,2016-01-18,2150,41056,0514,1,5,7,1942,0,0,0,E,0,12T41,PACIFIC COAST HWY,FIGUEROA,47,E,N,A,-,Y,LA,7,1,-,-,11.35,H,-,N,N,4,0,1,2,A,-,03,22350,NA,F,C,C,A,A,H,-,C,A,0,NA,NA,NA,NA,Y,NA,-,99,0,0,1,0,0,0,0,0,0,-,-,NA,NA,LOS ANGELES,LOS ANGELES,-118.27759131,33.79046111
6349602,2014,2015-11-10,9580,2014-01-22,1745,18185,NA,3,2,7,1942,0,1,1,NA,2,406,RT 405,ROSCOE BL,528,N,N,A,-,Y,LA,7,405,-,-,19.34,H,-,N,Y,4,0,1,2,A,-,03,22350,NA,N,C,C,A,A,H,-,C,D,0,NA,NA,NA,NA,Y,NA,D,22,0,0,1,0,0,0,0,0,0,-,-,34.22599,-118.47299,LOS ANGELES,LOS ANGELES,-118.37029797,33.9035255
6349634,2014,2016-01-12,9580,2014-01-20,1930,19573,NA,1,2,7,1942,0,1,1,NA,2,404,RT 405,VENTURA BL,2112,S,N,A,-,Y,LA,7,405,-,-,38.6,H,-,N,Y,4,0,1,3,A,-,07,21658,A,N,C,C,A,A,H,-,C,D,1,NA,NA,NA,NA,Y,NA,A,01,0,0,1,0,0,0,0,0,0,-,-,33.41459,-118.47033,LOS ANGELES,LOS ANGELES,-118.46932454,34.14828231
6349662,2014,2016-01-19,9580,2014-01-14,1919,19122,NA,2,2,7,1942,0,1,2,NA,2,100,RT 101,VINELAND AV,528,S,N,A,-,Y,LA,7,101,-,-,10.93,H,-,N,Y,4,0,1,3,A,-,03,22350,NA,M,C,C,A,A,H,-,C,D,1,NA,NA,NA,NA,Y,NA,D,22,0,0,1,0,0,0,0,0,0,-,-,34.14559,-118.36848,LOS ANGELES,LOS ANGELES,-118.36799547,34.14477977
6349678,2014,2016-01-12,9580,2014-01-14,1950,019715,NA,2,2,7,1942,0,1,1,NA,2,404,RT 405,MULHOLLAND DR,1056,N,N,A,-,Y,LA,7,405,-,-,37.23,H,-,S,Y,4,0,1,3,A,-,07,21658,A,N,C,C,A,A,H,-,D,D,1,NA,NA,NA,NA,Y,NA,A,01,0,0,1,0,0,0,0,0,0,-,-,34.1308,-118.47364,LOS ANGELES,LOS ANGELES,-118.47417817,34.12888464
6350081,2016,2016-03-23,1942,2016-02-15,1800,40193,2111,1,5,7,1942,0,0,0,NA,0,17TL14,VALLEY CIRCLE BL,BELL CANYON RD,0,NA,Y,A,-,N,NA,NA,NA,NA,NA,NA,NA,NA,NA,Y,4,0,2,3,A,-,09,21801,A,N,D,C,A,A,H,-,C,A,0,NA,NA,NA,NA,Y,NA,A,01,0,0,2,0,0,0,0,0,0,-,-,NA,NA,LOS ANGELES,LOS ANGELES,-118.65587009,34.20248008
6350082,2016,2016-04-07,1942,2016-02-19,1105,38273,2144,5,5,7,1942,0,0,0,NA,0,21TL67,VICTORY BL,SALE AV,10,E,N,A,-,N,NA,NA,NA,NA,NA,NA,NA,NA,NA,N,4,0,1,2,A,-,10,21950,A,N,G,B,-,A,H,-,A,A,0,Y,NA,NA,NA,Y,NA,A,07,0,0,1,0,1,0,0,0,0,-,-,NA,NA,LOS ANGELES,LOS ANGELES,-118.61899699,34.18645
6350083,2016,2016-03-23,1942,2016-02-24,0715,41976,2145,3,5,7,1942,0,0,0,NA,0,21A57,ARCHWOOD ST,NEVADA AV,210,W,N,A,-,N,NA,NA,NA,NA,NA,NA,NA,NA,NA,N,4,0,1,2,A,-,08,22107,NA,N,D,C,A,A,H,-,A,D,0,NA,NA,NA,NA,Y,NA,A,01,0,0,1,0,0,0,0,0,0,-,-,NA,NA,LOS ANGELES,LOS ANGELES,-118.60983066,34.19201007
6350084,2016,2016-03-24,1942,2016-03-08,1330,36255,1441,2,5,7,1942,0,0,0,N,0,14A49,WASHINGTON BL,VIA DOLCE,0,NA,Y,A,-,N,NA,NA,NA,NA,NA,NA,NA,NA,NA,N,4,0,1,2,A,-,03,22350,A,F,B,G,A,A,H,-,A,A,0,NA,Y,NA,NA,Y,NA,-,99,0,0,1,0,0,0,1,0,0,-,-,NA,NA,LOS ANGELES,LOS ANGELES,-118.46352013,33.98105001
6350085,2016,2016-03-23,1942,2016-02-15,1610,40193,2118,1,5,7,1942,0,0,0,NA,0,17TL14,MASON AV,ROSCOE BL,0,NA,Y,A,-,N,NA,NA,NA,NA,NA,NA,NA,NA,NA,Y,4,0,2,2,A,-,09,21801,A,N,D,C,A,A,H,-,A,A,0,NA,NA,NA,NA,Y,NA,A,01,0,0,2,0,0,0,0,0,0,-,-,NA,NA,LOS ANGELES,LOS ANGELES,-118.57978012,34.22009003
6350086,2016,2016-03-23,1942,2016-02-19,1550,40193,2161,5,5,7,1942,0,0,0,NA,0,17TL14,CALVERT ST,PLATT AV,0,NA,Y,A,-,N,NA,NA,NA,NA,NA,NA,NA,NA,NA,N,4,0,1,2,A,-,10,21950,A,N,G,B,B,A,H,-,A,A,0,Y,NA,NA,NA,Y,NA,A,07,0,0,1,0,1,0,0,0,0,-,-,NA,NA,LOS ANGELES,LOS ANGELES,-118.64300013,34.18155012
6350087,2016,2016-03-23,1942,2016-02-21,1030,41397,2177,7,5,7,1942,0,0,0,NA,0,16T23,DE SOTO AV,BURBANK BL,0,NA,Y,A,-,N,NA,NA,NA,NA,NA,NA,NA,NA,NA,Y,3,0,1,2,A,-,12,21453,A,N,D,C,A,A,H,-,A,A,0,NA,NA,NA,NA,Y,NA,A,01,0,1,0,0,0,0,0,0,0,-,-,NA,NA,LOS ANGELES,LOS ANGELES,-118.58816006,34.17333005
6350088,2016,2016-03-24,1942,2016-03-04,0625,36238,1324,5,5,7,1942,0,0,0,M,0,13TL53,CENTRAL AV,22ND ST,25,S,N,B,-,N,NA,NA,NA,NA,NA,NA,NA,NA,NA,Y,4,0,1,2,A,-,21,22106,NA,N,D,C,A,A,H,-,A,D,0,NA,NA,NA,NA,Y,NA,A,01,0,0,1,0,0,0,0,0,0,-,-,NA,NA,LOS ANGELES,LOS ANGELES,-118.25319079,34.02156604
6350089,2016,2016-03-23,1942,2016-02-18,1100,38273,2158,4,5,7,1942,0,0,0,NA,0,21TL67,WINNETKA AV,VICTORY BL,150,N,N,A,-,N,NA,NA,NA,NA,NA,NA,NA,NA,NA,N,4,0,1,2,A,-,09,21804,A,N,B,C,A,A,H,-,A,D,0,NA,NA,Y,NA,Y,NA,A,01,0,0,1,0,0,0,0,0,1,-,-,NA,NA,LOS ANGELES,LOS ANGELES,-118.57097309,34.18614146
6350090,2016,2016-03-25,1942,2016-02-20,1500,31859,2155,6,5,7,1942,0,0,0,NA,0,21L1,VICTORY BL,SHOUP AV,0,NA,Y,A,-,N,NA,NA,NA,NA,NA,NA,NA,NA,NA,Y,3,0,2,2,A,-,09,21801,A,N,D,C,A,A,H,-,A,A,0,NA,NA,NA,NA,Y,NA,-,-,0,1,1,0,0,0,0,0,0,-,-,NA,NA,LOS ANGELES,LOS ANGELES,-118.61457011,34.18645002
6350091,2016,2016-03-23,1942,2016-02-10,1830,40907,2189,3,5,7,1942,0,0,0,NA,0,21XL2,VENTURA BL,KELVIN AV,100,E,N,A,-,N,NA,NA,NA,NA,NA,NA,NA,NA,NA,Y,4,0,1,2,A,-,04,21703,NA,N,C,C,A,A,H,-,B,D,0,NA,NA,NA,NA,Y,NA,A,01,0,0,1,0,0,0,0,0,0,-,-,NA,NA,LOS ANGELES,LOS ANGELES,-118.585542,34.16654339
6350092,2016,2016-04-12,1942,2016-03-04,1705,31255,2027,5,5,7,1942,0,0,0,NA,0,6TL2,WILSHIRE BL,NEW HAMPSHIRE AV,0,NA,Y,A,-,N,NA,NA,NA,NA,NA,NA,NA,NA,NA,Y,3,0,1,3,A,-,09,21801,A,M,D,C,-,A,H,-,A,A,0,Y,NA,NA,NA,Y,NA,-,99,0,1,0,0,1,0,0,0,0,-,-,NA,NA,LOS ANGELES,LOS ANGELES,-118.29290009,34.06179008
6350093,2016,2016-03-23,1942,2016-02-18,1820,35410,2143,4,5,7,1942,0,0,0,NA,0,21A2,FALLBROOK AV,VICTORY BL,0,NA,Y,B,-,N,NA,NA,NA,NA,NA,NA,NA,NA,NA,Y,4,0,2,2,D,-,00,NA,NA,N,D,C,A,A,H,-,C,A,0,NA,NA,NA,NA,Y,NA,-,-,0,0,2,0,0,0,0,0,0,-,-,NA,NA,LOS ANGELES,LOS ANGELES,-118.62339013,34.18646009
6350094,2016,2016-03-23,1942,2016-02-29,1550,40193,2136,1,5,7,1942,0,0,0,NA,0,17TL14,DEERING AV,SATICOY ST,0,NA,Y,A,-,N,NA,NA,NA,NA,NA,NA,NA,NA,NA,Y,4,0,1,2,A,-,09,21802,A,N,B,C,A,A,H,-,A,D,0,NA,NA,NA,NA,Y,NA,A,08,0,0,1,0,0,0,0,0,0,-,-,NA,NA,LOS ANGELES,LOS ANGELES,-118.59666002,34.20831001
6350095,2016,2016-03-23,1942,2016-02-22,1515,40165,2177,1,5,7,1942,0,0,0,NA,0,15TL42,DE SOTO AV,BURBANK BL,0,NA,Y,A,-,N,NA,NA,NA,NA,NA,NA,NA,NA,NA,Y,3,0,4,3,A,-,03,22350,NA,N,C,C,A,A,H,-,A,D,0,NA,NA,NA,NA,Y,NA,A,07,0,1,3,0,0,0,0,0,0,-,-,NA,NA,LOS ANGELES,LOS ANGELES,-118.58816006,34.17333005
6350096,2016,2016-04-05,1942,2016-03-08,2145,37575,829,2,5,7,1942,0,0,0,NA,0,7T23,WILSHIRE BL,COMSTOCK AV,0,NA,Y,A,-,N,NA,NA,NA,NA,NA,NA,NA,NA,NA,N,3,0,1,2,A,-,03,22350,NA,N,C,C,A,A,H,-,C,A,0,NA,NA,NA,NA,Y,NA,-,-,0,1,0,0,0,0,0,0,0,-,-,NA,NA,LOS ANGELES,LOS ANGELES,-118.42542012,34.06799007
6350097,2016,2016-03-23,1942,2016-02-18,1020,31931,2148,4,5,7,1942,0,0,0,NA,0,TOTL35,VANOWEN ST,WINNETKA,32,W,N,B,-,N,NA,NA,NA,NA,NA,NA,NA,NA,NA,N,4,0,2,2,A,-,03,22350,NA,N,C,C,A,A,H,-,A,A,0,NA,NA,NA,NA,Y,NA,A,01,0,0,2,0,0,0,0,0,0,-,-,NA,NA,LOS ANGELES,LOS ANGELES,-118.57108564,34.19379
6350098,2016,2016-03-23,1942,2016-02-20,1730,40165,2156,6,5,7,1942,0,0,0,NA,0,15TL42,VICTORY BL,OWENSMOUTH AV,365,E,N,A,-,N,NA,NA,NA,NA,NA,NA,NA,NA,NA,Y,4,0,1,2,A,-,09,21804,A,N,D,C,A,A,H,-,B,D,0,NA,NA,NA,NA,Y,NA,A,01,0,0,1,0,0,0,0,0,0,-,-,NA,NA,LOS ANGELES,LOS ANGELES,-118.60036483,34.18794966
6350099,2016,2016-08-12,1942,2016-02-15,1740,34116,2196,1,5,7,1942,0,0,0,NA,0,21A1,CHATSBORO DR,CHATSBORO DR 20659,0,NA,Y,A,-,N,NA,NA,NA,NA,NA,NA,NA,NA,NA,Y,3,0,1,1,A,-,03,22350,NA,N,-,I,A,A,H,-,B,-,0,NA,NA,NA,NA,Y,NA,A,01,0,1,0,0,0,0,0,0,0,-,-,NA,NA,LOS ANGELES,LOS ANGELES,-118.584434,34.150632
6350100,2016,2016-03-24,1942,2016-03-02,1815,37613,841,3,5,7,1942,0,0,0,NA,0,14TL52,WILSHIRE BL,SALTAIR AV,210,W,N,A,-,N,NA,NA,NA,NA,NA,NA,NA,NA,NA,N,4,0,2,3,A,-,03,22350,NA,N,C,C,A,A,H,-,C,A,0,NA,NA,NA,NA,Y,NA,A,07,0,0,2,0,0,0,0,0,0,-,-,NA,NA,LOS ANGELES,LOS ANGELES,-118.46652633,34.04485861