CASE_ID,ACCIDENT_YEAR,PROC_DATE,JURIS,COLLISION_DATE,COLLISION_TIME,OFFICER_ID,REPORTING_DISTRICT,DAY_OF_WEEK,CHP_SHIFT,POPULATION,CNTY_CITY_LOC,SPECIAL_COND,BEAT_TYPE,CHP_BEAT_TYPE,CITY_DIVISION_LAPD,CHP_BEAT_CLASS,BEAT_NUMBER,PRIMARY_RD,SECONDARY_RD,DISTANCE,DIRECTION,INTERSECTION,WEATHER_1,WEATHER_2,STATE_HWY_IND,CALTRANS_COUNTY,CALTRANS_DISTRICT,STATE_ROUTE,ROUTE_SUFFIX,POSTMILE_PREFIX,POSTMILE,LOCATION_TYPE,RAMP_INTERSECTION,SIDE_OF_HWY,TOW_AWAY,COLLISION_SEVERITY,NUMBER_KILLED,NUMBER_INJURED,PARTY_COUNT,PRIMARY_COLL_FACTOR,PCF_CODE_OF_VIOL,PCF_VIOL_CATEGORY,PCF_VIOLATION,PCF_VIOL_SUBSECTION,HIT_AND_RUN,TYPE_OF_COLLISION,MVIW,PED_ACTION,ROAD_SURFACE,ROAD_COND_1,ROAD_COND_2,LIGHTING,CONTROL_DEVICE,CHP_ROAD_TYPE,PEDESTRIAN_ACCIDENT,BICYCLE_ACCIDENT,MOTORCYCLE_ACCIDENT,TRUCK_ACCIDENT,NOT_PRIVATE_PROPERTY,ALCOHOL_INVOLVED,STWD_VEHTYPE_AT_FAULT,CHP_VEHTYPE_AT_FAULT,COUNT_SEVERE_INJ,COUNT_VISIBLE_INJ,COUNT_COMPLAINT_PAIN,COUNT_PED_KILLED,COUNT_PED_INJURED,COUNT_BICYCLIST_KILLED,COUNT_BICYCLIST_INJURED,COUNT_MC_KILLED,COUNT_MC_INJURED,PRIMARY_RAMP,SECONDARY_RAMP,LATITUDE,LONGITUDE,COUNTY,CITY,POINT_X,POINT_Y
6353718,2014,2016-03-02,9575,2014-01-11,1300,20530,NA,6,1,7,1942,0,1,1,NA,2,053,RT 5,VAN NUYS BL,1000,N,N,A,-,Y,LA,7,5,-,-,38.72,H,-,S,Y,4,0,1,3,A,-,03,22350,NA,N,C,C,A,A,H,-,A,D,1,NA,NA,NA,NA,Y,NA,A,01,0,0,1,0,0,0,0,0,0,-,-,34.25918,-118.43791,LOS ANGELES,LOS ANGELES,-118.4374453,34.25878223
6353721,2014,2014-06-11,1900,2014-01-06,1257,528221,1124,1,5,6,1992,0,0,0,NA,0,111T2,10TH ST W,AVENUE L-4,120,N,N,A,-,N,NA,NA,NA,NA,NA,NA,NA,NA,NA,Y,3,0,1,4,A,-,05,21650,NA,N,A,C,A,A,H,-,A,A,0,NA,NA,NA,NA,Y,NA,A,01,0,1,0,0,0,0,0,0,0,-,-,NA,NA,LOS ANGELES,LANCASTER,-118.14770562,34.65699901
6353732,2014,2014-06-05,1928,2014-01-10,1818,381,514,5,5,5,1928,0,0,0,NA,0,504,INGLEWOOD AV,135TH ST,0,NA,Y,A,-,N,NA,NA,NA,NA,NA,NA,NA,NA,NA,N,3,0,1,2,A,-,12,21453,A,N,D,G,A,A,H,-,C,A,0,NA,Y,NA,NA,Y,Y,L,04,0,1,0,0,0,0,1,0,0,-,-,NA,NA,LOS ANGELES,HAWTHORNE,-118.36129009,33.90984009
6353733,2014,2016-02-02,9575,2014-01-05,0035,20634,NA,7,3,6,1912,0,1,1,NA,2,051,RT 5,SAN FERNANDO BL,200,N,N,A,-,Y,LA,7,5,-,-,30.794,R,1,N,Y,4,0,1,3,A,-,08,22107,NA,N,E,I,A,A,H,-,C,D,1,NA,NA,NA,NA,Y,NA,A,01,0,0,1,0,0,0,0,0,0,FR,-,34.19503,-118.33191,LOS ANGELES,BURBANK,-118.33154758,34.19484194
6353736,2014,2014-06-05,1928,2014-01-05,1726,324,519,7,5,5,1928,0,0,0,NA,0,503,PRAIRIE AV,138TH ST,0,NA,Y,A,-,N,NA,NA,NA,NA,NA,NA,NA,NA,NA,N,4,0,1,2,A,-,05,21650,NA,N,D,G,A,A,H,-,C,A,0,NA,Y,NA,NA,Y,NA,L,04,0,0,1,0,0,0,1,0,0,-,-,NA,NA,LOS ANGELES,HAWTHORNE,-118.34387011,33.90635003
6353741,2014,2015-11-09,9575,2014-01-04,1930,20492,9575,6,2,6,1925,0,1,3,NA,2,090,RT 2,MOUNTAIN AV,50,E,N,A,-,Y,LA,7,2,-,R,20.06,R,2,E,Y,4,0,2,2,A,-,03,22350,NA,N,C,C,A,A,H,-,C,D,1,NA,NA,NA,NA,Y,NA,A,01,0,0,2,0,0,0,0,0,0,-,-,34.16661,-118.22401,LOS ANGELES,GLENDALE,-118.22456286,34.1648981
6353745,2014,2016-03-02,9575,2014-01-06,0720,17852,NA,1,1,7,1942,0,1,1,NA,2,053,RT 5,LAUREL CYN BL,300,N,N,A,-,Y,LA,7,5,-,-,39.46,H,-,S,Y,4,0,1,3,A,-,03,22350,NA,N,C,C,A,A,H,-,A,D,0,NA,NA,NA,NA,Y,NA,A,01,0,0,1,0,0,0,0,0,0,-,-,34.23184,-118.40601,LOS ANGELES,LOS ANGELES,-118.44465434,34.26775362
6353749,2014,2014-06-11,9575,2014-01-04,1104,20283,NA,6,1,9,1900,0,3,5,NA,2,008,TEMPLE CITY BL,LE ROY ST,45,S,N,A,-,N,NA,NA,NA,NA,NA,NA,NA,NA,NA,N,4,0,2,3,A,-,03,22350,NA,N,C,C,A,A,H,-,A,A,0,NA,NA,NA,NA,Y,NA,A,07,0,0,2,0,0,0,0,0,0,-,-,34.12341,-118.06412,LOS ANGELES,UNINCORPORATED,-118.06422637,34.12332819
6353755,2014,2014-06-05,1941,2014-01-08,1210,5487,NA,3,5,7,1941,0,0,0,NA,0,NA,PACIFIC COAST HWY,MAGNOLIA,30,E,N,A,-,N,NA,NA,NA,NA,NA,NA,NA,NA,NA,Y,4,0,1,2,A,-,03,22350,NA,N,C,C,A,A,H,-,A,A,0,NA,NA,NA,NA,Y,NA,A,NA,0,0,1,0,0,0,0,0,0,-,-,NA,NA,LOS ANGELES,LONG BEACH,-118.19800147,33.78987
6353759,2014,2014-06-04,1941,2014-01-08,1553,5927,NA,3,5,7,1941,0,0,0,NA,0,NA,VISTA,NIETO,0,NA,Y,A,-,N,NA,NA,NA,NA,NA,NA,NA,NA,NA,N,4,0,1,2,A,-,11,21954,A,N,A,B,D,A,H,-,A,D,0,Y,NA,NA,NA,Y,NA,N,NA,0,0,1,0,1,0,0,0,0,-,-,NA,NA,LOS ANGELES,LONG BEACH,-118.13288006,33.76625003
6353796,2014,2015-01-30,1942,2014-01-16,1830,32372,1673,4,5,7,1942,0,0,0,P,0,35M55,TUXFORD ST,SAN FERNANDO RD,40,E,N,A,-,N,NA,NA,NA,NA,NA,NA,NA,NA,NA,Y,4,0,2,3,A,-,03,22350,NA,F,C,C,A,A,H,-,C,D,0,NA,NA,NA,NA,Y,NA,D,22,0,0,2,0,0,0,0,0,0,-,-,NA,NA,LOS ANGELES,LOS ANGELES,-118.38096044,34.22753209
6353814,2014,2014-06-27,1965,2014-01-20,1419,3238,0B2E,1,5,5,1965,0,0,0,NA,0,002,OCEAN PARK BL,24TH ST,20,W,N,A,-,N,NA,NA,NA,NA,NA,NA,NA,NA,NA,Y,4,0,1,3,A,-,03,22350,NA,N,C,C,A,A,H,-,A,A,0,NA,NA,NA,NA,Y,NA,D,22,0,0,1,0,0,0,0,0,0,-,-,NA,NA,LOS ANGELES,SANTA MONICA,-118.46000373,34.01645825
6353822,2014,2014-06-27,1905,2014-01-16,1628,1089,316,4,5,4,1905,0,0,0,NA,0,062,FOOTHILL,FOOTHILL 1100,0,NA,N,A,-,N,NA,NA,NA,NA,NA,NA,NA,NA,NA,N,4,0,1,2,A,-,09,21804,A,N,-,C,A,A,H,-,A,-,0,NA,NA,NA,NA,Y,NA,D,22,0,0,1,0,0,0,0,0,0,-,-,NA,NA,LOS ANGELES,AZUSA,NA,NA
6353830,2014,2014-06-18,1905,2014-01-13,1011,1141,243,1,5,4,1905,0,0,0,NA,0,061,CERRITOS AV,RUSSELL ST,12,S,N,A,-,N,NA,NA,NA,NA,NA,NA,NA,NA,NA,Y,4,0,1,3,A,-,03,22350,NA,N,C,C,A,A,H,-,A,A,0,NA,NA,NA,NA,Y,NA,D,22,0,0,1,0,0,0,0,0,0,-,-,NA,NA,LOS ANGELES,AZUSA,-117.89944339,34.11530722
6353845,2014,2014-06-13,1942,2014-01-17,0800,39192,0911,5,5,7,1942,0,0,0,I,0,10TL37,SEPULVEDA BL,GAULT ST,40,S,N,A,-,N,NA,NA,NA,NA,NA,NA,NA,NA,NA,N,4,0,1,3,A,-,21,22106,NA,N,B,C,A,A,H,-,A,D,0,NA,NA,NA,NA,Y,NA,A,07,0,0,1,0,0,0,0,0,0,-,-,NA,NA,LOS ANGELES,LOS ANGELES,-118.4662,34.19922028
6353861,2014,2014-06-09,1942,2014-01-19,1210,38850,2149,7,5,7,1942,0,0,0,NA,0,16TL26,CORBIN AV,SHERMAN WAY,10,S,N,A,-,N,NA,NA,NA,NA,NA,NA,NA,NA,NA,N,3,0,1,2,A,-,09,21804,A,F,D,G,A,A,H,-,A,A,0,NA,Y,NA,NA,Y,NA,L,04,0,1,0,0,0,0,1,0,0,-,-,NA,NA,LOS ANGELES,LOS ANGELES,-118.56224,34.20112257
6353869,2014,2016-01-07,1942,2014-01-17,1720,33779,1049,5,5,7,1942,0,0,0,J,0,10TL2,VICTORY BL,HASKELL AV,0,NA,Y,A,-,Y,LA,7,405,-,-,41.312,R,4,S,Y,3,0,4,3,A,-,12,21453,A,N,D,C,A,A,H,-,C,A,0,NA,NA,NA,NA,Y,NA,A,01,0,1,3,0,0,0,0,0,0,-,-,NA,NA,LOS ANGELES,LOS ANGELES,-118.47408595,34.18571972
6353873,2014,2014-06-11,1942,2014-01-15,1450,41296,0929,3,5,7,1942,0,0,0,I,0,9X32,WOODMAN AV,VICTORY BL,120,N,N,A,-,N,NA,NA,NA,NA,NA,NA,NA,NA,NA,Y,4,0,2,4,A,-,03,22350,NA,N,B,E,A,A,H,-,A,D,0,NA,NA,NA,NA,Y,NA,A,08,0,0,2,0,0,0,0,0,0,-,-,NA,NA,LOS ANGELES,LOS ANGELES,-118.43126,34.18700915
6353874,2014,2014-06-13,1942,2014-01-20,2335,38857,1519,1,5,7,1942,0,0,0,O,0,19T75,VICTORY BL,CAHUENGA BL,80,E,N,A,-,N,NA,NA,NA,NA,NA,NA,NA,NA,NA,Y,3,0,2,1,A,-,01,23152,NA,N,F,J,A,A,H,-,C,D,0,NA,NA,NA,NA,Y,Y,D,22,0,2,0,0,0,0,0,0,0,-,-,NA,NA,LOS ANGELES,LOS ANGELES,-118.36139932,34.18584823
6353877,2014,2014-06-11,1942,2014-01-02,0020,40639,1008,4,5,7,1942,0,0,0,J,0,19T75,WOODLEY AV,BIRD ST,78,N,N,A,-,N,NA,NA,NA,NA,NA,NA,NA,NA,NA,Y,3,0,2,2,A,-,03,22350,NA,N,D,J,A,A,H,-,C,D,0,NA,NA,NA,NA,Y,NA,A,01,0,1,1,0,0,0,0,0,0,-,-,NA,NA,LOS ANGELES,LOS ANGELES,-118.48368739,34.21170394
6353889,2014,2014-06-11,1942,2014-01-16,1815,31652,1045,4,5,7,1942,0,0,0,J,0,10T37,BURBANK BL,WHITE OAK AV,355,E,N,A,-,N,NA,NA,NA,NA,NA,NA,NA,NA,NA,N,4,0,1,2,A,-,21,22106,NA,N,B,C,A,A,H,-,C,D,0,NA,NA,NA,NA,Y,NA,A,07,0,0,1,0,0,0,0,0,0,-,-,NA,NA,LOS ANGELES,LOS ANGELES,-118.51736955,34.17227
6353893,2014,2014-06-13,1942,2014-01-11,0925,30452,1033,6,5,7,1942,0,0,0,J,0,9TL53,SYLVAN ST,WILBUR AV,0,NA,Y,A,-,N,NA,NA,NA,NA,NA,NA,NA,NA,NA,N,4,0,1,2,A,-,09,21802,A,N,D,C,A,A,H,-,A,A,0,NA,NA,NA,NA,Y,NA,D,22,0,0,1,0,0,0,0,0,0,-,-,NA,NA,LOS ANGELES,LOS ANGELES,-118.54497006,34.18485004
6353897,2014,2014-06-13,1942,2014-01-18,1120,79085,1037,6,5,7,1942,0,0,0,J,0,17TL15,VANOWEN ST,HASKELL AV,34,E,N,A,-,N,NA,NA,NA,NA,NA,NA,NA,NA,NA,Y,4,0,3,3,A,-,05,21460,A,N,B,C,A,A,H,-,A,A,0,NA,NA,NA,NA,Y,NA,A,08,0,0,3,0,0,0,0,0,0,-,-,NA,NA,LOS ANGELES,LOS ANGELES,-118.47476777,34.19391
6353901,2014,2014-06-27,1942,2014-01-15,1609,36618,0909,3,5,7,1942,0,0,0,I,0,19TL72,WOODMAN AV,RUNNYMEDE ST,85,S,N,A,-,N,NA,NA,NA,NA,NA,NA,NA,NA,NA,Y,4,0,2,3,A,-,04,21703,NA,N,C,C,A,A,H,-,A,D,0,NA,NA,NA,NA,Y,NA,A,01,0,0,2,0,0,0,0,0,0,-,-,NA,NA,LOS ANGELES,LOS ANGELES,-118.43125,34.20590686
6353909,2014,2014-07-26,1942,2014-01-15,1500,39432,966,3,5,7,1942,0,0,0,NA,0,15X64,MAGNOLIA BL,BUFFALO AV,0,NA,Y,A,-,N,NA,NA,NA,NA,NA,NA,NA,NA,NA,N,4,0,1,2,A,-,09,21804,NA,N,D,C,A,A,H,-,A,D,0,NA,NA,NA,NA,Y,NA,D,22,0,0,1,0,0,0,0,0,0,-,-,NA,NA,LOS ANGELES,LOS ANGELES,-118.43014006,34.16502009
6353913,2014,2014-06-09,1942,2014-01-11,1100,41146,989,6,5,7,1942,0,0,0,NA,0,9A41,VENTURA BL,WOODMAN AV,100,E,N,A,-,N,NA,NA,NA,NA,NA,NA,NA,NA,NA,Y,4,0,1,2,A,-,03,22350,NA,N,C,C,A,A,H,-,A,A,0,NA,NA,NA,NA,Y,NA,D,22,0,0,1,0,0,0,0,0,0,-,-,NA,NA,LOS ANGELES,LOS ANGELES,-118.43090639,34.14796666
6353917,2014,2014-06-19,1942,2014-01-02,0021,40639,1008,4,5,7,1942,0,0,0,J,0,19T75,WOODLEY AV,BIRD ST,64,N,N,A,-,N,NA,NA,NA,NA,NA,NA,NA,NA,NA,Y,4,0,2,2,A,-,03,22350,NA,N,D,J,A,A,H,-,C,D,0,NA,NA,NA,Y,Y,NA,A,01,0,0,2,0,0,0,0,0,0,-,-,NA,NA,LOS ANGELES,LOS ANGELES,-118.48368786,34.21166554
6353963,2014,2015-01-26,9575,2014-01-01,0121,20536,NA,3,3,9,1900,0,3,5,NA,2,002,VENTURA ST,GLEN AV,77,W,N,A,-,N,NA,NA,NA,NA,NA,NA,NA,NA,NA,Y,3,0,1,3,A,-,01,23152,A,N,B,E,A,A,H,-,C,D,0,NA,NA,NA,NA,Y,Y,A,01,0,1,0,0,0,0,0,0,0,-,-,34.18976,-118.15491,LOS ANGELES,UNINCORPORATED,-118.15484669,34.18980679
6353981,2014,2016-02-03,1941,2014-01-11,0141,6313,NA,6,5,7,1941,0,0,0,NA,0,NA,PACIFIC COAST HWY,HARBOR AV,7,W,N,E,-,Y,LA,7,1,-,-,7.5,H,-,S,Y,4,0,1,2,D,-,00,NA,NA,N,C,C,A,A,H,-,B,A,0,NA,NA,NA,Y,Y,NA,-,-,0,0,1,0,0,0,0,0,0,-,-,NA,NA,LOS ANGELES,LONG BEACH,-118.2106783,33.78982166
6354810,2014,2014-06-09,1942,2014-01-22,2226,39021,1905,3,5,7,1942,0,0,0,NA,0,9T55,SAYRE ST,FOOTHILL BL,78,E,N,A,-,N,NA,NA,NA,NA,NA,NA,NA,NA,NA,Y,4,0,1,1,A,-,08,22107,NA,N,E,I,A,A,H,-,C,D,0,NA,NA,NA,NA,Y,NA,D,22,0,0,1,0,0,0,0,0,0,-,-,NA,NA,LOS ANGELES,LOS ANGELES,-118.43360221,34.31028494
6354854,2014,2014-06-09,1942,2014-01-03,1630,37911,0831,5,5,7,1942,0,0,0,H,0,7T38W4,SAN VICENTE BL,BUNDY DR,0,NA,Y,A,-,N,NA,NA,NA,NA,NA,NA,NA,NA,NA,Y,4,0,1,2,A,-,12,21453,A,N,D,C,A,A,H,-,A,A,0,NA,NA,NA,NA,Y,NA,D,22,0,0,1,0,0,0,0,0,0,-,-,NA,NA,LOS ANGELES,LOS ANGELES,-118.47451001,34.05194009
6354858,2014,2014-06-09,1942,2014-01-11,1835,32297,2081,6,5,7,1942,0,0,0,NA,0,20A39,18TH ST,GRAMERCY PL,0,NA,Y,A,-,N,NA,NA,NA,NA,NA,NA,NA,NA,NA,Y,4,0,1,2,A,-,09,21802,A,N,D,C,A,A,H,-,C,A,0,NA,NA,NA,NA,Y,NA,A,01,0,0,1,0,0,0,0,0,0,-,-,NA,NA,LOS ANGELES,LOS ANGELES,-118.31303011,34.04171005
6354862,2014,2014-06-09,1942,2014-01-14,0755,33057,2034,2,5,7,1942,0,0,0,NA,0,20A45,KINGSLEY DR,8TH ST,0,NA,Y,A,-,N,NA,NA,NA,NA,NA,NA,NA,NA,NA,N,4,0,1,2,A,-,12,22450,NA,N,D,G,A,A,H,-,A,A,0,NA,Y,NA,NA,Y,NA,D,22,0,0,1,0,0,0,1,0,0,-,-,NA,NA,LOS ANGELES,LOS ANGELES,-118.30307011,34.05770007
6354873,2014,2015-11-10,9580,2014-01-24,1605,019937,NA,5,2,7,1942,0,1,1,NA,2,404,RT 405,SEPULVEDA BL,1056,S,N,A,-,Y,LA,7,405,-,-,38.39,H,-,N,Y,4,0,3,3,A,-,03,22350,NA,N,C,C,A,A,H,-,A,D,1,NA,NA,NA,NA,Y,NA,A,01,0,0,3,0,0,0,0,0,0,-,-,34.15118,-118.46745,LOS ANGELES,LOS ANGELES,-118.47073675,34.14547529
6355044,2014,2015-11-14,9525,2014-01-20,1635,18997,NA,1,2,6,1955,0,1,1,NA,2,108,RT 10,FAIRPLEX DR,25,W,N,A,-,Y,LA,7,10,-,-,43.81,H,-,E,Y,4,0,1,3,A,-,07,21658,A,N,B,C,A,A,H,-,A,D,1,NA,NA,NA,NA,Y,NA,A,07,0,0,1,0,0,0,0,0,0,-,-,34.07275,-117.87883,LOS ANGELES,POMONA,-117.78477989,34.07281189
6355060,2014,2016-02-18,9525,2014-01-12,2006,020220,NA,7,2,1,1934,0,1,1,NA,2,203,RT 210,RT 605,300,E,N,A,-,Y,LA,7,210,-,R,36.51,H,-,W,Y,4,0,1,2,A,-,03,22350,NA,N,C,C,A,A,H,-,C,D,1,NA,NA,NA,NA,Y,NA,D,22,0,0,1,0,0,0,0,0,0,-,-,34.1341,-117.95588,LOS ANGELES,IRWINDALE,-117.95590813,34.13400889
6355076,2014,2015-12-28,9525,2014-01-09,1725,16283,NA,4,2,5,1990,0,1,3,NA,2,601,RT 60,BRACE CANYON RD,2000,E,N,A,-,Y,LA,7,60,-,R,23.38,H,-,W,Y,4,0,2,2,A,-,07,21658,A,N,-,C,A,A,H,-,C,D,1,NA,NA,NA,NA,Y,NA,D,22,0,0,2,0,0,0,0,0,0,-,-,34.97642,-117.74994,LOS ANGELES,DIAMOND BAR,-117.83824493,34.00163525
6355092,2014,2016-02-19,9525,2014-01-12,1605,17408,NA,7,2,4,1960,0,1,1,NA,2,208,RT 210,SAN DIMAS AV,2000,W,N,A,-,Y,LA,7,210,-,R,45.808,H,-,E,Y,4,0,1,2,A,-,17,21708,NA,N,C,C,A,A,H,-,A,D,1,NA,NA,NA,NA,Y,NA,D,22,0,0,1,0,0,0,0,0,0,-,-,34.11955,-117.0115,LOS ANGELES,SAN DIMAS,-117.80125779,34.11966646
6355112,2014,2015-12-28,9525,2014-01-11,0650,19966,NA,6,1,5,1990,0,1,3,NA,2,604,RT 60,GRAND AV,350,E,N,A,-,Y,LA,7,60,-,R,24.52,H,-,E,Y,3,0,1,1,A,-,08,22107,NA,N,E,I,A,A,H,-,A,D,1,NA,NA,NA,Y,Y,NA,G,25,0,1,0,0,0,0,0,0,0,-,-,34.0143,-117.81859,LOS ANGELES,DIAMOND BAR,-117.82253677,34.0107713
6355116,2014,2016-02-18,9525,2014-01-13,0830,012820,NA,1,1,5,1926,0,1,1,NA,2,205,RT 210,GALANTO AV,100,E,N,A,-,Y,LA,7,210,-,R,40.94,H,-,W,Y,3,0,1,3,A,-,03,22350,NA,M,C,C,A,A,H,-,A,D,1,NA,NA,NA,NA,Y,NA,D,22,0,1,0,0,0,0,0,0,0,-,-,34.12093,-117.88405,LOS ANGELES,GLENDORA,-117.88428641,34.12102228
6355720,2016,2016-08-16,1942,2016-03-04,2110,41840,1525,5,5,7,1942,0,0,0,O,0,15A33,LANKERSHIM BL,KITTRIDGE ST,0,NA,Y,A,-,N,NA,NA,NA,NA,NA,NA,NA,NA,NA,Y,3,0,1,3,A,-,01,23152,A,M,D,C,A,A,H,-,C,A,0,NA,NA,NA,NA,Y,Y,A,01,0,1,0,0,0,0,0,0,0,-,-,NA,NA,LOS ANGELES,LOS ANGELES,-118.3878,34.19029004
6355751,2016,2016-03-25,1942,2016-03-02,1920,39410,0926,3,5,7,1942,0,0,0,I,0,9T53W3,VICTORY BL,WOODMAN AV,260,E,N,A,-,N,NA,NA,NA,NA,NA,NA,NA,NA,NA,N,4,0,1,2,A,-,03,22350,A,M,C,C,A,A,H,-,C,A,0,NA,NA,NA,NA,Y,NA,-,99,0,0,1,0,0,0,0,0,0,-,-,NA,NA,LOS ANGELES,LOS ANGELES,-118.43040185,34.18668
6356029,2014,2014-06-06,1942,2014-01-15,1845,36602,2088,3,5,7,1942,0,0,0,NA,0,20T59,VERMONT AV,VENICE BL,95,N,N,A,-,N,NA,NA,NA,NA,NA,NA,NA,NA,NA,N,4,0,1,3,A,-,03,22350,NA,F,C,C,A,A,H,-,C,D,0,NA,NA,NA,NA,Y,NA,D,22,0,0,1,0,0,0,0,0,0,-,-,NA,NA,LOS ANGELES,LOS ANGELES,-118.2916062,34.04452049
6356055,2014,2014-06-10,1931,2014-01-22,0813,5167,1931,3,5,5,1931,0,0,0,NA,0,001,ALAMEDA ST,GAGE AV,160,N,N,A,-,N,NA,NA,NA,NA,NA,NA,NA,NA,NA,Y,3,0,2,4,A,-,03,22350,NA,F,C,C,A,A,H,-,A,A,0,NA,NA,NA,Y,Y,NA,A,01,0,1,1,0,0,0,0,0,0,-,-,NA,NA,LOS ANGELES,HUNTINGTON PARK,-118.2359,33.98165
6356057,2014,2014-06-11,1942,2014-01-21,1755,40527,1987,2,5,7,1942,0,0,0,NA,0,17TL14,WOODMAN AV,MONTAGUE ST,43,S,N,A,-,N,NA,NA,NA,NA,NA,NA,NA,NA,NA,N,4,0,2,3,A,-,04,21703,NA,F,C,C,A,A,H,-,C,D,0,NA,NA,NA,NA,Y,NA,-,99,0,0,2,0,0,0,0,0,0,-,-,NA,NA,LOS ANGELES,LOS ANGELES,-118.43610067,34.22957832
6356207,2014,2015-01-09,1942,2014-01-18,1825,38191,1063,6,5,7,1942,0,0,0,J,0,10X94,VENTURA BL,CREBS,0,NA,Y,A,-,N,NA,NA,NA,NA,NA,NA,NA,NA,NA,N,4,0,1,2,A,-,04,21703,NA,M,C,C,A,A,H,-,C,A,0,NA,NA,NA,NA,Y,NA,-,99,0,0,1,0,0,0,0,0,0,-,-,NA,NA,LOS ANGELES,LOS ANGELES,-118.54277004,34.17151006
6356332,2014,2016-03-26,9580,2014-01-23,1915,19950,NA,4,2,7,1942,0,1,2,NA,2,100,RT 101,LAUREL CANYON BL,60,N,N,A,-,Y,LA,7,101,-,-,12.88,H,-,N,Y,4,0,1,2,A,-,03,22350,NA,N,C,C,A,A,H,-,C,D,1,NA,NA,NA,NA,Y,NA,A,01,0,0,1,0,0,0,0,0,0,-,-,34.15648,-118.40854,LOS ANGELES,LOS ANGELES,-118.39681029,34.15453122
6356336,2014,2015-11-10,9580,2014-01-23,2304,020587,NA,4,3,7,1942,0,1,1,NA,2,405,RT 405,SHERMAN WY,2640,S,N,A,-,Y,LA,7,405,-,-,41.86,H,-,S,Y,3,0,2,4,A,-,03,22350,NA,N,C,C,A,A,H,-,D,D,1,NA,NA,NA,NA,Y,NA,A,01,0,2,0,0,0,0,0,0,0,-,-,34.19267,-118.47443,LOS ANGELES,LOS ANGELES,-118.47441219,34.19366345
6356340,2014,2015-11-10,9580,2014-01-23,2150,19061,NA,4,2,7,1942,0,1,1,NA,2,404,RT 405,SHERMAN WY,2640,S,N,A,-,Y,LA,7,405,-,-,41.86,H,-,N,Y,4,0,3,2,A,-,03,22350,NA,N,C,C,A,A,H,-,C,D,1,NA,NA,NA,NA,Y,NA,A,01,0,0,3,0,0,0,0,0,0,-,-,34.19399,-118.47412,LOS ANGELES,LOS ANGELES,-118.47418095,34.19367364
6356344,2014,2015-11-10,9580,2014-01-23,1210,014592,NA,4,1,7,1942,0,1,1,NA,2,406,RT 405,NORDHOFF ST,1056,S,N,A,-,Y,LA,7,405,-,-,44.54,H,-,N,Y,4,0,1,2,A,-,07,21658,A,M,B,C,A,A,H,-,A,D,1,NA,NA,NA,NA,Y,NA,-,99,0,0,1,0,0,0,0,0,0,TO,-,34.23117,-118.47303,LOS ANGELES,LOS ANGELES,-118.47297594,34.2325104
6356392,2014,2016-01-11,9580,2014-01-24,1615,019896,NA,5,2,7,1942,0,1,3,NA,2,115,RT 118,SEPULVEDA BL,2112,E,N,B,-,Y,LA,7,118,-,R,10.5,H,-,W,N,4,0,2,2,A,-,07,21658,A,N,B,C,A,A,H,-,A,D,1,NA,NA,NA,NA,Y,NA,A,01,0,0,2,0,0,0,0,0,0,-,-,34.26712,-118.4671,LOS ANGELES,LOS ANGELES,-118.45987929,34.26602572
6356396,2014,2016-02-06,9580,2014-01-25,1925,19950,NA,6,2,7,1942,0,1,3,NA,2,170,RT 170,SHELDON ST,65,S,N,A,-,Y,LA,7,170,-,R,20.09,H,-,N,Y,4,0,1,2,A,-,03,22350,NA,N,C,C,A,A,H,-,C,D,1,NA,NA,NA,NA,Y,NA,A,01,0,0,1,0,0,0,0,0,0,-,-,34.22594,-118.41084,LOS ANGELES,LOS ANGELES,-118.41081175,34.22666605
6356400,2014,2016-03-04,9580,2014-01-23,1420,019689,NA,4,2,7,1942,0,1,3,NA,2,117,RT 118,PORTER RANCH DR,900,E,N,B,-,Y,LA,7,118,-,R,4.008,R,2,W,Y,3,0,1,1,A,-,08,22107,NA,N,E,I,A,A,H,-,A,D,1,NA,NA,NA,NA,Y,NA,A,01,0,1,0,0,0,0,0,0,0,TO,-,34.27357,-118.56672,LOS ANGELES,LOS ANGELES,-118.56720275,34.27346299
6356401,2014,2014-06-06,1942,2014-01-10,1845,37868,2083,5,5,7,1942,0,0,0,NA,0,20A88,VENICE BL,WESTERN AV,50,E,N,-,-,N,NA,NA,NA,NA,NA,NA,NA,NA,NA,N,4,0,1,2,A,-,07,21658,A,N,D,C,A,A,H,-,C,A,0,NA,NA,NA,NA,Y,NA,A,01,0,0,1,0,0,0,0,0,0,-,-,NA,NA,LOS ANGELES,LOS ANGELES,-118.30886527,34.04357
6356402,2014,2014-06-06,1942,2014-01-22,2035,39635,1701,3,5,7,1942,0,0,0,Q,0,19T73,HIGH MOUNTAIN WY,PORTER RANCH DR,2,W,N,A,-,N,NA,NA,NA,NA,NA,NA,NA,NA,NA,N,3,0,2,2,A,-,01,23152,A,F,D,C,A,A,H,-,C,D,0,NA,NA,NA,NA,Y,Y,A,01,0,1,1,0,0,0,0,0,0,-,-,NA,NA,LOS ANGELES,LOS ANGELES,-118.57054,34.28688