CASE_ID,ACCIDENT_YEAR,PROC_DATE,JURIS,COLLISION_DATE,COLLISION_TIME,OFFICER_ID,REPORTING_DISTRICT,DAY_OF_WEEK,CHP_SHIFT,POPULATION,CNTY_CITY_LOC,SPECIAL_COND,BEAT_TYPE,CHP_BEAT_TYPE,CITY_DIVISION_LAPD,CHP_BEAT_CLASS,BEAT_NUMBER,PRIMARY_RD,SECONDARY_RD,DISTANCE,DIRECTION,INTERSECTION,WEATHER_1,WEATHER_2,STATE_HWY_IND,CALTRANS_COUNTY,CALTRANS_DISTRICT,STATE_ROUTE,ROUTE_SUFFIX,POSTMILE_PREFIX,POSTMILE,LOCATION_TYPE,RAMP_INTERSECTION,SIDE_OF_HWY,TOW_AWAY,COLLISION_SEVERITY,NUMBER_KILLED,NUMBER_INJURED,PARTY_COUNT,PRIMARY_COLL_FACTOR,PCF_CODE_OF_VIOL,PCF_VIOL_CATEGORY,PCF_VIOLATION,PCF_VIOL_SUBSECTION,HIT_AND_RUN,TYPE_OF_COLLISION,MVIW,PED_ACTION,ROAD_SURFACE,ROAD_COND_1,ROAD_COND_2,LIGHTING,CONTROL_DEVICE,CHP_ROAD_TYPE,PEDESTRIAN_ACCIDENT,BICYCLE_ACCIDENT,MOTORCYCLE_ACCIDENT,TRUCK_ACCIDENT,NOT_PRIVATE_PROPERTY,ALCOHOL_INVOLVED,STWD_VEHTYPE_AT_FAULT,CHP_VEHTYPE_AT_FAULT,COUNT_SEVERE_INJ,COUNT_VISIBLE_INJ,COUNT_COMPLAINT_PAIN,COUNT_PED_KILLED,COUNT_PED_INJURED,COUNT_BICYCLIST_KILLED,COUNT_BICYCLIST_INJURED,COUNT_MC_KILLED,COUNT_MC_INJURED,PRIMARY_RAMP,SECONDARY_RAMP,LATITUDE,LONGITUDE,COUNTY,CITY,POINT_X,POINT_Y
6379225,2014,2014-06-16,1941,2014-02-14,1406,10053,901T,5,5,7,1941,0,0,0,NA,0,NA,REDONDO AV,4TH ST,0,NA,Y,A,-,N,NA,NA,NA,NA,NA,NA,NA,NA,NA,Y,4,0,1,3,A,-,12,21453,A,N,D,C,A,A,H,-,A,A,0,NA,NA,NA,NA,Y,NA,A,NA,0,0,1,0,0,0,0,0,0,-,-,NA,NA,LOS ANGELES,LONG BEACH,-118.15243006,33.771700010000004
6379229,2014,2014-06-16,1941,2014-02-13,1830,6059,901T,4,5,7,1941,0,0,0,NA,0,NA,WARDLOW RD,GUNDRY AV,4,E,N,A,-,N,NA,NA,NA,NA,NA,NA,NA,NA,NA,Y,4,0,1,2,A,-,09,21801,A,N,D,C,A,A,H,-,C,D,0,NA,NA,Y,NA,Y,NA,A,NA,0,0,1,0,0,0,0,0,1,-,-,NA,NA,LOS ANGELES,LONG BEACH,-118.17414686,33.81892
6379233,2014,2014-06-16,1941,2014-02-13,1620,5615,NA,4,5,7,1941,0,0,0,NA,0,NA,LONG BEACH BL,45TH ST,0,NA,Y,A,-,N,NA,NA,NA,NA,NA,NA,NA,NA,NA,N,4,0,2,2,A,-,02,22400,A,N,C,C,A,A,H,-,A,D,0,NA,NA,NA,NA,Y,NA,A,NA,0,0,2,0,0,0,0,0,0,-,-,NA,NA,LOS ANGELES,LONG BEACH,-118.19105002,33.83910005
6379237,2014,2014-06-23,1941,2014-02-09,1230,10013,901T,7,5,7,1941,0,0,0,NA,0,NA,NORWALK BL,WARDLOW RD,0,NA,Y,A,-,N,NA,NA,NA,NA,NA,NA,NA,NA,NA,Y,4,0,1,2,A,-,12,21453,A,N,D,C,A,A,H,-,A,A,0,NA,NA,NA,NA,Y,NA,A,NA,0,0,1,0,0,0,0,0,0,-,-,NA,NA,LOS ANGELES,LONG BEACH,-118.07181013,33.8176101
6379241,2014,2014-06-17,1941,2014-02-12,0700,10571,901T,3,5,7,1941,0,0,0,NA,0,NA,VISTA ST,TEMPLE AV,26,E,N,A,-,N,NA,NA,NA,NA,NA,NA,NA,NA,NA,N,4,0,1,2,A,-,08,22107,NA,N,G,B,B,A,H,-,B,A,0,Y,NA,NA,NA,Y,NA,D,NA,0,0,1,0,1,0,0,0,0,-,-,NA,NA,LOS ANGELES,LONG BEACH,-118.15886463,33.76603961
6379249,2014,2014-06-24,1941,2014-02-15,0014,5572,NA,6,5,7,1941,0,0,0,NA,0,018,SPRING ST,STUDEBAKER RD,0,NA,Y,-,-,N,NA,NA,NA,NA,NA,NA,NA,NA,NA,Y,3,0,1,1,A,-,01,23152,A,N,E,I,A,-,-,-,-,A,0,NA,NA,NA,NA,Y,Y,-,NA,0,1,0,0,0,0,0,0,0,-,-,NA,NA,LOS ANGELES,LONG BEACH,-118.09941011,33.81066001
6379253,2014,2014-06-17,1941,2014-02-03,1742,5183,NA,1,5,7,1941,0,0,0,NA,0,NA,CLARK AV,LEW DAVIS ST,0,NA,Y,A,-,N,NA,NA,NA,NA,NA,NA,NA,NA,NA,Y,4,0,1,3,A,-,03,22350,NA,N,C,C,A,A,H,-,A,A,0,NA,NA,NA,NA,Y,NA,A,NA,0,0,1,0,0,0,0,0,0,-,-,NA,NA,LOS ANGELES,LONG BEACH,-118.13386004,33.82997009
6379257,2014,2014-06-16,1941,2014-02-09,1224,10545,NA,7,5,7,1941,0,0,0,NA,0,NA,10TH ST,MAGNOLIA,4,W,N,A,-,N,NA,NA,NA,NA,NA,NA,NA,NA,NA,N,4,0,1,2,A,-,08,22107,NA,F,D,C,A,A,H,-,A,A,0,NA,NA,NA,NA,Y,NA,A,NA,0,0,1,0,0,0,0,0,0,-,-,NA,NA,LOS ANGELES,LONG BEACH,-118.19805313,33.77898038
6379272,2014,2014-06-16,9525,2014-02-07,0720,014762,NA,5,1,9,1900,0,3,5,NA,2,002,SUNFLOWER AV,CALORA ST,120,S,N,B,-,N,NA,NA,NA,NA,NA,NA,NA,NA,NA,Y,4,0,1,2,A,-,21,22106,NA,N,B,C,A,A,H,-,A,D,0,NA,NA,NA,NA,Y,NA,A,07,0,0,1,0,0,0,0,0,0,-,-,34.10461,-117.84646,LOS ANGELES,UNINCORPORATED,-117.84638,34.10449105
6379276,2014,2014-06-16,9525,2014-02-11,0730,13274,NA,2,1,6,1955,0,1,1,NA,2,108,RT 10,KELLOGG DR,1584,W,N,A,-,Y,NA,NA,NA,NA,NA,NA,NA,NA,NA,Y,3,0,1,1,A,-,03,22350,NA,N,F,A,A,A,H,-,A,D,0,NA,NA,Y,NA,Y,NA,C,02,0,1,0,0,0,0,0,0,1,-,-,34.06366,-117.82311,LOS ANGELES,POMONA,-117.81721875,34.06359385
6379280,2014,2016-03-21,9525,2014-02-11,1410,13274,NA,2,2,6,1955,0,1,1,NA,2,109,RT 10,TOWNE AV,528,E,N,A,-,Y,LA,7,10,-,-,46.51,H,-,W,Y,4,0,2,2,A,-,07,21658,A,N,B,C,A,A,H,-,A,D,1,NA,NA,NA,NA,Y,NA,A,01,0,0,2,0,0,0,0,0,0,-,-,34.07893,-117.74004,LOS ANGELES,POMONA,-117.74006281,34.07895988
6379282,2014,2015-01-30,1941,2014-02-08,1423,10573,NA,6,5,7,1941,0,0,0,NA,0,NA,WALNUT AV,67TH ST,0,NA,Y,A,-,N,NA,NA,NA,NA,NA,NA,NA,NA,NA,Y,4,0,1,2,A,-,12,22450,NA,N,D,D,A,A,H,-,A,D,0,NA,NA,NA,NA,Y,NA,A,NA,0,0,1,0,0,0,0,0,0,-,-,NA,NA,LOS ANGELES,LONG BEACH,-118.17307005,33.87644005
6379302,2014,2015-01-30,1941,2014-02-14,1616,10015,NA,5,5,7,1941,0,0,0,NA,0,NA,21ST ST,PACIFIC AV,0,NA,Y,A,-,N,NA,NA,NA,NA,NA,NA,NA,NA,NA,N,4,0,1,2,A,-,10,21950,A,N,G,B,B,A,H,-,A,A,0,Y,NA,NA,NA,Y,NA,A,NA,0,0,1,0,1,0,0,0,0,-,-,NA,NA,LOS ANGELES,LONG BEACH,-118.19377012,33.79530011
6379404,2014,2016-03-11,9525,2014-02-11,2311,20632,NA,2,3,5,1990,0,1,3,NA,2,604,RT 60,PHILLIPS RANCH RD,2640,W,N,A,-,Y,LA,7,60,-,R,27.44,H,-,E,Y,4,0,1,2,A,-,03,22350,NA,N,C,C,A,A,H,-,C,D,1,NA,NA,NA,NA,Y,NA,A,01,0,0,1,0,0,0,0,0,0,-,-,34.02573,-117.7771,LOS ANGELES,DIAMOND BAR,-117.7809748,34.0258223
6379602,2014,2014-06-16,1942,2014-02-12,1915,39021,1998,3,5,7,1942,0,0,0,NA,0,9T55,ROSCOE BL,HAZELTINE AV,150,E,N,A,-,N,NA,NA,NA,NA,NA,NA,NA,NA,NA,N,4,0,1,4,A,-,07,21658,A,N,B,E,E,A,H,-,C,A,0,Y,NA,NA,NA,Y,NA,A,01,0,0,1,0,1,0,0,0,0,-,-,NA,NA,LOS ANGELES,LOS ANGELES,-118.43993474,34.22162256
6379606,2014,2014-06-25,1942,2014-02-12,1800,37304,1729,3,5,7,1942,0,0,0,Q,0,19TL73,BALBOA AV,INDEX ST,440,N,N,A,-,N,NA,NA,NA,NA,NA,NA,NA,NA,NA,N,4,0,1,2,A,-,05,21651,A,N,B,C,A,A,H,-,B,D,0,NA,NA,NA,NA,Y,NA,-,-,0,0,1,0,0,0,0,0,0,-,-,NA,NA,LOS ANGELES,LOS ANGELES,-118.50217,34.27683694
6379614,2014,2014-06-16,1942,2014-02-11,1240,26736,1077,2,5,7,1942,0,0,0,J,0,35M27,HART ST,BIANCA AV,40,W,N,A,-,N,NA,NA,NA,NA,NA,NA,NA,NA,NA,N,4,0,1,2,C,-,18,NA,NA,N,G,B,E,A,H,-,A,D,0,Y,NA,NA,NA,Y,NA,-,-,0,0,1,0,1,0,0,0,0,-,-,NA,NA,LOS ANGELES,LOS ANGELES,-118.51329204,34.19751122
6379622,2014,2014-06-16,1942,2014-02-04,1800,38321,0923,2,5,7,1942,0,0,0,I,0,9XL74,VAN NUYS BL,VANOWEN ST,0,NA,Y,A,-,N,NA,NA,NA,NA,NA,NA,NA,NA,NA,Y,3,0,1,2,A,-,09,21801,A,N,D,C,A,A,H,-,C,A,0,NA,NA,NA,NA,Y,NA,D,22,0,1,0,0,0,0,0,0,0,-,-,NA,NA,LOS ANGELES,LOS ANGELES,-118.44874001,34.19391008
6379626,2014,2014-06-16,1942,2014-02-09,1500,41296,0935,7,5,7,1942,0,0,0,I,0,9U1,HAZELTINE AV,CALVERT ST,60,N,N,A,-,N,NA,NA,NA,NA,NA,NA,NA,NA,NA,Y,4,0,1,3,A,-,21,22106,NA,N,D,C,A,A,H,-,B,D,0,NA,NA,NA,NA,Y,NA,A,01,0,0,1,0,0,0,0,0,0,-,-,NA,NA,LOS ANGELES,LOS ANGELES,-118.4399731,34.18228455
6379634,2014,2014-06-16,1942,2014-02-07,0635,40567,0981,5,5,7,1942,0,0,0,I,0,10TL37,VENTURA BL,SEPULVEDA BL,160,W,N,A,-,N,NA,NA,NA,NA,NA,NA,NA,NA,NA,Y,4,0,1,3,A,-,04,21703,NA,N,C,C,A,B,H,-,A,A,0,NA,NA,NA,NA,Y,NA,D,22,0,0,1,0,0,0,0,0,0,-,-,NA,NA,LOS ANGELES,LOS ANGELES,-118.46671935,34.15390869
6379654,2014,2014-06-16,1942,2014-02-07,1935,31652,1021,5,5,7,1942,0,0,0,J,0,19T73,TAMPA AV,VICTORY BL,357,N,N,A,-,N,NA,NA,NA,NA,NA,NA,NA,NA,NA,Y,4,0,1,2,A,-,01,23152,A,N,C,C,A,A,H,-,C,A,0,NA,NA,NA,NA,Y,Y,D,22,0,0,1,0,0,0,0,0,0,-,-,NA,NA,LOS ANGELES,LOS ANGELES,-118.55348883,34.18754931
6379658,2014,2014-06-16,1942,2014-02-12,1420,38356,1089,3,5,7,1942,0,0,0,J,0,16TL28,VENTURA BL,HASKELL AV,0,NA,Y,A,-,N,NA,NA,NA,NA,NA,NA,NA,NA,NA,Y,4,0,3,2,A,-,01,23152,A,N,D,C,A,A,H,-,A,A,0,NA,NA,NA,NA,Y,Y,A,01,0,0,3,0,0,0,0,0,0,-,-,NA,NA,LOS ANGELES,LOS ANGELES,-118.47491006,34.15518009
6379669,2014,2014-06-11,1942,2014-02-12,1245,35481,1934,3,5,7,1942,0,0,0,NA,0,21TL62,RINALDI ST,SEPULVEDA BL,72,W,N,A,-,N,NA,NA,NA,NA,NA,NA,NA,NA,NA,Y,4,0,1,2,A,-,09,21801,A,N,D,C,A,A,H,-,A,D,0,NA,NA,NA,NA,Y,NA,D,22,0,0,1,0,0,0,0,0,0,-,-,NA,NA,LOS ANGELES,LOS ANGELES,-118.46902791,34.27909
6379671,2014,2014-06-03,1900,2014-01-31,0800,488379,2113,5,5,5,1943,0,0,0,NA,0,212T4,ABBOTT RD,ROSEWOOD AV,0,NA,Y,A,-,N,NA,NA,NA,NA,NA,NA,NA,NA,NA,N,4,0,2,2,A,-,03,22350,NA,N,C,C,A,A,H,-,A,D,0,NA,NA,NA,NA,Y,NA,I,NA,0,0,2,0,0,0,0,0,0,-,-,NA,NA,LOS ANGELES,LYNWOOD,-118.18456004,33.93413009
6379673,2014,2014-06-16,1942,2014-02-12,0855,36257,1998,3,5,7,1942,0,0,0,NA,0,21TL63,LANARK ST,VAN NUYS BL,0,NA,Y,A,-,N,NA,NA,NA,NA,NA,NA,NA,NA,NA,N,4,0,2,2,A,-,12,21453,A,N,D,C,A,A,H,-,A,A,0,NA,NA,NA,NA,Y,NA,A,07,0,0,2,0,0,0,0,0,0,-,-,NA,NA,LOS ANGELES,LOS ANGELES,-118.44876002,34.21796003
6379851,2014,2016-01-19,9590,2014-02-10,0850,17586,NA,1,1,7,1942,0,1,2,NA,2,042,RT 101,1ST ST,300,N,N,A,-,Y,LA,7,101,-,S,0.97,H,-,N,Y,4,0,1,3,A,-,07,21658,A,N,B,C,A,A,H,-,A,D,1,NA,NA,Y,NA,Y,NA,A,01,0,0,1,0,0,0,0,0,1,-,-,34.04986,-118.22254,LOS ANGELES,LOS ANGELES,-118.22174334,34.04835528
6379867,2014,2016-01-19,9590,2014-02-07,1749,20652,NA,5,2,7,1942,0,1,2,NA,2,071,RT 101,FIGUEROA ST,50,S,N,A,-,Y,LA,7,101,-,-,1.44,H,-,S,Y,4,0,2,3,A,-,03,22350,NA,N,C,C,A,A,H,-,B,D,1,NA,NA,NA,NA,Y,NA,A,07,0,0,2,0,0,0,0,0,0,-,-,34.06033,-118.24605,LOS ANGELES,LOS ANGELES,-118.2472913,34.06072318
6379868,2014,2015-11-10,9590,2014-01-31,1915,20081,NA,5,2,7,1942,0,1,1,NA,2,050,RT 110,43RD ST,75,N,N,A,-,Y,LA,7,110,-,-,19.15,H,-,N,Y,3,0,1,2,A,-,01,23152,A,N,C,C,A,A,H,-,C,D,1,NA,NA,NA,NA,Y,Y,A,01,0,1,0,0,0,0,0,0,0,-,-,34.00486,-118.28101,LOS ANGELES,LOS ANGELES,-118.28096278,34.00629242
6379888,2014,2016-03-05,9590,2014-01-22,1415,16692,NA,3,2,7,1942,0,1,1,NA,2,052,RT 110,WILSHIRE BL,275,N,N,A,-,Y,LA,7,110,-,-,22.716,R,2,N,Y,4,0,2,3,A,-,03,22350,NA,N,C,C,A,A,H,-,A,D,1,NA,NA,Y,NA,Y,NA,D,22,0,0,2,0,0,0,0,0,1,-,-,34.05518,-118.26029,LOS ANGELES,LOS ANGELES,-118.26037412,34.05161651
6379891,2014,2015-11-10,9590,2014-01-31,1836,20659,NA,5,2,7,1942,0,1,1,NA,2,053,RT 110,8TH ST,5,S,N,A,-,Y,LA,7,110,-,-,22.44,H,-,S,Y,4,0,1,3,A,-,03,22350,NA,N,C,C,A,A,H,-,B,D,1,NA,NA,NA,NA,Y,NA,D,22,0,0,1,0,0,0,0,0,0,-,-,34.04916,-118.26461,LOS ANGELES,LOS ANGELES,-118.2643689,34.04938543
6379895,2014,2015-11-13,9590,2014-02-06,1730,20409,NA,4,2,7,1942,0,1,1,NA,2,084,RT 5,LOS FELIZ BL,80,N,N,C,-,Y,LA,7,5,-,-,24.35,H,-,N,N,4,0,1,2,A,-,07,21658,A,N,B,C,A,B,H,-,C,D,1,NA,NA,NA,Y,Y,NA,F,26,0,0,1,0,0,0,0,0,0,-,-,34.12541,-118.27417,LOS ANGELES,LOS ANGELES,-118.27122195,34.12083886
6379906,2014,2016-05-11,9590,2014-02-13,0940,11420,NA,4,1,7,1942,0,1,1,NA,2,060,RT 10,REDONDO BL,250,W,N,A,-,Y,LA,7,10,-,R,10.07,H,-,E,Y,4,0,1,2,A,-,07,21658,A,N,B,C,A,A,H,-,A,D,1,NA,NA,NA,Y,Y,NA,A,01,0,0,1,0,0,0,0,0,0,-,-,34.0335,-118.3002,LOS ANGELES,LOS ANGELES,-118.3568412,34.03383985
6379937,2014,2015-12-28,9590,2014-02-04,0100,20677,NA,2,3,7,1942,0,1,3,NA,2,031,RT 60,LORENA ST,4,E,N,A,-,Y,LA,7,60,-,R,1.726,R,1,W,N,4,0,1,2,A,-,03,22350,NA,F,C,C,A,A,H,-,C,A,1,NA,NA,NA,NA,Y,NA,D,22,0,0,1,0,0,0,0,0,0,TO,-,34.03084,-118.19915,LOS ANGELES,LOS ANGELES,-118.19583411,34.03050531
6379945,2014,2016-03-04,9580,2014-02-10,0732,19483,NA,1,1,7,1942,0,1,3,NA,2,116,RT 118,RT 405,900,W,N,A,-,Y,LA,7,118,-,R,9.64,H,-,E,Y,3,0,2,4,A,-,03,22350,NA,N,C,C,A,A,H,-,A,D,1,NA,NA,NA,NA,Y,NA,D,22,0,2,0,0,0,0,0,0,0,-,-,34.26584,-118.47623,LOS ANGELES,LOS ANGELES,-118.47497355,34.26589777
6379953,2014,2016-03-26,9580,2014-02-08,1250,019679,NA,6,1,7,1942,0,1,2,NA,2,105,RT 101,RESEDA BL,1584,N,N,A,-,Y,LA,7,101,-,-,21.57,H,-,S,Y,4,0,4,4,A,-,03,22350,NA,N,C,C,A,A,H,-,A,D,1,NA,NA,NA,Y,Y,NA,F,26,0,0,4,0,0,0,0,0,0,-,-,34.1732,-118.5424,LOS ANGELES,LOS ANGELES,-118.541376,34.17326869
6379957,2014,2016-03-26,9580,2014-02-08,1205,19483,NA,6,1,7,1942,0,1,2,NA,2,103,RT 101,VAN NUYS BL,80,N,N,B,-,Y,LA,7,101,-,-,16.038,R,2,S,N,4,0,1,2,A,-,03,22350,NA,N,C,C,A,A,H,-,A,D,1,NA,NA,NA,Y,Y,NA,F,26,0,0,1,0,0,0,0,0,0,TO,-,34.15702,-118.45,LOS ANGELES,LOS ANGELES,-118.45051722,34.15733733
6379969,2014,2014-06-14,9580,2014-02-06,1545,19319,NA,4,2,9,1900,0,1,3,NA,1,270,RT 27,SANTA MARIA RD,130,N,N,C,-,Y,NA,NA,27,NA,NA,NA,NA,NA,NA,Y,4,0,1,2,A,-,08,22107,NA,N,B,C,A,B,H,-,A,D,0,NA,NA,NA,NA,Y,NA,D,22,0,0,1,0,0,0,0,0,0,-,-,34.1232,-118.59135,LOS ANGELES,UNINCORPORATED,-118.59136274,34.12322327
6379973,2014,2016-01-19,9580,2014-02-04,0827,14900,NA,2,1,7,1942,0,1,2,NA,2,103,RT 101,VAN NUYS BL,405,S,N,B,-,Y,LA,7,101,-,-,15.8,H,-,S,N,4,0,1,3,A,-,03,22350,NA,N,C,C,A,A,H,-,A,D,1,NA,NA,NA,NA,Y,NA,D,22,0,0,1,0,0,0,0,0,0,-,-,34.15594,-118.44674,LOS ANGELES,LOS ANGELES,-118.44679725,34.1560699
6379977,2014,2016-03-26,9580,2014-02-04,0738,14900,NA,2,1,7,1942,0,1,2,NA,2,105,RT 101,WHITE OAK AV,1647,N,N,B,-,Y,LA,7,101,-,-,20.56,H,-,S,N,4,0,1,2,A,-,03,22350,NA,N,C,C,A,A,H,-,A,D,1,NA,NA,NA,NA,Y,NA,D,22,0,0,1,0,0,0,0,0,0,-,-,34.171,-118.52038,LOS ANGELES,LOS ANGELES,-118.52421303,34.17109278
6380004,2014,2015-11-10,9590,2014-02-13,0532,16642,NA,4,3,7,1942,0,1,1,NA,2,052,RT 110,VENICE BL,25,N,N,A,-,Y,LA,7,110,-,-,21.5,H,-,N,Y,3,0,2,3,A,-,01,23152,A,N,E,I,A,A,H,-,D,D,1,NA,NA,NA,Y,Y,Y,A,01,0,1,1,0,0,0,0,0,0,-,-,34.04084,-118.27351,LOS ANGELES,LOS ANGELES,-118.27372724,34.03938225
6380007,2014,2015-11-10,9590,2014-02-07,0909,18733,NA,5,1,7,1942,0,1,1,NA,2,052,RT 110,RT 10,230,S,N,B,-,Y,LA,7,110,-,-,21.4,H,-,N,Y,4,0,1,3,A,-,03,22350,NA,N,B,C,A,A,H,-,A,D,1,NA,NA,Y,Y,Y,NA,C,02,0,0,1,0,0,0,0,0,0,-,-,34.03742,-118.27384,LOS ANGELES,LOS ANGELES,-118.27393727,34.0379132
6380019,2014,2016-01-19,9590,2014-01-26,0239,20443,NA,7,3,7,1942,0,1,2,NA,2,043,RT 101,77TH ST,20,N,N,A,-,Y,LA,7,101,-,S,0.03,H,-,S,N,4,0,1,2,A,-,-,NA,NA,F,C,C,A,A,H,-,A,D,1,NA,NA,NA,NA,Y,NA,I,10,0,0,1,0,0,0,0,0,0,-,-,34.00314,-118.21857,LOS ANGELES,LOS ANGELES,-118.2216098,34.03482773
6380027,2014,2015-11-07,9590,2014-01-25,1030,19008,NA,6,1,7,1942,0,1,2,NA,2,073,RT 101,GOWER ST,200,S,N,B,-,Y,LA,7,101,-,-,6.87,H,-,S,N,4,0,1,2,A,-,03,22350,NA,N,C,C,A,A,H,-,A,D,1,NA,NA,NA,NA,Y,NA,D,22,0,0,1,0,0,0,0,0,0,-,-,34.10425,-118.32199,LOS ANGELES,LOS ANGELES,-118.3216778,34.10422854
6380047,2014,2015-11-10,9590,2014-02-10,0735,16642,NA,1,1,7,1942,0,1,1,NA,2,052,RT 110,BEAUDRY AV,0,S,N,A,-,Y,LA,7,110,-,-,23.58,R,2,N,Y,3,0,1,2,A,-,07,21658,A,F,B,C,A,A,H,-,A,D,1,NA,NA,Y,Y,Y,NA,C,02,0,1,0,0,0,0,0,0,1,TO,-,34.06393,-118.24929,LOS ANGELES,LOS ANGELES,-118.25033057,34.0611985
6380055,2014,2015-11-19,9590,2014-01-27,0600,13179,NA,1,1,7,1942,0,1,1,NA,2,063,RT 10,HOOVER ST,200,E,N,A,-,Y,LA,7,10,-,-,14.28,H,-,W,Y,4,0,1,3,A,-,07,21658,A,F,B,C,A,A,H,-,C,D,1,NA,NA,NA,NA,Y,NA,D,22,0,0,1,0,0,0,0,0,0,-,-,34.03767,-118.28221,LOS ANGELES,LOS ANGELES,-118.28379354,34.0372641
6380064,2014,2014-06-16,1900,2014-02-12,1437,407758,1122,3,5,6,1992,0,0,0,NA,0,111M1,SIERRA HWY,AVENUE I,0,NA,Y,A,-,N,NA,NA,NA,NA,NA,NA,NA,NA,NA,Y,4,0,2,2,A,-,09,21801,A,N,D,C,A,A,H,-,A,A,0,NA,NA,NA,NA,Y,NA,D,22,0,0,2,0,0,0,0,0,0,-,-,NA,NA,LOS ANGELES,LANCASTER,-118.13785011,34.70393004
6380070,2014,2016-01-21,9590,2014-02-07,1310,20662,NA,5,1,7,1942,0,1,1,NA,2,040,RT 5,BOYLE AV,110,S,N,A,-,Y,LA,7,5,-,-,16.496,R,2,N,Y,4,0,1,2,A,-,07,21658,A,N,B,C,A,A,H,-,A,D,1,NA,NA,NA,Y,Y,NA,A,01,0,0,1,0,0,0,0,0,0,-,-,34.03267,-118.21947,LOS ANGELES,LOS ANGELES,-118.21619875,34.02997091
6380072,2014,2014-06-16,1900,2014-02-13,1515,531568,1137,4,5,6,1992,0,0,0,NA,0,112T1,30TH ST E,AVENUE J,210,S,N,A,-,N,NA,NA,NA,NA,NA,NA,NA,NA,NA,N,3,0,2,3,A,-,03,22350,NA,N,C,C,A,A,H,-,A,D,0,NA,NA,NA,NA,Y,NA,A,01,0,1,1,0,0,0,0,0,0,-,-,NA,NA,LOS ANGELES,LANCASTER,-118.07704,34.68925423
6380081,2014,2014-06-16,1900,2014-02-12,1137,528232,1133,3,5,6,1992,0,0,0,NA,0,112T1,AVENUE K,SIERRA HWY,24,E,N,A,-,N,NA,NA,NA,NA,NA,NA,NA,NA,NA,N,4,0,2,2,A,-,04,21703,NA,N,C,C,A,A,H,-,A,A,0,NA,NA,NA,NA,Y,NA,D,22,0,0,2,0,0,0,0,0,0,-,-,NA,NA,LOS ANGELES,LANCASTER,-118.13287035,34.67498
6380089,2014,2014-06-12,1900,2014-02-14,0752,437401,1122,5,5,6,1992,0,0,0,NA,0,111M5,AVENUE J,FIG AV,0,NA,Y,A,-,N,NA,NA,NA,NA,NA,NA,NA,NA,NA,Y,3,0,1,2,A,-,12,21453,A,N,D,C,A,A,H,-,A,A,0,NA,NA,NA,NA,Y,NA,D,NA,0,1,0,0,0,0,0,0,0,-,-,NA,NA,LOS ANGELES,LANCASTER,-118.14201008,34.68945002
6380097,2014,2014-06-14,1900,2014-02-05,1650,442237,1126,3,5,6,1992,0,0,0,NA,0,111T1,AVENUE K,18TH ST WEST,151,W,N,A,-,N,NA,NA,NA,NA,NA,NA,NA,NA,NA,Y,3,0,2,3,A,-,03,22350,NA,N,C,C,A,A,H,-,A,D,0,NA,NA,NA,NA,Y,NA,D,22,0,1,1,0,0,0,0,0,0,-,-,NA,NA,LOS ANGELES,LANCASTER,-118.16396116,34.67500202
6380267,2014,2014-06-17,1928,2014-02-17,1359,352,514,1,5,5,1928,0,0,0,NA,0,0H4,INGLEWOOD AV,136TH ST,33,S,N,A,-,N,NA,NA,NA,NA,NA,NA,NA,NA,NA,N,3,0,1,3,A,-,01,23153,A,N,G,B,E,A,H,-,A,-,0,Y,NA,NA,NA,Y,Y,D,22,0,1,0,0,1,0,0,0,0,-,-,NA,NA,LOS ANGELES,HAWTHORNE,-118.36129,33.90882949
6380286,2014,2014-06-03,1900,2014-01-16,1825,521389,0334,4,5,4,1939,0,0,0,NA,0,35T1,PRAIRIE AV,MANHATTAN BEACH BL,30,S,N,A,-,N,NA,NA,NA,NA,NA,NA,NA,NA,NA,N,4,0,1,3,A,-,04,21703,NA,N,C,C,A,A,H,-,C,D,0,NA,NA,NA,NA,Y,NA,A,01,0,0,1,0,0,0,0,0,0,-,-,NA,NA,LOS ANGELES,LAWNDALE,-118.34383,33.88730772
6380332,2014,2014-06-09,1922,2014-01-13,0820,539,NA,1,5,6,1922,0,0,0,NA,0,032,RAMONA,LEXINGTON,3,E,N,A,-,N,NA,NA,NA,NA,NA,NA,NA,NA,NA,N,4,0,1,2,A,-,10,21950,A,N,G,B,B,A,H,-,A,D,0,Y,NA,NA,NA,Y,NA,H,13,0,0,1,0,1,0,0,0,0,-,-,NA,NA,LOS ANGELES,EL MONTE,-118.03944012,34.07201
6380372,2014,2014-06-24,1965,2014-02-16,1823,3339,OBID,7,5,5,1965,0,0,0,NA,0,001,SANTA MONICA PIER,WEST END PIER RAMP,45,E,N,A,-,N,NA,NA,NA,NA,NA,NA,NA,NA,NA,N,2,0,1,3,A,-,01,23152,A,F,A,G,A,A,E,-,B,D,0,NA,Y,NA,NA,Y,Y,D,22,1,0,0,0,0,0,1,0,0,-,-,NA,NA,LOS ANGELES,SANTA MONICA,NA,NA