CASE_ID,ACCIDENT_YEAR,PROC_DATE,JURIS,COLLISION_DATE,COLLISION_TIME,OFFICER_ID,REPORTING_DISTRICT,DAY_OF_WEEK,CHP_SHIFT,POPULATION,CNTY_CITY_LOC,SPECIAL_COND,BEAT_TYPE,CHP_BEAT_TYPE,CITY_DIVISION_LAPD,CHP_BEAT_CLASS,BEAT_NUMBER,PRIMARY_RD,SECONDARY_RD,DISTANCE,DIRECTION,INTERSECTION,WEATHER_1,WEATHER_2,STATE_HWY_IND,CALTRANS_COUNTY,CALTRANS_DISTRICT,STATE_ROUTE,ROUTE_SUFFIX,POSTMILE_PREFIX,POSTMILE,LOCATION_TYPE,RAMP_INTERSECTION,SIDE_OF_HWY,TOW_AWAY,COLLISION_SEVERITY,NUMBER_KILLED,NUMBER_INJURED,PARTY_COUNT,PRIMARY_COLL_FACTOR,PCF_CODE_OF_VIOL,PCF_VIOL_CATEGORY,PCF_VIOLATION,PCF_VIOL_SUBSECTION,HIT_AND_RUN,TYPE_OF_COLLISION,MVIW,PED_ACTION,ROAD_SURFACE,ROAD_COND_1,ROAD_COND_2,LIGHTING,CONTROL_DEVICE,CHP_ROAD_TYPE,PEDESTRIAN_ACCIDENT,BICYCLE_ACCIDENT,MOTORCYCLE_ACCIDENT,TRUCK_ACCIDENT,NOT_PRIVATE_PROPERTY,ALCOHOL_INVOLVED,STWD_VEHTYPE_AT_FAULT,CHP_VEHTYPE_AT_FAULT,COUNT_SEVERE_INJ,COUNT_VISIBLE_INJ,COUNT_COMPLAINT_PAIN,COUNT_PED_KILLED,COUNT_PED_INJURED,COUNT_BICYCLIST_KILLED,COUNT_BICYCLIST_INJURED,COUNT_MC_KILLED,COUNT_MC_INJURED,PRIMARY_RAMP,SECONDARY_RAMP,LATITUDE,LONGITUDE,COUNTY,CITY,POINT_X,POINT_Y
6385633,2014,2016-01-19,9580,2014-02-07,0955,17386,NA,5,1,7,1942,0,1,2,NA,2,105,RT 101,CANOGA AV,528,N,N,B,-,Y,LA,7,101,-,-,24.97,H,-,S,Y,4,0,1,3,A,-,03,22350,NA,N,C,C,A,A,H,-,A,D,1,NA,NA,NA,NA,Y,NA,A,01,0,0,1,0,0,0,0,0,0,-,-,34.16926,-118.59722,LOS ANGELES,LOS ANGELES,-118.5993407,34.16964864
6385645,2014,2016-03-26,9580,2014-02-11,1246,14900,NA,2,1,3,1989,0,1,2,NA,2,107,RT 101,LOST HILLS RD,1200,S,N,A,-,Y,LA,7,101,-,-,31.68,H,-,S,Y,4,0,1,2,A,-,08,22107,NA,N,D,C,A,A,H,-,A,A,1,NA,NA,NA,NA,Y,NA,D,22,0,0,1,0,0,0,0,0,0,-,-,34.14241,-118.70617,LOS ANGELES,CALABASAS,-118.70609179,34.14237245
6385647,2014,2014-06-17,1955,2014-02-09,0413,40921,0058,7,5,6,1955,0,0,0,NA,0,001,MISSION BL,SORRENTO DR,743,E,N,A,-,N,NA,NA,NA,NA,NA,NA,NA,NA,NA,Y,2,0,1,1,A,-,08,22107,NA,N,E,I,A,A,H,-,C,A,0,NA,NA,NA,NA,Y,NA,D,22,1,0,0,0,0,0,0,0,0,-,-,NA,NA,LOS ANGELES,POMONA,-117.79498489,34.04956837
6385649,2014,2015-08-12,9580,2014-02-14,1335,019851,NA,5,1,9,1900,0,2,4,NA,1,127,LAS VIRGENES RD,MULHOLLAND HWY,1056,S,N,A,-,N,NA,NA,NA,NA,NA,NA,NA,NA,NA,Y,4,0,1,2,A,-,03,22350,NA,N,C,C,A,A,H,-,A,D,0,NA,NA,NA,NA,Y,NA,D,22,0,0,1,0,0,0,0,0,0,-,-,34.10232,-118.711,LOS ANGELES,UNINCORPORATED,-118.71109,34.10106145
6385666,2014,2014-06-19,1976,2014-02-13,0929,864,NA,4,5,3,1964,0,0,0,NA,0,003,EXCELSIOR DR,SPRING AV,0,NA,Y,A,-,N,NA,NA,NA,NA,NA,NA,NA,NA,NA,N,4,0,1,2,A,-,09,21801,A,N,D,C,A,A,H,-,A,D,0,NA,NA,NA,Y,Y,NA,F,26,0,0,1,0,0,0,0,0,0,-,-,NA,NA,LOS ANGELES,SANTA FE SPRINGS,-118.04075007,33.89520003
6385764,2014,2014-06-06,9540,2014-01-24,0545,018513,NA,5,3,9,1900,0,2,4,NA,2,081,THE OLD RD,VALENCIA BL,0,NA,Y,A,-,N,NA,NA,NA,NA,NA,NA,NA,NA,NA,Y,3,0,1,3,A,-,12,21453,A,N,D,C,A,A,H,-,C,A,0,NA,NA,NA,NA,Y,NA,A,01,0,1,0,0,0,0,0,0,0,-,-,34.40759,-118.57963,LOS ANGELES,UNINCORPORATED,-118.57985009,34.40755009
6385768,2014,2015-12-29,9540,2014-01-25,1145,018513,NA,6,1,7,1942,0,1,1,NA,1,405,RT 405,RINALDI,2640,S,N,A,-,Y,LA,7,405,-,-,47.22,H,-,S,Y,3,0,1,1,A,-,08,22107,NA,N,E,I,A,A,H,-,A,D,1,NA,NA,NA,NA,Y,NA,A,01,0,1,0,0,0,0,0,0,0,-,-,34.27118,-118.4721,LOS ANGELES,LOS ANGELES,-118.47221782,34.27137582
6385772,2014,2014-06-06,9540,2014-01-31,1630,019332,NA,5,2,9,1900,0,1,3,NA,1,144,RT 14,SAND CANYON RD,100,S,N,A,-,Y,NA,NA,NA,NA,NA,NA,NA,NA,NA,Y,4,0,1,3,A,-,03,22350,NA,N,C,C,A,A,H,-,A,D,0,NA,NA,NA,NA,Y,NA,A,01,0,0,1,0,0,0,0,0,0,-,-,NA,NA,LOS ANGELES,UNINCORPORATED,-118.4239027,34.42518194
6385776,2014,2015-12-29,9540,2014-01-29,0808,018037,NA,3,1,7,1942,0,1,1,NA,1,405,RT 405,SAN FERNANDO MISSION BL,730,S,N,A,-,Y,LA,7,405,-,-,47.1,H,-,S,Y,4,0,3,2,A,-,03,22350,NA,N,C,C,A,A,H,-,A,D,1,NA,NA,NA,NA,Y,NA,A,01,0,0,3,0,0,0,0,0,0,-,-,34.26942,-118.47237,LOS ANGELES,LOS ANGELES,-118.47225265,34.26963533
6385780,2014,2015-12-30,9540,2014-01-30,0703,017983,NA,4,1,9,1900,0,1,3,NA,1,145,RT 14,LOST CANYON RD,360,S,N,B,-,Y,LA,7,14,-,-,32.46,H,-,S,Y,4,0,1,2,A,-,07,21658,A,N,B,C,A,A,H,-,A,D,1,NA,NA,Y,NA,Y,NA,A,01,0,0,1,0,0,0,0,0,1,-,-,34.14797,-118.43984,LOS ANGELES,UNINCORPORATED,-118.4384315,34.41847191
6385784,2014,2014-06-07,9540,2014-01-25,2210,019545,NA,6,3,9,1900,0,2,4,NA,2,010,THE OLD RD,CAL GROVE BL,563,S,N,A,-,N,NA,NA,NA,NA,NA,NA,NA,NA,NA,Y,3,0,1,1,A,-,08,22107,NA,N,E,I,A,A,H,-,C,D,0,NA,NA,NA,NA,Y,NA,A,01,0,1,0,0,0,0,0,0,0,-,-,34.35934,-118.55542,LOS ANGELES,UNINCORPORATED,-118.55612432,34.36044551
6385788,2014,2015-08-12,9540,2014-01-28,1615,17181,NA,2,2,9,1900,0,2,4,NA,1,204,BOUQUET CANYON RD,BIG OAKS LODGE,100,S,N,A,-,N,NA,NA,NA,NA,NA,NA,NA,NA,NA,Y,4,0,1,1,A,-,08,22107,NA,N,E,I,A,A,H,-,A,D,0,NA,NA,Y,NA,Y,NA,C,02,0,0,1,0,0,0,0,0,1,-,-,34.54697,-118.43395,LOS ANGELES,UNINCORPORATED,-118.433685,34.547318
6385792,2014,2015-12-28,9540,2014-01-11,1617,019816,NA,6,2,7,1942,0,1,1,NA,1,502,RT 5,BALBOA BL,1458,N,N,A,-,Y,LA,7,5,-,R,44.71,H,-,N,Y,3,0,1,1,A,-,03,22350,NA,N,F,A,A,A,H,-,A,D,1,NA,NA,Y,NA,Y,NA,C,02,0,1,0,0,0,0,0,0,1,-,-,34.32741,-118.50463,LOS ANGELES,LOS ANGELES,-118.50017504,34.32334141
6385796,2014,2015-08-12,9540,2014-01-21,1638,019298,NA,2,2,9,1900,0,3,5,NA,2,100,STEVENSON RANCH PKWY,THE OLD RD,20,E,N,A,-,N,NA,NA,NA,NA,NA,NA,NA,NA,NA,Y,4,0,1,2,A,-,21,22106,NA,N,C,C,A,A,H,-,A,A,0,NA,NA,NA,NA,Y,NA,A,01,0,0,1,0,0,0,0,0,0,-,-,34.39349,-118.57443,LOS ANGELES,UNINCORPORATED,-118.57452382,34.39346
6385797,2014,2015-08-12,1942,2014-01-26,1150,39317,1864,7,5,7,1942,0,0,0,R,0,5TL210,IMPERIAL HWY,CENTRAL AV,500,W,N,A,-,N,NA,NA,NA,NA,NA,NA,NA,NA,NA,Y,4,0,1,2,A,-,03,22350,NA,N,B,C,A,A,H,-,A,D,0,NA,NA,NA,NA,Y,NA,A,01,0,0,1,0,0,0,0,0,0,-,-,NA,NA,LOS ANGELES,LOS ANGELES,-118.25587481,33.92946862
6385801,2014,2014-06-06,1942,2014-01-31,1820,39762,1273,5,5,7,1942,0,0,0,L,0,375,VAN NESS AV,89TH ST,265,S,N,A,-,N,NA,NA,NA,NA,NA,NA,NA,NA,NA,Y,4,0,1,2,A,-,03,22350,NA,N,C,C,A,A,H,-,C,A,0,NA,NA,NA,NA,Y,Y,A,01,0,0,1,0,0,0,0,0,0,-,-,NA,NA,LOS ANGELES,LOS ANGELES,-118.31774,33.9556132
6385805,2014,2014-06-06,1942,2014-01-30,1550,40152,1251,4,5,7,1942,0,0,0,L,0,3TL57,FLORENCE AV,8TH AV,0,NA,Y,A,-,N,NA,NA,NA,NA,NA,NA,NA,NA,NA,N,4,0,1,3,A,-,09,21801,A,N,D,C,A,A,H,-,A,A,0,NA,NA,NA,NA,Y,NA,A,07,0,0,1,0,0,0,0,0,0,-,-,NA,NA,LOS ANGELES,LOS ANGELES,-118.3265201,33.97455003
6385809,2014,2014-06-06,1942,2014-01-31,1550,40152,1255,5,5,7,1942,0,0,0,L,0,3TL57,74TH ST,DENKER AV,0,NA,Y,A,-,N,NA,NA,NA,NA,NA,NA,NA,NA,NA,Y,4,0,2,2,A,-,12,22450,A,N,D,C,A,A,H,-,A,A,0,NA,NA,NA,NA,Y,NA,A,01,0,0,2,0,0,0,0,0,0,-,-,NA,NA,LOS ANGELES,LOS ANGELES,-118.30463006,33.97277003
6385813,2014,2014-06-06,1942,2014-01-30,1930,36379,NA,4,5,7,1942,0,0,0,NA,0,12T41,HOOVER,78TH ST,15,S,N,A,-,N,NA,NA,NA,NA,NA,NA,NA,NA,NA,N,3,0,1,2,A,-,11,21950,B,N,B,B,E,A,H,-,C,D,0,Y,NA,NA,NA,Y,Y,A,01,0,1,0,0,1,0,0,0,0,-,-,NA,NA,LOS ANGELES,LOS ANGELES,-118.28713,33.96874886
6385817,2014,2014-06-25,1942,2014-01-30,0730,38633,0332,4,5,7,1942,0,0,0,C,0,18T23,SAN PEDRO ST,MANCHESTER AV,0,NA,Y,A,-,N,NA,NA,NA,NA,NA,NA,NA,NA,NA,N,4,0,1,2,A,-,12,21453,A,F,D,G,A,A,H,-,A,A,0,NA,Y,NA,NA,Y,NA,-,99,0,0,1,0,0,0,1,0,0,-,-,NA,NA,LOS ANGELES,LOS ANGELES,-118.26950003,33.960110040000004
6385821,2014,2014-06-24,1965,2014-01-17,1247,3178,B1L,5,5,5,1965,0,0,0,NA,0,B001,OCEAN AV,BROADWAY,4,N,N,A,-,N,NA,NA,NA,NA,NA,NA,NA,NA,NA,N,3,0,1,2,A,-,03,22350,NA,N,G,B,B,A,-,-,A,A,0,Y,NA,NA,NA,Y,NA,A,01,0,1,0,0,1,0,0,0,0,-,-,NA,NA,LOS ANGELES,SANTA MONICA,-118.49649923,34.01272783
6385825,2014,2015-03-09,1965,2014-01-30,1730,3158,0B1K,4,5,5,1965,0,0,0,NA,0,B001,2ND ST,2ND ST 1400 BLK,0,NA,N,A,-,N,NA,NA,NA,NA,NA,NA,NA,NA,NA,N,4,0,1,2,D,-,00,NA,NA,F,-,B,E,A,H,-,B,A,0,Y,NA,NA,NA,Y,NA,-,-,0,0,1,0,1,0,0,0,0,-,-,NA,NA,LOS ANGELES,SANTA MONICA,NA,NA
6385832,2014,2015-12-29,9540,2014-01-31,1550,019298,NA,5,2,9,1900,0,1,1,NA,2,507,RT 5,CALGROVE BL,300,N,N,A,-,Y,LA,7,5,-,R,49.13,H,-,S,Y,4,0,1,1,A,-,08,22107,NA,N,E,I,A,A,H,-,A,D,1,NA,NA,NA,NA,Y,NA,A,01,0,0,1,0,0,0,0,0,0,-,-,34.36295,-118.55567,LOS ANGELES,UNINCORPORATED,-118.55573972,34.36342997
6385836,2014,2014-06-07,9540,2014-01-18,0900,018454,NA,6,1,9,1900,0,2,4,NA,1,104,SAN FRANCISQUITO CANYON RD,STATOR LN,1056,N,N,A,-,N,NA,NA,NA,NA,NA,NA,NA,NA,NA,Y,4,0,3,1,A,-,08,22107,NA,N,E,I,A,A,H,-,A,D,0,NA,NA,NA,NA,Y,NA,A,01,0,0,3,0,0,0,0,0,0,-,-,34.53726,-118.52579,LOS ANGELES,UNINCORPORATED,-118.527277,34.53916829
6385839,2014,2014-06-06,1941,2014-01-21,1605,6317,NA,2,5,7,1941,0,0,0,NA,0,NA,PACIFIC COAST HWY,ROSE AV,0,NA,Y,A,-,N,NA,NA,NA,NA,NA,NA,NA,NA,NA,Y,4,0,4,2,A,-,08,22107,NA,N,D,C,A,A,H,-,A,A,0,NA,NA,NA,NA,Y,NA,A,NA,0,0,4,0,0,0,0,0,0,-,-,NA,NA,LOS ANGELES,LONG BEACH,-118.16986001,33.78986003
6385840,2014,2015-12-28,9540,2014-02-04,0705,014902,NA,2,1,9,1900,0,1,1,NA,1,503,RT 5,WELDON CANYON,126,N,N,A,-,Y,LA,7,5,-,R,46.6,H,-,S,Y,4,0,1,2,A,-,03,22350,NA,N,C,C,A,A,H,-,A,D,1,NA,NA,NA,NA,Y,NA,A,01,0,0,1,0,0,0,0,0,0,-,-,34.20456,-118.31838,LOS ANGELES,UNINCORPORATED,-118.52330471,34.3409673
6385876,2014,2015-03-27,1941,2014-01-31,0958,10229,NA,5,5,7,1941,0,0,0,NA,0,NA,7TH ST,CHERRY AV,0,NA,Y,A,-,N,NA,NA,NA,NA,NA,NA,NA,NA,NA,Y,4,0,5,3,A,-,04,21703,NA,N,C,C,A,A,H,-,A,A,0,NA,NA,NA,NA,Y,NA,A,NA,0,0,5,0,0,0,0,0,0,-,-,NA,NA,LOS ANGELES,LONG BEACH,-118.16767004,33.77535
6385924,2014,2014-06-18,1965,2014-02-04,2236,3610,0B1F,2,5,5,1965,0,0,0,NA,0,001,PICO BL,MAIN ST,0,NA,Y,A,-,N,NA,NA,NA,NA,NA,NA,NA,NA,NA,N,4,0,1,2,A,-,03,22350,NA,N,C,C,A,A,H,-,C,A,0,NA,NA,NA,NA,Y,NA,A,01,0,0,1,0,0,0,0,0,0,-,-,NA,NA,LOS ANGELES,SANTA MONICA,-118.48971002,34.00794003
6385928,2014,2014-06-18,1965,2014-02-04,0835,3764,0B1F,2,5,5,1965,0,0,0,NA,0,B001,MAIN ST,BICKNELL AV,90,N,N,A,-,N,NA,NA,NA,NA,NA,NA,NA,NA,NA,N,4,0,1,2,A,-,03,22350,NA,N,C,C,A,A,H,-,A,D,0,NA,NA,NA,NA,Y,NA,A,07,0,0,1,0,0,0,0,0,0,-,-,NA,NA,LOS ANGELES,SANTA MONICA,-118.48839826,34.0065907
6385932,2014,2014-06-18,1965,2014-02-04,0924,3641,02BA,2,5,5,1965,0,0,0,NA,0,B002,PIER  ST,LINCOLN BL,2,E,N,A,-,N,NA,NA,NA,NA,NA,NA,NA,NA,NA,N,4,0,1,2,A,-,09,21801,A,N,D,G,A,A,H,-,A,D,0,NA,Y,NA,NA,Y,NA,A,01,0,0,1,0,0,0,1,0,0,-,-,NA,NA,LOS ANGELES,SANTA MONICA,-118.47261,34.00418
6385958,2014,2014-06-18,1941,2014-02-08,1436,10017,NA,6,5,7,1941,0,0,0,NA,0,NA,3RD ST,POLEQB1651,15,E,N,A,-,N,NA,NA,NA,NA,NA,NA,NA,NA,NA,N,3,0,1,2,A,-,-,NA,NA,N,B,G,A,A,H,-,A,D,0,NA,Y,NA,NA,Y,NA,L,NA,0,1,0,0,0,0,1,0,0,-,-,NA,NA,LOS ANGELES,LONG BEACH,NA,NA
6385962,2014,2014-06-24,1941,2014-02-08,1728,6184,NA,6,5,7,1941,0,0,0,NA,0,NA,10TH ST,HOFFMAN AV,70,W,N,A,-,N,NA,NA,NA,NA,NA,NA,NA,NA,NA,Y,3,0,1,2,A,-,11,21954,A,N,G,B,D,A,H,-,A,A,0,Y,NA,NA,NA,Y,NA,N,NA,0,1,0,0,1,0,0,0,0,-,-,NA,NA,LOS ANGELES,LONG BEACH,-118.17388988,33.779
6385966,2014,2014-06-18,1941,2014-02-08,1557,10562,NA,6,5,7,1941,0,0,0,NA,0,NA,CALIFORNIA AV,ANDREWS DR,0,NA,Y,A,-,N,NA,NA,NA,NA,NA,NA,NA,NA,NA,N,4,0,1,2,A,-,05,21650,1,N,G,G,A,A,H,-,A,D,0,NA,Y,NA,NA,Y,NA,L,NA,0,0,1,0,0,0,1,0,0,-,-,NA,NA,LOS ANGELES,LONG BEACH,-118.18066001,33.83631011
6385967,2014,2014-06-18,1942,2014-02-03,1650,36571,1273,1,5,7,1942,0,0,0,L,0,12T73,MANCHESTER BL,WESTERN AV,350,W,N,A,-,N,NA,NA,NA,NA,NA,NA,NA,NA,NA,Y,4,0,3,2,A,-,09,21801,B,N,D,C,A,A,H,-,A,D,0,NA,NA,NA,NA,Y,NA,A,01,0,0,3,0,0,0,0,0,0,-,-,NA,NA,LOS ANGELES,LOS ANGELES,-118.31016188,33.95996
6385970,2014,2014-06-18,1941,2014-02-09,0805,10042,NA,7,5,7,1941,0,0,0,NA,0,NA,SPRING ST,BELLFLOWER BL,0,NA,Y,A,-,N,NA,NA,NA,NA,NA,NA,NA,NA,NA,Y,4,0,1,3,A,-,12,21453,A,N,D,C,A,A,H,-,A,A,0,NA,NA,NA,NA,Y,NA,A,NA,0,0,1,0,0,0,0,0,0,-,-,NA,NA,LOS ANGELES,LONG BEACH,-118.12533001,33.81060004
6385971,2014,2014-06-18,1942,2014-02-08,0650,39028,1255,6,5,7,1942,0,0,0,L,0,12TL41,74TH ST,NORMANDIE AV,0,NA,Y,A,-,N,NA,NA,NA,NA,NA,NA,NA,NA,NA,Y,4,0,1,2,A,-,01,23152,A,N,D,C,A,A,H,-,A,A,0,NA,NA,NA,NA,Y,Y,A,01,0,0,1,0,0,0,0,0,0,-,-,NA,NA,LOS ANGELES,LOS ANGELES,-118.30031012,33.9727701
6385974,2014,2014-06-24,1941,2014-02-09,1650,5989,NA,7,5,7,1941,0,0,0,NA,0,NA,GAVIOTA AV,17TH ST,0,NA,Y,A,-,N,NA,NA,NA,NA,NA,NA,NA,NA,NA,N,2,0,1,2,A,-,-,NA,NA,N,D,G,A,A,H,-,B,D,0,NA,Y,NA,NA,Y,NA,L,NA,1,0,0,0,0,0,1,0,0,-,-,NA,NA,LOS ANGELES,LONG BEACH,-118.17094013,33.78807003
6385975,2014,2014-06-18,1942,2014-02-08,1700,40440,1253,6,5,7,1942,0,0,0,L,0,12T73,FLORENCE AV,CIMARRON ST,60,W,N,A,-,N,NA,NA,NA,NA,NA,NA,NA,NA,NA,Y,3,0,3,1,A,-,01,23152,A,N,E,I,A,A,H,-,A,D,0,NA,NA,NA,NA,Y,Y,A,08,0,2,1,0,0,0,0,0,0,-,-,NA,NA,LOS ANGELES,LOS ANGELES,-118.31609752,33.9746
6385978,2014,2014-06-18,1941,2014-02-10,0437,10130,NA,1,5,7,1941,0,0,0,NA,0,NA,BELLFLOWER,CONANT ST,27,N,N,A,-,N,NA,NA,NA,NA,NA,NA,NA,NA,NA,Y,4,0,1,2,A,-,03,22350,NA,N,C,C,A,A,H,-,A,A,0,NA,NA,NA,NA,Y,NA,A,NA,0,0,1,0,0,0,0,0,0,-,-,NA,NA,LOS ANGELES,LONG BEACH,-118.12545,33.82506
6385979,2014,2014-06-18,1942,2014-02-02,1550,36738,1258,7,5,7,1942,0,0,0,L,0,3T57,SAN PEDRO ST,FLORENCE AV,80,S,N,B,-,N,NA,NA,NA,NA,NA,NA,NA,NA,NA,N,3,0,1,2,A,-,03,22350,NA,F,D,G,A,A,H,-,A,D,0,NA,Y,NA,NA,Y,Y,L,04,0,1,0,0,0,0,1,0,0,-,-,NA,NA,LOS ANGELES,LOS ANGELES,-118.26957,33.9744706
6385982,2014,2014-06-18,1941,2014-02-11,0535,6319,NA,2,5,7,1941,0,0,0,NA,0,NA,ALAMITOS,BROADWAY,0,NA,Y,A,-,N,NA,NA,NA,NA,NA,NA,NA,NA,NA,Y,4,0,1,2,A,-,03,22350,NA,N,C,C,A,A,H,-,C,A,0,NA,NA,NA,NA,Y,NA,A,NA,0,0,1,0,0,0,0,0,0,-,-,NA,NA,LOS ANGELES,LONG BEACH,-118.18208011,33.76916011
6385983,2014,2014-06-18,1942,2014-02-01,1130,36911,1205,6,5,7,1942,0,0,0,L,0,5T21,NORMANDIE AV,48TH ST,0,NA,Y,A,-,N,NA,NA,NA,NA,NA,NA,NA,NA,NA,Y,4,0,2,3,A,-,09,21801,A,N,A,C,A,A,H,-,A,D,0,NA,NA,NA,NA,Y,NA,A,07,0,0,2,0,0,0,0,0,0,-,-,NA,NA,LOS ANGELES,LOS ANGELES,-118.30019,34.00008008
6385986,2014,2014-06-18,1941,2014-02-10,1333,5048,NA,1,5,7,1941,0,0,0,NA,0,NA,ANAHEIM ST,WALNUT AV,20,E,N,A,-,N,NA,NA,NA,NA,NA,NA,NA,NA,NA,N,4,0,3,3,A,-,04,21703,NA,N,C,C,A,A,H,-,A,A,0,NA,NA,NA,NA,Y,NA,A,NA,0,0,3,0,0,0,0,0,0,-,-,NA,NA,LOS ANGELES,LONG BEACH,-118.17193432,33.78261
6385987,2014,2014-06-18,1965,2014-02-11,1915,3158,0B2A,2,5,5,1965,0,0,0,NA,0,B002,3RD ST,BEACH ST,0,NA,Y,E,-,N,NA,NA,NA,NA,NA,NA,NA,NA,NA,N,4,0,1,2,A,-,10,21950,A,F,G,B,B,A,H,-,C,A,0,Y,NA,NA,NA,Y,NA,A,07,0,0,1,0,1,0,0,0,0,-,-,NA,NA,LOS ANGELES,SANTA MONICA,-118.48209012,34.00294005
6385990,2014,2014-06-18,1941,2014-02-02,0839,10045,NA,7,5,7,1941,0,0,0,NA,0,NA,SPRING ST,BELLFLOWER BL,0,NA,Y,B,-,N,NA,NA,NA,NA,NA,NA,NA,NA,NA,Y,4,0,3,2,A,-,09,21453,C,N,D,C,A,A,H,-,A,A,0,NA,NA,NA,NA,Y,NA,A,NA,0,0,3,0,0,0,0,0,0,-,-,NA,NA,LOS ANGELES,LONG BEACH,-118.12533001,33.81060004
6385991,2014,2014-06-18,1965,2014-02-10,1234,3693,0B3A,1,5,5,1965,0,0,0,NA,0,B003,23RD ST,ARIZONA AV,0,NA,Y,A,-,N,NA,NA,NA,NA,NA,NA,NA,NA,NA,Y,4,0,1,2,A,-,09,21800,A,N,D,C,A,A,H,-,A,D,0,NA,NA,NA,NA,Y,NA,A,01,0,0,1,0,0,0,0,0,0,-,-,NA,NA,LOS ANGELES,SANTA MONICA,-118.47913006,34.03204002
6385993,2014,2015-12-30,9540,2014-02-03,0605,018502,NA,1,1,9,1900,0,1,3,NA,2,147,RT 14,AGUA DULCE CYN RD,2112,N,N,A,-,Y,LA,7,14,-,-,40.24,H,-,S,Y,4,0,1,3,A,-,04,21703,NA,N,C,C,A,A,-,-,D,D,1,NA,NA,NA,NA,Y,NA,A,01,0,0,1,0,0,0,0,0,0,-,-,34.46923,-118.32134,LOS ANGELES,UNINCORPORATED,-118.32363591,34.46756913
6385994,2014,2014-06-18,1941,2014-02-06,1515,6209,NA,4,5,7,1941,0,0,0,NA,0,NA,ARTESIA,DOWNEY,5,W,N,B,C,N,NA,NA,NA,NA,NA,NA,NA,NA,NA,N,4,0,1,2,A,-,10,21952,NA,N,F,B,B,B,H,-,A,A,0,Y,NA,NA,NA,Y,NA,A,NA,0,0,1,0,1,0,0,0,0,-,-,NA,NA,LOS ANGELES,LONG BEACH,-118.15130644,33.87478
6385995,2014,2014-06-18,1965,2014-02-09,1412,3693,0B3E,7,5,5,1965,0,0,0,NA,0,B003,CLOVERFIELD BL,KANSAS AV,0,NA,Y,A,-,N,NA,NA,NA,NA,NA,NA,NA,NA,NA,Y,4,0,1,2,A,-,09,21801,A,N,D,C,A,A,H,-,A,D,0,NA,NA,NA,NA,Y,NA,A,01,0,0,1,0,0,0,0,0,0,-,-,NA,NA,LOS ANGELES,SANTA MONICA,-118.46639008,34.02208005
6385998,2014,2014-06-18,1941,2014-02-06,1743,5933,NA,4,5,7,1941,0,0,0,NA,0,NA,ANAHEIM,LONG BEACH BL,9,W,N,-,-,N,NA,NA,NA,NA,NA,NA,NA,NA,NA,N,4,0,1,2,A,-,05,21202,A,N,G,G,A,B,H,-,C,A,0,NA,Y,NA,NA,Y,NA,L,NA,0,0,1,0,0,0,1,0,0,-,-,NA,NA,LOS ANGELES,LONG BEACH,-118.18951956,33.78261
6385999,2014,2014-06-18,1965,2014-02-08,0430,3805,0B1O,6,5,5,1965,0,0,0,NA,0,A001,PACIFIC COAST HWY,MILE MARKER LA 36-60,440,N,N,A,-,N,NA,NA,NA,NA,NA,NA,NA,NA,NA,Y,4,0,1,2,A,-,07,21658,A,F,A,C,A,A,H,-,C,D,0,NA,NA,NA,NA,Y,NA,A,01,0,0,1,0,0,0,0,0,0,-,-,NA,NA,LOS ANGELES,SANTA MONICA,NA,NA
6386013,2014,2014-06-18,1942,2014-02-01,0830,38503,0376,6,5,7,1942,0,0,0,C,0,12T41,38TH PL,LA SALLE AV,35,E,N,A,-,N,NA,NA,NA,NA,NA,NA,NA,NA,NA,Y,3,0,1,2,A,-,03,22350,NA,N,C,E,A,A,H,-,A,D,0,NA,NA,NA,NA,Y,NA,A,01,0,1,0,0,0,0,0,0,0,-,-,NA,NA,LOS ANGELES,LOS ANGELES,-118.30554472,34.01644
6386017,2014,2014-06-18,1942,2014-02-01,1950,40152,0374,6,5,7,1942,0,0,0,C,0,18TL39,RODEO RD,ARLINGTON AV,6,E,N,A,-,N,NA,NA,NA,NA,NA,NA,NA,NA,NA,N,4,0,1,2,A,-,09,21801,A,N,D,C,A,A,H,-,C,D,0,NA,NA,NA,NA,Y,NA,A,01,0,0,1,0,0,0,0,0,0,-,-,NA,NA,LOS ANGELES,LOS ANGELES,-118.31817024,34.01826982
6386021,2014,2014-06-18,1942,2014-02-02,1540,40059,0376,7,5,7,1942,0,0,0,C,0,5T25,LA SALLE AV,38TH PL,0,NA,Y,B,-,N,NA,NA,NA,NA,NA,NA,NA,NA,NA,N,4,0,1,2,A,-,09,21802,A,N,D,C,A,A,H,-,A,A,0,NA,NA,NA,NA,Y,NA,A,01,0,0,1,0,0,0,0,0,0,-,-,NA,NA,LOS ANGELES,LOS ANGELES,-118.30566012,34.01644003
6386034,2014,2014-06-19,9535,2014-02-02,2115,20051,NA,7,2,9,1900,0,2,4,NA,2,024,WHITTIER BL,ATLANTIC BL,0,NA,Y,C,-,N,NA,NA,NA,NA,NA,NA,NA,NA,NA,Y,3,0,1,2,A,-,09,21801,A,N,D,C,A,B,H,-,C,A,0,NA,NA,NA,NA,Y,NA,A,01,0,1,0,0,0,0,0,0,0,-,-,34.02047,-118.15735,LOS ANGELES,UNINCORPORATED,-118.15729011,34.02041005