CASE_ID,ACCIDENT_YEAR,PROC_DATE,JURIS,COLLISION_DATE,COLLISION_TIME,OFFICER_ID,REPORTING_DISTRICT,DAY_OF_WEEK,CHP_SHIFT,POPULATION,CNTY_CITY_LOC,SPECIAL_COND,BEAT_TYPE,CHP_BEAT_TYPE,CITY_DIVISION_LAPD,CHP_BEAT_CLASS,BEAT_NUMBER,PRIMARY_RD,SECONDARY_RD,DISTANCE,DIRECTION,INTERSECTION,WEATHER_1,WEATHER_2,STATE_HWY_IND,CALTRANS_COUNTY,CALTRANS_DISTRICT,STATE_ROUTE,ROUTE_SUFFIX,POSTMILE_PREFIX,POSTMILE,LOCATION_TYPE,RAMP_INTERSECTION,SIDE_OF_HWY,TOW_AWAY,COLLISION_SEVERITY,NUMBER_KILLED,NUMBER_INJURED,PARTY_COUNT,PRIMARY_COLL_FACTOR,PCF_CODE_OF_VIOL,PCF_VIOL_CATEGORY,PCF_VIOLATION,PCF_VIOL_SUBSECTION,HIT_AND_RUN,TYPE_OF_COLLISION,MVIW,PED_ACTION,ROAD_SURFACE,ROAD_COND_1,ROAD_COND_2,LIGHTING,CONTROL_DEVICE,CHP_ROAD_TYPE,PEDESTRIAN_ACCIDENT,BICYCLE_ACCIDENT,MOTORCYCLE_ACCIDENT,TRUCK_ACCIDENT,NOT_PRIVATE_PROPERTY,ALCOHOL_INVOLVED,STWD_VEHTYPE_AT_FAULT,CHP_VEHTYPE_AT_FAULT,COUNT_SEVERE_INJ,COUNT_VISIBLE_INJ,COUNT_COMPLAINT_PAIN,COUNT_PED_KILLED,COUNT_PED_INJURED,COUNT_BICYCLIST_KILLED,COUNT_BICYCLIST_INJURED,COUNT_MC_KILLED,COUNT_MC_INJURED,PRIMARY_RAMP,SECONDARY_RAMP,LATITUDE,LONGITUDE,COUNTY,CITY,POINT_X,POINT_Y
6386038,2014,2016-02-06,9535,2014-02-08,0530,19363,NA,6,3,5,1906,0,1,1,NA,2,650,RT 605,RT 10,110,N,N,B,-,Y,LA,7,10,-,-,31.21,R,2,W,Y,4,0,1,1,A,-,01,23152,A,N,E,I,A,A,D,-,C,D,0,NA,NA,NA,NA,Y,Y,A,01,0,0,1,0,0,0,0,0,0,TO,-,34.06609,-117.99978,LOS ANGELES,BALDWIN PARK,-117.99914879,34.06528812
6386040,2014,2016-02-20,9575,2014-01-10,1520,19824,NA,5,2,7,1942,0,1,3,NA,2,044,RT 134,CAHUENGA BL,600,E,N,A,-,Y,LA,7,134,-,-,1.09,H,-,W,N,4,0,1,3,A,-,03,22350,NA,M,C,C,A,A,H,-,A,D,1,NA,NA,NA,NA,Y,NA,D,22,0,0,1,0,0,0,0,0,0,-,-,34.15313,-118.35751,LOS ANGELES,LOS ANGELES,-118.35767295,34.15313631
6386042,2014,2015-12-28,9535,2014-02-04,2140,19839,NA,2,2,6,1922,0,1,1,NA,2,400,RT 10,RT 605,100,W,N,A,-,Y,LA,7,10,-,-,30.97,H,-,E,Y,3,0,2,2,A,-,08,22107,NA,N,E,I,A,A,H,-,D,D,1,NA,NA,NA,NA,Y,NA,A,07,0,1,1,0,0,0,0,0,0,TO,-,34.352,-118.0724,LOS ANGELES,EL MONTE,-118.00332334,34.0645659
6386046,2014,2015-11-13,9535,2014-02-10,1530,14473,NA,1,2,5,1943,0,1,1,NA,2,074,RT 710,IMPERIAL HWY,1600,S,N,A,-,Y,LA,7,710,-,R,16.56,H,-,N,Y,4,0,1,2,A,-,03,22350,NA,N,C,C,A,A,H,-,A,D,1,NA,NA,Y,NA,Y,NA,C,02,0,0,1,0,0,0,0,0,1,-,-,33.92333,-118.17788,LOS ANGELES,LYNWOOD,-118.17763611,33.92524912
6386047,2014,2014-07-02,1942,2014-02-19,0700,39317,1249,3,5,7,1942,0,0,0,L,0,12TL41,FLOWER ST,GAGE AV,0,NA,Y,A,-,N,NA,NA,NA,NA,NA,NA,NA,NA,NA,N,4,0,2,2,A,-,03,22350,NA,N,B,C,A,A,H,-,A,A,0,NA,NA,NA,NA,Y,NA,D,22,0,0,2,0,0,0,0,0,0,-,-,NA,NA,LOS ANGELES,LOS ANGELES,-118.28111004,33.98238005
6386050,2014,2016-02-04,9535,2014-02-07,1046,17802,NA,5,1,5,1952,0,1,1,NA,2,104,RT 105,GARFIELD AV,10,W,N,A,-,Y,LA,7,105,-,R,13.608,R,1,E,Y,3,0,3,2,A,-,03,22350,NA,N,C,C,A,A,H,-,A,A,7,NA,NA,NA,NA,Y,NA,A,07,0,1,2,0,0,0,0,0,0,TO,-,33.9105,-118.16912,LOS ANGELES,PARAMOUNT,-118.17775986,33.91190755
6386054,2014,2015-12-28,9535,2014-02-13,1540,19306,NA,4,2,9,1900,0,1,1,NA,2,420,RT 10,HERBERT AV,1400,W,N,A,-,Y,LA,7,10,-,-,19.95,H,-,E,N,4,0,1,3,A,-,03,22350,NA,N,C,C,A,A,H,-,A,D,1,NA,NA,NA,NA,Y,NA,A,01,0,0,1,0,0,0,0,0,0,-,-,34.0561,-118.1836,LOS ANGELES,UNINCORPORATED,-118.18770289,34.05518927
6386058,2014,2015-11-17,9535,2014-02-14,1125,19090,NA,5,1,4,1907,0,1,1,NA,2,073,RT 710,GAGE AV,300,N,N,A,-,Y,LA,7,710,-,-,20.33,H,-,S,Y,4,0,1,2,A,-,07,21658,A,M,E,I,A,A,H,-,A,D,1,NA,NA,NA,NA,Y,NA,A,01,0,0,1,0,0,0,0,0,0,-,-,33.979,-118.1672,LOS ANGELES,BELL,-118.16756233,33.97683504
6386062,2014,2016-01-25,9535,2014-02-12,1603,19626,NA,3,2,9,1900,0,1,1,NA,2,071,RT 710,RT 60,200,S,N,A,-,Y,LA,7,710,-,-,24.59,H,-,S,Y,4,0,4,2,A,-,07,21658,A,N,B,C,A,A,D,-,A,D,1,NA,NA,NA,NA,Y,NA,A,01,0,0,4,0,0,0,0,0,0,-,-,34.03462,-118.17022,LOS ANGELES,UNINCORPORATED,-118.17017232,34.03505651
6386066,2014,2016-03-09,9535,2014-02-08,1650,18655,NA,6,2,3,1914,0,1,1,NA,2,501,RT 5,TRIGGS ST,1720,N,N,A,-,Y,LA,7,5,-,-,13.25,H,-,S,Y,4,0,1,3,A,-,03,22350,NA,N,C,C,A,A,H,-,A,D,1,NA,NA,NA,NA,Y,NA,A,01,0,0,1,0,0,0,0,0,0,-,-,34.00135,-118.16226,LOS ANGELES,COMMERCE,-118.16478166,34.01284579
6386091,2014,2014-06-06,9530,2014-01-30,1145,20427,NA,4,1,9,1900,0,3,5,NA,2,001,ALAMEDA ST,NADEAU ST,200,S,N,B,-,N,NA,NA,NA,NA,NA,NA,NA,NA,NA,N,4,0,1,2,A,-,03,22350,NA,N,C,C,A,A,H,-,A,D,0,NA,NA,NA,NA,Y,NA,D,22,0,0,1,0,0,0,0,0,0,-,-,33.96668,-118.23278,LOS ANGELES,UNINCORPORATED,-118.23309805,33.96691101
6386097,2014,2014-06-04,9575,2014-01-10,0955,16543,NA,5,1,9,1900,0,1,3,NA,2,081,ROSEMEAD BL,HUNTINGTON DR,125,S,N,A,-,N,NA,NA,NA,NA,NA,NA,NA,NA,NA,N,4,0,2,3,A,-,09,21804,A,N,B,C,A,A,H,-,A,D,0,NA,NA,NA,NA,Y,NA,D,22,0,0,2,0,0,0,0,0,0,-,-,34.12983,-118.073,LOS ANGELES,UNINCORPORATED,-118.0733,34.12993726
6386105,2014,2016-02-20,9575,2014-01-10,1727,19824,NA,5,2,7,1942,0,1,3,NA,2,043,RT 134,RT 5,550,E,N,A,-,Y,LA,7,134,-,R,5.17,H,-,W,Y,3,0,2,4,A,-,03,22350,NA,N,C,C,A,A,H,-,C,D,1,NA,NA,NA,NA,Y,NA,A,01,0,1,1,0,0,0,0,0,0,-,-,34.15527,-118.28769,LOS ANGELES,LOS ANGELES,-118.28764032,34.15524685
6386108,2014,2016-02-12,9530,2014-01-26,1305,19338,NA,7,1,5,1915,0,1,3,NA,2,310,RT 91,WILMINGTON AV,300,E,N,A,-,Y,LA,7,91,-,R,9.1,H,-,W,Y,4,0,1,2,A,-,03,22350,NA,N,C,C,A,A,H,-,A,D,1,NA,NA,NA,NA,Y,NA,A,08,0,0,1,0,0,0,0,0,0,-,-,33.87393,-118.23346,LOS ANGELES,COMPTON,-118.23714635,33.87378843
6386113,2014,2016-01-08,9575,2014-01-23,1650,19824,NA,4,2,5,1902,0,1,1,NA,2,065,RT 210,BALDWIN AV,200,E,N,A,-,Y,LA,7,210,-,R,30.88,H,-,W,Y,4,0,3,3,A,-,07,21658,A,N,B,C,A,A,H,-,B,D,1,NA,NA,NA,NA,Y,NA,A,01,0,0,3,0,0,0,0,0,0,-,-,34.14898,-118.04596,LOS ANGELES,ARCADIA,-118.04931839,34.14900568
6386118,2014,2014-06-04,9530,2014-01-29,0057,20699,NA,3,3,9,1900,0,3,5,NA,2,001,68TH ST,HOLMES AV,295,W,N,E,-,N,NA,NA,NA,NA,NA,NA,NA,NA,NA,Y,4,0,1,3,A,-,03,22350,NA,M,D,C,A,A,H,-,C,D,0,NA,NA,NA,NA,Y,NA,A,01,0,0,1,0,0,0,0,0,0,-,-,33.97802,-118.24124,LOS ANGELES,UNINCORPORATED,-118.24217107,33.97799582
6386126,2014,2014-06-04,9530,2014-01-20,1218,16193,NA,1,1,9,1900,0,3,5,NA,2,001,SANTA FE AV,POPLAR BL,0,NA,Y,A,-,N,NA,NA,NA,NA,NA,NA,NA,NA,NA,Y,4,0,1,3,A,-,09,21801,A,N,-,C,A,A,H,-,A,D,0,NA,NA,NA,NA,Y,NA,D,22,0,0,1,0,0,0,0,0,0,-,-,33.96111,-118.22788,LOS ANGELES,UNINCORPORATED,-118.22814007,33.96110009
6386134,2014,2016-01-25,9530,2014-01-28,0655,16606,NA,2,1,7,1941,0,1,1,NA,2,071,RT 710,ATLANTIC AV,500,S,N,E,-,Y,LA,7,710,-,-,13.53,H,-,S,Y,4,0,2,3,A,-,03,22350,NA,N,C,C,A,B,H,-,B,D,0,NA,NA,NA,NA,Y,NA,A,08,0,0,2,0,0,0,0,0,0,-,-,33.88189,-118.19168,LOS ANGELES,LONG BEACH,-118.19133898,33.88342382
6386136,2014,2016-01-25,9530,2014-01-23,1010,19448,NA,4,1,7,1941,0,1,1,NA,2,071,RT 710,DEL AMO BL,500,N,N,A,-,Y,LA,7,710,-,-,11.21,H,-,S,Y,4,0,1,2,A,-,07,21658,A,N,B,C,A,A,H,-,A,D,1,NA,NA,NA,Y,Y,NA,F,25,0,0,1,0,0,0,0,0,0,-,-,33.8522,-118.2048,LOS ANGELES,LONG BEACH,-118.20499037,33.85236732
6386142,2014,2014-06-23,1942,2014-01-27,1525,00001,NA,1,5,7,1942,0,0,0,NA,0,NA,FIGUEROA ST,218TH ST,170,N,N,A,-,N,NA,NA,NA,NA,NA,NA,NA,NA,NA,N,4,0,2,3,A,-,03,22350,NA,N,C,C,A,A,H,-,A,D,0,NA,NA,NA,Y,Y,NA,F,55,0,0,2,0,0,0,0,0,0,-,-,33.5055,-118.171,LOS ANGELES,LOS ANGELES,-118.28611087,33.83035624
6386146,2014,2016-03-18,9530,2014-01-27,1810,20300,NA,1,2,6,1972,0,1,1,NA,2,400,RT 405,WESTERN AV,750,N,N,A,-,Y,LA,7,405,-,-,14.57,H,-,S,Y,4,0,1,3,A,-,03,22350,NA,N,C,C,A,A,H,-,D,D,1,NA,NA,NA,Y,Y,NA,G,25,0,0,1,0,0,0,0,0,0,-,-,33.86106,-118.31522,LOS ANGELES,TORRANCE,-118.31181497,33.86014826
6386150,2014,2014-06-04,9530,2014-01-27,1400,13604,NA,1,2,9,1900,0,3,5,NA,2,001,WILMINGTON AV,60TH ST,22,N,N,A,-,N,NA,NA,NA,NA,NA,NA,NA,NA,NA,N,3,0,1,2,A,-,06,21750,NA,N,B,G,A,A,H,-,A,D,0,NA,Y,NA,NA,Y,NA,B,08,0,1,0,0,0,0,1,0,0,-,-,33.98567,-118.23911,LOS ANGELES,UNINCORPORATED,-118.23903,33.98568033
6386154,2014,2016-02-04,9530,2014-01-27,0735,20401,NA,1,1,9,1900,0,1,1,NA,2,210,RT 105,WILMINGTON AV,500,E,N,A,-,Y,LA,7,105,-,R,9.881,R,1,E,N,4,0,1,2,A,-,03,22350,NA,N,C,C,A,A,H,-,A,D,0,NA,NA,NA,NA,Y,NA,D,22,0,0,1,0,0,0,0,0,0,FR,-,NA,NA,LOS ANGELES,UNINCORPORATED,-118.23751064,33.92806186
6386183,2014,2015-01-29,1941,2014-02-18,2111,6257,NA,2,5,7,1941,0,0,0,NA,0,NA,HARBOR PLZ,PICO AV,158,E,N,A,-,N,NA,NA,NA,NA,NA,NA,NA,NA,NA,Y,2,0,1,1,A,-,-,NA,NA,N,F,I,A,A,H,-,C,D,0,NA,NA,NA,Y,Y,NA,G,NA,1,0,0,0,0,0,0,0,0,-,-,NA,NA,LOS ANGELES,LONG BEACH,-118.20359128,33.75591396
6386206,2014,2014-06-25,1900,2014-02-15,0847,512429,0523,6,5,4,1971,0,0,0,NA,0,52T1AM,LIVE OAK AV,KAUFFMAN AV,180,W,N,A,-,N,NA,NA,NA,NA,NA,NA,NA,NA,NA,N,4,0,1,2,A,-,05,21650,1,N,D,G,A,A,H,-,A,D,0,NA,Y,NA,NA,Y,NA,L,04,0,0,1,0,0,0,1,0,0,-,-,NA,NA,LOS ANGELES,TEMPLE CITY,-118.05793424,34.10337408
6386327,2014,2014-06-17,1942,2014-02-06,1330,32565,0645,4,5,7,1942,0,0,0,F,0,20TL56,LA BREA AV,SUNSET BL,221,S,N,C,-,N,NA,NA,NA,NA,NA,NA,NA,NA,NA,Y,3,0,2,2,A,-,07,21658,A,N,G,B,F,B,H,-,A,A,0,Y,NA,NA,NA,Y,NA,A,01,0,2,0,0,1,0,0,0,0,-,-,NA,NA,LOS ANGELES,LOS ANGELES,-118.42299,34.07988
6386331,2014,2014-06-17,1942,2014-02-05,2100,40157,0849,3,5,7,1942,0,0,0,H,0,8T35,PICO BL,HOLT AV,0,NA,Y,A,-,N,NA,NA,NA,NA,NA,NA,NA,NA,NA,N,2,0,1,2,A,-,11,21956,A,N,G,B,D,A,H,-,C,D,0,Y,NA,NA,NA,Y,Y,N,60,1,0,0,0,1,0,0,0,0,-,-,NA,NA,LOS ANGELES,LOS ANGELES,-118.37851012,34.05379012
6386339,2014,2014-06-17,1942,2014-02-07,1645,39993,0666,5,5,7,1942,0,0,0,F,0,14TL52,VINE ST,FOUNTAIN AV,45,S,N,B,-,N,NA,NA,NA,NA,NA,NA,NA,NA,NA,Y,4,0,1,2,A,-,01,23152,A,N,B,C,A,A,H,-,C,D,0,NA,NA,NA,NA,Y,NA,-,99,0,0,1,0,0,0,0,0,0,-,-,NA,NA,LOS ANGELES,LOS ANGELES,-118.32662229,34.0942466
6386388,2014,2014-06-17,1931,2014-02-01,0750,5285,1931,6,5,5,1931,0,0,0,NA,0,001,PACIFIC BL,CLARENDON AV,0,NA,Y,A,-,N,NA,NA,NA,NA,NA,NA,NA,NA,NA,N,3,0,1,2,D,-,00,NA,NA,N,D,G,A,A,H,-,A,A,0,NA,Y,NA,NA,Y,NA,-,-,0,1,0,0,0,0,1,0,0,-,-,NA,NA,LOS ANGELES,HUNTINGTON PARK,-118.22519009,33.98355009
6386392,2014,2014-06-17,1931,2014-02-08,1133,5281,1931,6,5,5,1931,0,0,0,NA,0,001,SLAUSON AV,SANTA FE AV,120,W,N,B,-,N,NA,NA,NA,NA,NA,NA,NA,NA,NA,N,4,0,1,2,A,-,08,22100,A,N,D,G,A,A,H,-,A,D,0,NA,Y,NA,NA,Y,NA,A,01,0,0,1,0,0,0,1,0,0,-,-,NA,NA,LOS ANGELES,HUNTINGTON PARK,-118.23071507,33.98921
6386396,2014,2014-06-20,1931,2014-02-09,1735,5595,1931,7,5,5,1931,0,0,0,NA,0,001,SLAUSON AV,MALABAR ST,0,NA,Y,A,-,N,NA,NA,NA,NA,NA,NA,NA,NA,NA,N,4,0,1,2,A,-,11,21456,B,N,G,B,B,A,H,-,B,A,0,Y,NA,NA,NA,Y,NA,N,60,0,0,1,0,1,0,0,0,0,-,-,NA,NA,LOS ANGELES,HUNTINGTON PARK,-118.22781012,33.98921001
6386400,2014,2014-06-17,1931,2014-02-12,0307,5261,1931,3,5,5,1931,0,0,0,NA,0,003,GAGE AV,MILES AV,0,NA,Y,A,-,N,NA,NA,NA,NA,NA,NA,NA,NA,NA,Y,4,0,1,2,A,-,12,21453,A,N,D,C,A,A,H,-,C,A,0,NA,NA,NA,NA,Y,Y,A,01,0,0,1,0,0,0,0,0,0,-,-,NA,NA,LOS ANGELES,HUNTINGTON PARK,-118.2191501,33.98162011
6386564,2014,2014-06-16,1942,2014-02-05,0545,32760,0625,3,5,7,1942,0,0,0,F,0,6A67,HIGHLAND AV,CAMROSE DR,20,N,N,A,-,N,NA,NA,NA,NA,NA,NA,NA,NA,NA,Y,4,0,1,2,A,-,03,22350,NA,N,C,C,A,A,H,-,C,A,0,NA,NA,NA,NA,Y,NA,A,01,0,0,1,0,0,0,0,0,0,-,-,NA,NA,LOS ANGELES,LOS ANGELES,-118.33708856,34.10828822
6386568,2014,2014-06-16,1942,2014-02-09,1630,25720,0638,7,5,7,1942,0,0,0,F,0,6A49,FRANKLIN AV,ARGYLE AV,0,NA,Y,A,-,N,NA,NA,NA,NA,NA,NA,NA,NA,NA,Y,4,0,2,2,A,-,09,21801,A,N,D,C,A,A,H,-,A,A,0,NA,NA,NA,NA,Y,NA,A,01,0,0,2,0,0,0,0,0,0,-,-,NA,NA,LOS ANGELES,LOS ANGELES,-118.32523006,34.10522007
6386569,2014,2015-11-16,9535,2014-02-18,1730,020683,NA,2,2,5,1947,0,1,3,NA,2,600,RT 60,MARKLAND DR,700,W,N,A,-,Y,LA,7,60,-,R,6.17,H,-,E,N,4,0,1,2,A,-,07,21658,A,N,B,C,A,A,H,-,A,D,1,NA,NA,Y,NA,Y,NA,A,01,0,0,1,0,0,0,0,0,1,-,-,34.03312,-118.12116,LOS ANGELES,MONTEBELLO,-118.12049047,34.03315464
6386572,2014,2014-06-16,1942,2014-02-03,0650,36399,0378,1,5,7,1942,0,0,0,C,0,36399,VERMONT AV,MARTIN LUTHER KING BL,0,NA,Y,A,-,N,NA,NA,NA,NA,NA,NA,NA,NA,NA,Y,3,0,1,2,A,-,12,21453,A,N,D,C,A,A,H,-,A,A,0,NA,NA,NA,NA,Y,NA,A,01,0,1,0,0,0,0,0,0,0,-,-,NA,NA,LOS ANGELES,LOS ANGELES,-118.29153011,34.01087002
6386573,2014,2015-12-28,9535,2014-02-14,2005,20381,NA,5,2,6,1922,0,1,1,NA,2,400,RT 10,RT 605,250,W,N,A,-,Y,LA,7,10,-,-,30.91,H,-,E,N,4,0,1,2,A,-,03,22350,NA,N,C,C,A,A,H,-,C,D,1,NA,NA,NA,NA,Y,NA,A,01,0,0,1,0,0,0,0,0,0,-,-,34.06437,-118.00429,LOS ANGELES,EL MONTE,-118.00437213,34.06441827
6386576,2014,2014-06-16,1942,2014-02-01,2220,40841,2019,6,5,7,1942,0,0,0,NA,0,6T7,MARATHON ST,LAFAYETTE AV,5,N,N,A,-,N,NA,NA,NA,NA,NA,NA,NA,NA,NA,N,4,0,2,2,A,-,-,NA,NA,F,C,C,A,A,H,-,C,-,0,NA,NA,NA,NA,Y,NA,-,99,0,0,2,0,0,0,0,0,0,-,-,NA,NA,LOS ANGELES,LOS ANGELES,-118.272908,34.079538
6386580,2014,2014-06-16,1942,2014-02-01,1420,32565,2029,6,5,7,1942,0,0,0,NA,0,20TL56,VERMONT AV,1ST ST,3,N,N,A,-,N,NA,NA,NA,NA,NA,NA,NA,NA,NA,N,4,0,1,2,A,-,10,21950,A,F,G,B,B,A,H,-,A,A,0,Y,NA,NA,NA,Y,NA,-,99,0,0,1,0,1,0,0,0,0,-,-,NA,NA,LOS ANGELES,LOS ANGELES,-118.291691,34.072762
6386581,2014,2015-11-17,9535,2014-02-16,1425,19306,NA,7,2,5,1959,0,1,1,NA,2,400,RT 10,DEL MAR AV,50,E,N,A,-,Y,LA,7,10,-,-,25.51,H,-,E,N,4,0,1,3,A,-,03,22350,NA,N,B,C,A,A,H,-,A,D,0,NA,NA,NA,NA,Y,NA,A,01,0,0,1,0,0,0,0,0,0,-,-,34.07167,-118.09794,LOS ANGELES,ROSEMEAD,-118.0964991,34.07178401
6386584,2014,2014-06-24,1942,2014-02-01,1520,40833,0668,6,5,7,1942,0,0,0,F,0,6QL171,VIRGINIA AV,WILTON PL,20,W,N,A,-,N,NA,NA,NA,NA,NA,NA,NA,NA,NA,N,4,0,1,2,A,-,08,22101,D,N,B,C,A,A,D,-,A,D,0,NA,NA,NA,NA,Y,NA,A,01,0,0,1,0,0,0,0,0,0,-,-,NA,NA,LOS ANGELES,LOS ANGELES,-118.31363593,34.0917797
6386585,2014,2016-03-09,9535,2014-02-17,1620,15797,NA,1,2,3,1914,0,1,1,NA,2,500,RT 5,TRIGGS ST,1800,N,N,A,-,Y,LA,7,5,-,-,13.26,H,-,N,N,4,0,1,2,A,-,03,22350,NA,N,C,C,A,A,H,-,A,D,1,NA,NA,NA,NA,Y,NA,A,01,0,0,1,0,0,0,0,0,0,-,-,34.0136,-118.166,LOS ANGELES,COMMERCE,-118.16476012,34.01306316
6386588,2014,2014-06-25,1942,2014-02-10,0240,25495,2073,1,5,7,1942,0,0,0,NA,0,7TL23,WESTERN AV,14TH ST,48,S,N,A,-,N,NA,NA,NA,NA,NA,NA,NA,NA,NA,Y,3,0,2,3,A,-,01,23152,A,F,B,E,E,A,H,-,C,D,0,Y,NA,NA,NA,Y,Y,-,99,0,1,1,0,1,0,0,0,0,-,-,NA,NA,LOS ANGELES,LOS ANGELES,-118.309045,34.046157
6386592,2014,2014-06-16,1942,2014-02-09,2010,24475,2073,7,5,7,1942,0,0,0,NA,0,6T7,WESTERN AV,CAMBRIDGE ST,60,S,N,A,-,N,NA,NA,NA,NA,NA,NA,NA,NA,NA,N,4,0,2,3,A,-,01,23152,A,N,C,C,A,A,H,-,C,D,0,NA,NA,NA,NA,Y,Y,A,01,0,0,2,0,0,0,0,0,0,-,-,NA,NA,LOS ANGELES,LOS ANGELES,-118.30903795,34.04434546
6386594,2014,2014-06-17,1976,2014-02-07,0823,465,NA,5,5,5,1976,0,0,0,NA,0,NA,LAMBERT RD,CALMADA AV,0,NA,Y,A,-,N,NA,NA,NA,NA,NA,NA,NA,NA,NA,N,4,0,1,2,A,-,09,21801,A,N,D,C,A,A,H,-,A,A,0,NA,NA,NA,NA,Y,NA,A,08,0,0,1,0,0,0,0,0,0,-,-,NA,NA,LOS ANGELES,WHITTIER,-118.02899012,33.9519601
6386595,2014,2014-06-16,1942,2014-02-01,0815,36461,358,6,5,7,1942,0,0,0,NA,0,3T5,JEFFERSON BL,MC CLINTOCK AV,63,E,N,A,-,N,NA,NA,NA,NA,NA,NA,NA,NA,NA,Y,3,0,1,2,A,-,09,21453,B,N,C,C,A,A,H,-,A,A,0,NA,NA,NA,NA,Y,NA,A,01,0,1,0,0,0,0,0,0,0,-,-,NA,NA,LOS ANGELES,LOS ANGELES,-118.2869272,34.02496822
6386596,2014,2014-06-16,1942,2014-02-05,0315,38406,625,3,5,7,1942,0,0,0,NA,0,6T7,HIGHLAND,PAT MOORE WY,5,N,N,A,-,N,NA,NA,NA,NA,NA,NA,NA,NA,NA,Y,3,0,1,1,A,-,01,23152,A,N,E,I,A,A,H,-,C,D,0,NA,NA,NA,NA,Y,Y,A,01,0,1,0,0,0,0,0,0,0,-,-,NA,NA,LOS ANGELES,LOS ANGELES,-118.33623,34.11139
6386598,2014,2014-06-17,1976,2014-02-01,1139,279,1976,6,5,5,1976,0,0,0,NA,0,001,BEVERLY BL,MAGNOLIA AV,600,E,N,A,-,N,NA,NA,NA,NA,NA,NA,NA,NA,NA,Y,4,0,1,2,A,-,03,22350,NA,N,C,C,A,A,H,-,A,D,0,NA,NA,NA,NA,Y,NA,A,01,0,0,1,0,0,0,0,0,0,-,-,NA,NA,LOS ANGELES,WHITTIER,-118.04937548,33.98980979
6386599,2014,2014-06-16,1942,2014-02-03,1015,39028,0375,1,5,7,1942,0,0,0,C,0,18T23,MLK BL,WILTON PL,256,W,N,A,-,N,NA,NA,NA,NA,NA,NA,NA,NA,NA,N,4,0,1,2,A,-,11,21956,A,N,G,B,D,A,H,-,A,A,0,Y,NA,NA,NA,Y,NA,N,60,0,0,1,0,1,0,0,0,0,-,-,NA,NA,LOS ANGELES,LOS ANGELES,-118.31601306,34.01081575
6386602,2014,2016-01-21,1976,2014-02-03,1508,249,NA,1,5,5,1976,0,0,0,NA,0,NA,WHITTIER BL,OCEAN VIEW AV,220,E,N,A,-,Y,LA,7,72,-,-,2.79,H,-,N,Y,4,0,3,3,A,-,03,22350,NA,N,C,C,A,A,H,-,A,A,0,NA,NA,NA,NA,Y,NA,A,01,0,0,3,0,0,0,0,0,0,-,-,NA,NA,LOS ANGELES,WHITTIER,-118.02024839,33.95614498
6386603,2014,2014-06-16,1942,2014-02-04,1540,38688,0331,2,5,7,1942,0,0,0,C,0,3TL57,LA BREA,ROSELAND AV,15,N,N,B,-,N,NA,NA,NA,NA,NA,NA,NA,NA,NA,Y,4,0,1,2,A,-,09,21801,B,N,D,C,A,A,H,-,A,D,0,NA,NA,NA,NA,Y,NA,A,01,0,0,1,0,0,0,0,0,0,-,-,NA,NA,LOS ANGELES,LOS ANGELES,-118.35370395,34.02723496
6386606,2014,2014-06-17,1976,2014-02-03,0902,337,NA,1,5,5,1976,0,0,0,NA,0,NA,ALLEY NORTH OF PHILADELPHIA ST,GREGORY AV,25,E,N,A,-,N,NA,NA,NA,NA,NA,NA,NA,NA,NA,N,4,0,1,2,D,-,00,NA,NA,N,H,G,A,A,H,-,A,D,0,NA,Y,NA,NA,Y,NA,-,-,0,0,1,0,0,0,1,0,0,-,-,NA,NA,LOS ANGELES,WHITTIER,-118.04658,33.979632
6386607,2014,2014-06-16,1942,2014-02-02,1745,38688,0563,7,5,7,1942,0,0,0,E,0,3T57,GAFFEY ST,11TH ST,0,NA,Y,B,-,N,NA,NA,NA,NA,NA,NA,NA,NA,NA,Y,4,0,1,2,A,-,10,21950,A,N,G,B,B,A,H,-,C,D,0,Y,NA,NA,NA,Y,NA,A,01,0,0,1,0,1,0,0,0,0,-,-,NA,NA,LOS ANGELES,LOS ANGELES,-118.29236,33.73423008
6386610,2014,2014-06-17,1976,2014-02-07,0436,886,NA,5,5,5,1976,0,0,0,NA,0,NA,BEVERLY BL,PILGRIM WY,201,W,N,C,-,N,NA,NA,NA,NA,NA,NA,NA,NA,NA,Y,4,0,1,1,A,-,01,23152,A,M,E,I,A,B,H,-,C,D,0,NA,NA,NA,NA,Y,NA,A,01,0,0,1,0,0,0,0,0,0,-,-,NA,NA,LOS ANGELES,WHITTIER,-118.048812,33.988119
6386611,2014,2014-06-16,1942,2014-02-04,0645,39020,0509,2,5,7,1942,0,0,0,E,0,1ZT41,WESTERN AV,247TH ST,0,NA,Y,A,-,N,NA,NA,NA,NA,NA,NA,NA,NA,NA,N,3,0,1,2,A,-,12,21453,A,N,G,B,B,A,H,-,A,A,0,Y,NA,NA,NA,Y,NA,A,07,0,1,0,0,1,0,0,0,0,-,-,NA,NA,LOS ANGELES,LOS ANGELES,-118.30744,33.80096