CASE_ID,ACCIDENT_YEAR,PROC_DATE,JURIS,COLLISION_DATE,COLLISION_TIME,OFFICER_ID,REPORTING_DISTRICT,DAY_OF_WEEK,CHP_SHIFT,POPULATION,CNTY_CITY_LOC,SPECIAL_COND,BEAT_TYPE,CHP_BEAT_TYPE,CITY_DIVISION_LAPD,CHP_BEAT_CLASS,BEAT_NUMBER,PRIMARY_RD,SECONDARY_RD,DISTANCE,DIRECTION,INTERSECTION,WEATHER_1,WEATHER_2,STATE_HWY_IND,CALTRANS_COUNTY,CALTRANS_DISTRICT,STATE_ROUTE,ROUTE_SUFFIX,POSTMILE_PREFIX,POSTMILE,LOCATION_TYPE,RAMP_INTERSECTION,SIDE_OF_HWY,TOW_AWAY,COLLISION_SEVERITY,NUMBER_KILLED,NUMBER_INJURED,PARTY_COUNT,PRIMARY_COLL_FACTOR,PCF_CODE_OF_VIOL,PCF_VIOL_CATEGORY,PCF_VIOLATION,PCF_VIOL_SUBSECTION,HIT_AND_RUN,TYPE_OF_COLLISION,MVIW,PED_ACTION,ROAD_SURFACE,ROAD_COND_1,ROAD_COND_2,LIGHTING,CONTROL_DEVICE,CHP_ROAD_TYPE,PEDESTRIAN_ACCIDENT,BICYCLE_ACCIDENT,MOTORCYCLE_ACCIDENT,TRUCK_ACCIDENT,NOT_PRIVATE_PROPERTY,ALCOHOL_INVOLVED,STWD_VEHTYPE_AT_FAULT,CHP_VEHTYPE_AT_FAULT,COUNT_SEVERE_INJ,COUNT_VISIBLE_INJ,COUNT_COMPLAINT_PAIN,COUNT_PED_KILLED,COUNT_PED_INJURED,COUNT_BICYCLIST_KILLED,COUNT_BICYCLIST_INJURED,COUNT_MC_KILLED,COUNT_MC_INJURED,PRIMARY_RAMP,SECONDARY_RAMP,LATITUDE,LONGITUDE,COUNTY,CITY,POINT_X,POINT_Y
6386878,2014,2015-08-14,1942,2014-01-12,1615,40875,0759,7,5,7,1942,0,0,0,G,0,8TL26,PICO BL,CRENSHAW BL,0,NA,Y,A,-,N,NA,NA,NA,NA,NA,NA,NA,NA,NA,Y,4,0,2,2,A,-,12,21453,A,N,A,C,A,A,H,-,A,A,0,NA,NA,NA,NA,Y,NA,A,01,0,0,2,0,0,0,0,0,0,-,-,NA,NA,LOS ANGELES,LOS ANGELES,-118.32670007,34.04783012
6386987,2014,2015-02-10,1942,2014-02-07,1645,40059,1245,5,5,7,1942,0,0,0,L,0,5T25,NORMANDALE AV,71ST ST,0,NA,Y,A,-,N,NA,NA,NA,NA,NA,NA,NA,NA,NA,Y,4,0,3,2,A,-,03,22350,NA,F,C,C,A,A,H,-,A,D,0,NA,NA,NA,NA,Y,NA,-,99,0,0,3,0,0,0,0,0,0,-,-,NA,NA,LOS ANGELES,LOS ANGELES,-118.30029,33.97538
6387032,2014,2015-02-19,1941,2014-02-20,1210,1014,NA,4,5,7,1941,0,0,0,NA,0,NA,7TH ST,LONG BEACH BL,12,W,N,A,-,N,NA,NA,NA,NA,NA,NA,NA,NA,NA,N,4,0,1,2,-,-,-,NA,NA,N,G,B,B,A,H,-,A,A,0,Y,NA,NA,NA,Y,NA,-,-,0,0,1,0,1,0,0,0,0,-,-,NA,NA,LOS ANGELES,LONG BEACH,-118.1894994,33.77534062
6387041,2014,2014-06-17,1912,2014-02-03,1840,12190,NA,1,5,6,1912,0,0,0,NA,0,NA,EDISON BL,ROSE ST,40,E,N,A,-,N,NA,NA,NA,NA,NA,NA,NA,NA,NA,N,4,0,1,2,A,-,03,22350,NA,N,C,E,A,A,H,-,C,D,0,NA,NA,NA,NA,Y,NA,A,01,0,0,1,0,0,0,0,0,0,-,-,NA,NA,LOS ANGELES,BURBANK,-118.35652874,34.17891096
6387045,2014,2014-06-17,1912,2014-02-04,0840,9542,NA,2,5,6,1912,0,0,0,NA,0,00E,OLIVE AV,LAKE ST,170,E,N,A,-,N,NA,NA,NA,NA,NA,NA,NA,NA,NA,N,4,0,1,2,A,-,03,22350,NA,N,C,C,A,A,H,-,A,A,0,NA,NA,NA,NA,Y,NA,A,01,0,0,1,0,0,0,0,0,0,-,-,NA,NA,LOS ANGELES,BURBANK,-118.31397807,34.17590356
6387046,2014,2014-06-17,1965,2014-02-01,0855,3816,OB3B,6,5,5,1965,0,0,0,NA,0,BOO3,SANTA MONICA BL,11TH ST,0,NA,Y,A,-,N,NA,NA,NA,NA,NA,NA,NA,NA,NA,N,4,0,2,2,A,-,03,22350,NA,N,C,C,A,A,H,-,A,A,0,NA,NA,NA,NA,Y,NA,A,01,0,0,2,0,0,0,0,0,0,-,-,NA,NA,LOS ANGELES,SANTA MONICA,-118.48854009,34.02179006
6387049,2014,2014-06-25,1941,2014-02-02,1744,6003,NA,7,5,7,1941,0,0,0,NA,0,NA,HARBOR PLZ,HARBOR SCENIC DR,606,W,N,B,-,N,NA,NA,NA,NA,NA,NA,NA,NA,NA,Y,3,0,1,1,A,-,03,22350,NA,N,F,I,A,A,H,-,C,D,0,NA,NA,NA,NA,Y,NA,A,NA,0,1,0,0,0,0,0,0,0,-,-,NA,NA,LOS ANGELES,LONG BEACH,-118.19709452,33.75215
6387050,2014,2015-11-10,9580,2014-02-02,0223,020353,NA,7,3,7,1942,0,1,1,NA,2,405,RT 405,VICTORY BL,109,S,N,B,-,Y,LA,7,405,-,-,41.34,H,-,S,Y,2,0,4,2,A,-,01,23152,A,N,A,C,A,A,H,-,C,D,1,NA,NA,NA,NA,Y,Y,A,07,4,0,0,0,0,0,0,0,0,-,-,34.18524,-118.47407,LOS ANGELES,LOS ANGELES,-118.47418424,34.18612706
6387053,2014,2014-06-17,1941,2014-02-03,0820,5407,NA,1,5,7,1941,0,0,0,NA,0,NA,ATHERTON ST,PALO VERDE AV,0,NA,Y,A,-,N,NA,NA,NA,NA,NA,NA,NA,NA,NA,N,4,0,1,2,A,-,09,21801,A,N,D,C,A,A,H,-,A,A,0,NA,NA,NA,NA,Y,NA,A,07,0,0,1,0,0,0,0,0,0,-,-,NA,NA,LOS ANGELES,LONG BEACH,-118.10817012,33.78893005
6387054,2014,2015-08-14,9580,2014-02-01,1430,019851,NA,6,2,9,1900,0,2,4,NA,1,128,KANAN RD,TRIUNFO CANYON RD,4752,S,N,A,-,N,NA,NA,NA,NA,NA,NA,NA,NA,NA,N,3,0,1,1,A,-,08,22107,NA,N,E,I,A,A,H,-,A,D,0,NA,NA,Y,NA,Y,NA,C,02,0,1,0,0,0,0,0,0,1,-,-,34.11545,-118.80064,LOS ANGELES,UNINCORPORATED,-118.77722048,34.12559641
6387058,2014,2016-01-19,9580,2014-02-03,0605,16930,NA,1,1,7,1942,0,1,2,NA,2,103,RT 101,VAN NUYS BL,1056,N,N,A,-,Y,LA,7,101,-,-,16.23,H,-,S,Y,4,0,1,1,D,-,00,NA,NA,N,H,A,A,A,H,-,A,D,1,NA,NA,NA,NA,Y,NA,-,-,0,0,1,0,0,0,0,0,0,-,-,34.15744,-118.45191,LOS ANGELES,LOS ANGELES,-118.45386375,34.15763329
6387062,2014,2016-03-22,9580,2014-02-03,1810,019573,NA,1,2,9,1900,0,1,3,NA,1,271,RT 27,NAVAJO ST,100,N,N,A,-,Y,LA,7,27,-,-,9.1,H,-,S,Y,3,0,1,1,C,-,18,NA,NA,N,E,I,A,A,H,-,D,D,0,NA,NA,NA,NA,Y,NA,-,-,0,1,0,0,0,0,0,0,0,-,-,34.13903,-118.60139,LOS ANGELES,UNINCORPORATED,-118.59980978,34.1374128
6387063,2014,2016-02-03,1929,2014-02-09,1133,173,NA,7,5,3,1929,0,0,0,NA,0,003,PACIFIC COAST HWY,8TH PL,15,S,N,A,-,Y,LA,7,1,-,-,21.07,H,-,N,Y,3,0,1,3,A,-,07,21658,A,N,B,C,A,A,H,-,A,A,0,NA,NA,NA,NA,Y,NA,A,07,0,1,0,0,0,0,0,0,0,-,-,NA,NA,LOS ANGELES,HERMOSA BEACH,-118.39190633,33.86108417
6387066,2014,2015-11-10,9580,2014-02-05,1003,017228,NA,3,1,7,1942,0,1,1,NA,2,405,RT 405,VICTORY BL,1000,S,N,A,-,Y,LA,7,405,-,-,41.17,H,-,S,Y,4,0,3,3,A,-,03,22350,NA,N,C,C,A,A,H,-,A,D,1,NA,NA,NA,NA,Y,NA,A,01,0,0,3,0,0,0,0,0,0,-,-,34.1836,-118.47313,LOS ANGELES,LOS ANGELES,-118.47316993,34.18380818
6387077,2014,2014-06-17,1965,2014-02-02,1500,3816,0B2A,7,5,5,1965,0,0,0,NA,0,B002,4TH ST,PICO BL,0,NA,Y,A,-,N,NA,NA,NA,NA,NA,NA,NA,NA,NA,N,3,0,1,2,A,-,09,21801,A,N,D,C,A,A,H,-,A,A,0,NA,NA,Y,NA,Y,NA,A,01,0,1,0,0,0,0,0,0,1,-,-,NA,NA,LOS ANGELES,SANTA MONICA,-118.48728,34.00964011
6387081,2014,2014-06-17,1965,2014-02-03,0535,3192,0B3B,1,5,5,1965,0,0,0,NA,0,A003,20TH ST,SANTA MONICA BL,0,NA,Y,A,-,N,NA,NA,NA,NA,NA,NA,NA,NA,NA,Y,4,0,1,2,D,-,00,NA,NA,N,D,C,A,A,H,-,C,A,0,NA,NA,NA,NA,Y,NA,-,-,0,0,1,0,0,0,0,0,0,-,-,NA,NA,LOS ANGELES,SANTA MONICA,-118.48001012,34.02866006
6387087,2014,2014-06-18,1962,2014-02-03,0815,86,1962,1,5,4,1962,0,0,0,NA,0,023,DEL MAR AV,ANGELINO ST,50,N,N,A,-,N,NA,NA,NA,NA,NA,NA,NA,NA,NA,Y,4,0,2,3,A,-,-,NA,NA,N,C,C,A,A,H,-,A,A,0,NA,NA,NA,NA,Y,NA,A,01,0,0,2,0,0,0,0,0,0,-,-,NA,NA,LOS ANGELES,SAN GABRIEL,-118.09959326,34.09619707
6387091,2014,2014-06-17,1962,2014-02-13,0143,104,1962,4,5,4,1962,0,0,0,NA,0,023,DEL MAR AV,NEWBY AV,37,S,N,A,-,N,NA,NA,NA,NA,NA,NA,NA,NA,NA,N,3,0,1,4,A,-,01,23152,E,M,B,E,A,A,H,-,C,D,0,NA,NA,NA,NA,Y,NA,A,01,0,1,0,0,0,0,0,0,0,-,-,NA,NA,LOS ANGELES,SAN GABRIEL,-118.09957746,34.08193857
6387095,2014,2014-06-18,1962,2014-02-12,1610,079,1962,3,5,4,1962,0,0,0,NA,0,025,SAN GABRIEL BL,CHESTNUT AV,168,N,N,A,-,N,NA,NA,NA,NA,NA,NA,NA,NA,NA,N,3,0,1,2,A,-,05,21650,1,N,-,G,A,A,H,-,A,D,0,NA,Y,NA,NA,Y,NA,L,04,0,1,0,0,0,0,1,0,0,-,-,NA,NA,LOS ANGELES,SAN GABRIEL,-118.09082,34.08666065
6387099,2014,2014-06-18,1948,2014-02-03,1814,368,1948,1,5,5,1948,0,0,0,NA,0,ONE,FLORAL DR,CREST VISTA DR,15,E,N,A,-,N,NA,NA,NA,NA,NA,NA,NA,NA,NA,Y,4,0,1,2,A,-,03,22350,NA,N,C,C,A,A,H,-,C,D,0,NA,NA,NA,NA,Y,NA,-,NA,0,0,1,0,0,0,0,0,0,-,-,NA,NA,LOS ANGELES,MONTEREY PARK,-118.14707843,34.04210777
6387101,2014,2014-06-17,1941,2014-02-04,1010,5292,NA,2,5,7,1941,0,0,0,NA,0,NA,EAST 7TH ST,WALNUT AV,107,W,N,A,-,N,NA,NA,NA,NA,NA,NA,NA,NA,NA,Y,4,0,1,2,A,-,08,22102,NA,N,D,-,A,A,H,-,A,D,0,NA,NA,NA,NA,Y,NA,A,NA,0,0,1,0,0,0,0,0,0,-,-,NA,NA,LOS ANGELES,LONG BEACH,-118.17238137,33.77535
6387105,2014,2016-02-03,1941,2014-02-03,1703,6281,NA,1,5,7,1941,0,0,0,NA,0,NA,PACIFIC COAST HWY,PACIFIC AV,108,E,N,A,-,Y,LA,7,1,-,-,6.49,H,-,S,N,4,0,1,2,A,-,08,22107,NA,N,B,C,A,A,H,-,A,A,0,NA,NA,NA,NA,Y,NA,A,NA,0,0,1,0,0,0,0,0,0,-,-,NA,NA,LOS ANGELES,LONG BEACH,-118.1932558,33.78980859
6387106,2014,2014-06-17,1928,2014-02-05,1844,371,H520,3,5,5,1928,0,0,0,NA,0,0H3,ROSECRANS AV,CERISE AV,7,W,N,B,-,N,NA,NA,NA,NA,NA,NA,NA,NA,NA,N,2,0,1,2,A,-,11,21456,B,N,D,B,B,A,H,-,C,A,0,Y,NA,NA,NA,Y,NA,N,60,1,0,0,0,1,0,0,0,0,-,-,NA,NA,LOS ANGELES,HAWTHORNE,-118.33306302,33.90193
6387109,2014,2014-06-17,1941,2014-02-03,1539,10548,NA,1,5,7,1941,0,0,0,NA,0,NA,CORONADO AV,8TH ST,0,NA,Y,A,-,N,NA,NA,NA,NA,NA,NA,NA,NA,NA,N,3,0,2,3,A,-,10,21950,A,N,A,B,B,A,H,-,A,A,0,Y,NA,NA,NA,Y,NA,A,NA,0,2,0,0,2,0,0,0,0,-,-,NA,NA,LOS ANGELES,LONG BEACH,-118.15353002,33.77713001
6387110,2014,2014-06-17,1928,2014-02-01,1429,357,513,6,5,5,1928,0,0,0,NA,0,0H4,HAWTHORN BL,135TH ST,0,NA,Y,A,-,N,NA,NA,NA,NA,NA,NA,NA,NA,NA,N,3,0,1,2,A,-,10,21950,A,N,G,B,B,A,H,-,A,A,0,Y,NA,NA,NA,Y,NA,A,01,0,1,0,0,1,0,0,0,0,-,-,NA,NA,LOS ANGELES,HAWTHORNE,-118.35276,33.90984
6387113,2014,2014-06-17,1941,2014-02-03,1611,5462,NA,1,5,7,1941,0,0,0,NA,0,NA,SPRING ST,REDONDO AV,507,W,N,A,-,N,NA,NA,NA,NA,NA,NA,NA,NA,NA,Y,3,0,1,2,A,-,09,21804,A,N,D,C,A,A,H,-,A,D,0,NA,NA,Y,NA,Y,NA,A,NA,0,1,0,0,0,0,0,0,1,-,-,NA,NA,LOS ANGELES,LONG BEACH,-118.15300555,33.81054
6387117,2014,2014-06-25,1941,2014-02-02,0901,6057,NA,7,5,7,1941,0,0,0,NA,0,NA,4TH ST,ROSWELL,290,E,N,A,-,N,NA,NA,NA,NA,NA,NA,NA,NA,NA,Y,4,0,2,4,A,-,03,22350,NA,N,B,C,A,A,H,-,A,D,0,NA,NA,NA,NA,Y,NA,A,NA,0,0,2,0,0,0,0,0,0,-,-,NA,NA,LOS ANGELES,LONG BEACH,-118.14280778,33.77168564
6387118,2014,2016-03-26,9580,2014-02-05,1440,016300,NA,3,2,3,1989,0,1,2,NA,2,107,RT 101,MUREAU RD,4752,N,N,A,-,Y,LA,7,101,-,-,29.57,H,-,S,N,4,0,2,2,A,-,03,22350,NA,N,C,C,A,A,H,-,A,D,1,NA,NA,NA,NA,Y,NA,A,01,0,0,2,0,0,0,0,0,0,-,-,34.14911,-118.67365,LOS ANGELES,CALABASAS,-118.67372778,34.14925389
6387122,2014,2016-01-21,1941,2014-02-16,1139,5808,NA,7,5,7,1941,0,0,0,NA,0,NA,OCEAN,RT 103,0,NA,Y,A,-,Y,LA,7,47,-,-,3.497,I,5,N,Y,3,0,1,2,A,-,12,21453,A,F,D,C,A,A,H,-,A,A,0,NA,NA,NA,NA,Y,NA,A,NA,0,1,0,0,0,0,0,0,0,-,-,NA,NA,LOS ANGELES,LONG BEACH,-118.2384514,33.75846181
6387126,2014,2016-02-03,1941,2014-02-22,2220,10057,NA,6,5,7,1941,0,0,0,NA,0,NA,PACIFIC COAST HWY,MARTIN LUTHER KING,0,NA,Y,A,-,Y,LA,7,1,-,-,5.77,H,-,S,Y,4,0,1,2,A,-,03,22350,NA,F,C,C,A,A,H,-,C,A,0,NA,NA,NA,NA,Y,NA,A,NA,0,0,1,0,0,0,0,0,0,-,-,NA,NA,LOS ANGELES,LONG BEACH,-118.18075473,33.78980673
6387142,2014,2016-01-08,9575,2014-02-21,1015,15614,NA,5,1,6,1953,0,1,1,NA,2,064,RT 210,LAKE AV,75,E,N,A,-,Y,LA,7,210,-,R,26.34,H,-,W,N,4,0,1,3,A,-,03,22350,NA,M,C,C,A,A,H,-,A,D,1,NA,NA,NA,NA,Y,NA,A,01,0,0,1,0,0,0,0,0,0,-,-,34.15201,-118.13209,LOS ANGELES,PASADENA,-118.13217897,34.15199679
6387146,2014,2016-02-22,9575,2014-02-10,0505,020536,NA,1,3,7,1942,0,1,1,NA,2,060,RT 210,ARROYO ST,200,E,N,A,-,Y,LA,7,210,-,R,5.53,H,-,W,Y,3,0,1,2,A,-,01,23152,A,N,C,C,A,A,H,-,C,D,1,NA,NA,NA,NA,Y,Y,A,01,0,1,0,0,0,0,0,0,0,-,-,34.2931,-118.41251,LOS ANGELES,LOS ANGELES,-118.41264612,34.29305323
6387150,2014,2016-02-20,9575,2014-02-02,2252,020681,NA,7,3,7,1942,0,1,3,NA,2,041,RT 134,PATRICIAN WY,800,E,N,A,-,Y,LA,7,134,-,R,11.84,H,-,E,Y,4,0,1,3,A,-,03,22350,NA,M,C,C,A,A,H,-,D,D,1,NA,NA,NA,NA,Y,NA,A,01,0,0,1,0,0,0,0,0,0,-,-,34.14175,-118.17567,LOS ANGELES,LOS ANGELES,-118.17905409,34.14108876
6387153,2014,2014-06-17,1941,2014-02-21,1401,10025,NA,5,5,7,1941,0,0,0,NA,0,NA,MAGNOLIA,8TH,0,NA,Y,A,-,N,NA,NA,NA,NA,NA,NA,NA,NA,NA,N,4,0,1,2,A,-,03,22350,NA,F,B,B,E,A,H,-,A,A,0,Y,NA,NA,NA,Y,NA,A,NA,0,0,1,0,1,0,0,0,0,-,-,NA,NA,LOS ANGELES,LONG BEACH,-118.19804013,33.77659007
6387154,2014,2014-06-17,1941,2014-02-21,2214,10056,NA,5,5,7,1941,0,0,0,NA,0,NA,XIMENO,BROADWAY,162,N,N,A,-,N,NA,NA,NA,NA,NA,NA,NA,NA,NA,Y,4,0,1,2,D,-,00,NA,NA,N,B,E,A,A,H,-,C,D,0,NA,NA,NA,NA,Y,NA,-,-,0,0,1,0,0,0,0,0,0,-,-,NA,NA,LOS ANGELES,LONG BEACH,-118.14158753,33.76489423
6387158,2014,2014-06-17,1942,2014-02-19,1330,36754,1252,3,5,7,1942,0,0,0,L,0,18T23W,8TH AV,70TH ST,0,NA,Y,A,-,N,NA,NA,NA,NA,NA,NA,NA,NA,NA,N,3,0,2,2,A,-,03,22350,NA,N,C,C,A,A,H,-,A,-,0,NA,NA,NA,NA,Y,NA,A,01,0,1,1,0,0,0,0,0,0,-,-,NA,NA,LOS ANGELES,LOS ANGELES,-118.32653,33.97635
6387161,2014,2014-06-17,1941,2014-02-24,1126,10559,NA,1,5,7,1941,0,0,0,NA,0,NA,CHERRY AV,33RD ST,0,NA,Y,A,-,N,NA,NA,NA,NA,NA,NA,NA,NA,NA,Y,4,0,1,3,A,-,03,22350,NA,N,C,C,A,A,H,-,A,D,0,NA,NA,NA,NA,Y,NA,A,NA,0,0,1,0,0,0,0,0,0,-,-,NA,NA,LOS ANGELES,LONG BEACH,-118.16764,33.81711
6387162,2014,2014-06-17,1942,2014-02-17,1910,36752,1269,1,5,7,1942,0,0,0,L,0,12T73,SAN PEDRO ST,81ST ST,3,N,N,A,-,N,NA,NA,NA,NA,NA,NA,NA,NA,NA,N,4,0,3,2,A,-,03,22350,NA,F,C,C,A,A,H,-,C,A,0,NA,NA,NA,NA,Y,NA,-,99,0,0,3,0,0,0,0,0,0,-,-,NA,NA,LOS ANGELES,LOS ANGELES,-118.26954037,33.96623822
6387204,2014,2014-06-03,1942,2014-01-13,1740,40152,1207,1,5,7,1942,0,0,0,L,0,12TL73,50TH ST,HOOVER ST,665,W,N,A,-,N,NA,NA,NA,NA,NA,NA,NA,NA,NA,N,3,0,2,3,A,-,09,21801,A,N,B,C,A,A,H,-,B,D,0,NA,NA,NA,NA,Y,NA,A,01,0,1,1,0,0,0,0,0,0,-,-,NA,NA,LOS ANGELES,LOS ANGELES,-118.28932952,33.99785666
6387207,2014,2015-10-02,1965,2014-01-31,1153,3693,OB2A,5,5,5,1965,0,0,0,NA,0,B002,LINCOLN BL,GRANT ST,130,S,N,A,-,N,NA,NA,NA,NA,NA,NA,NA,NA,NA,NA,4,0,1,2,A,-,07,21658,A,N,B,C,A,A,H,-,A,D,0,NA,NA,NA,NA,Y,NA,A,01,0,0,1,0,0,0,0,0,0,-,-,NA,NA,LOS ANGELES,SANTA MONICA,-118.4809823,34.010692
6387208,2014,2014-06-03,1942,2014-01-12,2330,35925,1243,7,5,7,1942,0,0,0,L,0,18T23,WESTERN AV,68TH ST,28,S,N,A,-,N,NA,NA,NA,NA,NA,NA,NA,NA,NA,Y,3,0,1,1,A,-,03,22350,NA,F,E,I,A,A,H,-,C,D,0,NA,NA,NA,NA,Y,NA,A,01,0,1,0,0,0,0,0,0,0,-,-,NA,NA,LOS ANGELES,LOS ANGELES,-118.30897,33.977702
6387211,2014,2014-06-03,1965,2014-01-28,1425,3158,0B3B,2,5,5,1965,0,0,0,NA,0,B003,SANTA MONICA BL,16TH ST,0,NA,Y,A,-,N,NA,NA,NA,NA,NA,NA,NA,NA,NA,Y,4,0,1,2,A,-,09,21802,B,N,D,C,A,A,H,-,A,A,0,NA,NA,Y,NA,Y,NA,C,02,0,0,1,0,0,0,0,0,1,-,-,NA,NA,LOS ANGELES,SANTA MONICA,-118.48381002,34.02562006
6387212,2014,2014-06-03,1928,2014-01-26,0826,368,519,7,5,5,1928,0,0,0,NA,0,003,KORNBLUM AV,135TH ST,350,S,N,A,-,N,NA,NA,NA,NA,NA,NA,NA,NA,NA,Y,4,0,1,3,A,-,09,21804,A,N,D,C,A,A,H,-,A,D,0,NA,NA,NA,NA,Y,NA,A,01,0,0,1,0,0,0,0,0,0,-,-,NA,NA,LOS ANGELES,HAWTHORNE,-118.33738,33.90821005
6387224,2014,2015-08-14,1942,2014-01-11,2100,35881,1273,6,5,7,1942,0,0,0,L,0,12X4,MANCHESTER AV,HARVARD BL,135,E,N,A,-,N,NA,NA,NA,NA,NA,NA,NA,NA,NA,Y,4,0,1,2,A,-,09,21801,A,N,D,C,A,A,-,-,C,D,0,NA,NA,NA,NA,Y,NA,A,07,0,0,1,0,0,0,0,0,0,-,-,NA,NA,LOS ANGELES,LOS ANGELES,-118.30638566,33.95997
6387232,2014,2014-06-03,1942,2014-01-12,1810,36978,1245,7,5,7,1942,0,0,0,L,0,NA,GAGE BL,BUDLONG AV,0,NA,Y,A,-,N,NA,NA,NA,NA,NA,NA,NA,NA,NA,N,4,0,1,2,A,-,09,21801,B,F,G,G,A,A,H,-,C,A,0,NA,Y,NA,NA,Y,NA,-,99,0,0,1,0,0,0,1,0,0,-,-,NA,NA,LOS ANGELES,LOS ANGELES,-118.29587005,33.98234011
6387235,2014,2014-06-19,1942,2014-01-14,0015,36434,1203,2,5,7,1942,0,0,0,L,0,12XL57,WESTERN AV,46TH ST,99,N,N,A,-,N,NA,NA,NA,NA,NA,NA,NA,NA,NA,N,2,0,1,2,A,-,11,21956,NA,N,G,B,D,A,H,-,C,B,0,Y,NA,NA,NA,Y,NA,N,60,1,0,0,0,1,0,0,0,0,-,-,NA,NA,LOS ANGELES,LOS ANGELES,-118.30893,34.002163
6387243,2014,2016-01-11,9580,2014-01-26,1119,14592,NA,7,1,7,1942,0,1,1,NA,2,406,RT 405,SATICOY ST,120,N,N,B,-,Y,LA,7,405,-,-,42.92,H,-,N,Y,3,0,1,2,A,-,08,22107,NA,N,E,I,A,A,H,-,A,D,1,NA,NA,NA,NA,Y,NA,A,01,0,1,0,0,0,0,0,0,0,-,-,34.20878,-118.4734,LOS ANGELES,LOS ANGELES,-118.47320951,34.20899684
6387247,2014,2016-01-19,9580,2014-01-31,1945,19715,NA,5,2,7,1942,0,1,2,NA,2,102,RT 101,SEPULVEDA BL,528,S,N,A,-,Y,LA,7,101,-,-,16.66,H,-,N,Y,3,0,2,3,A,-,03,22350,NA,N,C,C,A,A,H,-,D,D,1,NA,NA,NA,NA,Y,NA,A,08,0,1,1,0,0,0,0,0,0,-,-,34.15951,-118.46107,LOS ANGELES,LOS ANGELES,-118.46116423,34.15947886
6387251,2014,2016-01-19,9580,2014-01-30,1950,19715,NA,4,2,7,1942,0,1,2,NA,2,100,RT 101,WOODMAN AV,528,S,N,A,-,Y,LA,7,101,-,-,14.7,H,-,N,Y,3,0,1,2,A,-,03,22350,NA,F,C,C,A,B,H,-,D,D,1,NA,NA,NA,NA,Y,NA,A,01,0,1,0,0,0,0,0,0,0,-,-,34.15576,-118.42729,LOS ANGELES,LOS ANGELES,-118.42787491,34.15572933
6387272,2014,2014-06-03,1928,2014-01-30,0652,372,527,4,5,5,1928,0,0,0,NA,0,004,ROSECRANS AV,ISIS AV,200,W,N,B,-,N,NA,NA,NA,NA,NA,NA,NA,NA,NA,Y,4,0,1,3,A,-,03,22350,NA,N,C,C,A,A,H,-,A,A,0,NA,NA,NA,NA,Y,NA,A,01,0,0,1,0,0,0,0,0,0,-,-,NA,NA,LOS ANGELES,HAWTHORNE,-118.37505787,33.9019
6387275,2014,2014-06-03,1965,2014-01-23,1811,3566,0B1K,4,5,5,1965,0,0,0,NA,0,B001,SANTA MONICA BL,ALLEY 3,0,NA,Y,A,-,N,NA,NA,NA,NA,NA,NA,NA,NA,NA,N,3,0,1,2,A,-,11,21950,B,N,G,B,B,A,H,-,C,D,0,Y,NA,NA,NA,Y,NA,N,60,0,1,0,0,1,0,0,0,0,-,-,NA,NA,LOS ANGELES,SANTA MONICA,-118.49567,34.01604
6387276,2014,2014-06-03,1928,2014-01-30,0700,336,506,4,5,5,1928,0,0,0,NA,0,0H1,INGLEWOOD AV,116TH ST,0,NA,Y,B,-,N,NA,NA,NA,NA,NA,NA,NA,NA,NA,N,3,0,1,2,A,-,09,21804,A,N,D,C,A,A,H,-,A,A,0,NA,NA,NA,NA,Y,NA,A,07,0,1,0,0,0,0,0,0,0,-,-,NA,NA,LOS ANGELES,HAWTHORNE,-118.36133009,33.92910012
6387279,2014,2014-06-03,1965,2014-01-15,1345,3178,B3C,3,5,5,1965,0,0,0,NA,0,B003,OLYMPIC BL,20TH ST,75,E,N,A,-,N,NA,NA,NA,NA,NA,NA,NA,NA,NA,Y,4,0,1,2,A,-,01,23152,A,N,C,C,A,A,H,-,A,A,0,NA,NA,NA,NA,Y,NA,A,01,0,0,1,0,0,0,0,0,0,-,-,NA,NA,LOS ANGELES,SANTA MONICA,-118.47485428,34.02454191
6387280,2014,2014-06-03,1928,2014-01-28,0736,342,525,2,5,5,1928,0,0,0,NA,0,503,ROSECRANS AV,YUKON AV,0,NA,Y,A,-,N,NA,NA,NA,NA,NA,NA,NA,NA,NA,N,4,0,1,2,A,-,10,21950,A,N,D,G,A,A,H,-,A,A,0,NA,Y,NA,NA,Y,NA,A,07,0,0,1,0,0,0,1,0,0,-,-,NA,NA,LOS ANGELES,HAWTHORNE,-118.33523002,33.9019301
6387282,2014,2016-03-05,9530,2014-01-23,1805,16071,NA,4,2,5,1977,0,1,3,NA,2,310,RT 91,MAIN ST,528,E,N,A,-,Y,LA,7,91,-,R,7,H,-,W,Y,4,0,1,2,A,-,03,22350,NA,N,C,C,A,A,H,-,D,D,1,NA,NA,NA,NA,Y,NA,A,01,0,0,1,0,0,0,0,0,0,-,-,33.87274,-118.27205,LOS ANGELES,CARSON,-118.27360989,33.87277184
6387283,2014,2014-06-09,9575,2014-01-04,1825,019920,NA,6,2,9,1900,0,1,3,NA,2,081,ROSEMEAD BL,HUNTINGTON DR,0,NA,Y,A,-,N,NA,NA,NA,NA,NA,NA,NA,NA,NA,N,3,0,1,2,A,-,-,NA,NA,N,G,B,B,A,H,-,C,A,0,Y,NA,NA,NA,Y,NA,N,60,0,1,0,0,1,0,0,0,0,-,-,34.13013,-118.07312,LOS ANGELES,UNINCORPORATED,-118.0733,34.13028007