CASE_ID,ACCIDENT_YEAR,PROC_DATE,JURIS,COLLISION_DATE,COLLISION_TIME,OFFICER_ID,REPORTING_DISTRICT,DAY_OF_WEEK,CHP_SHIFT,POPULATION,CNTY_CITY_LOC,SPECIAL_COND,BEAT_TYPE,CHP_BEAT_TYPE,CITY_DIVISION_LAPD,CHP_BEAT_CLASS,BEAT_NUMBER,PRIMARY_RD,SECONDARY_RD,DISTANCE,DIRECTION,INTERSECTION,WEATHER_1,WEATHER_2,STATE_HWY_IND,CALTRANS_COUNTY,CALTRANS_DISTRICT,STATE_ROUTE,ROUTE_SUFFIX,POSTMILE_PREFIX,POSTMILE,LOCATION_TYPE,RAMP_INTERSECTION,SIDE_OF_HWY,TOW_AWAY,COLLISION_SEVERITY,NUMBER_KILLED,NUMBER_INJURED,PARTY_COUNT,PRIMARY_COLL_FACTOR,PCF_CODE_OF_VIOL,PCF_VIOL_CATEGORY,PCF_VIOLATION,PCF_VIOL_SUBSECTION,HIT_AND_RUN,TYPE_OF_COLLISION,MVIW,PED_ACTION,ROAD_SURFACE,ROAD_COND_1,ROAD_COND_2,LIGHTING,CONTROL_DEVICE,CHP_ROAD_TYPE,PEDESTRIAN_ACCIDENT,BICYCLE_ACCIDENT,MOTORCYCLE_ACCIDENT,TRUCK_ACCIDENT,NOT_PRIVATE_PROPERTY,ALCOHOL_INVOLVED,STWD_VEHTYPE_AT_FAULT,CHP_VEHTYPE_AT_FAULT,COUNT_SEVERE_INJ,COUNT_VISIBLE_INJ,COUNT_COMPLAINT_PAIN,COUNT_PED_KILLED,COUNT_PED_INJURED,COUNT_BICYCLIST_KILLED,COUNT_BICYCLIST_INJURED,COUNT_MC_KILLED,COUNT_MC_INJURED,PRIMARY_RAMP,SECONDARY_RAMP,LATITUDE,LONGITUDE,COUNTY,CITY,POINT_X,POINT_Y
6387351,2014,2016-02-03,9575,2014-01-07,1730,20530,NA,2,2,7,1942,0,1,1,NA,2,050,RT 5,ZOO DR,1000,S,N,A,-,Y,LA,7,5,-,-,26.28,H,-,N,Y,2,0,1,2,A,-,03,22350,NA,N,C,C,A,A,H,-,C,D,1,NA,NA,Y,NA,Y,NA,C,02,1,0,0,0,0,0,0,0,1,-,-,34.14758,-118.2793,LOS ANGELES,LOS ANGELES,-118.27929258,34.14797494
6387352,2014,2015-12-28,9530,2014-01-22,0855,14654,NA,3,1,7,1941,0,1,1,NA,2,420,RT 405,SANTA FE AV,528,S,N,B,-,Y,LA,7,405,-,-,7.96,H,-,S,Y,4,0,2,3,A,-,03,22350,NA,N,C,C,A,A,H,-,A,D,1,NA,NA,NA,NA,Y,NA,A,01,0,0,2,0,0,0,0,0,0,-,-,33.493,-118.136,LOS ANGELES,LONG BEACH,-118.21369613,33.82570233
6387353,2014,2014-06-12,1972,2014-01-26,1144,18874,NA,7,5,6,1972,0,0,0,NA,0,NA,ARLINGTON AV,237TH ST,0,NA,Y,A,-,N,NA,NA,NA,NA,NA,NA,NA,NA,NA,Y,4,0,1,2,A,-,12,22450,A,N,D,C,A,A,H,-,A,A,0,NA,NA,NA,NA,Y,NA,D,NA,0,0,1,0,0,0,0,0,0,-,-,NA,NA,LOS ANGELES,TORRANCE,-118.31994006,33.80982003
6387354,2014,2016-02-04,9530,2014-01-26,1900,020676,NA,7,2,5,1943,0,1,1,NA,2,210,RT 105,LONG BEACH BL,1611,E,N,A,-,Y,LA,7,105,-,R,11.2,H,-,W,N,4,0,1,2,A,-,03,22350,NA,N,C,C,A,A,H,-,C,D,6,NA,NA,NA,NA,Y,NA,A,01,0,0,1,0,0,0,0,0,0,-,-,33.92315,-118.20475,LOS ANGELES,LYNWOOD,-118.21533722,33.9274571
6387355,2014,2014-06-09,9530,2014-01-27,1750,20686,NA,1,2,9,1900,0,3,5,NA,2,005,CRENSHAW BL,MARINE AV,0,NA,Y,A,-,N,NA,NA,NA,NA,NA,NA,NA,NA,NA,N,4,0,1,2,A,-,12,21453,A,N,D,C,A,A,H,-,B,A,0,NA,NA,Y,NA,Y,NA,-,99,0,0,1,0,0,0,0,0,1,-,-,33.8947,-118.32647,LOS ANGELES,UNINCORPORATED,-118.32654011,33.89466011
6387356,2014,2015-12-28,9530,2014-01-22,0545,020401,NA,3,3,7,1942,0,1,1,NA,2,400,RT 405,NORMANDIE AV,528,S,N,A,-,Y,LA,7,405,-,-,13.73,H,-,N,Y,3,0,1,4,A,-,03,22350,NA,N,C,C,A,A,H,-,C,D,1,NA,NA,NA,NA,Y,NA,A,01,0,1,0,0,0,0,0,0,0,-,-,33.86008,-118.29379,LOS ANGELES,LOS ANGELES,-118.29712575,33.85992019
6387357,2014,2016-02-03,1972,2014-01-14,2230,19998,NA,2,5,6,1972,0,0,0,NA,0,NA,RT 1,CRENSHAW,300,W,N,A,-,Y,LA,7,1,-,-,14.69,H,-,N,Y,4,0,2,1,A,-,03,22350,NA,N,A,I,A,A,H,-,C,A,0,NA,NA,NA,NA,Y,NA,A,NA,0,0,2,0,0,0,0,0,0,-,-,NA,NA,LOS ANGELES,TORRANCE,-118.33386762,33.792661
6387358,2014,2014-06-27,9530,2014-01-25,1115,020446,NA,6,1,9,1900,0,3,5,NA,2,001,E 59TH ST,COMPTON AV,100,W,N,A,-,N,NA,NA,NA,NA,NA,NA,NA,NA,NA,N,3,0,1,2,A,-,21,22106,NA,N,H,G,A,A,H,-,A,D,0,NA,Y,NA,NA,Y,NA,A,07,0,1,0,0,0,0,1,0,0,-,-,33.98715,-118.24808,LOS ANGELES,UNINCORPORATED,-118.24807922,33.98702001
6387359,2014,2014-06-09,9575,2014-01-05,1515,19538,NA,7,2,9,1900,0,2,4,NA,2,082,HUNTINGTON DR,MUSCATEL AV,0,NA,Y,A,-,N,NA,NA,NA,NA,NA,NA,NA,NA,NA,N,4,0,1,2,A,-,09,21801,A,N,D,G,A,A,H,-,A,D,0,NA,Y,NA,NA,Y,NA,A,01,0,0,1,0,0,0,1,0,0,-,-,34.12946,-118.7957,LOS ANGELES,UNINCORPORATED,-118.0794001,34.12956003
6387360,2014,2014-06-09,9530,2014-01-21,1400,13604,NA,2,2,9,1900,0,3,5,NA,2,001,FIRESTONE BL,HOLMES AV,5,W,N,B,-,N,NA,NA,NA,NA,NA,NA,NA,NA,NA,N,3,0,1,2,A,-,-,NA,NA,N,G,B,B,A,H,-,A,A,0,Y,NA,NA,NA,Y,NA,A,07,0,1,0,0,1,0,0,0,0,-,-,33.96026,-118.24052,LOS ANGELES,UNINCORPORATED,-118.24086646,33.96015
6387606,2014,2015-01-09,9530,2014-01-26,0021,20546,NA,7,3,7,1941,0,1,1,NA,2,430,RT 405,STUDEBAKER RD,500,N,N,A,-,Y,NA,NA,405,NA,NA,NA,NA,NA,NA,Y,4,0,1,2,A,-,03,22350,NA,N,C,C,A,A,D,H,C,D,0,NA,NA,NA,NA,Y,NA,A,07,0,0,1,0,0,0,0,0,0,TO,-,33.79119,-118.10072,LOS ANGELES,LONG BEACH,-118.10062581,33.7913193
6387625,2014,2016-03-26,9530,2014-01-23,1720,12672,NA,4,2,7,1942,0,1,1,NA,2,110,RT 110,CENTURY BL,200,S,N,A,-,Y,LA,7,110,-,-,14.93,H,-,S,Y,4,0,1,2,A,-,03,22350,NA,N,C,C,A,A,H,-,D,D,1,NA,NA,NA,NA,Y,NA,A,01,0,0,1,0,0,0,0,0,0,-,-,33.74518,-118.27978,LOS ANGELES,LOS ANGELES,-118.27995988,33.94499198
6387626,2014,2015-01-09,9530,2014-01-23,1620,20331,NA,4,2,7,1942,0,1,1,NA,2,110,RT 110,REDONDO BEACH BL,528,S,N,A,-,Y,NA,NA,110,NA,NA,NA,NA,NA,NA,N,4,0,2,2,A,-,03,22350,NA,N,C,C,A,A,H,-,A,D,0,NA,NA,NA,NA,Y,NA,A,01,0,0,2,0,0,0,0,0,0,-,-,33.893,-118.285,LOS ANGELES,LOS ANGELES,-118.28557082,33.89298271
6387711,2014,2015-02-10,1928,2014-02-02,1226,368,506,7,5,5,1928,0,0,0,NA,0,001,IMPERIAL HWY,INGLEWOOD AV,0,NA,Y,A,-,N,NA,NA,NA,NA,NA,NA,NA,NA,NA,N,3,0,1,2,A,-,12,21453,A,N,D,C,A,A,H,-,A,A,0,NA,NA,NA,NA,Y,NA,A,01,0,1,0,0,0,0,0,0,0,-,-,NA,NA,LOS ANGELES,HAWTHORNE,-118.36135004,33.93093003
6387743,2014,2016-01-23,9580,2014-02-05,0920,20119,NA,3,1,7,1942,0,1,2,NA,2,103,RT 101,VAN NUYS BL,1056,N,N,A,-,Y,LA,7,101,-,-,16.19,H,-,S,N,4,0,1,2,A,-,03,22350,NA,N,C,C,A,A,H,-,A,D,1,NA,NA,NA,NA,Y,NA,A,01,0,0,1,0,0,0,0,0,0,-,-,34.15775,-118.45542,LOS ANGELES,LOS ANGELES,-118.45316538,34.15757872
6387841,2014,2015-12-30,9590,2014-02-07,2350,20344,NA,5,3,7,1942,0,1,3,NA,2,094,RT 2,COLORADO BL,1000,W,N,A,-,Y,LA,7,2,-,R,18.28,H,-,E,N,4,0,2,1,A,-,08,22107,NA,N,E,I,A,A,H,-,C,D,1,NA,NA,NA,NA,Y,NA,A,01,0,0,2,0,0,0,0,0,0,-,-,34.14327,-118.22559,LOS ANGELES,LOS ANGELES,-118.22820646,34.13957982
6387842,2014,2016-01-19,9590,2014-02-06,0745,20402,NA,4,1,7,1942,0,1,2,NA,2,071,RT 101,MISSION RD,50,N,N,B,-,Y,LA,7,101,-,-,0.07,H,-,S,N,4,0,1,2,A,-,03,22350,NA,N,C,C,A,B,H,-,-,D,1,NA,NA,NA,NA,Y,NA,A,01,0,0,1,0,0,0,0,0,0,-,-,34.05307,-118.22867,LOS ANGELES,LOS ANGELES,-118.22855310999999,34.0529883
6387846,2014,2016-03-05,9590,2014-02-13,0650,16689,NA,4,1,7,1942,0,1,1,NA,2,015,RT 110,AVE 43,50,N,N,A,-,Y,LA,7,110,-,-,27.13,H,-,S,Y,4,0,1,2,A,-,03,22350,NA,N,C,C,A,A,H,-,A,D,1,NA,NA,NA,NA,Y,NA,A,01,0,0,1,0,0,0,0,0,0,-,-,34.09359,-118.20637,LOS ANGELES,LOS ANGELES,-118.20635119,34.09353586
6387849,2014,2016-01-19,9580,2014-02-06,2005,19326,NA,4,2,7,1942,0,1,2,NA,2,101,RT 101,VINELAND AV,25,N,N,B,C,Y,LA,7,101,-,-,11.14,H,-,S,Y,4,0,1,3,A,-,03,22350,NA,N,D,C,A,B,H,-,C,D,1,NA,NA,NA,NA,Y,NA,A,07,0,0,1,0,0,0,0,0,0,-,-,34.1469,-118.37047,LOS ANGELES,LOS ANGELES,-118.37047841,34.14690751
6387850,2014,2016-01-20,9590,2014-02-13,1330,17520,NA,4,1,7,1942,0,1,1,NA,2,050,RT 110,FLORENCE AV,500,S,N,A,-,Y,LA,7,110,-,-,16.89,H,-,N,Y,4,0,1,2,A,-,08,22107,NA,N,E,I,A,A,H,-,A,D,1,NA,NA,NA,NA,Y,NA,A,01,0,0,1,0,0,0,0,0,0,-,-,33.93138,-118.28057,LOS ANGELES,LOS ANGELES,-118.28072602,33.9734088
6387853,2014,2015-11-07,9580,2014-02-05,2310,20153,NA,3,3,7,1942,0,1,2,NA,2,100,RT 101,LAUREL CANYON BL,50,S,N,A,-,Y,LA,7,101,-,-,12.72,R,1,N,N,4,0,2,2,A,-,01,23152,A,M,C,C,A,A,H,-,C,D,1,NA,NA,NA,NA,Y,Y,A,07,0,0,2,0,0,0,0,0,0,TO,-,34.17641,-118.5906,LOS ANGELES,LOS ANGELES,-118.39401249,34.1545379
6387854,2014,2015-11-07,9590,2014-02-11,1220,15918,NA,2,1,7,1942,0,1,2,NA,2,073,RT 101,MELROSE AV,10,S,N,A,-,Y,LA,7,101,-,-,4.85,H,-,S,N,3,0,1,2,A,-,03,22350,NA,N,C,C,A,A,H,-,A,D,1,NA,NA,NA,NA,Y,NA,A,01,0,1,0,0,0,0,0,0,0,-,-,34.08356,-118.29883,LOS ANGELES,LOS ANGELES,-118.29887145,34.0835892
6387857,2014,2016-03-26,9580,2014-02-05,0535,17386,NA,3,3,7,1942,0,1,2,NA,2,105,RT 101,RESEDA BL,545,N,N,A,-,Y,LA,7,101,-,-,21.38,H,-,S,Y,2,0,1,1,A,-,03,22350,NA,N,E,C,A,A,H,-,D,D,1,NA,NA,NA,NA,Y,NA,A,01,1,0,0,0,0,0,0,0,0,-,-,34.17315,-118.53866,LOS ANGELES,LOS ANGELES,-118.53807416,34.17322205
6387858,2014,2015-11-07,9590,2014-02-12,2036,20527,NA,3,2,7,1942,0,1,2,NA,2,072,RT 101,BARHAM BL,50,S,N,A,-,Y,LA,7,101,-,-,9.21,H,-,N,Y,4,0,1,3,A,-,03,22350,NA,N,C,C,A,A,H,-,C,D,1,NA,NA,NA,NA,Y,NA,A,01,0,0,1,0,0,0,0,0,0,-,-,34.12859,-118.34676,LOS ANGELES,LOS ANGELES,-118.34677074,34.12872602
6387861,2014,2016-03-26,9580,2014-02-04,1001,14900,NA,2,1,7,1942,0,1,2,NA,2,103,RT 101,WHITE OAK AV,1677,S,N,B,-,Y,LA,7,101,-,-,19.91,H,-,S,N,4,0,2,2,A,-,03,22350,NA,N,C,C,A,A,H,-,A,D,1,NA,NA,NA,NA,Y,NA,A,01,0,0,2,0,0,0,0,0,0,-,-,34.17104,-118.51331,LOS ANGELES,LOS ANGELES,-118.51287772,34.17109076
6387862,2014,2015-11-17,9590,2014-02-16,1155,20169,NA,7,1,7,1942,0,1,1,NA,2,061,RT 10,ARLINGTON AV,150,E,N,A,-,Y,LA,7,10,-,R,12.48,H,-,W,Y,4,0,2,2,A,-,08,22107,NA,N,B,C,A,A,H,-,A,D,1,NA,NA,NA,NA,Y,NA,A,01,0,0,2,0,0,0,0,0,0,-,-,34.0372,-118.3149,LOS ANGELES,LOS ANGELES,-118.31492044,34.03710218
6387865,2014,2015-11-10,9580,2014-02-01,1050,19451,NA,6,1,7,1942,0,1,1,NA,2,405,RT 405,SEPULVEDA BL,250,S,N,A,-,Y,LA,7,405,-,-,38.54,H,-,S,Y,4,0,6,4,A,-,03,22350,NA,N,C,C,A,A,H,-,A,D,1,NA,NA,NA,NA,Y,NA,A,07,0,0,6,0,0,0,0,0,0,-,-,34.14671,-118.47048,LOS ANGELES,LOS ANGELES,-118.4701021,34.14734644
6387866,2014,2015-12-28,9590,2014-02-17,0825,15982,NA,1,1,7,1942,0,1,1,NA,2,051,RT 110,SLAUSON AV,250,N,N,A,-,Y,LA,7,110,-,-,18.05,H,-,S,Y,4,0,1,2,A,-,03,22350,NA,N,B,C,A,A,H,-,A,D,1,NA,NA,NA,NA,Y,NA,A,07,0,0,1,0,0,0,0,0,0,-,-,33.98968,-118.28075,LOS ANGELES,LOS ANGELES,-118.28061249,33.99026785
6387869,2014,2016-06-07,9580,2014-02-10,0500,18325,NA,1,3,7,1942,0,1,3,NA,2,119,RT 118,ROCKY PEAK RD,1056,E,N,A,-,Y,LA,7,118,-,R,0.03,H,-,W,Y,3,0,1,2,A,-,07,21658,A,N,C,C,A,A,H,-,D,D,1,NA,NA,Y,NA,Y,NA,C,02,0,1,0,0,0,0,0,0,1,-,-,34.27099,-118.63219,LOS ANGELES,LOS ANGELES,-118.63305162,34.2701836
6387870,2014,2016-01-20,9590,2014-02-18,0810,16689,NA,2,1,7,1942,0,1,1,NA,2,050,RT 110,CENTURY BL,200,N,N,B,-,Y,LA,7,110,-,-,15.03,H,-,N,N,4,0,1,2,A,-,03,22350,NA,N,C,C,A,A,H,-,A,D,1,NA,NA,NA,NA,Y,NA,A,01,0,0,1,0,0,0,0,0,0,-,-,33.94685,-118.27921,LOS ANGELES,LOS ANGELES,-118.27945182,33.9464601
6387874,2014,2014-06-16,1928,2014-02-10,0733,352,525,1,5,5,1928,0,0,0,NA,0,0H2,116TH ST,PRAIRIE AV,40,W,N,A,-,N,NA,NA,NA,NA,NA,NA,NA,NA,NA,N,4,0,1,2,A,-,08,22107,NA,N,B,C,A,A,H,-,A,-,0,NA,NA,NA,NA,Y,NA,A,01,0,0,1,0,0,0,0,0,0,-,-,NA,NA,LOS ANGELES,HAWTHORNE,-118.34403161,33.92914
6387882,2014,2014-06-16,1928,2014-02-13,1130,312,530,4,5,5,1928,0,0,0,NA,0,0H1,IMPERIAL HWY,HAWTHORNE BL,0,NA,Y,A,-,N,NA,NA,NA,NA,NA,NA,NA,NA,NA,N,3,0,1,2,A,-,10,21950,A,N,G,B,B,A,H,-,A,A,0,Y,NA,NA,NA,Y,NA,A,01,0,1,0,0,1,0,0,0,0,-,-,NA,NA,LOS ANGELES,HAWTHORNE,-118.35271001,33.93096006
6387886,2014,2014-06-16,1928,2014-02-08,1551,372,517,6,5,5,1928,0,0,0,NA,0,003,CRENSHAW BL,131ST ST,0,NA,Y,A,-,N,NA,NA,NA,NA,NA,NA,NA,NA,NA,N,4,0,1,2,A,-,09,21802,A,N,D,C,A,A,H,-,A,A,0,NA,NA,Y,NA,Y,NA,C,03,0,0,1,0,0,0,0,0,1,-,-,NA,NA,LOS ANGELES,HAWTHORNE,-118.32660003,33.91345004
6387891,2014,2015-01-21,1900,2014-01-24,1450,507891,1511,5,5,5,1954,0,0,0,NA,0,151T1,BEVERLY BL,LINDELL AV,4,W,N,A,-,N,NA,NA,NA,NA,NA,NA,NA,NA,NA,N,4,0,1,2,A,-,08,22107,NA,N,D,C,A,A,H,-,A,D,0,NA,NA,NA,NA,Y,NA,A,01,0,0,1,0,0,0,0,0,0,-,-,NA,NA,LOS ANGELES,PICO RIVERA,-118.07970231,34.0101592
6387902,2014,2014-06-16,1951,2014-02-08,1449,716,NA,6,5,3,1951,0,0,0,NA,0,012,PALOS VERDES DR W,VIA ROSA,773,S,N,B,-,N,NA,NA,NA,NA,NA,NA,NA,NA,NA,Y,3,0,1,1,A,-,08,22107,NA,N,E,I,A,A,H,-,A,D,0,NA,NA,NA,NA,Y,NA,A,01,0,1,0,0,0,0,0,0,0,-,-,NA,NA,LOS ANGELES,PALOS VERDES EST,-118.38952753,33.80213119
6387906,2014,2014-06-16,1951,2014-02-14,1047,738,NA,5,5,3,1951,0,0,0,NA,0,012,VIA DEL MONTE,GATOS PL,416,E,N,A,-,N,NA,NA,NA,NA,NA,NA,NA,NA,NA,N,3,0,1,2,A,-,08,22107,NA,N,C,G,A,A,H,-,A,D,0,NA,Y,NA,NA,Y,NA,A,01,0,1,0,0,0,0,1,0,0,-,-,NA,NA,LOS ANGELES,PALOS VERDES EST,-118.39876473,33.79417345
6387917,2014,2016-01-14,9590,2014-02-07,0300,20351,NA,5,3,7,1942,0,1,2,NA,2,071,RT 101,E CESAR CHAVEZ,150,W,N,B,-,Y,LA,7,10,-,S,0.09,H,-,E,Y,3,0,1,1,A,-,01,23152,A,N,E,I,A,A,H,-,C,D,1,NA,NA,NA,NA,Y,NA,A,01,0,1,0,0,0,0,0,0,0,-,-,34.05285,-118.22348,LOS ANGELES,LOS ANGELES,-118.22310119,34.05301534
6387922,2014,2014-06-16,1900,2014-02-14,1559,527065,1126,5,5,6,1992,0,0,0,NA,0,111T1,AVENUE K-8,15TH ST WEST,0,NA,Y,A,-,N,NA,NA,NA,NA,NA,NA,NA,NA,NA,Y,3,0,2,2,A,-,09,21801,A,N,D,C,A,A,H,-,A,A,0,NA,NA,NA,NA,Y,NA,A,01,0,1,1,0,0,0,0,0,0,-,-,NA,NA,LOS ANGELES,LANCASTER,-118.15677001,34.66763011
6387926,2014,2014-06-16,1900,2014-02-16,0300,527065,1120,7,5,6,1992,0,0,0,NA,0,0300,30TH ST WEST,AVENUE E,20,N,N,A,-,N,NA,NA,NA,NA,NA,NA,NA,NA,NA,N,4,0,1,1,A,-,08,22107,NA,N,F,A,A,A,H,-,D,A,0,NA,NA,NA,NA,Y,NA,A,01,0,0,1,0,0,0,0,0,0,-,-,NA,NA,LOS ANGELES,LANCASTER,-118.18446032,34.76232484
6387950,2014,2014-06-16,1900,2014-02-16,1312,527065,1125,7,5,6,1992,0,0,0,NA,0,111T1,PILLSBURY ST,15TH ST WEST,4,E,N,A,-,N,NA,NA,NA,NA,NA,NA,NA,NA,NA,Y,3,0,1,2,A,-,09,21804,A,N,H,G,A,A,H,-,A,D,0,NA,Y,NA,NA,Y,NA,L,04,0,1,0,0,0,0,1,0,0,-,-,NA,NA,LOS ANGELES,LANCASTER,-118.15656672,34.69074
6387954,2014,2014-06-16,1900,2014-02-17,1855,442237,1122,1,5,6,1992,0,0,0,NA,0,111T2,AVE I,10TH ST WEST,21,E,N,A,-,N,NA,NA,NA,NA,NA,NA,NA,NA,NA,N,4,0,1,2,A,-,08,22107,NA,N,H,G,A,A,H,-,C,A,0,NA,Y,NA,NA,Y,NA,L,04,0,0,1,0,0,0,1,0,0,-,-,NA,NA,LOS ANGELES,LANCASTER,-118.14805028,34.70395
6387958,2014,2014-06-16,1900,2014-02-14,1909,407758,1132,5,5,6,1992,0,0,0,NA,0,112T1P,AVE I,YUCCA AV,112,W,N,A,-,N,NA,NA,NA,NA,NA,NA,NA,NA,NA,N,4,0,3,2,A,-,03,22350,NA,N,C,C,A,A,H,-,C,A,0,NA,NA,NA,NA,Y,NA,A,01,0,0,3,0,0,0,0,0,0,-,-,34.70385,-118.13633,LOS ANGELES,LANCASTER,-118.13628178,34.703944
6387962,2014,2014-06-16,1900,2014-02-10,0733,528221,1126,1,5,6,1992,0,0,0,NA,0,111T2,AVENUE L,15TH ST WEST,0,NA,Y,A,-,N,NA,NA,NA,NA,NA,NA,NA,NA,NA,Y,4,0,1,2,A,-,09,21801,A,N,D,C,A,A,H,-,A,A,0,NA,NA,NA,NA,Y,NA,A,01,0,0,1,0,0,0,0,0,0,-,-,NA,NA,LOS ANGELES,LANCASTER,-118.15671012,34.66037002
6387966,2014,2014-06-16,1900,2014-02-09,1000,527065,1121,7,5,6,1992,0,0,0,NA,0,111T1,AVE I,13TH ST WEST,212,E,N,A,-,N,NA,NA,NA,NA,NA,NA,NA,NA,NA,Y,4,0,1,2,A,-,04,21703,NA,N,C,C,A,A,H,-,A,A,0,NA,NA,NA,NA,Y,NA,A,01,0,0,1,0,0,0,0,0,0,-,-,NA,NA,LOS ANGELES,LANCASTER,-118.15335,34.70418
6387970,2014,2015-12-30,9590,2014-02-18,0945,16551,NA,2,1,7,1942,0,1,3,NA,2,095,RT 2,AVE 36,300,E,N,A,-,Y,LA,7,2,-,-,16.7,H,-,W,Y,4,0,1,2,A,-,03,22350,NA,N,C,C,A,A,H,-,A,D,1,NA,NA,NA,NA,Y,NA,A,01,0,0,1,0,0,0,0,0,0,-,-,34.11798,-118.23522,LOS ANGELES,LOS ANGELES,-118.23423941,34.11842519
6387974,2014,2016-03-05,9590,2014-02-10,1315,16642,NA,1,1,7,1942,0,1,1,NA,2,052,RT 110,7TH ST,250,S,N,A,-,Y,LA,7,110,-,-,22.41,H,-,N,Y,4,0,2,2,A,-,07,21658,A,N,B,C,A,A,H,-,A,D,1,NA,NA,Y,NA,Y,NA,A,01,0,0,2,0,0,0,0,0,2,-,-,34.05003,-118.26295,LOS ANGELES,LOS ANGELES,-118.26459616,34.04905082
6387978,2014,2016-03-05,9590,2014-02-12,0510,16642,NA,3,3,7,1942,0,1,1,NA,2,012,RT 110,AVE 43,300,S,N,A,-,Y,LA,7,110,-,-,27.063,R,2,N,Y,4,0,1,1,A,-,08,22107,NA,N,E,I,A,A,-,-,C,D,1,NA,NA,NA,NA,Y,NA,A,01,0,0,1,0,0,0,0,0,0,-,-,34.09251,-118.2053,LOS ANGELES,LOS ANGELES,-118.20626087,34.09241988
6387982,2014,2015-11-17,9590,2014-02-12,1758,18345,NA,3,2,7,1942,0,1,1,NA,2,060,RT 10,LA BREA AV,100,W,N,A,-,Y,LA,7,10,-,R,10.41,H,-,E,Y,3,0,1,3,A,-,07,21658,A,N,B,C,A,A,H,-,B,D,1,NA,NA,Y,NA,Y,NA,A,01,0,1,0,0,0,0,0,0,1,-,-,34.03418,-118.35208,LOS ANGELES,LOS ANGELES,-118.35085248,34.03417473
6387985,2014,2014-06-16,1900,2014-02-10,1435,442237,1192,1,5,6,1992,0,0,0,NA,0,111T1,AVE L,28TH ST WEST,436,E,N,A,-,N,NA,NA,NA,NA,NA,NA,NA,NA,NA,Y,4,0,2,2,A,-,03,22350,NA,N,C,C,A,A,H,-,A,D,0,NA,NA,NA,NA,Y,NA,A,07,0,0,2,0,0,0,0,0,0,-,-,NA,NA,LOS ANGELES,LANCASTER,-118.17978342,34.66030282
6387989,2014,2014-06-16,1900,2014-02-09,0834,528221,1137,7,5,6,1992,0,0,0,NA,0,111T2,AVE J,26TH ST EAST,0,NA,Y,A,-,N,NA,NA,NA,NA,NA,NA,NA,NA,NA,Y,4,0,1,2,A,-,09,21801,A,N,D,C,A,A,H,-,A,A,0,NA,NA,NA,NA,Y,NA,A,01,0,0,1,0,0,0,0,0,0,-,-,NA,NA,LOS ANGELES,LANCASTER,-118.08363014,34.68980003
6387993,2014,2014-06-16,1900,2014-02-05,1029,528221,1125,3,5,6,1992,0,0,0,NA,0,111T2,LANCASTER BL,15TH ST WEST,0,NA,Y,A,-,N,NA,NA,NA,NA,NA,NA,NA,NA,NA,Y,3,0,1,2,A,-,09,21801,A,N,D,C,A,A,H,-,A,A,0,NA,NA,NA,NA,Y,NA,A,01,0,1,0,0,0,0,0,0,0,-,-,NA,NA,LOS ANGELES,LANCASTER,-118.15694007,34.69671011
6387997,2014,2014-06-16,1900,2014-02-15,1020,531568,1123,6,5,6,1992,0,0,0,NA,0,11251,SIERRA HWY,AVE L,2640,N,N,A,-,N,NA,NA,NA,NA,NA,NA,NA,NA,NA,N,3,0,1,2,A,-,08,22107,NA,N,D,A,A,A,H,-,A,D,0,NA,NA,NA,NA,Y,NA,A,01,0,1,0,0,0,0,0,0,0,-,-,NA,NA,LOS ANGELES,LANCASTER,-118.13170582,34.66769822
6388002,2014,2016-03-04,9580,2014-02-09,1545,19950,NA,7,2,7,1942,0,1,3,NA,2,118,RT 118,MOVIE LN,50,W,N,B,-,Y,LA,7,118,-,R,1.46,H,-,E,Y,2,0,1,1,C,-,18,NA,NA,N,E,I,A,A,H,-,A,D,1,NA,NA,NA,NA,Y,NA,-,-,1,0,0,0,0,0,0,0,0,-,-,34.27722,-118.61061,LOS ANGELES,LOS ANGELES,-118.61065875,34.27731055
6388035,2014,2015-01-09,1900,2014-01-22,1450,488379,2116,3,5,5,1943,0,0,0,NA,0,212BD,SANTA FE AV,EUCLID AV,5,N,N,A,-,N,NA,NA,NA,NA,NA,NA,NA,NA,NA,Y,2,0,1,2,D,-,00,NA,NA,N,D,G,A,A,H,-,A,A,0,NA,Y,NA,NA,Y,NA,-,-,1,0,0,0,0,0,1,0,0,-,-,NA,NA,LOS ANGELES,LYNWOOD,-118.21696226,33.91319358
6388069,2014,2016-01-19,9580,2014-02-07,2335,020167,NA,5,3,7,1942,0,1,2,NA,2,103,RT 101,HAYVENHURST AV,168,S,N,A,-,Y,LA,7,101,-,-,18.58,H,-,S,Y,4,0,3,2,A,-,01,23152,A,N,B,C,A,A,H,-,C,D,1,NA,NA,NA,NA,Y,Y,A,01,0,0,3,0,0,0,0,0,0,-,-,34.16507,-118.49108,LOS ANGELES,LOS ANGELES,-118.4917342,34.16519794