CASE_ID,ACCIDENT_YEAR,PROC_DATE,JURIS,COLLISION_DATE,COLLISION_TIME,OFFICER_ID,REPORTING_DISTRICT,DAY_OF_WEEK,CHP_SHIFT,POPULATION,CNTY_CITY_LOC,SPECIAL_COND,BEAT_TYPE,CHP_BEAT_TYPE,CITY_DIVISION_LAPD,CHP_BEAT_CLASS,BEAT_NUMBER,PRIMARY_RD,SECONDARY_RD,DISTANCE,DIRECTION,INTERSECTION,WEATHER_1,WEATHER_2,STATE_HWY_IND,CALTRANS_COUNTY,CALTRANS_DISTRICT,STATE_ROUTE,ROUTE_SUFFIX,POSTMILE_PREFIX,POSTMILE,LOCATION_TYPE,RAMP_INTERSECTION,SIDE_OF_HWY,TOW_AWAY,COLLISION_SEVERITY,NUMBER_KILLED,NUMBER_INJURED,PARTY_COUNT,PRIMARY_COLL_FACTOR,PCF_CODE_OF_VIOL,PCF_VIOL_CATEGORY,PCF_VIOLATION,PCF_VIOL_SUBSECTION,HIT_AND_RUN,TYPE_OF_COLLISION,MVIW,PED_ACTION,ROAD_SURFACE,ROAD_COND_1,ROAD_COND_2,LIGHTING,CONTROL_DEVICE,CHP_ROAD_TYPE,PEDESTRIAN_ACCIDENT,BICYCLE_ACCIDENT,MOTORCYCLE_ACCIDENT,TRUCK_ACCIDENT,NOT_PRIVATE_PROPERTY,ALCOHOL_INVOLVED,STWD_VEHTYPE_AT_FAULT,CHP_VEHTYPE_AT_FAULT,COUNT_SEVERE_INJ,COUNT_VISIBLE_INJ,COUNT_COMPLAINT_PAIN,COUNT_PED_KILLED,COUNT_PED_INJURED,COUNT_BICYCLIST_KILLED,COUNT_BICYCLIST_INJURED,COUNT_MC_KILLED,COUNT_MC_INJURED,PRIMARY_RAMP,SECONDARY_RAMP,LATITUDE,LONGITUDE,COUNTY,CITY,POINT_X,POINT_Y
6395572,2014,2014-06-24,1928,2014-02-27,1737,326,517,4,5,5,1928,0,0,0,NA,0,003,PRAIRIE AV,132ND ST,0,NA,Y,A,-,N,NA,NA,NA,NA,NA,NA,NA,NA,NA,Y,2,0,2,3,A,-,01,23153,A,N,D,C,A,A,H,-,A,A,0,NA,NA,NA,Y,Y,Y,F,26,1,0,1,0,0,0,0,0,0,-,-,NA,NA,LOS ANGELES,HAWTHORNE,-118.34388006,33.91309005
6395577,2014,2015-11-19,9590,2014-02-28,0710,20672,NA,5,1,7,1942,0,1,1,NA,2,021,RT 10,STATE ST,100,E,N,B,C,Y,LA,7,10,-,-,18.54,H,-,W,Y,4,0,1,2,A,-,07,21658,A,N,C,C,A,B,H,-,A,D,1,NA,NA,NA,NA,Y,NA,A,07,0,0,1,0,0,0,0,0,0,-,-,34.05454,-118.21001,LOS ANGELES,LOS ANGELES,-118.21163697,34.05497405
6395581,2014,2016-03-05,9590,2014-02-27,1552,20693,NA,4,2,7,1942,0,1,1,NA,2,013,RT 110,AVE 52,25,S,N,A,-,Y,LA,7,110,-,-,27.996,R,1,S,N,4,0,1,2,A,-,21,22106,NA,N,C,C,A,A,H,-,A,D,1,NA,NA,NA,Y,Y,NA,F,26,0,0,1,0,0,0,0,0,0,-,-,34.10326,-118.19696,LOS ANGELES,LOS ANGELES,-118.19730218,34.10290986
6395602,2014,2014-06-24,1942,2014-02-19,1210,37505,0201,3,5,7,1942,0,0,0,B,0,13TL53,VERMONT AV,MELROSE AV,1,N,N,A,-,N,NA,NA,NA,NA,NA,NA,NA,NA,NA,N,4,0,2,2,A,-,08,22107,NA,N,D,C,A,A,H,-,A,A,0,NA,NA,Y,NA,Y,NA,A,07,0,0,2,0,0,0,0,0,2,-,-,NA,NA,LOS ANGELES,LOS ANGELES,-118.29171004,34.08358274
6395621,2014,2014-06-23,1942,2014-02-19,1840,37913,0497,3,5,7,1942,0,0,0,D,0,4Z87,OLYMPIC BL,LORENA ST,15,W,N,A,-,N,NA,NA,NA,NA,NA,NA,NA,NA,NA,Y,3,0,3,2,A,-,09,21801,A,N,D,C,A,A,H,-,C,A,0,NA,NA,NA,NA,Y,NA,D,22,0,1,2,0,0,0,0,0,0,-,-,NA,NA,LOS ANGELES,LOS ANGELES,-118.20669934,34.01874794
6395637,2014,2014-06-23,1942,2014-02-14,0735,30380,0438,5,5,7,1942,0,0,0,D,0,4TL43,N EASTERN AV,KLAMATH PL,88,S,N,A,-,N,NA,NA,NA,NA,NA,NA,NA,NA,NA,Y,4,0,1,2,A,-,04,21703,NA,N,C,C,A,A,H,-,A,A,0,NA,NA,NA,NA,Y,NA,D,22,0,0,1,0,0,0,0,0,0,-,-,NA,NA,LOS ANGELES,LOS ANGELES,-118.18024893,34.0748088
6395638,2014,2014-06-24,1900,2014-02-19,0950,290645,1413,3,5,1,1932,0,0,0,NA,0,141T2,DON JULIAN RD,7TH AV,0,NA,Y,B,-,N,NA,NA,NA,NA,NA,NA,NA,NA,NA,Y,3,0,1,2,A,-,12,21453,A,N,D,C,A,A,H,-,A,A,0,NA,NA,NA,NA,Y,NA,A,01,0,1,0,0,0,0,0,0,0,-,-,NA,NA,LOS ANGELES,INDUSTRY,-117.98052003,34.02908
6395641,2014,2016-02-02,1942,2014-02-18,1035,37826,0455,2,5,7,1942,0,0,0,D,0,4A71,CESAR CHAVEZ,BRITTANIA ST,125,W,N,A,-,Y,LA,7,5,-,-,17.96,R,4,N,Y,4,0,1,2,A,-,12,21453,A,N,D,C,A,A,H,-,A,A,0,NA,NA,NA,NA,Y,NA,-,-,0,0,1,0,0,0,0,0,0,-,-,NA,NA,LOS ANGELES,LOS ANGELES,-118.21432621,34.04810804
6395653,2014,2014-06-26,1942,2014-02-17,1230,37695,0152,1,5,7,1942,0,0,0,A,0,1X32,6TH ST,OLIVE ST,25,E,N,A,-,N,NA,NA,NA,NA,NA,NA,NA,NA,NA,N,4,0,1,2,A,-,08,22100,B,N,B,C,A,A,H,-,A,A,0,NA,NA,NA,NA,Y,NA,A,01,0,0,1,0,0,0,0,0,0,-,-,NA,NA,LOS ANGELES,LOS ANGELES,-118.25413457,34.04799836
6395864,2014,2015-11-10,9590,2014-01-31,1835,20659,NA,5,2,7,1942,0,1,1,NA,2,053,RT 110,8TH ST,10,S,N,A,-,Y,LA,7,110,-,-,22.44,H,-,S,N,4,0,1,3,A,-,03,22350,NA,N,C,C,A,A,H,-,B,D,1,NA,NA,NA,NA,Y,NA,A,01,0,0,1,0,0,0,0,0,0,-,-,34.04927,-118.26439,LOS ANGELES,LOS ANGELES,-118.2643689,34.04938543
6395868,2014,2015-11-10,9590,2014-01-19,0130,20662,NA,7,3,7,1942,0,1,1,NA,2,051,RT 110,47TH ST,100,N,N,A,-,Y,LA,7,110,-,-,18.83,H,-,S,Y,2,0,1,1,A,-,01,23152,A,N,E,I,A,A,H,-,C,D,1,NA,NA,NA,NA,Y,Y,A,01,1,0,0,0,0,0,0,0,0,-,-,34.00011,-118.28104,LOS ANGELES,LOS ANGELES,-118.28115228,34.00162529
6395872,2014,2016-01-20,9590,2014-01-23,0031,20095,NA,4,3,7,1942,0,1,1,NA,2,501,RT 110,79TH ST,430,N,N,A,-,Y,LA,7,110,-,-,16.72,H,-,S,Y,2,0,1,2,A,-,03,22350,NA,N,D,C,A,A,H,-,C,D,1,NA,NA,NA,NA,Y,NA,A,07,1,0,0,0,0,0,0,0,0,-,-,33.97421,-118.28075,LOS ANGELES,LOS ANGELES,-118.28093609,33.970925630000004
6395876,2014,2015-12-30,9540,2014-01-29,0640,14902,NA,3,1,9,1900,0,1,3,NA,1,145,RT 14,LOS ANGELES AQUADUCT,322,N,N,A,-,Y,LA,7,14,-,R,27.65,H,-,S,Y,3,0,1,3,A,-,03,22350,NA,N,C,C,A,A,C,-,A,D,1,NA,NA,NA,NA,Y,NA,A,01,0,1,0,0,0,0,0,0,0,-,-,34.37321,-118.49885,LOS ANGELES,UNINCORPORATED,-118.498934,34.37306654
6395898,2014,2014-06-18,1942,2014-02-19,0725,36618,1967,3,5,7,1942,0,0,0,NA,0,17TL15,CANTERBURY AV,KAGEL CANYON ST,0,NA,Y,A,-,N,NA,NA,NA,NA,NA,NA,NA,NA,NA,N,4,0,1,2,A,-,09,21802,A,N,D,C,A,A,H,-,A,A,0,NA,NA,NA,NA,Y,NA,A,01,0,0,1,0,0,0,0,0,0,-,-,NA,NA,LOS ANGELES,LOS ANGELES,-118.43580004,34.24024003
6395924,2014,2014-06-19,1942,2014-02-08,1130,33599,1268,6,5,7,1942,0,0,0,L,0,18TL23,MANCHESTER AV,OLIVE ST,0,NA,Y,A,-,Y,NA,NA,NA,NA,NA,NA,NA,NA,NA,Y,3,0,6,4,A,-,03,22350,NA,N,D,C,A,A,H,-,A,A,0,NA,NA,NA,NA,Y,NA,A,01,0,1,5,0,0,0,0,0,0,-,-,NA,NA,LOS ANGELES,LOS ANGELES,-118.27929009,33.96009003
6395928,2014,2014-06-18,1942,2014-02-08,1905,36571,1263,6,5,7,1942,0,0,0,L,0,5T25,WESTERN AV,80TH ST,10,S,N,A,-,N,NA,NA,NA,NA,NA,NA,NA,NA,NA,N,3,0,1,2,A,-,10,21950,A,N,G,B,B,A,H,-,C,A,0,Y,NA,NA,NA,Y,NA,A,08,0,1,0,0,1,0,0,0,0,-,-,NA,NA,LOS ANGELES,LOS ANGELES,-118.309018,33.966383
6395932,2014,2014-06-18,1942,2014-02-08,1920,35936,1241,6,5,7,1942,0,0,0,L,0,3T5,CRENSHAW BL,HYDE PARK BL,10,N,N,A,-,N,NA,NA,NA,NA,NA,NA,NA,NA,NA,N,4,0,1,2,A,-,10,21950,A,N,D,B,B,A,H,-,C,A,0,Y,NA,NA,NA,Y,NA,A,01,0,0,1,0,1,0,0,0,0,-,-,NA,NA,LOS ANGELES,LOS ANGELES,-118.33088,33.98064743
6395936,2014,2014-06-18,1942,2014-02-09,0750,33599,1203,7,5,7,1942,0,0,0,L,0,18TL23,WESTERN AV,49TH ST,80,N,N,B,-,N,NA,NA,NA,NA,NA,NA,NA,NA,NA,Y,3,0,1,2,A,-,03,22350,NA,N,C,E,A,A,H,-,A,D,0,NA,NA,NA,NA,Y,NA,A,08,0,1,0,0,0,0,0,0,0,-,-,NA,NA,LOS ANGELES,LOS ANGELES,-118.308938,33.999346
6395940,2014,2014-06-18,1942,2014-02-08,0910,39185,1245,6,5,7,1942,0,0,0,L,0,12A49,VERMONT,FLORENCE,0,NA,Y,A,-,N,NA,NA,NA,NA,NA,NA,NA,NA,NA,N,4,0,1,2,A,-,09,21804,A,N,G,G,A,A,H,-,A,A,0,NA,Y,NA,NA,Y,NA,L,04,0,0,1,0,0,0,1,0,0,-,-,NA,NA,LOS ANGELES,LOS ANGELES,-118.29174013,33.97463007
6395944,2014,2014-06-18,1942,2014-02-09,1630,40557,1207,7,5,7,1942,0,0,0,L,0,12A,50TH ST,VERMONT AV,600,E,N,B,-,N,NA,NA,NA,NA,NA,NA,NA,NA,NA,N,4,0,1,2,A,-,21,22106,NA,N,H,G,A,A,H,-,A,D,0,NA,Y,NA,NA,Y,NA,A,01,0,0,1,0,0,0,1,0,0,-,-,NA,NA,LOS ANGELES,LOS ANGELES,-118.28957302,33.99785406
6395948,2014,2014-06-19,1942,2014-02-05,1540,41373,1251,3,5,7,1942,0,0,0,L,0,12A51,58TH ST,VERMONT AV,0,NA,Y,A,-,N,NA,NA,NA,NA,NA,NA,NA,NA,NA,Y,3,0,1,2,A,-,03,22350,NA,N,D,C,A,A,H,-,A,A,0,NA,NA,NA,NA,Y,NA,A,01,0,1,0,0,0,0,0,0,0,-,-,NA,NA,LOS ANGELES,LOS ANGELES,-118.29148011,33.98966005
6395952,2014,2014-06-18,1942,2014-02-05,2115,33640,1268,3,5,7,1942,0,0,0,L,0,12A53,SAN PEDRO AV,84TH ST,0,NA,Y,A,-,N,NA,NA,NA,NA,NA,NA,NA,NA,NA,N,4,0,1,2,A,-,04,21703,NA,F,C,C,A,A,H,-,C,D,0,NA,NA,NA,NA,Y,NA,-,99,0,0,1,0,0,0,0,0,0,-,-,NA,NA,LOS ANGELES,LOS ANGELES,-118.26953014,33.96282002
6395956,2014,2014-06-18,1942,2014-02-06,1500,38503,1266,4,5,7,1942,0,0,0,L,0,12T41,BROADWAY,81ST ST,230,S,N,B,-,N,NA,NA,NA,NA,NA,NA,NA,NA,NA,N,3,0,1,2,A,-,08,22100,A,N,B,G,A,B,H,-,A,A,0,NA,Y,NA,NA,Y,NA,A,01,0,1,0,0,0,0,1,0,0,-,-,NA,NA,LOS ANGELES,LOS ANGELES,-118.278296,33.965304
6395960,2014,2014-06-18,1942,2014-02-06,0745,38591,1283,4,5,7,1942,0,0,0,L,0,12T41,98TH ST,HALLDALE,211,E,N,B,-,N,NA,NA,NA,NA,NA,NA,NA,NA,NA,N,4,0,1,2,A,-,03,22350,NA,N,D,C,A,B,H,-,A,D,0,NA,NA,NA,NA,Y,NA,-,99,0,0,1,0,0,0,0,0,0,-,-,NA,NA,LOS ANGELES,LOS ANGELES,-118.30181567,33.9469762
6395964,2014,2014-06-19,1942,2014-02-06,2315,36607,1251,4,5,7,1942,0,0,0,L,0,3T5,BRYNHURST AV,FLORENCE AV,0,NA,Y,A,-,N,NA,NA,NA,NA,NA,NA,NA,NA,NA,N,4,0,1,2,A,-,09,21802,A,N,D,C,A,B,H,-,C,A,0,NA,NA,NA,NA,Y,NA,A,01,0,0,1,0,0,0,0,0,0,-,-,NA,NA,LOS ANGELES,LOS ANGELES,-118.33415,33.9745101
6395968,2014,2014-06-19,1942,2014-02-05,1600,39689,1267,3,5,7,1942,0,0,0,L,0,3A73,VERMONT,83RD ST,0,NA,Y,A,-,N,NA,NA,NA,NA,NA,NA,NA,NA,NA,N,4,0,1,2,A,-,03,22350,NA,N,C,C,A,A,H,-,A,A,0,NA,NA,NA,NA,Y,NA,A,01,0,0,1,0,0,0,0,0,0,-,-,NA,NA,LOS ANGELES,LOS ANGELES,-118.29183,33.96365
6395972,2014,2014-06-19,1942,2014-02-05,0700,33599,1208,3,5,7,1942,0,0,0,L,0,3TL5,48TH ST,HOOVER ST,0,NA,Y,A,-,N,NA,NA,NA,NA,NA,NA,NA,NA,NA,Y,4,0,1,2,A,-,09,21453,B,N,D,C,A,A,H,-,A,A,0,NA,NA,NA,NA,Y,NA,A,01,0,0,1,0,0,0,0,0,0,-,-,NA,NA,LOS ANGELES,LOS ANGELES,-118.28715001,33.99962007
6395975,2014,2014-06-19,1942,2014-02-13,1900,39436,1255,4,5,7,1942,0,0,0,L,0,5TL25,FLORENCE AV,BUDLONG AV,0,NA,Y,A,-,N,NA,NA,NA,NA,NA,NA,NA,NA,NA,Y,3,0,1,2,A,-,03,22350,NA,N,C,C,A,A,H,-,C,A,0,NA,NA,NA,NA,Y,NA,A,08,0,1,0,0,0,0,0,0,0,-,-,NA,NA,LOS ANGELES,LOS ANGELES,-118.29620006,33.97461007
6395976,2014,2014-06-18,1942,2014-02-04,2045,34310,1251,2,5,7,1942,0,0,0,L,0,12X68,CRENSHAW,FLORENCE,0,NA,Y,A,-,N,NA,NA,NA,NA,NA,NA,NA,NA,NA,N,3,0,1,2,A,-,03,22350,NA,F,B,G,A,A,H,-,C,-,0,NA,Y,NA,NA,Y,NA,-,99,0,1,0,0,0,0,1,0,0,-,-,NA,NA,LOS ANGELES,LOS ANGELES,-118.33089001,33.97454006
6395979,2014,2014-06-18,1942,2014-02-14,0050,38633,1213,5,5,7,1942,0,0,0,L,0,12T41,WESTERN AV,SLAUSON AV,0,NA,Y,A,-,N,NA,NA,NA,NA,NA,NA,NA,NA,NA,N,4,0,1,2,A,-,10,21950,A,F,G,B,B,A,H,-,C,A,0,Y,NA,NA,NA,Y,NA,-,99,0,0,1,0,1,0,0,0,0,-,-,NA,NA,LOS ANGELES,LOS ANGELES,-118.30895002,33.98915001
6395980,2014,2014-06-19,1942,2014-02-04,0800,26383,1269,2,5,7,1942,0,0,0,L,0,12L70,AVALON BL,80TH ST,0,NA,Y,A,-,N,NA,NA,NA,NA,NA,NA,NA,NA,NA,N,3,0,2,2,A,-,09,21802,A,N,D,C,A,A,H,-,A,A,0,NA,NA,NA,NA,Y,NA,A,08,0,2,0,0,0,0,0,0,0,-,-,NA,NA,LOS ANGELES,LOS ANGELES,-118.26516005,33.96647003
6395983,2014,2014-07-08,1942,2014-02-16,1821,38688,1203,7,5,7,1942,0,0,0,L,0,3TL57,WESTERN AV,49TH ST,15,N,N,A,-,N,NA,NA,NA,NA,NA,NA,NA,NA,NA,Y,4,0,1,3,A,-,01,23152,A,F,H,A,A,A,H,-,C,D,0,NA,NA,NA,NA,Y,Y,A,08,0,0,1,0,0,0,0,0,0,-,-,NA,NA,LOS ANGELES,LOS ANGELES,-118.308938,33.999188
6395984,2014,2014-06-24,1942,2014-02-05,1515,40529,1255,3,5,7,1942,0,0,0,L,0,3T57,NORMANDIE AV,79TH ST,72,N,N,A,-,N,NA,NA,NA,NA,NA,NA,NA,NA,NA,N,3,0,1,2,A,-,07,21658,A,F,C,C,A,A,H,-,A,D,0,NA,NA,Y,NA,Y,NA,-,99,0,1,0,0,0,0,0,0,1,-,-,NA,NA,LOS ANGELES,LOS ANGELES,-118.30027705,33.96749738
6395987,2014,2014-06-19,1942,2014-02-16,1810,39119,1205,7,5,7,1942,0,0,0,L,0,12X550,NORMANDIE,51ST ST,80,N,N,A,-,N,NA,NA,NA,NA,NA,NA,NA,NA,NA,Y,4,0,1,2,A,-,01,23152,A,N,C,C,A,A,H,-,C,D,0,NA,NA,NA,NA,Y,Y,A,01,0,0,1,0,0,0,0,0,0,-,-,NA,NA,LOS ANGELES,LOS ANGELES,-118.30017,33.99707941
6395988,2014,2014-06-18,1942,2014-02-04,1005,26101,1263,2,5,7,1942,0,0,0,L,0,18T23,WESTERN AV,81ST ST,0,NA,Y,A,-,N,NA,NA,NA,NA,NA,NA,NA,NA,NA,N,4,0,1,2,A,-,10,21950,A,N,G,B,B,A,H,-,A,D,0,Y,NA,NA,NA,Y,NA,A,01,0,0,1,0,1,0,0,0,0,-,-,NA,NA,LOS ANGELES,LOS ANGELES,-118.30902,33.96547
6395991,2014,2014-06-19,1942,2014-02-10,1800,36752,1213,1,5,7,1942,0,0,0,L,0,12T73,WESTERN AV,74TH ST,130,N,N,A,-,N,NA,NA,NA,NA,NA,NA,NA,NA,NA,N,3,0,4,5,A,-,03,22350,NA,N,C,C,A,A,H,-,C,A,0,NA,NA,NA,NA,Y,NA,A,07,0,1,3,0,0,0,0,0,0,-,-,NA,NA,LOS ANGELES,LOS ANGELES,-118.308989,33.973094
6395992,2014,2014-06-18,1942,2014-02-02,1855,40924,NA,7,5,7,1942,0,0,0,NA,0,12A45,49TH ST,WESTERN AV,0,NA,Y,C,-,N,NA,NA,NA,NA,NA,NA,NA,NA,NA,N,3,0,1,2,A,-,12,22450,A,F,D,G,A,B,H,-,C,A,0,NA,Y,NA,NA,Y,NA,-,99,0,1,0,0,0,0,1,0,0,-,-,NA,NA,LOS ANGELES,LOS ANGELES,-118.30894007,33.99914006
6395995,2014,2014-06-19,1942,2014-02-07,1000,40686,1231,5,5,7,1942,0,0,0,L,0,12T41,62ND PL,LA BREA AV,0,NA,Y,A,-,N,NA,NA,NA,NA,NA,NA,NA,NA,NA,N,4,0,2,3,A,-,09,21804,A,N,D,C,E,A,H,-,A,D,0,Y,NA,NA,NA,Y,NA,A,01,0,0,2,0,1,0,0,0,0,-,-,NA,NA,LOS ANGELES,LOS ANGELES,-118.35852007,33.98296009
6395996,2014,2015-11-13,9590,2014-02-21,1020,20617,NA,5,1,7,1942,0,1,1,NA,2,082,RT 5,DUVALL ST,1500,S,N,A,-,Y,LA,7,5,-,-,20.66,H,-,N,N,4,0,1,2,A,-,03,22350,NA,N,C,C,A,A,H,-,A,D,1,NA,NA,NA,NA,Y,NA,A,01,0,0,1,0,0,0,0,0,0,-,-,34.08327,-118.22794,LOS ANGELES,LOS ANGELES,-118.22751302,34.08304619
6395999,2014,2014-06-18,1942,2014-02-07,1320,36058,1249,5,5,7,1942,0,0,0,L,0,12A49,SLAUSON AV,BUDLONG AV,15,W,N,B,-,N,NA,NA,NA,NA,NA,NA,NA,NA,NA,N,4,0,1,2,A,-,-,NA,NA,M,C,C,A,A,H,-,A,A,0,NA,NA,NA,NA,Y,NA,-,99,0,0,1,0,0,0,0,0,0,-,-,NA,NA,LOS ANGELES,LOS ANGELES,-118.29589939,33.98913
6396000,2014,2016-01-20,9590,2014-02-15,1030,20682,NA,6,1,7,1942,0,1,1,NA,2,050,RT 110,FLORENCE AV,300,N,N,A,-,Y,LA,7,110,-,-,17.18,H,-,N,N,3,0,1,3,A,-,03,22350,NA,F,C,C,A,A,H,-,A,D,1,NA,NA,NA,NA,Y,NA,A,01,0,1,0,0,0,0,0,0,0,-,-,33.97556,-118.28066,LOS ANGELES,LOS ANGELES,-118.28072087,33.97762564
6396001,2014,2016-03-05,9590,2014-02-14,2152,20409,NA,5,2,7,1942,0,1,1,NA,2,013,RT 110,MARMION WY,500,S,N,A,-,Y,LA,7,110,-,-,29.19,H,-,S,Y,2,0,5,1,A,-,01,23152,A,N,E,I,A,A,H,-,C,D,1,NA,NA,NA,NA,Y,Y,A,07,1,3,1,0,0,0,0,0,0,-,-,34.11148,-118.18371,LOS ANGELES,LOS ANGELES,-118.18147118,34.11127787
6396002,2014,2015-11-10,9590,2014-02-15,1430,20402,NA,6,2,7,1942,0,1,1,NA,2,053,RT 110,VENICE BL,50,S,N,A,-,Y,LA,7,110,-,-,21.617,R,2,S,Y,3,0,1,1,A,-,08,22107,NA,N,E,I,A,A,H,-,A,D,1,NA,NA,Y,NA,Y,NA,C,02,0,1,0,0,0,0,0,0,1,-,-,34.03963,-118.27432,LOS ANGELES,LOS ANGELES,-118.27362728,34.0411907
6396003,2014,2014-06-18,9540,2014-02-16,1030,17983,NA,7,1,9,1900,0,3,5,NA,2,200,LITTLE TUJUNGA CANYON RD,LACO MPM 12.17,60,W,N,A,-,N,NA,NA,NA,NA,NA,NA,NA,NA,NA,Y,3,0,2,1,A,-,03,22350,NA,N,E,I,A,A,H,-,A,D,0,NA,NA,NA,NA,Y,NA,A,01,0,1,1,0,0,0,0,0,0,-,CO,34.34193,-118.35312,LOS ANGELES,UNINCORPORATED,NA,NA
6396004,2014,2015-12-31,9545,2014-02-14,1859,018550,NA,5,2,9,1900,0,1,3,NA,2,021,RT 14,RANCHO VISTA BL,1584,S,N,A,-,Y,LA,7,14,-,R,61.07,H,-,N,Y,3,0,1,3,A,-,03,22350,NA,N,C,C,A,A,H,-,D,D,1,NA,NA,NA,NA,Y,NA,A,01,0,1,0,0,0,0,0,0,0,-,-,34.5982,-118.13764,LOS ANGELES,UNINCORPORATED,-118.13862459,34.59891431
6396005,2014,2015-12-30,9590,2014-02-09,2325,20409,NA,7,3,7,1942,0,1,3,NA,2,094,RT 2,VERDUGO RD,279,W,N,A,-,Y,LA,7,2,-,R,16.95,H,-,E,Y,4,0,1,1,A,-,08,22107,NA,N,E,I,A,A,H,-,D,D,1,NA,NA,NA,NA,Y,Y,A,07,0,0,1,0,0,0,0,0,0,-,-,34.12096,-118.22989,LOS ANGELES,LOS ANGELES,-118.23047674,34.12045208
6396006,2014,2015-11-07,9590,2014-02-14,1235,020378,NA,5,1,7,1942,0,1,2,NA,2,073,RT 101,BARHAM BL,850,N,N,A,-,Y,LA,7,101,-,-,9.4,H,-,S,N,4,0,2,2,A,-,07,21658,A,N,B,C,A,A,H,-,A,D,1,NA,NA,NA,NA,Y,NA,A,07,0,0,2,0,0,0,0,0,0,-,-,34.13053,-118.34889,LOS ANGELES,LOS ANGELES,-118.3491388,34.130672
6396007,2014,2015-11-12,9540,2014-02-09,2000,018202,NA,7,2,7,1942,0,1,1,NA,2,213,RT 210,ROXFORD ST,2640,E,N,A,-,Y,LA,7,210,-,R,2.45,H,-,E,Y,4,0,1,1,C,-,18,NA,NA,N,E,I,A,A,H,-,D,D,1,NA,NA,NA,NA,Y,NA,-,-,0,0,1,0,0,0,0,0,0,-,-,34.38289,-118.56788,LOS ANGELES,LOS ANGELES,-118.45149679,34.32347445
6396008,2014,2014-06-18,9545,2014-02-10,1810,018353,NA,1,2,9,1900,0,3,5,NA,2,001,AVE L,45TH ST WEST,528,E,N,A,-,N,NA,NA,NA,NA,NA,NA,NA,NA,NA,Y,4,0,1,2,A,-,01,23152,A,N,D,C,A,A,H,-,D,D,0,NA,NA,NA,NA,Y,Y,A,01,0,0,1,0,0,0,0,0,0,-,-,34.6602,-118.21011,LOS ANGELES,UNINCORPORATED,-118.20836777,34.66019713
6396009,2014,2015-11-19,9590,2014-02-19,0900,11420,NA,3,1,7,1942,0,1,1,NA,2,061,RT 10,WESTERN AV,850,W,N,A,-,Y,LA,7,10,-,R,12.66,H,-,W,N,4,0,1,2,A,-,07,21658,A,N,B,C,A,A,H,-,A,D,1,NA,NA,Y,NA,Y,NA,A,01,0,0,1,0,0,0,0,0,1,-,-,34.037350000000004,-118.3122,LOS ANGELES,LOS ANGELES,-118.31179472,34.03726327
6396010,2014,2016-02-04,9590,2014-02-15,0001,20244,NA,6,3,7,1942,0,1,1,NA,2,021,RT 10,STATE ST,20,E,N,A,-,Y,LA,7,5,-,-,18.26,R,1,S,N,4,0,1,2,A,-,03,22350,NA,N,C,C,A,A,H,-,C,D,1,NA,NA,NA,NA,Y,NA,A,07,0,0,1,0,0,0,0,0,0,TO,-,34.05601,-118.2123,LOS ANGELES,LOS ANGELES,-118.21414887,34.05242645
6396011,2014,2015-12-28,9540,2014-02-23,0220,019868,NA,7,3,7,1942,0,1,1,NA,1,502,RT 5,RT 210,975,S,N,A,-,Y,LA,7,5,-,R,43.83,H,-,N,Y,3,0,1,1,A,-,01,23152,A,N,E,I,A,A,H,-,E,D,1,NA,NA,NA,NA,Y,Y,A,01,0,1,0,0,0,0,0,0,0,-,-,34.31398,-118.48831,LOS ANGELES,LOS ANGELES,-118.48904922,34.31450989
6396012,2014,2014-06-18,9545,2014-02-07,1740,018550,NA,5,2,9,1900,0,3,5,NA,2,003,SIERRA HWY,ANGELES FOREST HWY,2640,E,N,A,-,N,NA,NA,NA,NA,NA,NA,NA,NA,NA,N,3,0,1,1,A,-,01,21200,5,N,E,I,A,A,H,-,D,D,0,NA,Y,NA,NA,Y,Y,L,04,0,1,0,0,0,0,1,0,0,-,-,34.51153,-118.10928,LOS ANGELES,UNINCORPORATED,-118.10873308,34.51242149
6396013,2014,2015-11-19,9590,2014-02-15,1752,20351,NA,6,2,7,1942,0,1,1,NA,2,063,RT 10,LOS ANGELES ST,25,W,N,A,-,Y,LA,7,10,-,-,15.59,H,-,W,Y,3,0,2,2,A,-,03,22350,NA,N,C,C,A,A,H,-,A,D,1,NA,NA,Y,NA,Y,NA,C,02,0,1,1,0,0,0,0,0,2,-,-,34.03207,-118.26241,LOS ANGELES,LOS ANGELES,-118.26288997,34.03235941
6396014,2014,2015-11-19,9590,2014-02-14,1600,20662,NA,5,2,7,1942,0,1,1,NA,2,064,RT 10,SANTA FE AV,260,W,N,A,-,Y,LA,7,10,-,-,17.66,H,-,E,N,4,0,2,3,A,-,03,22350,NA,N,C,C,A,A,H,-,A,D,1,NA,NA,NA,NA,Y,NA,A,01,0,0,2,0,0,0,0,0,0,-,-,34.02796,-118.23096,LOS ANGELES,LOS ANGELES,-118.23076914,34.02803749