CASE_ID,ACCIDENT_YEAR,PROC_DATE,JURIS,COLLISION_DATE,COLLISION_TIME,OFFICER_ID,REPORTING_DISTRICT,DAY_OF_WEEK,CHP_SHIFT,POPULATION,CNTY_CITY_LOC,SPECIAL_COND,BEAT_TYPE,CHP_BEAT_TYPE,CITY_DIVISION_LAPD,CHP_BEAT_CLASS,BEAT_NUMBER,PRIMARY_RD,SECONDARY_RD,DISTANCE,DIRECTION,INTERSECTION,WEATHER_1,WEATHER_2,STATE_HWY_IND,CALTRANS_COUNTY,CALTRANS_DISTRICT,STATE_ROUTE,ROUTE_SUFFIX,POSTMILE_PREFIX,POSTMILE,LOCATION_TYPE,RAMP_INTERSECTION,SIDE_OF_HWY,TOW_AWAY,COLLISION_SEVERITY,NUMBER_KILLED,NUMBER_INJURED,PARTY_COUNT,PRIMARY_COLL_FACTOR,PCF_CODE_OF_VIOL,PCF_VIOL_CATEGORY,PCF_VIOLATION,PCF_VIOL_SUBSECTION,HIT_AND_RUN,TYPE_OF_COLLISION,MVIW,PED_ACTION,ROAD_SURFACE,ROAD_COND_1,ROAD_COND_2,LIGHTING,CONTROL_DEVICE,CHP_ROAD_TYPE,PEDESTRIAN_ACCIDENT,BICYCLE_ACCIDENT,MOTORCYCLE_ACCIDENT,TRUCK_ACCIDENT,NOT_PRIVATE_PROPERTY,ALCOHOL_INVOLVED,STWD_VEHTYPE_AT_FAULT,CHP_VEHTYPE_AT_FAULT,COUNT_SEVERE_INJ,COUNT_VISIBLE_INJ,COUNT_COMPLAINT_PAIN,COUNT_PED_KILLED,COUNT_PED_INJURED,COUNT_BICYCLIST_KILLED,COUNT_BICYCLIST_INJURED,COUNT_MC_KILLED,COUNT_MC_INJURED,PRIMARY_RAMP,SECONDARY_RAMP,LATITUDE,LONGITUDE,COUNTY,CITY,POINT_X,POINT_Y
6399600,2014,2014-06-23,1912,2014-03-04,1235,12190,NA,2,5,6,1912,0,0,0,NA,0,NA,EMPIRE AV,VALPREDA ST,0,NA,Y,A,-,N,NA,NA,NA,NA,NA,NA,NA,NA,NA,Y,4,0,2,2,A,-,12,21453,A,N,D,C,A,A,H,-,A,A,0,NA,NA,NA,NA,Y,NA,A,01,0,0,2,0,0,0,0,0,0,-,-,NA,NA,LOS ANGELES,BURBANK,-118.33303012,34.19178006
6399602,2014,2014-06-05,9535,2014-01-19,1610,19135,NA,7,2,9,1900,0,3,5,NA,2,002,HANOVER AV,OLYMPIC BL,15,N,N,A,-,N,NA,NA,NA,NA,NA,NA,NA,NA,NA,Y,4,0,1,2,A,-,03,22350,NA,N,D,E,A,A,H,-,A,D,0,NA,NA,NA,NA,Y,NA,A,01,0,0,1,0,0,0,0,0,0,-,-,34.01282,-118.13829,LOS ANGELES,UNINCORPORATED,-118.13835539,34.01265095
6399605,2014,2014-06-04,1942,2014-01-31,1715,40398,1557,5,5,7,1942,0,0,0,O,0,15TL42,LANKERSHIM BL,BLIX ST,150,S,N,B,-,N,NA,NA,NA,NA,NA,NA,NA,NA,NA,N,4,0,2,2,A,-,08,22107,NA,N,C,C,A,A,H,-,B,D,0,NA,NA,NA,NA,Y,NA,A,01,0,0,2,0,0,0,0,0,0,-,-,NA,NA,LOS ANGELES,LOS ANGELES,-118.36943006,34.15631145
6399609,2014,2014-06-05,1942,2014-01-30,1820,40857,1538,4,5,7,1942,0,0,0,O,0,15X36,OXNARD ST,FULCHER AV,0,NA,Y,C,-,N,NA,NA,NA,NA,NA,NA,NA,NA,NA,N,4,0,3,3,A,-,04,21703,NA,N,C,C,A,B,H,-,C,A,0,NA,NA,NA,NA,Y,NA,A,01,0,0,3,0,0,0,0,0,0,-,-,NA,NA,LOS ANGELES,LOS ANGELES,-118.37319008,34.17942012
6399610,2014,2015-11-13,9535,2014-01-21,1555,20698,NA,2,2,4,1907,0,1,1,NA,2,072,RT 710,CLARA ST,100,S,N,A,-,Y,LA,7,710,-,-,19.38,H,-,N,N,4,0,1,3,A,-,03,22350,NA,N,B,C,A,A,H,-,A,D,1,NA,NA,NA,NA,Y,NA,A,01,0,0,1,0,0,0,0,0,0,-,-,33.95753,-118.17025,LOS ANGELES,BELL,-118.16944363,33.96335288
6399613,2014,2014-06-04,1942,2014-01-31,1900,41131,LOSAN,5,5,7,1942,0,0,0,NA,0,NA,VINELAND AV,BURBANK BL,200,N,N,A,-,N,NA,NA,NA,NA,NA,NA,NA,NA,NA,N,2,0,1,2,A,-,11,21954,A,N,D,B,D,A,H,-,B,D,0,Y,NA,NA,NA,Y,NA,N,60,1,0,0,0,1,0,0,0,0,-,-,NA,NA,LOS ANGELES,LOS ANGELES,-118.37029742,34.17270853
6399614,2014,2014-06-05,9535,2014-01-27,0001,20387,NA,1,3,9,1900,0,2,4,NA,2,014,CESAR E CHAVEZ AV,ROWAN AV,75,W,N,A,-,N,NA,NA,NA,NA,NA,NA,NA,NA,NA,N,3,0,5,4,A,-,03,22350,NA,F,E,I,E,A,H,-,C,D,0,Y,NA,NA,NA,Y,NA,A,01,0,2,3,0,1,0,0,0,0,-,-,34.04057,-118.18688,LOS ANGELES,UNINCORPORATED,-118.18728706,34.04052
6399615,2014,2014-06-04,1942,2014-01-24,1300,37952,1132,5,5,7,1942,0,0,0,K,0,11TL21,LOS FELIZ BL,COMMONWEALTH AV,100,E,N,B,-,N,NA,NA,NA,NA,NA,NA,NA,NA,NA,Y,4,0,1,2,A,-,03,22350,NA,N,C,C,A,A,H,-,A,D,0,NA,NA,NA,NA,Y,NA,A,01,0,0,1,0,0,0,0,0,0,-,-,NA,NA,LOS ANGELES,LOS ANGELES,-118.28495942,34.11233412
6399617,2014,2014-06-04,9530,2014-01-27,1325,12672,NA,1,1,9,1900,0,3,5,NA,2,006,VERMONT AV,TORRANCE BL,152,S,N,A,-,N,NA,NA,NA,NA,NA,NA,NA,NA,NA,N,4,0,1,2,A,-,08,22107,NA,N,B,C,A,A,H,-,A,A,0,NA,NA,NA,NA,Y,NA,A,01,0,0,1,0,0,0,0,0,0,-,-,33.84184,-118.29007,LOS ANGELES,UNINCORPORATED,-118.29008,33.84161543
6399618,2014,2016-03-09,9535,2014-01-24,1800,20669,NA,5,2,3,1914,0,1,1,NA,2,500,RT 5,WASHINGTON BL,500,N,N,A,-,Y,LA,7,5,-,-,11.68,H,-,N,Y,4,0,1,2,A,-,03,22350,NA,N,E,I,A,A,H,-,C,D,1,NA,NA,NA,NA,Y,NA,A,07,0,0,1,0,0,0,0,0,0,-,-,34.00065,-118.14916,LOS ANGELES,COMMERCE,-118.14600646,33.9965634
6399622,2014,2015-11-17,9535,2014-01-29,2230,19839,NA,3,3,5,1959,0,1,1,NA,2,401,RT 10,SAN GABRIEL BL,300,E,N,A,-,Y,LA,7,10,-,-,26,H,-,W,Y,4,0,1,2,A,-,07,21658,A,N,B,C,A,A,H,-,C,D,0,NA,NA,NA,NA,Y,NA,A,01,0,0,1,0,0,0,0,0,0,-,-,34.07228,-118.09137,LOS ANGELES,ROSEMEAD,-118.08796745,34.07222195
6399626,2014,2015-11-13,9535,2014-01-25,1805,18655,NA,6,2,5,1943,0,1,1,NA,2,075,RT 710,IMPERIAL HWY,690,S,N,A,-,Y,LA,7,710,-,-,16.86,H,-,S,Y,4,0,3,2,A,-,03,22350,NA,N,C,C,A,A,H,-,C,D,1,NA,NA,NA,NA,Y,NA,A,01,0,0,3,0,0,0,0,0,0,-,-,33.91923,-118.18001,LOS ANGELES,LYNWOOD,-118.17888505,33.92904041
6399630,2014,2014-06-19,9535,2014-01-19,2100,19725,NA,7,2,9,1900,0,2,4,NA,2,012,CITY TERRACE DR,TOWNSEND AV,200,N,N,A,-,N,NA,NA,NA,NA,NA,NA,NA,NA,NA,N,4,0,1,2,A,-,06,21750,NA,N,B,C,A,A,H,-,C,D,0,NA,NA,NA,NA,Y,NA,A,08,0,0,1,0,0,0,0,0,0,-,-,34.04925,-118.18914,LOS ANGELES,UNINCORPORATED,-118.18896176,34.04982413
6399653,2014,2014-06-10,1900,2014-01-21,1514,46729C,2923,2,5,5,1990,0,0,0,NA,0,292K5,PATHFINDER RD,DIAMOND BAR BL,1056,N,N,A,-,N,NA,NA,NA,NA,NA,NA,NA,NA,NA,N,4,0,1,2,A,-,04,21703,NA,N,C,C,A,A,H,-,A,D,0,NA,NA,NA,NA,Y,NA,A,07,0,0,1,0,0,0,0,0,0,-,-,NA,NA,LOS ANGELES,DIAMOND BAR,-117.83395877,33.98272557
6399669,2014,2014-06-19,1942,2014-01-31,1950,41198,1515,5,5,7,1942,0,0,0,O,0,15A3,SHERMAN WY,LAUREL CANYON BL,150,E,N,A,-,N,NA,NA,NA,NA,NA,NA,NA,NA,NA,Y,4,0,1,2,A,-,04,21703,NA,N,C,C,A,A,H,-,C,A,0,NA,NA,NA,NA,Y,NA,A,01,0,0,1,0,0,0,0,0,0,-,-,NA,NA,LOS ANGELES,LOS ANGELES,-118.39601787,34.20061457
6399673,2014,2015-08-14,1942,2014-01-31,1825,34383,1525,5,5,7,1942,0,0,0,O,0,15X2,COLFAX,OXNARD,36,N,N,A,-,N,NA,NA,NA,NA,NA,NA,NA,NA,NA,NA,4,0,1,2,A,-,10,21950,A,N,G,B,B,A,H,-,C,A,0,Y,NA,NA,NA,Y,NA,A,07,0,0,1,0,1,0,0,0,0,-,-,NA,NA,LOS ANGELES,LOS ANGELES,-118.3878,34.17950874
6399677,2014,2014-06-04,1942,2014-01-31,1750,40058,1555,5,5,7,1942,0,0,0,O,0,15A38,MAGNOLIA BL,RIVERTON AV,0,NA,Y,A,G,N,NA,NA,NA,NA,NA,NA,NA,NA,NA,N,3,0,1,2,A,-,12,21453,A,N,G,B,B,A,H,-,C,A,0,Y,NA,NA,NA,Y,NA,A,01,0,1,0,0,1,0,0,0,0,-,-,NA,NA,LOS ANGELES,LOS ANGELES,-118.36594007,34.1649001
6399681,2014,2014-06-20,1942,2014-02-25,1805,39184,0295,2,5,7,1942,0,0,0,B,0,4TL43,PICO BL,BONNIE BRAE ST,0,NA,Y,A,-,N,NA,NA,NA,NA,NA,NA,NA,NA,NA,N,4,0,1,2,A,-,08,22107,NA,F,D,G,A,A,H,-,C,D,0,NA,Y,NA,NA,Y,NA,-,99,0,0,1,0,0,0,1,0,0,-,-,NA,NA,LOS ANGELES,LOS ANGELES,-118.28036002,34.04619009
6399682,2014,2014-06-20,1942,2014-02-15,1530,41361,161,6,5,7,1942,0,0,0,P,0,1A61,JAMES M WOOD,GEORGIA,0,NA,Y,A,-,N,NA,NA,NA,NA,NA,NA,NA,NA,NA,Y,4,0,1,2,A,-,08,22100,B,N,F,C,A,A,H,-,A,A,0,NA,NA,NA,NA,Y,NA,A,01,0,0,1,0,0,0,0,0,0,-,-,NA,NA,LOS ANGELES,LOS ANGELES,-118.26572006,34.04748011
6399683,2014,2015-11-02,1942,2014-02-02,2040,39349,0111,7,5,7,1942,0,0,0,A,0,13TL53,N LOS ANGELES ST,ARCADIA ST,210,N,N,C,-,Y,LA,7,101,-,-,0.91,R,4,N,N,2,0,1,2,A,-,11,21955,NA,F,G,B,D,B,H,-,C,A,0,Y,NA,NA,NA,Y,NA,N,60,1,0,0,0,1,0,0,0,0,-,-,NA,NA,LOS ANGELES,LOS ANGELES,-118.23995034,34.05551259
6399684,2014,2014-06-19,1942,2014-02-22,1530,30380,0111,6,5,7,1942,0,0,0,A,0,4TL43,ORD ST,N BROADWAY,0,NA,Y,A,-,N,NA,NA,NA,NA,NA,NA,NA,NA,NA,N,4,0,1,2,A,-,11,21456,B,N,G,B,B,A,H,-,A,A,0,Y,NA,NA,NA,Y,NA,N,60,0,0,1,0,1,0,0,0,0,-,-,NA,NA,LOS ANGELES,LOS ANGELES,-118.23933004,34.06035007
6399685,2014,2014-06-20,1942,2014-02-24,1615,39010,0249,1,5,7,1942,0,0,0,B,0,1TL24,6TH ST,BEAUDRY AV,0,NA,Y,A,-,N,NA,NA,NA,NA,NA,NA,NA,NA,NA,Y,4,0,1,2,A,-,09,21801,A,N,D,C,A,A,H,-,A,A,0,NA,NA,NA,NA,Y,NA,A,01,0,0,1,0,0,0,0,0,0,-,-,NA,NA,LOS ANGELES,LOS ANGELES,-118.25983009,34.05307008
6399686,2014,2014-06-20,1942,2014-02-15,1635,40004,1125,6,5,7,1942,0,0,0,K,0,11A25,YORK BL,FIGUEROA BL,200,E,N,A,-,N,NA,NA,NA,NA,NA,NA,NA,NA,NA,Y,4,0,1,2,A,-,03,22350,NA,N,C,C,A,A,H,-,A,D,0,NA,NA,NA,NA,Y,NA,A,01,0,0,1,0,0,0,0,0,0,-,-,NA,NA,LOS ANGELES,LOS ANGELES,-118.1837575,34.11524449
6399687,2014,2014-06-19,1965,2014-02-25,1325,3747,0B1K,2,5,5,1965,0,0,0,NA,0,B001,2ND ST,ARIZONA AV,0,NA,Y,A,-,N,NA,NA,NA,NA,NA,NA,NA,NA,NA,Y,4,0,1,2,A,-,09,21801,A,N,D,G,A,A,H,-,A,A,0,NA,Y,NA,NA,Y,NA,A,01,0,0,1,0,0,0,1,0,0,-,-,NA,NA,LOS ANGELES,SANTA MONICA,-118.49864011,34.01622005
6399688,2014,2014-06-24,1942,2014-02-26,0740,31816,1309,3,5,7,1942,0,0,0,M,0,4TL43,SANTA FE AV,15TH ST,20,S,N,A,-,N,NA,NA,NA,NA,NA,NA,NA,NA,NA,N,4,0,2,2,A,-,21,22106,NA,F,C,C,A,A,H,-,A,A,0,NA,NA,NA,NA,Y,NA,-,99,0,0,2,0,0,0,0,0,0,-,-,NA,NA,LOS ANGELES,LOS ANGELES,-118.23020418,34.02105644
6399689,2014,2014-06-26,1942,2014-02-09,1720,37225,0271,7,5,7,1942,0,0,0,B,0,1TL24,GRAND VIEW ST,OLYMPIC BL,0,NA,Y,A,-,N,NA,NA,NA,NA,NA,NA,NA,NA,NA,Y,4,0,1,2,A,-,01,23152,A,F,D,C,A,A,H,-,C,D,0,NA,NA,NA,NA,Y,Y,A,08,0,0,1,0,0,0,0,0,0,-,-,NA,NA,LOS ANGELES,LOS ANGELES,-118.28234006,34.05228011
6399691,2014,2014-06-19,1965,2014-02-25,1844,3457,0B4E,2,5,5,1965,0,0,0,NA,0,004,MONTANA AV,15TH ST,25,W,N,A,-,N,NA,NA,NA,NA,NA,NA,NA,NA,NA,N,4,0,1,2,A,-,10,21950,A,N,G,B,B,A,H,-,C,D,0,Y,NA,NA,NA,Y,NA,A,01,0,0,1,0,1,0,0,0,0,-,-,NA,NA,LOS ANGELES,SANTA MONICA,-118.49430757,34.03291096
6399692,2014,2015-03-12,1942,2014-02-23,1230,40008,0129,7,5,7,1942,0,0,0,A,0,4TL43,N ALAMEDA ST,1ST ST,170,N,N,A,-,N,NA,NA,NA,NA,NA,NA,NA,NA,NA,N,2,0,1,2,B,-,22,NA,NA,F,C,B,F,A,H,-,A,D,0,Y,Y,NA,NA,Y,NA,L,04,1,0,0,0,1,0,0,0,0,-,-,NA,NA,LOS ANGELES,LOS ANGELES,-118.23810914,34.04945588
6399693,2014,2015-07-29,1942,2014-02-11,0720,37505,02991,2,5,7,1942,0,0,0,B,0,NA,WASHINGTON BL,UNION AV,0,NA,Y,A,-,N,NA,NA,NA,NA,NA,NA,NA,NA,NA,Y,4,0,2,2,A,-,12,21453,A,F,A,C,A,A,H,-,A,A,0,NA,NA,NA,NA,Y,NA,-,99,0,0,2,0,0,0,0,0,0,-,-,NA,NA,LOS ANGELES,LOS ANGELES,-118.28116,34.03851008
6399694,2014,2015-07-29,1942,2014-02-28,2140,36698,0212,5,5,7,1942,0,0,0,B,0,11T21W,MADISON AV,BEVERLY BL,0,NA,Y,C,-,N,NA,NA,NA,NA,NA,NA,NA,NA,NA,N,4,0,1,2,A,-,10,21950,A,F,G,B,B,B,H,-,C,B,0,Y,NA,NA,NA,Y,NA,-,99,0,0,1,0,1,0,0,0,0,-,-,NA,NA,LOS ANGELES,LOS ANGELES,-118.28942006,34.07631011
6399695,2014,2014-06-19,1942,2014-02-26,1935,39062,0218,3,5,7,1942,0,0,0,B,0,1T11,ECHO PARK AV,PARK AV,50,N,N,C,-,N,NA,NA,NA,NA,NA,NA,NA,NA,NA,N,3,0,2,2,A,-,03,22350,NA,N,C,C,A,B,H,-,C,D,0,NA,NA,NA,NA,Y,NA,A,08,0,1,1,0,0,0,0,0,0,-,-,NA,NA,LOS ANGELES,LOS ANGELES,-118.25850588,34.07489247
6399696,2014,2014-06-19,1942,2014-02-28,0130,39184,0152,5,5,7,1942,0,0,0,A,0,13T53,W 5TH ST,S FIGUEROA ST,0,NA,Y,B,C,N,NA,NA,NA,NA,NA,NA,NA,NA,NA,N,3,0,1,2,A,-,01,23152,A,N,D,C,A,B,H,-,C,A,0,NA,NA,NA,NA,Y,Y,A,01,0,1,0,0,0,0,0,0,0,-,-,NA,NA,LOS ANGELES,LOS ANGELES,-118.25712004,34.05228002
6399697,2014,2014-06-20,1942,2014-02-04,0745,38204,0238,2,5,7,1942,0,0,0,B,0,13TL53,EDGEWARE RD,ANGELINA ST,470,N,N,A,-,N,NA,NA,NA,NA,NA,NA,NA,NA,NA,N,4,0,1,2,C,-,18,NA,NA,N,G,B,E,A,H,-,A,A,0,Y,NA,NA,NA,Y,NA,-,-,0,0,1,0,1,0,0,0,0,-,-,NA,NA,LOS ANGELES,LOS ANGELES,-118.255117,34.065961
6399698,2014,2014-06-20,1942,2014-02-28,1555,34426,0122,5,5,7,1942,0,0,0,A,0,2TL28,HILL ST,1ST ST,260,N,N,C,-,N,NA,NA,NA,NA,NA,NA,NA,NA,NA,N,4,0,1,2,A,-,11,21955,NA,F,G,B,D,B,H,-,A,D,0,Y,NA,NA,NA,Y,NA,N,60,0,0,1,0,1,0,0,0,0,-,-,NA,NA,LOS ANGELES,LOS ANGELES,-118.24662,34.05434
6399699,2014,2014-06-19,1942,2014-02-12,1200,37505,0201,3,5,7,1942,0,0,0,B,0,13T53,VERMONT AV,MELROSE AV,0,NA,Y,A,-,N,NA,NA,NA,NA,NA,NA,NA,NA,NA,Y,4,0,1,3,A,-,09,21801,A,N,D,B,B,A,H,-,A,A,0,Y,NA,NA,NA,Y,NA,A,01,0,0,1,0,1,0,0,0,0,-,-,NA,NA,LOS ANGELES,LOS ANGELES,-118.29171012,34.08358003
6399700,2014,2014-06-19,1942,2014-02-26,1830,39010,0139,3,5,7,1942,0,0,0,A,0,4TL6,ALAMEDA ST,2ND ST,50,S,N,A,-,N,NA,NA,NA,NA,NA,NA,NA,NA,NA,N,3,0,4,3,A,-,03,22350,NA,N,C,C,A,A,H,-,B,A,0,NA,NA,NA,NA,Y,NA,A,01,0,1,3,0,0,0,0,0,0,-,-,NA,NA,LOS ANGELES,LOS ANGELES,-118.238111,34.047016
6399701,2014,2014-06-20,1942,2014-02-25,1830,41372,0235,2,5,7,1942,0,0,0,B,0,11A26,W TEMPLE,CORONADO ST,5,E,N,A,-,N,NA,NA,NA,NA,NA,NA,NA,NA,NA,N,3,0,1,2,A,-,-,NA,NA,F,A,B,B,A,H,-,C,D,0,Y,NA,NA,NA,Y,NA,-,99,0,1,0,0,1,0,0,0,0,-,-,NA,NA,LOS ANGELES,LOS ANGELES,-118.27390481,34.07219468
6399702,2014,2014-06-20,1942,2014-02-08,0210,34458,0111,6,5,7,1942,0,0,0,A,0,4TL43,COLLEGE ST,HILL ST,25,E,N,A,-,N,NA,NA,NA,NA,NA,NA,NA,NA,NA,N,3,0,1,2,A,-,10,21950,C,F,G,B,E,A,H,-,C,D,0,Y,NA,NA,NA,Y,Y,-,99,0,1,0,0,1,0,0,0,0,-,-,NA,NA,LOS ANGELES,LOS ANGELES,-118.23864302,34.06440559
6399703,2014,2014-06-19,1942,2014-02-04,1220,32996,0256,2,5,7,1942,0,0,0,B,0,4TL43,UNION AV,6TH ST,9,S,N,A,-,N,NA,NA,NA,NA,NA,NA,NA,NA,NA,Y,3,0,1,2,A,-,10,21950,A,N,G,B,B,A,H,-,A,A,0,Y,NA,NA,NA,Y,NA,A,01,0,1,0,0,1,0,0,0,0,-,-,NA,NA,LOS ANGELES,LOS ANGELES,-118.26987,34.05731
6399704,2014,2015-07-29,1942,2014-02-27,2040,39876,0127,4,5,7,1942,0,0,0,A,0,2TL15,1ST ST,HILL ST,280,E,N,A,-,N,NA,NA,NA,NA,NA,NA,NA,NA,NA,N,3,0,2,2,A,-,07,21658,A,F,B,G,A,A,H,-,C,A,0,NA,Y,NA,NA,Y,NA,-,99,0,2,0,0,0,0,2,0,0,-,-,NA,NA,LOS ANGELES,LOS ANGELES,-118.24589653,34.05386357
6399705,2014,2014-06-20,1942,2014-02-25,1610,38357,0291,2,5,7,1942,0,0,0,B,0,2TL28,PICO BL,ALVARADO ST,0,NA,Y,A,-,N,NA,NA,NA,NA,NA,NA,NA,NA,NA,Y,4,0,3,2,A,-,09,21801,A,F,D,C,A,A,H,-,A,A,0,NA,NA,NA,NA,Y,NA,A,01,0,0,3,0,0,0,0,0,0,-,-,NA,NA,LOS ANGELES,LOS ANGELES,-118.2826801,34.04726011
6399706,2014,2014-06-20,1942,2014-02-07,0805,39341,0105,5,5,7,1942,0,0,0,A,0,1TL24,BROADWAY,BISHOP RD,20,N,N,B,-,N,NA,NA,NA,NA,NA,NA,NA,NA,NA,N,3,0,1,2,A,-,04,21703,NA,N,C,G,A,A,H,-,A,A,0,NA,Y,NA,NA,Y,NA,L,04,0,1,0,0,0,0,1,0,0,-,-,NA,NA,LOS ANGELES,LOS ANGELES,-118.23327836,34.06889408
6399707,2014,2014-06-19,1942,2014-02-10,1510,34462,0275,1,5,7,1942,0,0,0,B,0,2E43,OLYMPIC BL,WESTLAKE AV,0,NA,Y,A,-,N,NA,NA,NA,NA,NA,NA,NA,NA,NA,NA,4,0,1,2,A,-,05,21650,1,N,D,G,A,A,H,-,A,A,0,NA,Y,NA,NA,Y,NA,L,04,0,0,1,0,0,0,1,0,0,-,-,NA,NA,LOS ANGELES,LOS ANGELES,-118.27873002,34.05121
6399708,2014,2014-06-19,1942,2014-02-24,2110,39586,0111,1,5,7,1942,0,0,0,A,0,1TL11,CESAR E CHAVEZ AV,NORTH FIGUEROA ST,30,E,N,A,-,N,NA,NA,NA,NA,NA,NA,NA,NA,NA,N,4,0,1,2,A,-,09,21804,A,N,D,C,A,A,H,-,C,A,0,NA,NA,NA,NA,Y,NA,A,01,0,0,1,0,0,0,0,0,0,-,-,NA,NA,LOS ANGELES,LOS ANGELES,-118.24624014,34.06260179
6399709,2014,2014-07-02,1942,2014-02-27,1635,39010,0212,4,5,7,1942,0,0,0,B,0,4TL6,VIRGIL AV,SILVER LAKE BL,0,NA,Y,A,-,N,NA,NA,NA,NA,NA,NA,NA,NA,NA,Y,3,0,1,2,A,-,12,21453,A,N,D,C,A,A,H,-,A,A,0,NA,NA,Y,NA,Y,NA,-,-,0,1,0,0,0,0,0,0,1,-,-,NA,NA,LOS ANGELES,LOS ANGELES,-118.28682014,34.07635004
6399710,2014,2014-06-20,1942,2014-02-02,1825,37611,0127,7,5,7,1942,0,0,0,A,0,13TL22,1ST ST,LOS ANGELES ST,17,W,N,C,-,N,NA,NA,NA,NA,NA,NA,NA,NA,NA,N,4,0,1,2,A,-,10,21950,A,N,G,B,B,B,H,-,C,A,0,Y,NA,NA,NA,Y,NA,A,01,0,0,1,0,1,0,0,0,0,-,-,NA,NA,LOS ANGELES,LOS ANGELES,-118.24245192,34.05152092
6399711,2014,2014-06-19,1942,2014-02-03,1725,34426,0246,1,5,7,1942,0,0,0,B,0,2T28,ALVARADO ST,MARYLAND AV,70,S,N,A,-,N,NA,NA,NA,NA,NA,NA,NA,NA,NA,N,4,0,2,2,A,-,03,22350,NA,N,C,C,A,A,H,-,B,A,0,NA,NA,NA,NA,Y,NA,A,01,0,0,2,0,0,0,0,0,0,-,-,NA,NA,LOS ANGELES,LOS ANGELES,-118.27385004,34.06113128
6399712,2014,2014-06-19,1942,2014-02-16,1600,37225,0144,7,5,7,1942,0,0,0,A,0,1TL24,4TH ST,MAIN ST,0,NA,Y,A,-,N,NA,NA,NA,NA,NA,NA,NA,NA,NA,N,4,0,1,2,A,-,12,21453,A,N,G,G,A,A,H,-,A,A,0,NA,Y,NA,NA,Y,NA,L,04,0,0,1,0,0,0,1,0,0,-,-,NA,NA,LOS ANGELES,LOS ANGELES,-118.24721002,34.0481401
6399713,2014,2014-06-20,1942,2014-02-06,1740,36267,0142,4,5,7,1942,0,0,0,A,0,1E4,OLIVE ST,4TH ST,88,S,N,C,-,N,NA,NA,NA,NA,NA,NA,NA,NA,NA,N,4,0,1,2,A,-,03,22350,NA,N,C,C,A,B,H,-,C,A,0,NA,NA,NA,NA,Y,NA,A,01,0,0,1,0,0,0,0,0,0,-,-,NA,NA,LOS ANGELES,LOS ANGELES,-118.25166772,34.05071932
6399714,2014,2015-07-29,1942,2014-02-06,1840,39349,0218,4,5,7,1942,0,0,0,B,0,11T21,W SUNSET BL,PORTIA ST,10,W,N,C,-,N,NA,NA,NA,NA,NA,NA,NA,NA,NA,N,4,0,3,2,A,-,03,22350,NA,N,C,C,A,B,H,-,C,D,0,NA,NA,NA,NA,Y,NA,-,99,0,0,3,0,0,0,0,0,0,-,-,NA,NA,LOS ANGELES,LOS ANGELES,-118.25439947,34.07547228
6399715,2014,2014-06-19,1942,2014-02-19,1030,40726,1256,3,5,7,1942,0,0,0,L,0,1TL11,FLORENCE,BROADWAY,149,E,N,A,-,N,NA,NA,NA,NA,NA,NA,NA,NA,NA,N,3,0,1,2,A,-,08,22107,NA,F,D,G,A,A,H,-,A,-,0,NA,Y,NA,NA,Y,NA,-,99,0,1,0,0,0,0,1,0,0,-,-,NA,NA,LOS ANGELES,LOS ANGELES,-118.27783951,33.97466
6399716,2014,2014-06-20,1942,2014-02-04,1345,37892,0162,2,5,7,1942,0,0,0,A,0,20QL19,8TH ST,FIGUEROA,0,NA,Y,A,-,N,NA,NA,NA,NA,NA,NA,NA,NA,NA,N,4,0,1,2,A,-,10,21950,A,N,G,B,B,A,H,-,A,A,0,Y,NA,NA,NA,Y,NA,-,NA,0,0,1,0,1,0,0,0,0,-,-,NA,NA,LOS ANGELES,LOS ANGELES,-118.26120007,34.04794011
6399717,2014,2014-06-20,1942,2014-02-06,2255,36814,0143,4,5,7,1942,0,0,0,A,0,1T11,HILL ST,4TH ST,0,NA,Y,B,-,N,NA,NA,NA,NA,NA,NA,NA,NA,NA,N,4,0,2,3,A,-,10,21950,A,N,G,B,B,A,H,-,C,A,0,Y,NA,NA,NA,Y,NA,A,01,0,0,2,0,2,0,0,0,0,-,-,NA,NA,LOS ANGELES,LOS ANGELES,-118.25043011,34.05023009
6399718,2014,2014-06-20,1942,2014-02-10,1640,41236,285,1,5,7,1942,0,0,0,NA,0,1A41,PICO,CONSTANCE,0,NA,Y,A,-,N,NA,NA,NA,NA,NA,NA,NA,NA,NA,N,4,0,1,2,A,-,09,21802,A,N,D,C,A,A,H,-,A,A,0,NA,NA,NA,NA,Y,NA,A,01,0,0,1,0,0,0,0,0,0,-,-,NA,NA,LOS ANGELES,LOS ANGELES,-118.27790007,34.04509009
6399721,2014,2014-06-20,1942,2014-02-11,1105,30380,1149,2,5,7,1942,0,0,0,K,0,11TL21,FIGUEROA ST,AVENUE 55,0,NA,Y,A,-,N,NA,NA,NA,NA,NA,NA,NA,NA,NA,Y,4,0,1,2,A,-,09,21802,A,N,D,C,A,A,H,-,A,A,0,NA,NA,NA,NA,Y,NA,A,01,0,0,1,0,0,0,0,0,0,-,-,NA,NA,LOS ANGELES,LOS ANGELES,-118.19614001,34.10795009