CASE_ID,ACCIDENT_YEAR,PROC_DATE,JURIS,COLLISION_DATE,COLLISION_TIME,OFFICER_ID,REPORTING_DISTRICT,DAY_OF_WEEK,CHP_SHIFT,POPULATION,CNTY_CITY_LOC,SPECIAL_COND,BEAT_TYPE,CHP_BEAT_TYPE,CITY_DIVISION_LAPD,CHP_BEAT_CLASS,BEAT_NUMBER,PRIMARY_RD,SECONDARY_RD,DISTANCE,DIRECTION,INTERSECTION,WEATHER_1,WEATHER_2,STATE_HWY_IND,CALTRANS_COUNTY,CALTRANS_DISTRICT,STATE_ROUTE,ROUTE_SUFFIX,POSTMILE_PREFIX,POSTMILE,LOCATION_TYPE,RAMP_INTERSECTION,SIDE_OF_HWY,TOW_AWAY,COLLISION_SEVERITY,NUMBER_KILLED,NUMBER_INJURED,PARTY_COUNT,PRIMARY_COLL_FACTOR,PCF_CODE_OF_VIOL,PCF_VIOL_CATEGORY,PCF_VIOLATION,PCF_VIOL_SUBSECTION,HIT_AND_RUN,TYPE_OF_COLLISION,MVIW,PED_ACTION,ROAD_SURFACE,ROAD_COND_1,ROAD_COND_2,LIGHTING,CONTROL_DEVICE,CHP_ROAD_TYPE,PEDESTRIAN_ACCIDENT,BICYCLE_ACCIDENT,MOTORCYCLE_ACCIDENT,TRUCK_ACCIDENT,NOT_PRIVATE_PROPERTY,ALCOHOL_INVOLVED,STWD_VEHTYPE_AT_FAULT,CHP_VEHTYPE_AT_FAULT,COUNT_SEVERE_INJ,COUNT_VISIBLE_INJ,COUNT_COMPLAINT_PAIN,COUNT_PED_KILLED,COUNT_PED_INJURED,COUNT_BICYCLIST_KILLED,COUNT_BICYCLIST_INJURED,COUNT_MC_KILLED,COUNT_MC_INJURED,PRIMARY_RAMP,SECONDARY_RAMP,LATITUDE,LONGITUDE,COUNTY,CITY,POINT_X,POINT_Y
6399812,2014,2014-06-23,1942,2014-02-14,1450,38850,2155,5,5,7,1942,0,0,0,NA,0,16TL26,SHOUP AV,VICTORY BL,0,NA,Y,A,-,N,NA,NA,NA,NA,NA,NA,NA,NA,NA,Y,3,0,1,4,A,-,09,21801,A,N,D,C,A,A,H,-,A,A,0,NA,NA,NA,NA,Y,NA,A,07,0,1,0,0,0,0,0,0,0,-,-,NA,NA,LOS ANGELES,LOS ANGELES,-118.61457011,34.18645002
6399813,2014,2014-06-20,1900,2014-02-01,2043,525141,2321,6,5,5,1919,0,0,0,NA,0,230T,SOUTH ST,GRIDLEY RD,520,E,N,A,-,N,NA,NA,NA,NA,NA,NA,NA,NA,NA,N,4,0,1,2,A,-,09,21801,A,N,D,C,A,A,H,-,C,A,0,NA,NA,NA,NA,Y,NA,A,01,0,0,1,0,0,0,0,0,0,-,-,NA,NA,LOS ANGELES,CERRITOS,-118.08926098,33.85849384
6399814,2014,2014-06-20,1901,2014-02-12,1941,196,5,3,5,5,1901,0,0,0,NA,0,001,COMMONWEALTH,1ST ST,0,NA,Y,A,-,N,NA,NA,NA,NA,NA,NA,NA,NA,NA,N,3,0,1,2,A,-,09,21801,A,N,D,G,A,A,H,-,C,A,0,NA,Y,NA,NA,Y,NA,-,NA,0,1,0,0,0,0,1,0,0,-,-,NA,NA,LOS ANGELES,ALHAMBRA,-118.12580008,34.09163004
6399815,2014,2014-06-17,1942,2014-02-11,1820,38017,1555,2,5,7,1942,0,0,0,O,0,19T73,CAMARILLO ST,VINELAND AV,550,W,N,A,-,N,NA,NA,NA,NA,NA,NA,NA,NA,NA,N,4,0,1,2,A,-,17,22517,NA,N,B,G,A,A,H,-,C,D,0,NA,Y,NA,NA,Y,NA,A,01,0,0,1,0,0,0,1,0,0,-,-,NA,NA,LOS ANGELES,LOS ANGELES,-118.37227459,34.15765626
6399816,2014,2014-06-17,1942,2014-02-14,1300,33700,2143,5,5,7,1942,0,0,0,NA,0,35M53,WOODLAKE AV,CALVERT,238,S,N,A,-,N,NA,NA,NA,NA,NA,NA,NA,NA,NA,Y,3,0,1,1,A,-,03,22350,NA,N,E,I,A,A,H,-,A,A,0,NA,NA,NA,NA,Y,NA,A,01,0,1,0,0,0,0,0,0,0,-,-,NA,NA,LOS ANGELES,LOS ANGELES,-118.63149953,34.18053842
6399817,2014,2014-06-20,1900,2014-02-22,2245,288366,2313,6,5,5,1919,0,0,0,NA,0,230T,195TH ST,ALBERT AV,330,E,N,E,-,N,NA,NA,NA,NA,NA,NA,NA,NA,NA,Y,3,0,1,3,A,-,08,22107,NA,N,C,E,A,A,H,-,C,D,0,NA,NA,NA,NA,Y,NA,A,01,0,1,0,0,0,0,0,0,0,-,-,NA,NA,LOS ANGELES,CERRITOS,-118.07794547,33.85333441
6399818,2014,2014-06-20,1901,2014-02-13,0926,249,13,4,5,5,1901,0,0,0,NA,0,002,VALLEY BL,6TH ST,0,NA,Y,A,-,N,NA,NA,NA,NA,NA,NA,NA,NA,NA,Y,4,0,2,2,A,-,09,21801,A,N,D,C,A,A,H,-,A,A,0,NA,NA,NA,NA,Y,NA,A,01,0,0,2,0,0,0,0,0,0,-,-,NA,NA,LOS ANGELES,ALHAMBRA,-118.12935007,34.07821009
6399819,2014,2014-06-17,1942,2014-02-05,1550,40527,1563,3,5,7,1942,0,0,0,O,0,17TL14,COLFAX AV,SARAH ST,38,S,N,A,-,N,NA,NA,NA,NA,NA,NA,NA,NA,NA,Y,4,0,1,1,A,-,-,NA,NA,N,A,I,A,A,H,-,A,A,0,NA,NA,NA,NA,Y,NA,A,01,0,0,1,0,0,0,0,0,0,-,-,NA,NA,LOS ANGELES,LOS ANGELES,-118.38774,34.15388577
6399820,2014,2014-06-19,1942,2014-02-11,1630,40229,RD210,2,5,7,1942,0,0,0,NA,0,21W332,ROSCOE BL,DESOTO AV,250,E,N,A,-,N,NA,NA,NA,NA,NA,NA,NA,NA,NA,N,3,0,1,2,A,-,09,21801,A,N,B,C,A,A,H,-,A,D,0,NA,NA,Y,NA,Y,NA,A,01,0,1,0,0,0,0,0,0,1,-,-,NA,NA,LOS ANGELES,LOS ANGELES,-118.58766526,34.219970000000004
6399823,2014,2014-06-17,1942,2014-02-07,0845,34250,1566,5,5,7,1942,0,0,0,O,0,35M52,RIVERSIDE DR,VINELAND AV,0,NA,Y,B,-,N,NA,NA,NA,NA,NA,NA,NA,NA,NA,Y,3,0,1,2,A,-,09,21801,A,N,A,C,A,A,D,-,A,A,0,NA,NA,NA,NA,Y,NA,A,07,0,1,0,0,0,0,0,0,0,-,-,NA,NA,LOS ANGELES,LOS ANGELES,-118.37033007,34.15241004
6399824,2014,2014-06-17,1942,2014-02-10,2210,40131,2148,1,5,7,1942,0,0,0,NA,0,21A1,WINNETKA AV,GILMORE ST,100,N,N,A,-,N,NA,NA,NA,NA,NA,NA,NA,NA,NA,Y,4,0,1,2,A,-,-,NA,NA,N,C,E,A,A,H,-,C,D,0,NA,NA,NA,NA,Y,NA,A,01,0,0,1,0,0,0,0,0,0,-,-,NA,NA,LOS ANGELES,LOS ANGELES,-118.57096,34.19000432
6399827,2014,2014-06-17,1942,2014-02-10,1055,36257,1513,1,5,7,1942,0,0,0,O,0,21TL63,WHITSETT AV,SHERMAN WY,110,N,N,A,-,N,NA,NA,NA,NA,NA,NA,NA,NA,NA,N,2,0,1,2,A,-,09,21804,A,N,F,A,A,A,-,-,A,D,0,NA,NA,Y,NA,Y,NA,A,01,1,0,0,0,0,0,0,0,1,-,-,NA,NA,LOS ANGELES,LOS ANGELES,-118.40511216,34.20150469
6399828,2014,2014-06-17,1942,2014-02-16,1850,35410,2142,7,5,7,1942,0,0,0,NA,0,21A5,VANOWEN ST,BERQUIST AV,500,W,N,A,-,N,NA,NA,NA,NA,NA,NA,NA,NA,NA,N,3,0,1,3,A,-,03,22350,NA,N,B,E,A,A,H,-,C,D,0,NA,NA,NA,NA,Y,NA,A,01,0,1,0,0,0,0,0,0,0,-,-,NA,NA,LOS ANGELES,LOS ANGELES,-118.63615626,34.19352097
6399831,2014,2016-02-20,1942,2014-02-04,1220,40731,1589,2,5,7,1942,0,0,0,O,0,9T53,FOREST LAWN DR,ZOO DR,370,N,N,A,-,Y,LA,7,134,-,-,3.684,R,1,E,N,4,0,1,2,A,-,04,21703,NA,N,C,C,A,A,H,-,A,A,0,NA,NA,NA,NA,Y,NA,A,07,0,0,1,0,0,0,0,0,0,-,-,NA,NA,LOS ANGELES,LOS ANGELES,-118.31306578,34.15443137
6399832,2014,2014-06-17,1942,2014-02-19,1225,36257,2175,3,5,7,1942,0,0,0,NA,0,21TL63,TOPANGA CANYON PL,TOPANGA CANYON BL,0,NA,Y,A,-,N,NA,NA,NA,NA,NA,NA,NA,NA,NA,Y,3,0,2,2,A,-,09,21802,A,N,D,C,A,A,H,-,A,D,0,NA,NA,NA,NA,Y,NA,A,01,0,2,0,0,0,0,0,0,0,-,-,NA,NA,LOS ANGELES,LOS ANGELES,-118.6055401,34.17607003
6399835,2014,2014-06-17,1942,2014-02-09,1325,39085,1555,7,5,7,1942,0,0,0,O,0,21TL66,RIVERSIDE DR,TUJUNGA AV,0,NA,N,A,-,N,NA,NA,NA,NA,NA,NA,NA,NA,NA,N,4,0,1,2,D,-,00,NA,NA,F,H,-,A,A,H,-,A,D,0,NA,NA,Y,NA,Y,NA,-,-,0,0,1,0,0,0,0,0,1,-,-,NA,NA,LOS ANGELES,LOS ANGELES,-118.37903011,34.15765001
6399836,2014,2014-06-17,1942,2014-02-19,0910,36257,2143,3,5,7,1942,0,0,0,NA,0,21TL63,HAMLIN ST,ROYER AV,0,NA,Y,A,-,N,NA,NA,NA,NA,NA,NA,NA,NA,NA,Y,4,0,2,2,A,-,09,21800,B,N,D,C,A,A,H,-,A,D,0,NA,NA,NA,NA,Y,NA,A,01,0,0,2,0,0,0,0,0,0,-,-,NA,NA,LOS ANGELES,LOS ANGELES,-118.62826002,34.18900008
6399839,2014,2014-06-17,1942,2014-02-13,0915,36257,1596,4,5,7,1942,0,0,0,O,0,21TL63,VENTURA BL,TUJUNGA AV,300,W,N,A,-,N,NA,NA,NA,NA,NA,NA,NA,NA,NA,N,4,0,1,2,A,-,03,22350,NA,F,C,C,A,A,H,-,A,D,0,NA,NA,NA,NA,Y,NA,-,99,0,0,1,0,0,0,0,0,0,-,-,NA,NA,LOS ANGELES,LOS ANGELES,-118.37992749,34.13965263
6399840,2014,2014-06-17,1942,2014-02-20,1700,40163,2128,4,5,7,1942,0,0,0,NA,0,35EL16,DEERING,ROSCOE,25,S,N,A,-,N,NA,NA,NA,NA,NA,NA,NA,NA,NA,Y,4,0,2,3,A,-,21,22106,NA,N,C,C,A,A,H,-,A,A,0,NA,NA,NA,NA,Y,NA,A,01,0,0,2,0,0,0,0,0,0,-,-,NA,NA,LOS ANGELES,LOS ANGELES,-118.59509859,34.21979143
6399858,2014,2014-05-12,1942,2014-01-15,1030,35393,1258,3,5,7,1942,0,0,0,L,0,12T41,77TH ST,BROADWAY,40,E,N,A,-,N,NA,NA,NA,NA,NA,NA,NA,NA,NA,Y,4,0,1,2,A,-,08,22103,NA,N,D,C,A,A,H,-,A,D,0,NA,NA,NA,NA,Y,NA,D,22,0,0,1,0,0,0,0,0,0,-,-,NA,NA,LOS ANGELES,LOS ANGELES,-118.27816836,33.96984788
6399859,2014,2014-05-12,1900,2014-01-04,2350,483167,0454,6,5,6,1949,0,0,0,NA,0,46T2E,ROSECRANS AV,NORWALK BL,0,NA,Y,A,-,N,NA,NA,NA,NA,NA,NA,NA,NA,NA,N,4,0,3,2,A,-,12,21453,A,N,D,C,A,A,H,-,C,A,0,NA,NA,NA,NA,Y,Y,J,48,0,0,3,0,0,0,0,0,0,-,-,NA,NA,LOS ANGELES,NORWALK,-118.07296014,33.90233005
6399860,2014,2014-05-12,1942,2014-01-27,1035,39651,0723,1,5,7,1942,0,0,0,G,0,7T23,3RD ST,CRESCENT HEIGHTS BL,0,NA,Y,A,-,N,NA,NA,NA,NA,NA,NA,NA,NA,NA,Y,4,0,1,2,A,-,09,21806,A,N,D,C,A,A,H,-,A,A,0,NA,NA,NA,NA,Y,NA,A,01,0,0,1,0,0,0,0,0,0,-,-,NA,NA,LOS ANGELES,LOS ANGELES,-118.36588001,34.07212007
6400005,2014,2014-04-19,1942,2014-03-11,1030,38171,0452,2,5,7,1942,0,0,0,D,0,1T11,1ST ST,BOYLE AV,122,NA,N,A,-,N,NA,NA,NA,NA,NA,NA,NA,NA,NA,N,4,0,2,2,A,-,03,22350,NA,N,C,C,A,A,H,-,A,D,0,NA,NA,NA,NA,Y,NA,A,01,0,0,2,0,0,0,0,0,0,-,-,NA,NA,LOS ANGELES,LOS ANGELES,-118.21985013,34.04723003
6400009,2014,2014-04-19,1942,2014-03-06,1300,37715,0666,4,5,7,1942,0,0,0,F,0,14TL47,CAHUENGA BL,COLE AV,0,NA,Y,A,-,N,NA,NA,NA,NA,NA,NA,NA,NA,NA,N,3,0,1,2,A,-,04,21703,NA,N,C,C,A,A,H,-,A,D,0,NA,NA,NA,NA,Y,NA,J,48,0,1,0,0,0,0,0,0,0,-,-,NA,NA,LOS ANGELES,LOS ANGELES,-118.32931001,34.09590008
6400010,2014,2014-04-19,1953,2014-03-03,0908,6663,NA,1,5,6,1953,0,0,0,NA,0,NA,FAIR OAKS AV,E CLAREMONT ST,0,NA,Y,A,-,N,NA,NA,NA,NA,NA,NA,NA,NA,NA,N,3,0,1,2,A,-,05,21650,1,N,D,G,A,A,H,-,A,A,0,NA,Y,NA,NA,Y,NA,L,04,0,1,0,0,0,0,1,0,0,-,-,NA,NA,LOS ANGELES,PASADENA,-118.15065009999999,34.16696002
6400013,2014,2014-04-19,1909,2014-03-09,1923,566,1909,7,5,4,1909,0,0,0,NA,0,SOUTH,FLORENCE AV,AJAX AV,250,E,N,A,-,N,NA,NA,NA,NA,NA,NA,NA,NA,NA,N,3,0,1,2,A,-,15,21201,A,N,D,G,A,A,H,-,C,D,0,NA,Y,NA,NA,Y,NA,L,04,0,1,0,0,0,0,1,0,0,-,-,NA,NA,LOS ANGELES,BELL GARDENS,-118.1624721,33.96756591
6400020,2014,2014-04-22,1942,2014-02-10,1040,36083,0727,1,5,7,1942,0,0,0,G,0,7TL23,3RD ST,LA BREA AV,140,E,N,A,-,N,NA,NA,NA,NA,NA,NA,NA,NA,NA,Y,4,0,1,2,A,-,05,21460,A,N,B,C,A,A,H,-,A,D,0,NA,NA,NA,NA,Y,NA,A,01,0,0,1,0,0,0,0,0,0,-,-,NA,NA,LOS ANGELES,LOS ANGELES,-118.34356871,34.06890146
6400023,2014,2016-01-07,9580,2014-02-28,0445,18852,NA,5,3,7,1942,0,1,3,NA,2,116,RT 118,TAMPA AV,150,W,N,B,C,Y,LA,7,118,-,R,4.61,H,-,E,N,4,0,1,2,A,-,03,22350,NA,N,B,C,A,B,H,-,D,D,1,NA,NA,NA,NA,Y,NA,A,07,0,0,1,0,0,0,0,0,0,-,-,34.2723,-118.55813,LOS ANGELES,LOS ANGELES,-118.55665197,34.27231405
6400024,2014,2014-04-22,1975,2014-02-11,0058,377,NA,2,5,6,1975,0,0,0,NA,0,004,GLENDORA AV,ST CHRISTOPHER ST,190,S,N,A,-,N,NA,NA,NA,NA,NA,NA,NA,NA,NA,N,3,0,2,3,A,-,10,21950,A,N,G,B,C,A,H,-,C,D,0,Y,NA,NA,NA,Y,Y,-,NA,0,1,1,0,2,0,0,0,0,-,-,NA,NA,LOS ANGELES,WEST COVINA,-117.928569,34.064433
6400027,2014,2015-12-28,9525,2014-02-21,2040,020515,NA,5,2,5,1990,0,1,3,NA,2,603,RT 60,DIAMOND BAR BL,2640,E,N,A,-,Y,LA,7,60,-,R,25.1,H,-,W,Y,3,0,1,3,A,-,08,22107,NA,N,E,I,A,A,H,-,C,D,1,NA,NA,NA,NA,Y,NA,J,48,0,1,0,0,0,0,0,0,0,-,-,34.02284,-117.7911,LOS ANGELES,DIAMOND BAR,-117.81682712,34.01785711
6400031,2014,2014-04-19,1900,2014-02-16,1535,471346,1518,7,5,5,1954,0,0,0,NA,0,151T2,TELEGRAPH RD,SERAPIS AV,210,E,N,A,-,N,NA,NA,NA,NA,NA,NA,NA,NA,NA,N,3,0,1,2,A,-,07,21658,A,N,C,G,A,A,H,-,A,D,0,NA,Y,NA,NA,Y,NA,L,04,0,1,0,0,0,0,1,0,0,-,-,NA,NA,LOS ANGELES,PICO RIVERA,-118.1059135,33.95811704
6400037,2014,2014-04-19,1900,2014-02-23,1420,520084,0610,7,5,6,1985,0,0,0,NA,0,62T1,SOLEDAD CANYON RD,RUETHER AV,75,E,N,A,-,N,NA,NA,NA,NA,NA,NA,NA,NA,NA,N,4,0,1,2,B,-,22,NA,NA,N,C,C,A,A,H,-,A,A,0,NA,NA,NA,NA,Y,NA,J,41,0,0,1,0,0,0,0,0,0,-,-,NA,NA,LOS ANGELES,SANTA CLARITA,-118.49822468,34.42084151
6400039,2014,2015-08-12,9530,2014-02-28,1745,020467,NA,5,2,9,1900,0,3,5,NA,2,002,IMPERIAL HWY,COMPTON AV,150,E,N,B,-,N,NA,NA,NA,NA,NA,NA,NA,NA,NA,N,4,0,1,2,A,-,03,22350,NA,N,C,C,A,B,H,-,C,D,0,NA,NA,NA,NA,Y,NA,J,48,0,0,1,0,0,0,0,0,0,-,-,33.9293,-118.2454,LOS ANGELES,UNINCORPORATED,-118.24578657,33.92949685
6400040,2014,2014-04-19,1941,2014-02-20,0809,6214,NA,4,5,7,1941,0,0,0,NA,0,NA,PARAMOUNT BL,65TH ST,144,S,N,A,-,N,NA,NA,NA,NA,NA,NA,NA,NA,NA,Y,4,0,1,2,A,-,03,22350,NA,N,C,C,A,A,H,-,A,D,0,NA,NA,NA,Y,Y,NA,F,NA,0,0,1,0,0,0,0,0,0,-,-,NA,NA,LOS ANGELES,LONG BEACH,-118.15997,33.87206512
6400070,2014,2014-05-12,1942,2014-01-14,1215,32230,0133,2,5,7,1942,0,0,0,A,0,6252D,2ND ST,SPRING ST,29,W,N,A,-,N,NA,NA,NA,NA,NA,NA,NA,NA,NA,Y,3,0,1,2,A,-,11,21955,NA,N,G,B,D,A,H,-,A,A,0,Y,NA,NA,NA,Y,NA,N,60,0,1,0,0,1,0,0,0,0,-,-,NA,NA,LOS ANGELES,LOS ANGELES,-118.24569498,34.05174929
6400071,2014,2014-05-22,1942,2014-01-24,1800,24517,0701,5,5,7,1942,0,0,0,G,0,7TL38,LA JOLLA,MELROSE AV,25,S,N,A,-,N,NA,NA,NA,NA,NA,NA,NA,NA,NA,N,4,0,1,2,A,-,21,22106,NA,N,C,C,A,A,H,-,C,-,0,NA,NA,NA,NA,Y,NA,A,07,0,0,1,0,0,0,0,0,0,-,-,NA,NA,LOS ANGELES,LOS ANGELES,-118.36804844,34.08365144
6400183,2014,2014-04-12,9530,2014-02-07,1300,020699,NA,5,1,7,1942,0,1,1,NA,2,110,RT 110,ROSECRANS AV,803,S,N,A,-,Y,NA,NA,110,NA,NA,NA,NA,NA,NA,Y,3,0,2,3,A,-,01,23152,A,N,C,E,A,A,H,-,A,D,0,NA,NA,NA,NA,Y,Y,A,07,0,1,1,0,0,0,0,0,0,-,-,33.90186,-118.28732,LOS ANGELES,LOS ANGELES,-118.2867413,33.90185844
6400184,2014,2014-04-12,1941,2014-02-21,2213,6178,NA,5,5,7,1941,0,0,0,NA,0,NA,SANTA FE AV,25TH ST,0,NA,Y,A,-,N,NA,NA,NA,NA,NA,NA,NA,NA,NA,Y,4,0,1,2,A,-,08,22107,NA,N,B,C,A,A,H,-,C,A,0,NA,NA,NA,NA,Y,Y,A,NA,0,0,1,0,0,0,0,0,0,-,-,NA,NA,LOS ANGELES,LONG BEACH,-118.21552004,33.80256012
6400185,2014,2014-04-12,1912,2014-02-18,1940,12190,NA,2,5,6,1912,0,0,0,NA,0,NA,CLARK AV,VICTORY BL,0,NA,Y,A,-,N,NA,NA,NA,NA,NA,NA,NA,NA,NA,N,3,0,1,2,A,-,05,21650,1,N,D,G,A,A,H,-,C,A,0,NA,Y,NA,NA,Y,NA,L,04,0,1,0,0,0,0,1,0,0,-,-,NA,NA,LOS ANGELES,BURBANK,-118.31675012,34.17403003
6400186,2014,2014-04-12,1925,2014-02-14,1905,24347,157,5,5,6,1925,0,0,0,NA,0,004,MERRILL AV,VALLEJO,105,W,N,A,-,N,NA,NA,NA,NA,NA,NA,NA,NA,NA,Y,3,0,1,1,A,-,03,22350,NA,N,E,I,A,A,H,-,C,D,0,NA,NA,NA,NA,Y,NA,J,48,0,1,0,0,0,0,0,0,0,-,-,NA,NA,LOS ANGELES,GLENDALE,NA,NA
6400190,2014,2014-04-12,1942,2014-02-20,1425,36336,1993,4,5,7,1942,0,0,0,NA,0,9TL52,SEPULVEDA BL,RAYMER ST,389,S,N,A,-,N,NA,NA,NA,NA,NA,NA,NA,NA,NA,N,3,0,2,1,C,-,18,NA,NA,N,E,J,A,A,H,-,A,D,0,NA,NA,NA,NA,Y,NA,-,-,0,2,0,0,0,0,0,0,0,-,-,NA,NA,LOS ANGELES,LOS ANGELES,-118.46622286,34.21312416
6400197,2014,2014-04-12,9590,2014-02-09,2330,20372,NA,7,3,7,1942,0,1,3,NA,2,094,RT 2,VERDUGO RD,380,E,N,A,-,Y,NA,NA,2,NA,NA,NA,NA,NA,NA,N,3,0,1,2,A,-,03,22350,NA,N,C,C,A,A,H,-,D,D,0,NA,NA,NA,NA,Y,NA,J,48,0,1,0,0,0,0,0,0,0,-,-,34.12232,-118.22894,LOS ANGELES,LOS ANGELES,-118.2289678,34.12233593
6400199,2014,2014-04-12,1942,2014-02-11,1840,39701,1566,2,5,7,1942,0,0,0,O,0,10T35,VINELAND AV,RIVERSIDE DR,0,NA,Y,A,-,Y,NA,NA,NA,NA,NA,NA,NA,NA,NA,Y,3,0,1,2,A,-,04,21706,NA,N,D,C,A,A,H,-,C,A,0,NA,NA,NA,NA,Y,NA,A,01,0,1,0,0,0,0,0,0,0,-,-,NA,NA,LOS ANGELES,LOS ANGELES,-118.37033007,34.15241004
6400201,2014,2014-04-12,9530,2014-02-14,0900,020665,NA,5,1,5,1943,0,1,1,NA,2,210,RT 105,LONG BEACH BL,970,E,N,A,-,Y,NA,NA,NA,NA,NA,NA,NA,NA,NA,N,4,0,1,2,A,-,21,22106,NA,N,C,C,A,A,H,-,A,D,0,NA,NA,NA,NA,Y,NA,J,48,0,0,1,0,0,0,0,0,0,-,-,33.55225,-118.12185,LOS ANGELES,LYNWOOD,-118.20993,33.92508
6400202,2014,2014-04-18,1942,2014-02-11,2205,136607,1864,2,5,7,1942,0,0,0,R,0,3T5,CENTRAL AV,118TH ST,310,S,N,A,-,N,NA,NA,NA,NA,NA,NA,NA,NA,NA,N,2,0,1,3,A,-,03,22350,NA,N,C,C,A,A,H,-,C,D,0,NA,NA,Y,NA,Y,NA,C,02,1,0,0,0,0,0,0,0,1,-,-,NA,NA,LOS ANGELES,LOS ANGELES,-118.25432563,33.92551986
6400204,2014,2014-04-12,9535,2014-02-28,0425,17308,NA,5,3,9,1900,0,3,5,NA,2,002,VIA CORONA ST,ATLANTIC BL,24,W,N,B,C,N,NA,NA,NA,NA,NA,NA,NA,NA,NA,N,3,0,1,2,A,-,09,21804,A,N,D,G,A,B,H,-,C,D,0,NA,Y,NA,NA,Y,NA,L,04,0,1,0,0,0,0,1,0,0,-,-,34.03142,-118.15422,LOS ANGELES,UNINCORPORATED,-118.15413407,34.03134855
6400209,2014,2014-04-12,1955,2014-02-10,1146,30354,60,1,5,6,1955,0,0,0,NA,0,001,TEMPLE AV,VALLEY BL,0,NA,Y,A,-,N,NA,NA,NA,NA,NA,NA,NA,NA,NA,N,4,0,1,2,A,-,03,22350,NA,N,C,C,A,A,H,-,A,A,0,NA,NA,NA,NA,Y,NA,A,01,0,0,1,0,0,0,0,0,0,-,-,NA,NA,LOS ANGELES,POMONA,-117.81235002,34.04842005
6400210,2014,2014-04-12,1942,2014-02-24,1255,37737,2158,1,5,7,1942,0,0,0,NA,0,10TL32,CANOGA AV,ERWIN ST,650,S,N,A,-,N,NA,NA,NA,NA,NA,NA,NA,NA,NA,N,4,0,1,2,A,-,09,21804,A,N,D,C,A,A,H,-,A,D,0,NA,NA,NA,NA,Y,NA,A,01,0,0,1,0,0,0,0,0,0,-,-,NA,NA,LOS ANGELES,LOS ANGELES,-118.59752,34.18104689
6400211,2014,2014-04-12,1942,2014-02-10,1630,39010,0127,1,5,7,1942,0,0,0,A,0,11TL32,1ST ST,JUDGE JOHN AISO ST,10,E,N,A,-,N,NA,NA,NA,NA,NA,NA,NA,NA,NA,N,4,0,1,2,A,-,11,21954,A,N,B,B,E,A,H,-,A,A,0,Y,NA,NA,NA,Y,NA,N,60,0,0,1,0,1,0,0,0,0,-,-,NA,NA,LOS ANGELES,LOS ANGELES,-118.240905,34.05038214
6400212,2014,2016-03-09,9535,2014-02-14,1912,18749,NA,5,2,3,1914,0,1,1,NA,2,500,RT 5,RT 710,350,S,N,A,-,Y,LA,7,5,-,-,13.666,R,1,N,N,4,0,1,2,A,-,03,22350,NA,N,C,C,A,A,H,-,C,D,1,NA,NA,NA,NA,Y,NA,J,41,0,0,1,0,0,0,0,0,0,TO,-,34.01569,-118.17456,LOS ANGELES,COMMERCE,-118.17106283,34.01551415
6400216,2014,2014-04-12,9535,2014-02-06,1145,17595,NA,4,1,9,1900,0,3,5,NA,2,001,EASTERN AV,STATE UNIVERSITY DR,30,S,N,B,-,N,NA,NA,NA,NA,NA,NA,NA,NA,NA,N,4,0,1,3,A,-,03,22350,NA,N,C,C,A,A,H,-,A,A,0,NA,NA,NA,NA,Y,NA,A,07,0,0,1,0,0,0,0,0,0,-,-,34.33981,-118.10259,LOS ANGELES,UNINCORPORATED,-118.17390584,34.0611364
6400217,2014,2014-04-12,1942,2014-02-18,1400,36810,0885,2,5,7,1942,0,0,0,H,0,8TL26,MANNING AV,PICO BL,117,S,N,A,-,N,NA,NA,NA,NA,NA,NA,NA,NA,NA,N,3,0,1,2,B,-,22,NA,NA,N,B,C,A,A,H,-,A,A,0,NA,NA,NA,NA,Y,NA,J,48,0,1,0,0,0,0,0,0,0,-,-,NA,NA,LOS ANGELES,LOS ANGELES,-118.42263986,34.04270655
6400218,2014,2014-04-12,9580,2014-02-12,0652,17386,NA,3,1,7,1942,0,1,2,NA,2,101,RT 101,VINELAND AV,1056,N,N,A,-,Y,NA,NA,101,NA,NA,NA,NA,NA,NA,N,4,0,1,3,A,-,07,21658,A,M,C,C,A,A,H,-,A,D,0,NA,NA,NA,NA,Y,NA,A,08,0,0,1,0,0,0,0,0,0,-,-,34.14873,-118.37285,LOS ANGELES,LOS ANGELES,-118.37291242,34.14866151
6400219,2014,2014-04-12,1900,2014-02-10,1234,451502,1414,1,5,1,1932,0,0,0,NA,0,143T1,NELSON AV,UNRUH AV,103,E,N,A,-,N,NA,NA,NA,NA,NA,NA,NA,NA,NA,N,2,0,1,1,C,-,18,NA,NA,N,H,A,A,A,H,-,A,A,0,NA,NA,NA,NA,Y,NA,-,-,1,0,0,0,0,0,0,0,0,-,-,NA,NA,LOS ANGELES,INDUSTRY,-117.96233456,34.02977423
6400222,2014,2014-04-12,1941,2014-02-26,1429,5685,NA,3,5,7,1941,0,0,0,NA,0,NA,LAKEWOOD BL,LOS ALAMITOS TRAFFIC CIR,24,S,N,B,-,Y,NA,NA,NA,NA,NA,NA,NA,NA,NA,N,3,0,1,3,A,-,03,22350,NA,N,C,C,A,A,H,-,A,A,0,NA,NA,NA,NA,Y,NA,A,NA,0,1,0,0,0,0,0,0,0,-,-,NA,NA,LOS ANGELES,LONG BEACH,-118.14296,33.79032