CASE_ID,ACCIDENT_YEAR,PROC_DATE,JURIS,COLLISION_DATE,COLLISION_TIME,OFFICER_ID,REPORTING_DISTRICT,DAY_OF_WEEK,CHP_SHIFT,POPULATION,CNTY_CITY_LOC,SPECIAL_COND,BEAT_TYPE,CHP_BEAT_TYPE,CITY_DIVISION_LAPD,CHP_BEAT_CLASS,BEAT_NUMBER,PRIMARY_RD,SECONDARY_RD,DISTANCE,DIRECTION,INTERSECTION,WEATHER_1,WEATHER_2,STATE_HWY_IND,CALTRANS_COUNTY,CALTRANS_DISTRICT,STATE_ROUTE,ROUTE_SUFFIX,POSTMILE_PREFIX,POSTMILE,LOCATION_TYPE,RAMP_INTERSECTION,SIDE_OF_HWY,TOW_AWAY,COLLISION_SEVERITY,NUMBER_KILLED,NUMBER_INJURED,PARTY_COUNT,PRIMARY_COLL_FACTOR,PCF_CODE_OF_VIOL,PCF_VIOL_CATEGORY,PCF_VIOLATION,PCF_VIOL_SUBSECTION,HIT_AND_RUN,TYPE_OF_COLLISION,MVIW,PED_ACTION,ROAD_SURFACE,ROAD_COND_1,ROAD_COND_2,LIGHTING,CONTROL_DEVICE,CHP_ROAD_TYPE,PEDESTRIAN_ACCIDENT,BICYCLE_ACCIDENT,MOTORCYCLE_ACCIDENT,TRUCK_ACCIDENT,NOT_PRIVATE_PROPERTY,ALCOHOL_INVOLVED,STWD_VEHTYPE_AT_FAULT,CHP_VEHTYPE_AT_FAULT,COUNT_SEVERE_INJ,COUNT_VISIBLE_INJ,COUNT_COMPLAINT_PAIN,COUNT_PED_KILLED,COUNT_PED_INJURED,COUNT_BICYCLIST_KILLED,COUNT_BICYCLIST_INJURED,COUNT_MC_KILLED,COUNT_MC_INJURED,PRIMARY_RAMP,SECONDARY_RAMP,LATITUDE,LONGITUDE,COUNTY,CITY,POINT_X,POINT_Y
6403825,2014,2014-06-06,1900,2014-01-19,0140,284926,1519,7,5,5,1954,0,0,0,NA,0,151T3,HASTY AV,SUNGLOW ST,374,S,N,A,-,N,NA,NA,NA,NA,NA,NA,NA,NA,NA,Y,4,0,1,4,A,-,01,23152,A,N,A,E,A,A,H,-,C,D,0,NA,NA,NA,NA,Y,Y,A,07,0,0,1,0,0,0,0,0,0,-,-,NA,NA,LOS ANGELES,PICO RIVERA,-118.09874758,33.95801484
6403829,2014,2014-06-23,1900,2014-03-05,1255,455303,1510,3,5,5,1954,0,0,0,NA,0,151T1,WHITTIER BL,ROSEMEAD BL,25,W,N,A,-,Y,NA,NA,NA,NA,NA,NA,NA,NA,NA,NA,2,0,2,2,A,-,-,NA,NA,F,C,C,A,A,H,-,A,A,0,NA,NA,NA,NA,Y,NA,A,01,2,0,0,0,0,0,0,0,0,-,-,NA,NA,LOS ANGELES,PICO RIVERA,-118.08405369,34.00135053
6403837,2014,2015-01-21,1900,2014-01-06,1230,455303,1512,1,5,5,1954,0,0,0,NA,0,151T1,PARAMOUNT BL,BEVERLY AV,48,S,N,A,-,N,NA,NA,NA,NA,NA,NA,NA,NA,NA,N,4,0,1,2,A,-,-,NA,NA,N,C,C,A,A,H,-,A,A,0,NA,NA,NA,NA,Y,NA,D,22,0,0,1,0,0,0,0,0,0,-,-,NA,NA,LOS ANGELES,PICO RIVERA,-118.08638007,34.00879945
6403980,2014,2015-01-14,1900,2014-01-09,1630,534594,2611,4,5,6,1950,0,0,0,NA,0,264T1,ELIZABETH LAKE RD,15TH ST WEST,0,NA,Y,A,-,N,NA,NA,NA,NA,NA,NA,NA,NA,NA,Y,4,0,2,2,A,-,09,21801,A,M,D,C,A,A,H,-,A,D,0,NA,NA,NA,NA,Y,NA,A,01,0,0,2,0,0,0,0,0,0,-,-,NA,NA,LOS ANGELES,PALMDALE,-118.15639005,34.58714004
6404038,2014,2014-11-04,1942,2014-01-03,2300,38406,665,5,5,7,1942,0,0,0,NA,0,6T7,HIGHLAND,SANTA MONICA,35,N,N,A,-,N,NA,NA,NA,NA,NA,NA,NA,NA,NA,N,4,0,1,2,A,-,08,22107,NA,N,C,D,A,A,H,-,C,D,0,NA,NA,NA,NA,Y,Y,-,-,0,0,1,0,0,0,0,0,0,-,-,NA,NA,LOS ANGELES,LOS ANGELES,-118.33860209,34.09079598
6404046,2014,2014-11-07,1976,2014-01-31,0830,328,NA,5,5,5,1976,0,0,0,NA,0,004,COLIMA RD,MAR VISTA ST,300,S,N,A,-,N,NA,NA,NA,NA,NA,NA,NA,NA,NA,Y,4,0,1,4,D,-,00,NA,NA,N,B,C,A,A,H,-,A,B,0,NA,NA,NA,NA,Y,NA,-,-,0,0,1,0,0,0,0,0,0,-,-,NA,NA,LOS ANGELES,WHITTIER,-118.00175037,33.96111081
6404190,2014,2014-11-07,1925,2014-02-27,2131,24613,225,4,5,6,1925,0,0,0,NA,0,002,N CENTRAL AV,MYRTLE ST,0,NA,Y,B,-,N,NA,NA,NA,NA,NA,NA,NA,NA,NA,Y,3,0,2,3,A,-,03,22350,NA,N,D,C,A,A,H,-,C,A,0,NA,NA,NA,NA,Y,NA,A,01,0,1,1,0,0,0,0,0,0,-,-,NA,NA,LOS ANGELES,GLENDALE,-118.25791011,34.15080009
6404209,2014,2014-08-27,1942,2014-03-02,0445,33452,0211,7,5,7,1942,0,0,0,B,0,13T53,SANTA MONICA BL,NEW HAMPSHIRE AV,0,NA,Y,B,-,N,NA,NA,NA,NA,NA,NA,NA,NA,NA,Y,4,0,1,2,A,-,09,21802,A,F,D,C,A,A,H,-,C,A,0,NA,NA,NA,NA,Y,NA,-,99,0,0,1,0,0,0,0,0,0,-,-,NA,NA,LOS ANGELES,LOS ANGELES,-118.29281013,34.09087007
6404284,2014,2014-06-24,1941,2014-01-05,1038,10117,NA,7,5,7,1941,0,0,0,NA,0,NA,ALAMITOS,11TH ST,40,S,N,A,-,N,NA,NA,NA,NA,NA,NA,NA,NA,NA,Y,4,0,1,4,A,-,07,21658,A,F,B,C,A,A,H,-,A,A,0,NA,NA,NA,NA,Y,NA,A,NA,0,0,1,0,0,0,0,0,0,-,-,NA,NA,LOS ANGELES,LONG BEACH,-118.17855287,33.7806738
6404316,2014,2014-06-17,1900,2014-01-30,0005,410044,1416,4,5,1,1932,0,0,0,NA,0,147B1,CASTLETON ST,ALBATROSS RD,0,NA,Y,A,-,N,NA,NA,NA,NA,NA,NA,NA,NA,NA,Y,4,0,1,2,A,-,01,23152,A,N,D,C,A,A,H,-,C,A,0,NA,NA,NA,NA,Y,Y,A,07,0,0,1,0,0,0,0,0,0,-,-,NA,NA,LOS ANGELES,INDUSTRY,-117.92366002,33.9955701
6404320,2014,2014-06-17,1942,2014-01-30,0610,34945,LOSAN,4,5,7,1942,0,0,0,NA,0,2A69,6TH ST,RAMPART BL,0,NA,Y,B,-,N,NA,NA,NA,NA,NA,NA,NA,NA,NA,Y,4,0,1,2,A,-,09,21801,A,N,B,C,A,A,H,-,C,A,0,NA,NA,NA,NA,Y,NA,A,08,0,0,1,0,0,0,0,0,0,-,-,NA,NA,LOS ANGELES,LOS ANGELES,-118.28135001,34.06242006
6404321,2014,2014-06-16,1942,2014-01-26,1125,30380,421,7,5,7,1942,0,0,0,NA,0,4TL43,N DALY ST,MOZART ST,26,N,N,A,-,N,NA,NA,NA,NA,NA,NA,NA,NA,NA,Y,4,0,1,3,A,-,03,22350,NA,N,C,C,A,A,H,-,A,A,0,NA,NA,NA,NA,Y,NA,A,08,0,0,1,0,0,0,0,0,0,-,-,NA,NA,LOS ANGELES,LOS ANGELES,-118.21552945,34.0695413
6404325,2014,2014-06-17,1942,2014-01-31,1345,36277,4,5,5,7,1942,0,0,0,NA,0,4A59,SOTO ST,ALCAZAR ST,0,NA,Y,A,-,N,NA,NA,NA,NA,NA,NA,NA,NA,NA,N,4,0,2,2,A,-,08,22107,NA,N,B,C,A,A,H,-,A,A,0,NA,NA,NA,NA,Y,NA,-,NA,0,0,2,0,0,0,0,0,0,-,NO,NA,NA,LOS ANGELES,LOS ANGELES,-118.19805007,34.0623401
6404329,2014,2014-06-19,1942,2014-01-30,1800,37828,412,4,5,7,1942,0,0,0,NA,0,4A4,DALY ST,PASADENA,0,NA,Y,C,-,N,NA,NA,NA,NA,NA,NA,NA,NA,NA,N,4,0,1,3,A,-,03,22350,NA,N,C,C,A,B,G,-,C,A,0,NA,NA,NA,NA,Y,NA,A,01,0,0,1,0,0,0,0,0,0,-,-,NA,NA,LOS ANGELES,LOS ANGELES,-118.2157101,34.0765001
6404404,2014,2014-06-16,1900,2014-02-21,0745,478216,1432,5,5,4,1937,0,0,0,NA,0,143T1,KLAMATH ST,HACIENDA BL,174,E,N,A,-,N,NA,NA,NA,NA,NA,NA,NA,NA,NA,Y,4,0,1,2,A,-,08,22107,NA,N,D,C,A,A,H,-,A,D,0,NA,NA,NA,NA,Y,NA,A,01,0,0,1,0,0,0,0,0,0,-,-,NA,NA,LOS ANGELES,LA PUENTE,-117.94930857,34.03844478
6404405,2014,2014-06-11,1928,2014-02-24,1633,352,509,1,5,5,1928,0,0,0,NA,0,0H2,EL SEGUNDO BL,PRAIRIE AV,0,NA,Y,A,-,N,NA,NA,NA,NA,NA,NA,NA,NA,NA,N,3,0,2,3,A,-,09,21801,A,N,D,C,A,A,H,-,A,A,0,NA,NA,NA,NA,Y,NA,A,08,0,1,1,0,0,0,0,0,0,-,-,NA,NA,LOS ANGELES,HAWTHORNE,-118.34388002,33.91641006
6404408,2014,2014-06-16,1900,2014-02-21,1934,406363,1418,5,5,1,1932,0,0,0,NA,0,141T5,GALE AV,HATCHER AV,391,E,N,A,-,N,NA,NA,NA,NA,NA,NA,NA,NA,NA,Y,3,0,3,2,A,-,09,21804,A,N,C,C,A,A,H,-,C,D,0,NA,NA,NA,NA,Y,NA,A,07,0,1,2,0,0,0,0,0,0,-,-,NA,NA,LOS ANGELES,INDUSTRY,-117.923405,33.996296
6404409,2014,2014-06-10,1928,2014-02-26,1337,342,505,3,5,5,1928,0,0,0,NA,0,502,IMPERIAL HWY,FREEMAN AV,203,W,N,A,-,N,NA,NA,NA,NA,NA,NA,NA,NA,NA,N,4,0,1,2,A,-,21,22106,NA,N,A,C,A,A,H,-,A,D,0,NA,NA,NA,NA,Y,NA,A,07,0,0,1,0,0,0,0,0,0,-,-,NA,NA,LOS ANGELES,HAWTHORNE,-118.34894795,33.93096
6404411,2014,2016-03-05,9590,2014-02-07,1820,20652,NA,5,2,7,1942,0,1,1,NA,2,081,RT 5,7TH ST,200,S,N,A,-,Y,LA,7,10,-,-,18.31,H,-,E,Y,4,0,5,4,A,-,03,22350,NA,N,C,C,A,A,H,-,C,D,1,NA,NA,NA,NA,Y,NA,A,07,0,0,5,0,0,0,0,0,0,TO,-,34.03282,-118.22221,LOS ANGELES,LOS ANGELES,-118.22178564,34.03246936
6404412,2014,2015-12-28,1900,2014-02-23,2105,196195,1419,7,5,1,1932,0,0,0,NA,0,141T5,AZUSA AV,RT 60,0,NA,Y,A,-,Y,LA,7,60,-,-,17.811,R,4,E,Y,4,0,1,3,A,-,12,21453,A,N,D,C,A,A,H,-,C,A,0,NA,NA,NA,NA,Y,NA,A,01,0,0,1,0,0,0,0,0,0,-,EF,33.99579,-117.93118,LOS ANGELES,INDUSTRY,-117.93385839,33.99744266
6404413,2014,2014-06-10,1928,2014-02-28,1855,313,530,5,5,5,1928,0,0,0,NA,0,501,IMPERIAL HWY,MANSEL AV,12,E,N,A,-,N,NA,NA,NA,NA,NA,NA,NA,NA,NA,N,4,0,1,2,A,-,09,21801,A,N,B,C,A,A,H,-,C,D,0,NA,NA,NA,NA,Y,NA,A,01,0,0,1,0,0,0,0,0,0,-,-,NA,NA,LOS ANGELES,HAWTHORNE,-118.35582052,33.93094
6404415,2014,2016-01-21,9590,2014-02-17,0318,20652,NA,1,3,7,1942,0,1,1,NA,2,080,RT 5,SOTO ST,100,S,N,A,-,Y,LA,7,5,-,-,16.496,R,2,N,Y,4,0,2,2,A,-,03,22350,NA,N,C,C,A,A,H,-,C,D,1,NA,NA,NA,NA,Y,Y,A,08,0,0,2,0,0,0,0,0,0,-,-,34.031,-118.21738,LOS ANGELES,LOS ANGELES,-118.21619875,34.02997091
6404416,2014,2014-06-16,1900,2014-02-25,1605,451502,1430,2,5,4,1937,0,0,0,NA,0,143T1P,ORANGE AV,NELSON AV,721,N,N,A,-,N,NA,NA,NA,NA,NA,NA,NA,NA,NA,N,2,0,2,2,A,-,08,22103,NA,N,D,C,A,A,H,-,A,D,0,NA,NA,NA,NA,Y,NA,A,01,1,0,1,0,0,0,0,0,0,-,-,NA,NA,LOS ANGELES,LA PUENTE,-117.97523455,34.041889
6404419,2014,2015-11-07,9590,2014-02-24,1920,19805,NA,1,2,7,1942,0,1,2,NA,2,071,RT 101,VIRGIL AV,100,S,N,A,-,Y,LA,7,101,-,-,4.06,H,-,S,N,4,0,3,2,A,-,03,22350,NA,N,C,C,A,A,H,-,C,D,1,NA,NA,NA,NA,Y,NA,A,01,0,0,3,0,0,0,0,0,0,-,-,34.07808,-118.28629,LOS ANGELES,LOS ANGELES,-118.28653421,34.07809593
6404420,2014,2014-06-16,1900,2014-02-26,1157,403161,1412,3,5,1,1932,0,0,0,NA,0,141T3D,BALDWIN PARK BL,AMAR RD,0,NA,Y,C,-,N,NA,NA,NA,NA,NA,NA,NA,NA,NA,Y,4,0,1,2,A,-,03,22350,NA,N,D,C,A,B,H,-,A,A,0,NA,NA,NA,NA,Y,NA,A,01,0,0,1,0,0,0,0,0,0,-,-,34.06126,-117.98787,LOS ANGELES,INDUSTRY,-117.98798005,34.06114011
6404423,2014,2016-03-05,9590,2014-02-27,1413,16642,NA,4,2,7,1942,0,1,1,NA,2,052,RT 110,1ST ST,100,S,N,B,-,Y,LA,7,110,-,-,23.32,H,-,N,N,4,0,1,2,A,-,03,22350,NA,N,C,C,A,A,H,-,A,D,1,NA,NA,NA,NA,Y,NA,A,01,0,0,1,0,0,0,0,0,0,-,-,34.05835,-118.25344,LOS ANGELES,LOS ANGELES,-118.25351577,34.05847505
6404424,2014,2014-06-16,1900,2014-02-05,1830,196195,1414,3,5,1,1932,0,0,0,NA,0,141T5,7TH AV,VALLEY BL,20,N,N,A,-,N,NA,NA,NA,NA,NA,NA,NA,NA,NA,Y,4,0,1,2,A,-,03,22350,NA,N,C,C,A,A,H,-,C,A,0,NA,NA,NA,NA,Y,NA,A,01,0,0,1,0,0,0,0,0,0,-,-,34.03546,-117.97468,LOS ANGELES,INDUSTRY,-117.97457,34.03476
6404427,2014,2015-11-10,9590,2014-02-27,0645,016692,NA,4,1,7,1942,0,1,1,NA,2,053,RT 110,VENICE BL,575,S,N,C,-,Y,LA,7,110,-,-,21.617,R,2,S,Y,4,0,1,1,A,-,08,22107,NA,N,E,I,A,B,H,-,A,D,1,NA,NA,NA,NA,Y,NA,A,01,0,0,1,0,0,0,0,0,0,TO,-,34.03896,-118.27507,LOS ANGELES,LOS ANGELES,-118.27362728,34.0411907
6404428,2014,2014-06-16,1900,2014-02-07,1445,297062,1415,5,5,1,1932,0,0,0,NA,0,141T6,GALE AV,JOHN REED CT,746,E,N,A,-,N,NA,NA,NA,NA,NA,NA,NA,NA,NA,Y,4,0,1,2,A,-,09,21804,A,N,E,I,A,A,H,-,A,D,0,NA,NA,NA,NA,Y,NA,A,01,0,0,1,0,0,0,0,0,0,-,-,34.00353,-117.942,LOS ANGELES,INDUSTRY,-117.93761929,34.00154324
6404431,2014,2015-11-10,9590,2014-02-27,0455,016692,NA,4,3,7,1942,0,1,1,NA,2,010,RT 110,RT 5 TRANSITION,75,N,N,B,C,Y,LA,7,110,-,-,25.488,R,2,N,Y,4,0,2,1,A,-,08,22107,NA,N,E,I,A,B,H,-,C,D,1,NA,NA,NA,NA,Y,NA,A,01,0,0,2,0,0,0,0,0,0,TO,-,34.07979,-118.22718,LOS ANGELES,LOS ANGELES,-118.2268416,34.07951051
6404432,2014,2014-06-24,1900,2014-02-01,0645,403161,1414,6,5,1,1932,0,0,0,NA,0,141T3D,HACIENDA BL,VALLEY BL,0,NA,Y,A,-,N,NA,NA,NA,NA,NA,NA,NA,NA,NA,Y,4,0,1,2,A,-,12,21453,A,N,B,G,A,A,H,-,A,A,0,NA,Y,NA,NA,Y,NA,A,08,0,0,1,0,0,0,1,0,0,-,-,34.02004,-117.95837,LOS ANGELES,INDUSTRY,-117.95823011,34.01981012
6404435,2014,2016-01-19,9590,2014-02-19,1335,16642,NA,3,1,7,1942,0,1,2,NA,2,042,RT 101,4TH ST,500,S,N,A,-,Y,LA,7,101,-,S,0.53,H,-,N,Y,4,0,1,4,A,-,03,22350,NA,N,C,C,A,A,H,-,A,D,1,NA,NA,NA,NA,Y,NA,A,01,0,0,1,0,0,0,0,0,0,-,-,34.04233,-118.22102,LOS ANGELES,LOS ANGELES,-118.22117621,34.04163388
6404436,2014,2014-06-16,1900,2014-02-12,0800,290645,1419,3,5,1,1932,0,0,0,NA,0,141T2,VALLEY BL,CASTLEHILL DR,365,E,N,A,-,N,NA,NA,NA,NA,NA,NA,NA,NA,NA,Y,4,0,1,4,A,-,03,22350,NA,N,C,C,A,A,H,-,A,D,0,NA,NA,NA,NA,Y,NA,A,01,0,0,1,0,0,0,0,0,0,-,-,NA,NA,LOS ANGELES,INDUSTRY,-117.86502133,34.00638362
6404439,2014,2015-11-10,9590,2014-02-25,1910,19755,NA,2,2,7,1942,0,1,1,NA,2,051,RT 110,MARTIN LUTHER KING BL,50,N,N,A,-,Y,LA,7,110,-,-,19.52,H,-,S,N,4,0,1,2,A,-,03,22350,NA,N,C,C,A,A,H,-,C,D,1,NA,NA,NA,NA,Y,NA,A,01,0,0,1,0,0,0,0,0,0,-,-,34.00957,-118.28007,LOS ANGELES,LOS ANGELES,-118.28111678,34.01171517
6404440,2014,2014-06-16,1900,2014-02-13,1715,515583,1432,4,5,4,1937,0,0,0,NA,0,143T1,HACIENDA BL,FAIRGROVE AV,397,N,N,A,-,N,NA,NA,NA,NA,NA,NA,NA,NA,NA,N,4,0,1,2,A,-,09,21801,A,N,D,J,A,A,H,-,B,D,0,NA,NA,Y,NA,Y,NA,A,01,0,0,1,0,0,0,0,0,1,-,-,NA,NA,LOS ANGELES,LA PUENTE,-117.94943597,34.04322495
6404443,2014,2015-11-13,9590,2014-02-25,0720,16689,NA,2,1,7,1942,0,1,1,NA,2,082,RT 5,MAIN ST,500,N,N,B,-,Y,LA,7,5,-,-,19.3,H,-,N,Y,4,0,1,3,A,-,03,22350,NA,N,C,C,A,A,H,-,A,D,1,NA,NA,NA,NA,Y,NA,A,01,0,0,1,0,0,0,0,0,0,-,-,34.06684,-118.21608,LOS ANGELES,LOS ANGELES,-118.21629013,34.06745586
6404444,2014,2014-06-16,1900,2014-02-13,1905,515583,1434,4,5,4,1937,0,0,0,NA,0,143T1,STIMSON AV,ROWLAND AV,0,NA,Y,A,-,N,NA,NA,NA,NA,NA,NA,NA,NA,NA,N,4,0,1,2,A,-,10,21950,A,N,G,B,B,A,H,-,D,D,0,Y,NA,NA,NA,Y,NA,A,01,0,0,1,0,1,0,0,0,0,-,-,NA,NA,LOS ANGELES,LA PUENTE,-117.94910008,34.02315009
6404447,2014,2015-12-28,1900,2014-02-09,2120,506149,1416,7,5,1,1932,0,0,0,NA,0,141T6,AZUSA AV,RT 60,0,NA,Y,A,-,Y,LA,7,60,-,-,17.811,R,4,E,Y,4,0,1,2,A,-,12,21453,A,N,D,C,A,A,H,-,C,A,0,NA,NA,NA,NA,Y,NA,A,01,0,0,1,0,0,0,0,0,0,-,EF,33.99593,-117.93136,LOS ANGELES,INDUSTRY,-117.93385839,33.99744266
6404448,2014,2014-06-16,1942,2014-02-03,1005,40042,0275,1,5,7,1942,0,0,0,B,0,4TL43,JAMES M WOOD BL,WESTLAKE AV,0,NA,Y,A,-,N,NA,NA,NA,NA,NA,NA,NA,NA,NA,Y,4,0,2,3,A,-,09,21802,A,N,D,C,A,A,H,-,A,A,0,NA,NA,NA,NA,Y,NA,A,01,0,0,2,0,0,0,0,0,0,-,-,NA,NA,LOS ANGELES,LOS ANGELES,-118.27764,34.05288
6404451,2014,2014-06-16,1900,2014-02-10,2002,506149,1414,1,5,1,1932,0,0,0,NA,0,141T6,STAFFORD ST,UNRUH AV,386,E,N,A,-,N,NA,NA,NA,NA,NA,NA,NA,NA,NA,N,3,0,1,2,A,-,11,21954,A,N,G,B,D,A,H,-,D,D,0,Y,NA,NA,NA,Y,NA,N,60,0,1,0,0,1,0,0,0,0,-,-,NA,NA,LOS ANGELES,INDUSTRY,-117.96300128,34.02795868
6404452,2014,2014-06-16,1900,2014-02-14,0745,478216,1430,5,5,4,1937,0,0,0,NA,0,143T1,AMAR RD,ARDILLA AV,180,W,N,A,-,N,NA,NA,NA,NA,NA,NA,NA,NA,NA,Y,4,0,2,2,A,-,09,21801,A,N,D,C,A,A,H,-,A,A,0,NA,NA,NA,NA,Y,NA,A,08,0,0,2,0,0,0,0,0,0,-,-,NA,NA,LOS ANGELES,LA PUENTE,-117.97534728,34.05368961
6404455,2014,2014-06-16,1900,2014-02-14,1820,506149,1434,5,5,4,1937,0,0,0,NA,0,143T1,VALLEY BL,OLD VALLEY BL,0,NA,Y,A,-,N,NA,NA,NA,NA,NA,NA,NA,NA,NA,Y,4,0,2,2,A,-,04,21703,NA,N,C,C,A,A,H,-,C,A,0,NA,NA,NA,NA,Y,NA,A,01,0,0,2,0,0,0,0,0,0,-,-,NA,NA,LOS ANGELES,LA PUENTE,-117.94791006,34.0152201
6404456,2014,2014-06-16,1942,2014-02-03,2110,40545,0256,1,5,7,1942,0,0,0,B,0,2T15,BONNIE BRAE ST,WILSHIRE BL,0,NA,Y,A,-,N,NA,NA,NA,NA,NA,NA,NA,NA,NA,Y,3,0,1,2,A,-,01,23152,A,N,D,C,A,A,H,-,C,A,0,NA,NA,NA,NA,Y,Y,A,08,0,1,0,0,0,0,0,0,0,-,-,NA,NA,LOS ANGELES,LOS ANGELES,-118.27363002,34.05692006
6404459,2014,2014-06-16,1900,2014-02-15,1550,506149,1432,6,5,4,1937,0,0,0,NA,0,143T1,HACIENDA BL,FAIRGROVE AV,342,N,N,A,-,N,NA,NA,NA,NA,NA,NA,NA,NA,NA,N,4,0,1,2,A,-,09,21801,A,N,D,D,A,A,H,-,A,D,0,NA,NA,NA,NA,Y,NA,A,07,0,0,1,0,0,0,0,0,0,-,-,34.0442,-117.9493,LOS ANGELES,LA PUENTE,-117.94945049,34.04307465
6404460,2014,2014-06-16,1942,2014-02-14,0820,40008,0251,5,5,7,1942,0,0,0,B,0,13TL55,RAMPART,6TH ST,15,S,N,A,-,N,NA,NA,NA,NA,NA,NA,NA,NA,NA,N,4,0,1,2,A,-,07,21658,A,N,B,G,A,A,H,-,A,D,0,NA,Y,NA,NA,Y,NA,A,08,0,0,1,0,0,0,1,0,0,-,-,NA,NA,LOS ANGELES,LOS ANGELES,-118.28137313,34.06238365
6404463,2014,2014-06-16,1900,2014-02-16,1820,451502,1435,7,5,4,1937,0,0,0,NA,0,143T1P,AZUSA WY,HURLEY ST,175,S,N,A,-,N,NA,NA,NA,NA,NA,NA,NA,NA,NA,N,4,0,1,2,A,-,11,21954,A,N,G,B,D,A,H,-,C,D,0,Y,NA,NA,NA,Y,Y,N,60,0,0,1,0,1,0,0,0,0,-,-,NA,NA,LOS ANGELES,LA PUENTE,-117.92453061,34.01093645
6404464,2014,2014-06-16,1942,2014-02-13,1645,38357,0245,4,5,7,1942,0,0,0,B,0,1645,6TH ST,PARK VIEW ST,30,W,N,A,-,N,NA,NA,NA,NA,NA,NA,NA,NA,NA,N,4,0,1,3,A,-,03,22350,NA,F,C,G,A,A,H,-,A,D,0,NA,Y,NA,NA,Y,NA,L,04,0,0,1,0,0,0,1,0,0,-,-,NA,NA,LOS ANGELES,LOS ANGELES,-118.27861623,34.06124024
6404467,2014,2014-06-25,1900,2014-02-18,0645,290645,1418,2,5,1,1932,0,0,0,NA,0,141T3,VALLEY BL,HAMBLEDON AV,0,NA,Y,B,-,N,NA,NA,NA,NA,NA,NA,NA,NA,NA,Y,3,0,2,2,A,-,12,21453,A,N,D,C,A,A,H,-,A,A,0,NA,NA,NA,NA,Y,NA,-,-,0,1,1,0,0,0,0,0,0,-,-,NA,NA,LOS ANGELES,INDUSTRY,-117.91706009,34.00769003
6404468,2014,2014-06-16,1942,2014-02-23,1450,39010,0239,7,5,7,1942,0,0,0,B,0,1TL24,BEAUDRY AV,2ND ST,0,NA,Y,A,-,N,NA,NA,NA,NA,NA,NA,NA,NA,NA,Y,3,0,3,2,A,-,09,21801,A,N,D,C,A,A,H,-,A,A,0,NA,NA,NA,NA,Y,NA,A,01,0,1,2,0,0,0,0,0,0,-,-,NA,NA,LOS ANGELES,LOS ANGELES,-118.25531004,34.05794011
6404471,2014,2014-06-16,1900,2014-02-18,1615,451502,1432,2,5,4,1937,0,0,0,NA,0,143T1P,AMAR RD,DEL VALLE AV,53,W,N,B,-,N,NA,NA,NA,NA,NA,NA,NA,NA,NA,N,4,0,1,2,A,-,04,21703,NA,N,C,C,A,A,H,-,-,A,0,NA,NA,NA,NA,Y,NA,A,01,0,0,1,0,0,0,0,0,0,-,-,NA,NA,LOS ANGELES,LA PUENTE,-117.94357394,34.036662
6404472,2014,2014-06-16,1942,2014-02-22,0655,37952,0249,6,5,7,1942,0,0,0,B,0,1TL11,BIXEL ST,WILSHIRE BL,225,N,N,A,-,N,NA,NA,NA,NA,NA,NA,NA,NA,NA,N,4,0,1,2,A,-,09,21804,A,N,D,G,A,A,H,-,A,D,0,NA,Y,NA,NA,Y,NA,A,01,0,0,1,0,0,0,1,0,0,-,-,NA,NA,LOS ANGELES,LOS ANGELES,-118.26295552,34.05286733
6404475,2014,2014-06-20,1900,2014-02-18,1735,196195,1415,2,5,1,1932,0,0,0,NA,0,141T5,GALE AV,BIXBY DR,0,NA,Y,A,-,N,NA,NA,NA,NA,NA,NA,NA,NA,NA,Y,4,0,2,2,A,-,09,21801,A,N,A,C,A,A,H,-,A,A,0,NA,NA,NA,NA,Y,NA,A,01,0,0,2,0,0,0,0,0,0,-,-,34.00477,-117.94462,LOS ANGELES,INDUSTRY,-117.9446001,34.00471002
6404476,2014,2014-06-16,1942,2014-02-22,2340,34458,0233,6,5,7,1942,0,0,0,B,0,2T15,3RD ST,LAFAYETTE PARK PL,0,NA,Y,A,-,N,NA,NA,NA,NA,NA,NA,NA,NA,NA,Y,4,0,3,2,A,-,09,21801,A,N,D,C,A,A,H,-,C,A,0,NA,NA,NA,NA,Y,NA,A,01,0,0,3,0,0,0,0,0,0,-,-,NA,NA,LOS ANGELES,LOS ANGELES,-118.2806401,34.06706006
6404479,2014,2014-06-16,1900,2014-02-19,1636,406363,1416,3,5,1,1932,0,0,0,NA,0,141T6,HANOVER ST,CASTLETON ST,0,NA,Y,A,-,N,NA,NA,NA,NA,NA,NA,NA,NA,NA,N,3,0,1,2,A,-,10,21950,A,N,G,B,B,A,H,-,A,A,0,Y,NA,NA,NA,Y,NA,A,01,0,1,0,0,1,0,0,0,0,-,-,NA,NA,LOS ANGELES,INDUSTRY,-117.91983004,33.99368004
6404480,2014,2014-06-24,1942,2014-02-20,1720,34426,0256,4,5,7,1942,0,0,0,B,0,2TL28,6TH ST,BONNIE BRAE ST,0,NA,Y,A,-,N,NA,NA,NA,NA,NA,NA,NA,NA,NA,N,4,0,2,2,A,-,09,21801,A,N,D,C,A,A,H,-,A,A,0,NA,NA,NA,NA,Y,NA,A,01,0,0,2,0,0,0,0,0,0,-,-,NA,NA,LOS ANGELES,LOS ANGELES,-118.27255004,34.05853