CASE_ID,ACCIDENT_YEAR,PROC_DATE,JURIS,COLLISION_DATE,COLLISION_TIME,OFFICER_ID,REPORTING_DISTRICT,DAY_OF_WEEK,CHP_SHIFT,POPULATION,CNTY_CITY_LOC,SPECIAL_COND,BEAT_TYPE,CHP_BEAT_TYPE,CITY_DIVISION_LAPD,CHP_BEAT_CLASS,BEAT_NUMBER,PRIMARY_RD,SECONDARY_RD,DISTANCE,DIRECTION,INTERSECTION,WEATHER_1,WEATHER_2,STATE_HWY_IND,CALTRANS_COUNTY,CALTRANS_DISTRICT,STATE_ROUTE,ROUTE_SUFFIX,POSTMILE_PREFIX,POSTMILE,LOCATION_TYPE,RAMP_INTERSECTION,SIDE_OF_HWY,TOW_AWAY,COLLISION_SEVERITY,NUMBER_KILLED,NUMBER_INJURED,PARTY_COUNT,PRIMARY_COLL_FACTOR,PCF_CODE_OF_VIOL,PCF_VIOL_CATEGORY,PCF_VIOLATION,PCF_VIOL_SUBSECTION,HIT_AND_RUN,TYPE_OF_COLLISION,MVIW,PED_ACTION,ROAD_SURFACE,ROAD_COND_1,ROAD_COND_2,LIGHTING,CONTROL_DEVICE,CHP_ROAD_TYPE,PEDESTRIAN_ACCIDENT,BICYCLE_ACCIDENT,MOTORCYCLE_ACCIDENT,TRUCK_ACCIDENT,NOT_PRIVATE_PROPERTY,ALCOHOL_INVOLVED,STWD_VEHTYPE_AT_FAULT,CHP_VEHTYPE_AT_FAULT,COUNT_SEVERE_INJ,COUNT_VISIBLE_INJ,COUNT_COMPLAINT_PAIN,COUNT_PED_KILLED,COUNT_PED_INJURED,COUNT_BICYCLIST_KILLED,COUNT_BICYCLIST_INJURED,COUNT_MC_KILLED,COUNT_MC_INJURED,PRIMARY_RAMP,SECONDARY_RAMP,LATITUDE,LONGITUDE,COUNTY,CITY,POINT_X,POINT_Y
6405884,2014,2014-06-27,1942,2014-02-08,2020,36153,1795,6,5,7,1942,0,0,0,Q,0,15T43,ROSCOE BL,YARMOUTH AV,100,W,N,A,-,N,NA,NA,NA,NA,NA,NA,NA,NA,NA,N,3,0,1,2,A,-,11,21954,A,N,G,B,D,A,H,-,D,D,0,Y,NA,NA,NA,Y,NA,N,60,0,1,0,0,1,0,0,0,0,-,-,NA,NA,LOS ANGELES,LOS ANGELES,-118.52004016,34.22096484
6405885,2014,2014-06-05,1942,2014-01-20,2245,36602,2049,1,5,7,1942,0,0,0,NA,0,20T59,HOOVER ST,8TH ST,44,S,N,A,-,N,NA,NA,NA,NA,NA,NA,NA,NA,NA,Y,3,0,1,1,A,-,03,22350,NA,N,H,J,A,A,H,-,C,D,0,NA,NA,Y,NA,Y,NA,C,02,0,1,0,0,0,0,0,0,1,-,-,NA,NA,LOS ANGELES,LOS ANGELES,-118.28421431,34.05758938
6405886,2014,2014-06-05,1942,2014-01-29,1500,40109,1987,3,5,7,1942,0,0,0,NA,0,19X34,KATHERINE AV,PARTHENIA,27,E,N,A,-,N,NA,NA,NA,NA,NA,NA,NA,NA,NA,N,4,0,1,2,A,-,12,22450,NA,N,B,C,A,A,H,-,A,D,0,NA,NA,NA,NA,Y,NA,A,01,0,0,1,0,0,0,0,0,0,-,-,NA,NA,LOS ANGELES,LOS ANGELES,-118.44616516,34.22913183
6405887,2014,2014-06-27,1942,2014-02-02,2045,25495,0747,7,5,7,1942,0,0,0,G,0,7TL23,LA BREA AV,12TH ST,146,N,N,C,-,N,NA,NA,NA,NA,NA,NA,NA,NA,NA,Y,2,0,1,1,A,-,03,22350,NA,N,E,I,A,B,H,-,A,D,0,NA,NA,NA,NA,Y,NA,A,01,1,0,0,0,0,0,0,0,0,-,-,NA,NA,LOS ANGELES,LOS ANGELES,-118.34353401,34.05376397
6405888,2014,2014-06-27,1942,2014-02-04,1530,26736,1785,2,5,7,1942,0,0,0,Q,0,35M27,RESEDA BL,PRAIRIE ST,40,S,N,A,-,N,NA,NA,NA,NA,NA,NA,NA,NA,NA,N,4,0,1,3,A,-,-,NA,NA,N,C,C,A,A,H,-,A,A,0,NA,NA,NA,NA,Y,NA,A,01,0,0,1,0,0,0,0,0,0,EO,-,NA,NA,LOS ANGELES,LOS ANGELES,-118.53608745,34.23902029
6405889,2014,2014-06-05,1942,2014-01-27,2035,40102,1401,1,5,7,1942,0,0,0,N,0,8T35,CENTINELLA AV,OCEAN PARK BL,0,NA,Y,A,-,N,NA,NA,NA,NA,NA,NA,NA,NA,NA,N,4,0,1,2,A,-,11,21456,B,N,G,B,B,A,H,-,C,A,0,Y,NA,NA,NA,Y,NA,N,60,0,0,1,0,1,0,0,0,0,-,-,NA,NA,LOS ANGELES,LOS ANGELES,-118.44878004,34.02313001
6405890,2014,2014-06-05,1942,2014-01-30,1505,33994,1961,4,5,7,1942,0,0,0,NA,0,19X72,NORDHOFF ST,ORION AV,0,NA,Y,B,-,N,NA,NA,NA,NA,NA,NA,NA,NA,NA,Y,4,0,1,2,A,-,09,21801,A,N,D,C,A,A,H,-,A,A,0,NA,NA,NA,NA,Y,NA,A,01,0,0,1,0,0,0,0,0,0,-,-,NA,NA,LOS ANGELES,LOS ANGELES,-118.47195,34.23556008
6405891,2014,2014-06-27,1942,2014-02-02,1800,40875,0824,7,5,7,1942,0,0,0,H,0,8TL26,MULHOLLAND DR,JAVA DR,1335,E,N,C,-,N,NA,NA,NA,NA,NA,NA,NA,NA,NA,Y,4,0,2,1,A,-,03,22350,NA,N,E,I,A,B,H,-,C,D,0,NA,NA,NA,NA,Y,NA,A,01,0,0,2,0,0,0,0,0,0,-,-,NA,NA,LOS ANGELES,LOS ANGELES,-118.42345226,34.1302198
6405892,2014,2014-06-27,1942,2014-02-04,0610,38181,1764,2,5,7,1942,0,0,0,Q,0,10TL35,CORBIN AV,PLUMMER ST,0,NA,Y,A,-,N,NA,NA,NA,NA,NA,NA,NA,NA,NA,Y,4,0,2,2,A,-,12,21453,A,N,D,C,A,A,H,-,A,A,0,NA,NA,NA,NA,Y,NA,A,01,0,0,2,0,0,0,0,0,0,-,-,NA,NA,LOS ANGELES,LOS ANGELES,-118.56230012,34.24272001
6405893,2014,2014-06-05,1942,2014-01-16,2040,40025,2022,4,5,7,1942,0,0,0,NA,0,20T59,WILTON PL,5TH ST,10,N,N,A,-,N,NA,NA,NA,NA,NA,NA,NA,NA,NA,N,3,0,1,2,A,-,10,21950,A,N,A,B,B,A,H,-,C,A,0,Y,NA,NA,NA,Y,NA,A,01,0,1,0,0,1,0,0,0,0,-,-,NA,NA,LOS ANGELES,LOS ANGELES,-118.3140607,34.06534742
6405894,2014,2014-06-05,1942,2014-01-29,1415,33779,1971,3,5,7,1942,0,0,0,NA,0,15TL44,NORDHOFF ST,SEPULVEDA BL,0,NA,Y,A,-,N,NA,NA,NA,NA,NA,NA,NA,NA,NA,Y,3,0,2,2,A,-,12,21453,A,N,D,C,A,A,H,-,A,A,0,NA,NA,NA,NA,Y,NA,A,07,0,1,1,0,0,0,0,0,0,-,-,NA,NA,LOS ANGELES,LOS ANGELES,-118.46771002,34.23553009
6405895,2014,2014-06-27,1942,2014-02-10,1840,33757,2056,1,5,7,1942,0,0,0,NA,0,20TL59,OLYMPIC BL,BERENDO ST,0,NA,Y,A,-,N,NA,NA,NA,NA,NA,NA,NA,NA,NA,Y,3,0,1,2,A,-,09,21801,A,N,D,C,A,A,H,-,C,A,0,NA,NA,NA,NA,Y,NA,A,07,0,1,0,0,0,0,0,0,0,-,-,NA,NA,LOS ANGELES,LOS ANGELES,-118.29369009,34.05267008
6405896,2014,2014-06-27,1942,2014-02-02,0700,36618,1732,7,5,7,1942,0,0,0,Q,0,17TL15,DEVONSHIRE ST,CANOGA AV,0,NA,Y,A,-,N,NA,NA,NA,NA,NA,NA,NA,NA,NA,Y,4,0,1,3,A,-,12,21453,A,N,D,C,A,A,H,-,A,A,0,NA,NA,NA,NA,Y,NA,A,01,0,0,1,0,0,0,0,0,0,-,-,NA,NA,LOS ANGELES,LOS ANGELES,-118.59733007,34.25724002
6405897,2014,2014-06-05,1942,2014-01-16,1315,24517,2021,4,5,7,1942,0,0,0,NA,0,7TL38,WILTON PL,3RD ST,175,N,N,A,-,N,NA,NA,NA,NA,NA,NA,NA,NA,NA,Y,4,0,1,2,A,-,03,22350,NA,N,C,C,A,A,H,-,A,D,0,NA,NA,NA,NA,Y,NA,A,01,0,0,1,0,0,0,0,0,0,-,-,NA,NA,LOS ANGELES,LOS ANGELES,-118.31419288,34.06944268
6405898,2014,2014-06-26,1942,2014-01-31,0805,37047,1642,5,5,7,1942,0,0,0,P,0,16A11,KAGEL CANYON,KEWEN,0,NA,Y,A,-,N,NA,NA,NA,NA,NA,NA,NA,NA,NA,Y,4,0,2,2,A,-,12,22450,A,N,D,C,A,A,H,-,A,A,0,NA,NA,NA,NA,Y,NA,-,-,0,0,2,0,0,0,0,0,0,-,-,NA,NA,LOS ANGELES,LOS ANGELES,-118.41776002,34.25340006
6405899,2014,2014-06-27,1942,2014-02-03,1220,31573,2021,1,5,7,1942,0,0,0,NA,0,34MQ09,WILTON PL,6TH ST,119,N,N,A,-,N,NA,NA,NA,NA,NA,NA,NA,NA,NA,N,3,0,1,2,D,-,00,NA,NA,N,H,G,A,A,H,-,A,A,0,NA,Y,NA,NA,Y,NA,-,-,0,1,0,0,0,0,1,0,0,-,-,NA,NA,LOS ANGELES,LOS ANGELES,-118.31406,34.06360637
6405900,2014,2014-06-27,1942,2014-02-05,1655,26736,1752,3,5,7,1942,0,0,0,Q,0,35M27,DESOTO AV,VINTAGE ST,80,S,N,A,-,N,NA,NA,NA,NA,NA,NA,NA,NA,NA,Y,4,0,1,2,A,-,-,NA,NA,N,C,C,A,A,H,-,A,D,0,NA,NA,NA,NA,Y,NA,A,01,0,0,1,0,0,0,0,0,0,-,-,NA,NA,LOS ANGELES,LOS ANGELES,-118.58856543,34.25160057
6405901,2014,2014-06-05,1942,2014-01-24,2235,40083,1407,5,5,7,1942,0,0,0,N,0,40083,NATIONAL BL,WOODBINE AV,0,NA,Y,A,-,N,NA,NA,NA,NA,NA,NA,NA,NA,NA,N,4,0,1,2,A,-,03,22350,NA,N,B,E,A,B,A,-,C,D,0,NA,NA,Y,NA,Y,NA,C,02,0,0,1,0,0,0,0,0,1,-,-,NA,NA,LOS ANGELES,LOS ANGELES,-118.40718,34.02900008
6405902,2014,2014-06-05,1942,2014-01-27,1410,37613,2081,1,5,7,1942,0,0,0,NA,0,20TL58,VENICE BL,GRAMERCY PL,0,NA,Y,A,-,N,NA,NA,NA,NA,NA,NA,NA,NA,NA,Y,3,0,4,4,A,-,09,21802,A,N,D,C,A,A,H,-,A,A,0,NA,NA,NA,NA,Y,NA,A,01,0,2,2,0,0,0,0,0,0,-,-,NA,NA,LOS ANGELES,LOS ANGELES,-118.31304005,34.04356011
6405903,2014,2014-06-27,1942,2014-02-06,1000,38409,775,4,5,7,1942,0,0,0,NA,0,7A69,REDONDO BL,PICO BL,153,S,N,B,-,N,NA,NA,NA,NA,NA,NA,NA,NA,NA,N,4,0,1,2,A,-,09,21801,A,N,H,G,A,A,H,-,A,D,0,NA,Y,NA,NA,Y,NA,A,01,0,0,1,0,0,0,1,0,0,-,-,NA,NA,LOS ANGELES,LOS ANGELES,-118.34943644,34.04760108
6405904,2014,2014-06-27,1942,2014-02-05,0855,40735,1715,3,5,7,1942,0,0,0,Q,0,19TL75,RINALDI ST,SHOSHONE AV,0,NA,Y,A,G,N,NA,NA,NA,NA,NA,NA,NA,NA,NA,Y,4,0,2,2,A,-,12,21453,A,N,D,C,A,A,H,-,A,A,0,NA,NA,NA,NA,Y,NA,A,01,0,0,2,0,0,0,0,0,0,-,-,NA,NA,LOS ANGELES,LOS ANGELES,-118.51655013,34.27939008
6405905,2014,2014-06-05,1942,2014-01-05,1630,24517,1413,7,5,7,1942,0,0,0,N,0,7TL38,ELECTRIC AV,CALIFORNIA,0,NA,Y,A,-,N,NA,NA,NA,NA,NA,NA,NA,NA,NA,NA,4,0,1,2,A,-,12,22450,A,N,D,G,A,A,H,-,B,A,0,NA,Y,NA,NA,Y,NA,L,04,0,0,1,0,0,0,1,0,0,-,-,NA,NA,LOS ANGELES,LOS ANGELES,-118.4657701,33.99109012
6405906,2014,2014-06-05,1942,2014-01-26,0300,41377,0775,7,5,7,1942,0,0,0,G,0,7A33,WASHINGTON BL,HIGHLAND AV,80,E,N,A,-,N,NA,NA,NA,NA,NA,NA,NA,NA,NA,Y,2,0,1,2,A,-,08,22107,NA,N,C,E,A,A,H,-,C,D,0,NA,NA,NA,NA,Y,NA,A,01,1,0,0,0,0,0,0,0,0,-,-,NA,NA,LOS ANGELES,LOS ANGELES,-118.34618474,34.04012541
6405908,2014,2014-06-27,1942,2014-02-01,1525,39867,1717,6,5,7,1942,0,0,0,Q,0,17E3,RINALDI ST,SWINTON AV,30,E,N,A,-,N,NA,NA,NA,NA,NA,NA,NA,NA,NA,Y,4,0,1,2,A,-,08,22103,NA,N,D,C,A,A,H,-,A,A,0,NA,NA,NA,NA,Y,NA,A,01,0,0,1,0,0,0,0,0,0,-,-,NA,NA,LOS ANGELES,LOS ANGELES,-118.48575087,34.27918
6405909,2014,2014-06-05,1942,2014-01-28,1600,31255,1456,2,5,7,1942,0,0,0,N,0,7T38,CULVER BL,STONER AV,0,NA,Y,A,-,N,NA,NA,NA,NA,NA,NA,NA,NA,NA,N,4,0,1,2,A,-,-,NA,NA,N,C,C,A,A,H,-,A,D,0,NA,NA,NA,NA,Y,NA,A,01,0,0,1,0,0,0,0,0,0,-,-,NA,NA,LOS ANGELES,LOS ANGELES,-118.41667002,33.99626002
6405910,2014,2014-06-05,1942,2014-01-05,1200,1406-042,0666,7,5,7,1942,0,0,0,F,0,7TL22,HOMEWOOD AV,IVAR AV,0,NA,Y,A,-,N,NA,NA,NA,NA,NA,NA,NA,NA,NA,Y,4,0,1,2,A,-,09,21801,A,N,D,C,A,A,H,-,A,A,0,NA,NA,Y,NA,Y,NA,A,01,0,0,1,0,0,0,0,0,1,-,-,NA,NA,LOS ANGELES,LOS ANGELES,-118.32882012,34.09523001
6405912,2014,2014-06-27,1942,2014-02-06,0750,30596,1723,4,5,7,1942,0,0,0,Q,0,17TL17,LURLINE AV,GERMAIN ST,0,NA,Y,B,-,N,NA,NA,NA,NA,NA,NA,NA,NA,NA,N,3,0,1,2,A,-,10,21950,A,N,G,B,B,A,H,-,A,A,0,Y,NA,NA,NA,Y,NA,A,01,0,1,0,0,1,0,0,0,0,-,-,NA,NA,LOS ANGELES,LOS ANGELES,-118.58419012,34.26266012
6405913,2014,2014-06-05,1942,2014-01-19,1445,32565,1454,7,5,7,1942,0,0,0,N,0,20TL56,MAXELLA AV,REDWOOD AV,10,W,N,A,-,N,NA,NA,NA,NA,NA,NA,NA,NA,NA,N,3,0,1,2,A,-,10,21950,A,N,G,B,C,A,H,-,A,A,0,Y,NA,NA,NA,Y,NA,A,01,0,1,0,0,1,0,0,0,0,-,-,NA,NA,LOS ANGELES,LOS ANGELES,-118.43791768,33.98840514
6405914,2014,2014-06-05,1942,2014-01-24,1125,32565,2015,5,5,7,1942,0,0,0,NA,0,20T356,BEVERLY BL,BERENDO ST,7,W,N,B,-,N,NA,NA,NA,NA,NA,NA,NA,NA,NA,Y,4,0,2,2,A,-,09,21802,A,N,D,C,A,A,H,-,A,A,0,NA,NA,NA,NA,Y,NA,A,01,0,0,2,0,0,0,0,0,0,-,-,NA,NA,LOS ANGELES,LOS ANGELES,-118.29445307,34.07631
6405916,2014,2014-06-27,1942,2014-03-03,1035,36257,1751,1,5,7,1942,0,0,0,Q,0,2TL63,DEVONSHIRE ST,OWENSMOUTH AV,0,NA,Y,A,-,N,NA,NA,NA,NA,NA,NA,NA,NA,NA,Y,4,0,2,2,A,-,12,21453,A,N,D,C,A,A,H,-,A,B,0,NA,NA,NA,NA,Y,NA,A,01,0,0,2,0,0,0,0,0,0,-,-,NA,NA,LOS ANGELES,LOS ANGELES,-118.60168008,34.25724002
6405917,2014,2014-06-05,1942,2014-01-23,1850,37705,1426,4,5,7,1942,0,0,0,N,0,14X56,NATIONAL BL,SAWTELLE BL,25,E,N,A,-,N,NA,NA,NA,NA,NA,NA,NA,NA,NA,N,4,0,1,2,A,-,04,21703,NA,N,C,C,A,A,H,-,C,A,0,NA,NA,NA,NA,Y,NA,A,01,0,0,1,0,0,0,0,0,0,-,-,NA,NA,LOS ANGELES,LOS ANGELES,-118.43134781,34.026283
6405918,2014,2014-06-05,1942,2014-01-18,1405,37613,2079,6,5,7,1942,0,0,0,NA,0,207L58,PICO BL,WESTMORELAND AV,0,NA,Y,A,-,N,NA,NA,NA,NA,NA,NA,NA,NA,NA,Y,4,0,3,3,A,-,09,21801,A,N,D,C,A,A,H,-,A,A,0,NA,NA,NA,NA,Y,NA,A,01,0,0,3,0,0,0,0,0,0,-,-,NA,NA,LOS ANGELES,LOS ANGELES,-118.28917012,34.04728001
6405920,2014,2014-06-27,1942,2014-02-09,1955,36153,1781,7,5,7,1942,0,0,0,Q,0,15T43,DE SOTO AV,KNAPP ST,285,N,N,A,-,N,NA,NA,NA,NA,NA,NA,NA,NA,NA,Y,4,0,2,2,A,-,01,23152,A,N,C,C,A,A,H,-,C,A,0,NA,NA,NA,NA,Y,Y,A,01,0,0,2,0,0,0,0,0,0,-,-,NA,NA,LOS ANGELES,LOS ANGELES,-118.58856,34.23900183
6405921,2014,2014-06-24,1942,2014-02-11,0930,33294,0916,2,5,7,1942,0,0,0,I,0,35M81,POLK ST,GLENOAKS BL,0,NA,Y,A,-,N,NA,NA,NA,NA,NA,NA,NA,NA,NA,Y,4,0,1,3,A,-,09,21801,A,F,C,C,A,A,H,-,A,A,0,NA,NA,NA,NA,Y,NA,A,01,0,0,1,0,0,0,0,0,0,-,-,NA,NA,LOS ANGELES,LOS ANGELES,-118.44969008,34.30761007
6405922,2014,2014-06-24,1942,2014-02-09,0945,40731,2158,7,5,7,1942,0,0,0,NA,0,21T63,MASON AV,VICTORY BL,0,NA,Y,A,-,N,NA,NA,NA,NA,NA,NA,NA,NA,NA,N,4,0,1,2,A,-,10,21950,A,N,B,B,B,A,H,-,A,A,0,Y,NA,NA,NA,Y,NA,A,01,0,0,1,0,1,0,0,0,0,-,-,NA,NA,LOS ANGELES,LOS ANGELES,-118.57968003,34.18840007
6405925,2014,2014-06-24,1942,2014-02-05,1940,41370,1985,3,5,7,1942,0,0,0,NA,0,19A75,TOBIAS AV,CHASE ST,280,S,N,A,-,N,NA,NA,NA,NA,NA,NA,NA,NA,NA,N,4,0,1,2,A,-,04,21703,NA,M,B,C,A,A,H,-,C,A,0,NA,NA,NA,NA,Y,Y,-,99,0,0,1,0,0,0,0,0,0,-,-,NA,NA,LOS ANGELES,LOS ANGELES,-118.45168,34.22398198
6405926,2014,2014-06-24,1942,2014-02-08,0230,38956,2134,6,5,7,1942,0,0,0,NA,0,10T35,VALERIO ST,NITA AV,330,E,N,A,-,N,NA,NA,NA,NA,NA,NA,NA,NA,NA,Y,3,0,1,2,A,-,01,23152,A,N,C,E,A,A,H,-,C,D,0,NA,NA,NA,NA,Y,Y,A,01,0,1,0,0,0,0,0,0,0,-,-,NA,NA,LOS ANGELES,LOS ANGELES,-118.61255401,34.20436273
6405929,2014,2014-06-24,1942,2014-02-08,1010,30596,1745,6,5,7,1942,0,0,0,Q,0,17TL17,CHATSWORTH ST,WHITE OAK AV,0,NA,Y,A,-,N,NA,NA,NA,NA,NA,NA,NA,NA,NA,Y,4,0,2,2,A,-,12,21453,A,N,D,C,A,A,H,-,A,A,0,NA,NA,NA,NA,Y,NA,A,01,0,0,2,0,0,0,0,0,0,-,-,NA,NA,LOS ANGELES,LOS ANGELES,-118.51977002,34.26487004
6405930,2014,2014-06-24,1942,2014-02-01,1015,39476,2158,6,5,7,1942,0,0,0,NA,0,21TL61,CANOGA AV,TRILLIUM DR,513,N,N,A,-,N,NA,NA,NA,NA,NA,NA,NA,NA,NA,N,2,0,1,2,A,-,09,21801,A,N,D,C,A,A,H,-,A,D,0,NA,NA,Y,NA,Y,NA,A,07,1,0,0,0,0,0,0,0,1,-,-,NA,NA,LOS ANGELES,LOS ANGELES,-118.59754,34.18631726
6405932,2014,2014-06-25,1901,2014-02-06,2014,259,2B,4,5,5,1901,0,0,0,NA,0,003,ATLANTIC,HOWARD,112,S,N,C,-,N,NA,NA,NA,NA,NA,NA,NA,NA,NA,Y,4,0,1,2,A,-,09,21801,A,N,D,C,A,B,H,-,B,D,0,NA,NA,NA,NA,Y,NA,-,NA,0,0,1,0,0,0,0,0,0,-,-,NA,NA,LOS ANGELES,ALHAMBRA,-118.13464,34.09234288
6405933,2014,2016-03-22,1942,2014-02-08,1315,36657,2155,6,5,7,1942,0,0,0,NA,0,21X28,TOPANGA CANYON,CALVERT ST,2,S,N,A,-,Y,LA,7,27,-,-,13.151,I,5,S,N,4,0,2,2,A,-,08,22100,A,N,B,C,A,A,H,-,A,D,0,NA,NA,NA,NA,Y,NA,A,01,0,0,2,0,0,0,0,0,0,-,-,NA,NA,LOS ANGELES,LOS ANGELES,-118.60597163,34.18097149
6405934,2014,2014-06-24,1942,2014-02-07,1435,39971,2136,5,5,7,1942,0,0,0,NA,0,21TL65,CANOGA AV,SATICOY ST,0,NA,Y,A,-,N,NA,NA,NA,NA,NA,NA,NA,NA,NA,N,4,0,3,2,A,-,09,21801,A,N,D,C,A,A,H,-,A,A,0,NA,NA,NA,NA,Y,NA,A,07,0,0,3,0,0,0,0,0,0,-,-,NA,NA,LOS ANGELES,LOS ANGELES,-118.5975101,34.20832012
6405937,2014,2014-06-24,1942,2014-02-01,2200,38996,2144,6,5,7,1942,0,0,0,NA,0,21T61,FALLBROOK AV,OXNARD ST,327,N,N,A,-,N,NA,NA,NA,NA,NA,NA,NA,NA,NA,Y,3,0,1,2,A,-,01,23152,A,N,C,E,A,A,H,-,D,D,0,NA,NA,NA,NA,Y,Y,A,07,0,1,0,0,0,0,0,0,0,-,-,NA,NA,LOS ANGELES,LOS ANGELES,-118.62335,34.18010708
6405938,2014,2014-06-24,1942,2014-02-07,0750,39476,2156,5,5,7,1942,0,0,0,NA,0,21TL61,ERWIN ST,OWENSMOUTH AV,0,NA,Y,E,-,N,NA,NA,NA,NA,NA,NA,NA,NA,NA,N,4,0,2,2,A,-,09,21801,A,N,D,C,A,A,H,-,A,D,0,NA,NA,NA,NA,Y,NA,A,01,0,0,2,0,0,0,0,0,0,-,-,NA,NA,LOS ANGELES,LOS ANGELES,-118.60149004,34.18286002
6405941,2014,2014-06-24,1942,2014-02-02,1335,39096,2185,7,5,7,1942,0,0,0,NA,0,10TL34,PROVIDENCIA ST,SAN FELICIANO DR,0,NA,Y,A,-,N,NA,NA,NA,NA,NA,NA,NA,NA,NA,N,4,0,1,2,A,-,09,21802,A,N,D,C,A,A,H,-,A,A,0,NA,NA,NA,NA,Y,NA,A,01,0,0,1,0,0,0,0,0,0,-,-,NA,NA,LOS ANGELES,LOS ANGELES,-118.60910004,34.15772008
6405942,2014,2014-07-09,1942,2014-02-07,0800,33340,2118,5,5,7,1942,0,0,0,NA,0,15TL47,ROSCOE BL,MASON AV,0,NA,Y,A,-,N,NA,NA,NA,NA,NA,NA,NA,NA,NA,Y,2,0,1,2,A,-,09,21801,NA,N,D,C,A,B,H,-,A,A,0,NA,NA,Y,NA,Y,NA,A,01,1,0,0,0,0,0,0,0,1,-,-,NA,NA,LOS ANGELES,LOS ANGELES,-118.57978012,34.22009003
6405945,2014,2014-06-24,1942,2014-02-02,1025,33340,2155,7,5,7,1942,0,0,0,NA,0,15TL47,TOPANGA CANYON,CALVERT ST,21,S,N,A,-,N,NA,NA,NA,NA,NA,NA,NA,NA,NA,Y,3,0,2,2,A,-,09,21801,NA,N,D,C,A,A,H,-,A,D,0,NA,NA,NA,NA,Y,NA,A,01,0,1,1,0,0,0,0,0,0,-,-,NA,NA,LOS ANGELES,LOS ANGELES,-118.60587726,34.18104244
6405946,2014,2014-06-24,1942,2014-02-07,0740,36618,2144,5,5,7,1942,0,0,0,NA,0,17TL15,VANOWEN ST,SHOUP AV,0,NA,Y,A,-,N,NA,NA,NA,NA,NA,NA,NA,NA,NA,Y,4,0,2,2,A,-,09,21801,A,N,D,C,A,A,H,-,A,A,0,NA,NA,NA,NA,Y,NA,A,08,0,0,2,0,0,0,0,0,0,-,-,NA,NA,LOS ANGELES,LOS ANGELES,-118.61463008,34.19373011
6405949,2014,2014-06-24,1942,2014-02-06,2215,38017,1541,4,5,7,1942,0,0,0,O,0,21T65W,MAGNOLIA BL,COLDWATER CANYON BL,70,E,N,B,-,N,NA,NA,NA,NA,NA,NA,NA,NA,NA,N,4,0,1,2,A,-,09,21804,A,F,B,C,A,B,H,-,C,A,0,NA,NA,NA,NA,Y,Y,-,99,0,0,1,0,0,0,0,0,0,-,-,NA,NA,LOS ANGELES,LOS ANGELES,-118.41356909,34.16487462
6405950,2014,2014-06-24,1942,2014-02-06,1535,40398,2136,4,5,7,1942,0,0,0,NA,0,15TL42,SATICOY ST,CANOGA AV,128,W,N,C,-,N,NA,NA,NA,NA,NA,NA,NA,NA,NA,Y,3,0,1,2,A,-,09,21801,A,N,D,C,A,B,H,-,A,D,0,NA,NA,NA,NA,Y,NA,A,07,0,1,0,0,0,0,0,0,0,-,-,NA,NA,LOS ANGELES,LOS ANGELES,-118.59793265,34.20832
6405953,2014,2016-02-06,1942,2014-02-06,1830,38995,1545,4,5,7,1942,0,0,0,O,0,21T61,BURBANK BL,RT 170,0,NA,Y,A,-,Y,LA,7,170,-,R,15.902,R,4,S,N,3,0,1,2,A,-,08,22107,NA,F,D,G,A,A,H,-,D,D,0,NA,Y,NA,NA,Y,NA,-,99,0,1,0,0,0,0,1,0,0,-,NO,NA,NA,LOS ANGELES,LOS ANGELES,-118.38798291,34.17139553
6405956,2014,2014-06-25,1901,2014-02-07,1212,163,15,5,5,5,1901,0,0,0,NA,0,002,MARKET LN,VALLEY BL,0,NA,Y,A,-,N,NA,NA,NA,NA,NA,NA,NA,NA,NA,N,3,0,1,2,A,-,10,21950,A,N,G,B,D,A,H,-,A,A,0,Y,NA,NA,NA,Y,NA,-,NA,0,1,0,0,1,0,0,0,0,-,-,NA,NA,LOS ANGELES,ALHAMBRA,-118.11244005,34.07913002
6405957,2014,2014-06-24,1942,2014-02-02,1940,41244,2129,7,5,7,1942,0,0,0,NA,0,21A97,WINNETKA AV,KESWICK ST,75,N,N,B,C,N,NA,NA,NA,NA,NA,NA,NA,NA,NA,Y,3,0,2,2,A,-,11,21956,A,N,G,B,D,B,H,-,C,D,0,Y,NA,Y,NA,Y,NA,N,60,0,2,0,0,1,0,0,0,1,-,-,NA,NA,LOS ANGELES,LOS ANGELES,-118.57101,34.20976574
6405960,2014,2014-06-25,1901,2014-02-06,1947,230,20,4,5,5,1901,0,0,0,NA,0,004,FREMONT AV,FREMONT S,0,NA,Y,C,-,N,NA,NA,NA,NA,NA,NA,NA,NA,NA,Y,4,0,1,1,A,-,03,22350,NA,N,E,I,A,B,H,-,C,D,0,NA,NA,NA,NA,Y,NA,-,-,0,0,1,0,0,0,0,0,0,-,-,NA,NA,LOS ANGELES,ALHAMBRA,-118.15209008,34.09510005
6405961,2014,2014-06-24,1942,2014-02-07,1815,38956,2183,5,5,7,1942,0,0,0,NA,0,10T35,MULHOLLAND DR,VALMAR RD,291,N,N,A,-,N,NA,NA,NA,NA,NA,NA,NA,NA,NA,Y,4,0,1,1,A,-,08,22107,NA,N,E,I,A,A,H,-,C,D,0,NA,NA,NA,NA,Y,NA,A,01,0,0,1,0,0,0,0,0,0,-,-,NA,NA,LOS ANGELES,LOS ANGELES,-118.63153861,34.15286002
6405965,2014,2014-06-24,1942,2014-02-06,0945,36257,2149,4,5,7,1942,0,0,0,NA,0,21TL63,WINNETKA AV,VANOWEN ST,297,N,N,B,-,N,NA,NA,NA,NA,NA,NA,NA,NA,NA,Y,3,0,4,4,A,-,09,21804,A,N,D,C,A,A,H,-,A,D,0,NA,NA,NA,NA,Y,NA,A,01,0,2,2,0,0,0,0,0,0,-,-,NA,NA,LOS ANGELES,LOS ANGELES,-118.57097,34.19460465