CASE_ID,ACCIDENT_YEAR,PROC_DATE,JURIS,COLLISION_DATE,COLLISION_TIME,OFFICER_ID,REPORTING_DISTRICT,DAY_OF_WEEK,CHP_SHIFT,POPULATION,CNTY_CITY_LOC,SPECIAL_COND,BEAT_TYPE,CHP_BEAT_TYPE,CITY_DIVISION_LAPD,CHP_BEAT_CLASS,BEAT_NUMBER,PRIMARY_RD,SECONDARY_RD,DISTANCE,DIRECTION,INTERSECTION,WEATHER_1,WEATHER_2,STATE_HWY_IND,CALTRANS_COUNTY,CALTRANS_DISTRICT,STATE_ROUTE,ROUTE_SUFFIX,POSTMILE_PREFIX,POSTMILE,LOCATION_TYPE,RAMP_INTERSECTION,SIDE_OF_HWY,TOW_AWAY,COLLISION_SEVERITY,NUMBER_KILLED,NUMBER_INJURED,PARTY_COUNT,PRIMARY_COLL_FACTOR,PCF_CODE_OF_VIOL,PCF_VIOL_CATEGORY,PCF_VIOLATION,PCF_VIOL_SUBSECTION,HIT_AND_RUN,TYPE_OF_COLLISION,MVIW,PED_ACTION,ROAD_SURFACE,ROAD_COND_1,ROAD_COND_2,LIGHTING,CONTROL_DEVICE,CHP_ROAD_TYPE,PEDESTRIAN_ACCIDENT,BICYCLE_ACCIDENT,MOTORCYCLE_ACCIDENT,TRUCK_ACCIDENT,NOT_PRIVATE_PROPERTY,ALCOHOL_INVOLVED,STWD_VEHTYPE_AT_FAULT,CHP_VEHTYPE_AT_FAULT,COUNT_SEVERE_INJ,COUNT_VISIBLE_INJ,COUNT_COMPLAINT_PAIN,COUNT_PED_KILLED,COUNT_PED_INJURED,COUNT_BICYCLIST_KILLED,COUNT_BICYCLIST_INJURED,COUNT_MC_KILLED,COUNT_MC_INJURED,PRIMARY_RAMP,SECONDARY_RAMP,LATITUDE,LONGITUDE,COUNTY,CITY,POINT_X,POINT_Y
6405969,2014,2014-06-24,1942,2014-02-04,1750,35514,RD217,2,5,7,1942,0,0,0,NA,0,21A2,TOPANGA CANYON,BURBANK BL,360,N,N,A,-,N,NA,NA,NA,NA,NA,NA,NA,NA,NA,Y,4,0,1,2,A,-,04,21703,NA,N,C,C,A,A,H,-,C,D,0,NA,NA,NA,NA,Y,NA,A,01,0,0,1,0,0,0,0,0,0,-,-,NA,NA,LOS ANGELES,LOS ANGELES,-118.60579671,34.17293758
6405973,2014,2014-06-24,1942,2014-02-05,1315,40567,2126,3,5,7,1942,0,0,0,NA,0,10TL37,ROSCOE BL,CANOGA,302,E,N,A,-,N,NA,NA,NA,NA,NA,NA,NA,NA,NA,Y,4,0,1,2,A,-,09,21801,A,N,D,C,A,A,H,-,A,D,0,NA,NA,NA,NA,Y,NA,A,01,0,0,1,0,0,0,0,0,0,-,-,NA,NA,LOS ANGELES,LOS ANGELES,-118.59652373,34.21983
6405977,2014,2014-06-24,1942,2014-02-01,1020,36618,2115,6,5,7,1942,0,0,0,NA,0,17TL15,ROSCOE BL,TOPANGA CANYON BL,200,E,N,A,-,N,NA,NA,NA,NA,NA,NA,NA,NA,NA,N,4,0,1,2,A,-,03,22350,NA,N,C,C,A,A,H,-,A,D,0,NA,NA,NA,NA,Y,NA,A,01,0,0,1,0,0,0,0,0,0,-,-,NA,NA,LOS ANGELES,LOS ANGELES,-118.60533989,34.21964849
6405981,2014,2014-06-24,1942,2014-02-04,0645,36618,2177,2,5,7,1942,0,0,0,NA,0,17TL15,DE SOTO AV,BURBANK BL,0,NA,Y,A,-,N,NA,NA,NA,NA,NA,NA,NA,NA,NA,Y,4,0,2,2,A,-,12,21453,A,N,A,C,A,A,H,-,A,A,0,NA,NA,NA,NA,Y,NA,A,01,0,0,2,0,0,0,0,0,0,-,-,NA,NA,LOS ANGELES,LOS ANGELES,-118.58816006,34.17333005
6405985,2014,2014-06-24,1942,2014-02-04,0715,40735,2113,2,5,7,1942,0,0,0,NA,0,19TL75,FALLBROOK AV,STRATHERN ST,5,N,N,A,-,N,NA,NA,NA,NA,NA,NA,NA,NA,NA,Y,4,0,1,3,A,-,03,22350,NA,N,C,C,A,A,H,-,A,A,0,NA,NA,NA,NA,Y,NA,A,01,0,0,1,0,0,0,0,0,0,-,-,NA,NA,LOS ANGELES,LOS ANGELES,-118.62344,34.21550372
6405989,2014,2014-06-24,1942,2014-02-10,1620,26319,2136,1,5,7,1942,0,0,0,NA,0,19TL74,DEERING AV,SATICOY ST,0,NA,Y,A,-,N,NA,NA,NA,NA,NA,NA,NA,NA,NA,Y,3,0,1,2,A,-,09,21801,A,N,B,C,A,A,H,-,A,A,0,NA,NA,NA,NA,Y,NA,A,01,0,1,0,0,0,0,0,0,0,-,-,NA,NA,LOS ANGELES,LOS ANGELES,-118.59666002,34.20831001
6405993,2014,2014-06-24,1942,2014-02-07,1945,38017,2173,5,5,7,1942,0,0,0,NA,0,9T53W3,VENTURA BL,WOODLAKE AV,0,NA,Y,A,-,N,NA,NA,NA,NA,NA,NA,NA,NA,NA,Y,3,0,2,2,A,-,09,21801,A,N,A,C,A,A,H,-,C,A,0,NA,NA,NA,NA,Y,NA,A,01,0,1,1,0,0,0,0,0,0,-,-,NA,NA,LOS ANGELES,LOS ANGELES,-118.63082006,34.16264003
6405994,2014,2014-06-24,1942,2014-02-06,0930,31931,2155,4,5,7,1942,0,0,0,NA,0,10T39,TOPANGA CANYON BL,ERWIN ST,0,NA,Y,B,-,N,NA,NA,NA,NA,NA,NA,NA,NA,NA,Y,4,0,1,2,A,-,09,21801,A,N,D,C,A,B,H,-,A,A,0,NA,NA,NA,NA,Y,NA,A,01,0,0,1,0,0,0,0,0,0,-,-,NA,NA,LOS ANGELES,LOS ANGELES,-118.6058801,34.18286009
6405997,2014,2014-06-24,1942,2014-02-06,1813,40067,2107,4,5,7,1942,0,0,0,NA,0,21A2,DE SOTO AV,ROSCOE BL,400,S,N,A,-,N,NA,NA,NA,NA,NA,NA,NA,NA,NA,Y,4,0,2,2,A,-,09,21801,A,N,D,C,A,A,H,-,C,D,0,NA,NA,NA,NA,Y,NA,A,07,0,0,2,0,0,0,0,0,0,-,-,NA,NA,LOS ANGELES,LOS ANGELES,-118.58849,34.21884269
6405998,2014,2014-06-24,1942,2014-02-04,2005,41028,LOSAN,2,5,7,1942,0,0,0,NA,0,21A29,DE SOTO AV,DE SOTO AV 7230,0,NA,Y,A,-,N,NA,NA,NA,NA,NA,NA,NA,NA,NA,N,4,0,1,2,A,-,11,21954,A,N,A,B,D,A,H,-,D,D,0,Y,NA,NA,NA,Y,NA,N,60,0,0,1,0,1,0,0,0,0,-,-,NA,NA,LOS ANGELES,LOS ANGELES,-118.588469,34.202162
6405999,2014,2016-01-20,9590,2014-02-03,0835,16551,NA,1,1,7,1942,0,1,1,NA,2,050,RT 110,GAGE AV,800,S,N,A,-,Y,LA,7,110,-,-,17.36,H,-,N,Y,4,0,1,3,A,-,03,22350,NA,N,C,C,A,A,H,-,A,D,1,NA,NA,NA,NA,Y,NA,A,07,0,0,1,0,0,0,0,0,0,-,-,33.97994,-118.28051,LOS ANGELES,LOS ANGELES,-118.28071533,33.98024316
6406034,2014,2014-07-01,1909,2014-02-11,1800,488,1945,2,5,4,1909,0,0,0,NA,0,NORTH,FLORENCE AV,EASTERN AV,330,W,N,A,-,N,NA,NA,NA,NA,NA,NA,NA,NA,NA,N,4,0,1,2,A,-,04,21703,NA,N,C,C,A,A,H,-,C,A,0,NA,NA,NA,NA,Y,NA,-,NA,0,0,1,0,0,0,0,0,0,-,-,NA,NA,LOS ANGELES,BELL GARDENS,-118.16593936,33.96795994
6406038,2014,2014-07-01,1909,2014-02-08,1450,568,1909,6,5,4,1909,0,0,0,NA,0,NORTH,FLORENCE AV,EL SELINDA AV,15,E,N,A,-,N,NA,NA,NA,NA,NA,NA,NA,NA,NA,N,4,0,4,2,A,-,03,22350,NA,F,C,D,A,A,H,-,A,A,0,NA,NA,NA,NA,Y,NA,A,01,0,0,4,0,0,0,0,0,0,-,-,NA,NA,LOS ANGELES,BELL GARDENS,-118.16062097,33.96736522
6406042,2014,2014-07-01,1909,2014-02-10,2010,488,1909,1,5,4,1909,0,0,0,NA,0,NORTH,CLARA ST,IRA AV,20,E,N,A,-,N,NA,NA,NA,NA,NA,NA,NA,NA,NA,N,4,0,1,2,A,-,08,22107,NA,M,B,C,A,A,H,-,C,A,0,NA,NA,NA,NA,Y,Y,A,NA,0,0,1,0,0,0,0,0,0,-,-,NA,NA,LOS ANGELES,BELL GARDENS,-118.15631463,33.9622336
6406069,2014,2014-07-01,1955,2014-02-09,1504,41872,14,7,5,6,1955,0,0,0,NA,0,003,WASHINGTON AV,KINGSLEY AV,21,S,N,A,-,N,NA,NA,NA,NA,NA,NA,NA,NA,NA,N,3,0,1,2,A,-,03,22350,NA,N,C,G,A,A,H,-,A,A,0,NA,Y,NA,NA,Y,NA,L,04,0,1,0,0,0,0,1,0,0,-,-,NA,NA,LOS ANGELES,POMONA,-117.73145,34.06656
6406073,2014,2014-07-01,1955,2014-02-14,1101,41186,21,5,5,6,1955,0,0,0,NA,0,002,TOWNE AV,SAN ANTONIO AV,0,NA,Y,A,-,N,NA,NA,NA,NA,NA,NA,NA,NA,NA,Y,4,0,2,2,A,-,12,21453,A,N,D,C,A,A,H,-,A,A,0,NA,NA,NA,NA,Y,NA,A,01,0,0,2,0,0,0,0,0,0,-,-,NA,NA,LOS ANGELES,POMONA,-117.73722006,34.08722009
6406077,2014,2014-07-01,1955,2014-02-16,2005,41974,82,7,5,6,1955,0,0,0,NA,0,005,W PHILLIPS BL,S HUNTINGTO ST,0,NA,Y,A,-,N,NA,NA,NA,NA,NA,NA,NA,NA,NA,N,4,0,4,2,A,-,09,21802,A,N,D,C,A,A,H,-,C,D,0,NA,NA,NA,NA,Y,NA,A,01,0,0,4,0,0,0,0,0,0,-,-,NA,NA,LOS ANGELES,POMONA,-117.76056,34.04392
6406103,2014,2015-01-22,1901,2014-01-24,1958,207,26,5,5,5,1901,0,0,0,NA,0,003,PALM AV,COMMONWEALTH,292,N,N,A,-,N,NA,NA,NA,NA,NA,NA,NA,NA,NA,Y,4,0,1,2,A,-,07,21658,A,N,C,C,A,A,H,-,C,D,0,NA,NA,NA,NA,Y,NA,A,01,0,0,1,0,0,0,0,0,0,-,-,NA,NA,LOS ANGELES,ALHAMBRA,-118.14658503,34.08865058
6406316,2014,2014-06-27,1955,2014-02-06,1504,30381,0046,4,5,6,1955,0,0,0,NA,0,001,WEBER ST,JACQUELINE DR,150,S,N,C,-,N,NA,NA,NA,NA,NA,NA,NA,NA,NA,Y,4,0,3,2,A,-,08,22107,NA,N,A,C,A,B,-,-,A,D,0,NA,NA,NA,NA,Y,NA,A,01,0,0,3,0,0,0,0,0,0,-,-,NA,NA,LOS ANGELES,POMONA,-117.77453549,34.07118211
6406736,2014,2014-06-23,1926,2014-03-04,2135,019188,NA,2,5,5,1926,0,0,0,NA,0,NA,LEADORA AV,WILDWOOD AV,238,W,N,A,-,N,NA,NA,NA,NA,NA,NA,NA,NA,NA,Y,4,0,1,1,A,-,-,NA,NA,N,E,I,A,A,H,-,D,D,0,NA,NA,NA,NA,Y,NA,A,07,0,0,1,0,0,0,0,0,0,-,-,34.14337,-117.87913,LOS ANGELES,GLENDORA,-117.87912462,34.14327354
6406748,2014,2014-06-23,1970,2014-03-11,0730,37611,9999,2,5,4,1970,0,0,0,NA,0,1T11,ARROYO CERDE RD,PASADEN AV,23,S,N,A,-,N,NA,NA,NA,NA,NA,NA,NA,NA,NA,N,3,0,1,2,A,-,11,21954,A,F,G,A,B,A,H,-,A,A,0,Y,NA,NA,NA,Y,NA,N,60,0,1,0,0,1,0,0,0,0,-,-,NA,NA,LOS ANGELES,SOUTH PASADENA,-118.175575,34.11223
6406752,2014,2014-06-23,1900,2014-03-05,1610,14942,NA,3,5,3,1989,0,0,0,NA,0,NA,LAS VIRGENES RD,MULHOLLAND HWY,45,N,N,A,-,N,NA,NA,NA,NA,NA,NA,NA,NA,NA,Y,4,0,1,2,A,-,03,22350,NA,N,C,C,A,A,H,-,A,A,0,NA,NA,NA,NA,Y,NA,A,01,0,0,1,0,0,0,0,0,0,-,-,34.1039,-118.71158,LOS ANGELES,CALABASAS,-118.71141774,34.10403517
6406768,2014,2014-06-23,1966,2014-01-03,1850,130,1966,5,5,3,1966,0,0,0,NA,0,000,BALDWIN AV,ORANGE GROVE AV,0,NA,Y,A,-,N,NA,NA,NA,NA,NA,NA,NA,NA,NA,Y,3,0,5,2,A,-,12,22450,A,N,D,C,A,A,H,-,C,D,0,NA,NA,NA,NA,Y,NA,A,01,0,1,4,0,0,0,0,0,0,-,-,NA,NA,LOS ANGELES,SIERRA MADRE,-118.05298012,34.15706008
6406784,2014,2016-03-01,9565,2014-02-17,1240,10000,NA,1,1,7,1942,0,1,1,NA,2,064,RT 405,SKIRBALL CENTER DR,1000,S,N,A,-,Y,LA,7,405,-,-,36.53,H,-,N,N,4,0,1,1,A,-,03,22350,NA,N,E,J,A,A,D,-,A,D,1,NA,NA,Y,NA,Y,NA,C,02,0,0,1,0,0,0,0,0,1,-,-,34.7453,-118.28582,LOS ANGELES,LOS ANGELES,-118.4802085,34.12041439
6406796,2014,2014-06-23,1900,2014-01-24,0057,19120,NA,5,5,1,1932,0,0,0,NA,0,NA,STAFFORD ST,RAUSCH RD,134,E,N,A,-,N,NA,NA,NA,NA,NA,NA,NA,NA,NA,Y,2,0,1,1,A,-,01,23152,A,N,E,I,A,A,H,-,C,D,0,NA,NA,Y,NA,Y,Y,C,02,1,0,0,0,0,0,0,0,1,-,-,34.02068,-117.95508,LOS ANGELES,INDUSTRY,-117.9550215,34.02076056
6406803,2014,2014-07-03,1941,2014-03-06,1550,5869,NA,4,5,7,1941,0,0,0,NA,0,NA,OCEAN AV,PICO,1320,W,N,A,-,N,NA,NA,NA,NA,NA,NA,NA,NA,NA,Y,4,0,1,2,A,-,03,22350,NA,N,C,C,A,A,H,-,A,D,0,NA,NA,NA,Y,Y,NA,-,-,0,0,1,0,0,0,0,0,0,-,-,NA,NA,LOS ANGELES,LONG BEACH,-118.20957,33.76693
6406818,2014,2014-06-20,1900,2014-02-15,0041,505273,1366,6,5,5,1952,0,0,0,NA,0,136D,SOMERSET BL,ORANGE AV,200,E,N,A,-,N,NA,NA,NA,NA,NA,NA,NA,NA,NA,Y,4,0,1,1,A,-,08,22107,NA,M,E,I,A,A,H,-,C,D,0,NA,NA,NA,NA,Y,Y,D,NA,0,0,1,0,0,0,0,0,0,-,-,NA,NA,LOS ANGELES,PARAMOUNT,-118.17686244,33.89638123
6406834,2014,2015-01-20,1900,2014-01-02,2020,504665,1321,4,5,5,1935,0,0,0,NA,0,132T2,SOUTH ST,LAKEWOOD BL,200,E,N,A,-,N,NA,NA,NA,NA,NA,NA,NA,NA,NA,N,4,0,1,2,D,-,00,NA,NA,N,B,C,A,A,H,-,C,A,0,NA,NA,NA,NA,Y,NA,-,-,0,0,1,0,0,0,0,0,0,-,-,NA,NA,LOS ANGELES,LAKEWOOD,-118.1419326,33.86025
6406846,2014,2014-06-11,1900,2014-01-20,0910,476816,1324,1,5,5,1935,0,0,0,NA,0,132T1,DEL AMO BL,PALO VERDE AV,125,W,N,A,-,N,NA,NA,NA,NA,NA,NA,NA,NA,NA,Y,4,0,1,2,A,-,03,22350,NA,N,C,C,A,A,H,-,A,A,0,NA,NA,NA,NA,Y,NA,A,NA,0,0,1,0,0,0,0,0,0,-,-,NA,NA,LOS ANGELES,LAKEWOOD,-118.1081108,33.84706
6406874,2014,2016-02-04,1900,2014-01-06,0740,512456,1332,1,5,5,1908,0,0,0,NA,0,133D,RT 19,SOMERSET BL,10,S,N,A,-,Y,LA,7,19,-,-,7.39,H,-,S,N,4,0,1,2,A,-,07,21658,A,N,H,C,A,A,H,-,A,D,0,NA,NA,Y,NA,Y,NA,D,22,0,0,1,0,0,0,0,0,1,-,-,NA,NA,LOS ANGELES,BELLFLOWER,-118.14280337,33.89633541
6406891,2014,2014-06-11,1976,2014-01-24,0346,485,NA,5,5,3,1964,0,0,0,NA,0,002,FLORENCE AV,SHOEMAKER AV,0,NA,Y,A,-,N,NA,NA,NA,NA,NA,NA,NA,NA,NA,Y,4,0,3,2,A,-,12,21453,A,N,D,C,A,A,H,-,C,A,0,NA,NA,NA,NA,Y,NA,A,01,0,0,3,0,0,0,0,0,0,-,-,NA,NA,LOS ANGELES,SANTA FE SPRINGS,-118.05523001,33.93527002
6406895,2014,2014-06-11,1976,2014-01-27,1759,898,NA,1,5,3,1964,0,0,0,NA,0,002,FLORENCE AV,PAINTER AV,0,NA,Y,A,-,N,NA,NA,NA,NA,NA,NA,NA,NA,NA,N,4,0,1,2,A,-,03,22350,NA,N,C,C,A,A,H,-,C,A,0,NA,NA,NA,NA,Y,NA,A,01,0,0,1,0,0,0,0,0,0,-,-,NA,NA,LOS ANGELES,SANTA FE SPRINGS,-118.0513801,33.93570011
6406899,2014,2014-06-11,1976,2014-01-28,0716,494,NA,2,5,3,1964,0,0,0,NA,0,001,WASHINGTON BL,BROADWAY,63,W,N,A,-,N,NA,NA,NA,NA,NA,NA,NA,NA,NA,N,4,0,2,2,A,-,07,21658,A,N,C,C,A,A,H,-,A,D,0,NA,NA,NA,NA,Y,NA,A,08,0,0,2,0,0,0,0,0,0,-,-,NA,NA,LOS ANGELES,SANTA FE SPRINGS,-118.06909923,33.97139782
6406913,2014,2014-06-25,1900,2014-03-07,1540,509580,631,5,5,6,1985,0,0,0,NA,0,64T1,GOLDEN VALLEY RD,ROBERT C LEE,1320,W,N,A,-,N,NA,NA,NA,NA,NA,NA,NA,NA,NA,N,4,0,1,2,A,-,04,21703,NA,N,C,C,A,A,D,-,A,D,0,NA,NA,NA,NA,Y,NA,A,01,0,0,1,0,0,0,0,0,0,-,-,NA,NA,LOS ANGELES,SANTA CLARITA,-118.49555446,34.39787676
6406916,2014,2014-06-11,1901,2014-01-01,1413,146,15,3,5,5,1901,0,0,0,NA,0,002,MARKER LN,VALLEY,0,NA,Y,A,-,N,NA,NA,NA,NA,NA,NA,NA,NA,NA,N,4,0,1,2,A,-,05,21202,A,N,H,J,A,A,H,-,A,A,0,NA,Y,NA,NA,Y,NA,L,04,0,0,1,0,0,0,1,0,0,-,-,NA,NA,LOS ANGELES,ALHAMBRA,-118.11244,34.07913
6406917,2014,2014-07-01,1900,2014-03-07,1025,472724,0631,5,5,6,1985,0,0,0,NA,0,61T1,SOLEDAD CANYON RD,KENROY AV,0,NA,Y,A,-,N,NA,NA,NA,NA,NA,NA,NA,NA,NA,Y,3,0,3,4,C,-,18,NA,NA,N,D,C,A,A,H,-,A,A,0,NA,NA,NA,NA,Y,NA,-,-,0,1,2,0,0,0,0,0,0,-,-,NA,NA,LOS ANGELES,SANTA CLARITA,-118.42559011,34.42690003
6406919,2014,2014-07-17,1901,2014-01-20,2219,799,26,1,5,5,1901,0,0,0,NA,0,003,PALM AV,COMMONWEALTH AV,0,NA,Y,A,-,N,NA,NA,NA,NA,NA,NA,NA,NA,NA,Y,4,0,1,2,A,-,03,22350,NA,N,D,C,A,A,H,-,C,A,0,NA,NA,NA,NA,Y,NA,A,01,0,0,1,0,0,0,0,0,0,-,-,NA,NA,LOS ANGELES,ALHAMBRA,-118.14657001,34.08785007
6406920,2014,2014-06-11,1901,2014-01-08,1853,235,7,3,5,5,1901,0,0,0,NA,0,001,CHAPEL AV,COMMONWEALTH AV,0,NA,Y,A,-,N,NA,NA,NA,NA,NA,NA,NA,NA,NA,N,4,0,2,2,A,-,09,21801,A,N,D,C,A,A,H,-,D,D,0,NA,NA,NA,NA,Y,NA,A,07,0,0,2,0,0,0,0,0,0,-,-,NA,NA,LOS ANGELES,ALHAMBRA,-118.12155004,34.09361009
6406921,2014,2014-06-25,1900,2014-03-04,1640,402357,NA,2,5,6,1985,0,0,0,NA,0,64T1,RAILROAD AV,DRAYTON ST,228,S,N,A,-,N,NA,NA,NA,NA,NA,NA,NA,NA,NA,Y,4,0,1,1,A,-,03,22350,NA,N,E,I,A,A,H,-,A,D,0,NA,NA,NA,NA,Y,NA,D,22,0,0,1,0,0,0,0,0,0,-,-,NA,NA,LOS ANGELES,SANTA CLARITA,-118.54050648,34.41072182
6406923,2014,2014-07-18,1901,2014-01-24,1702,654,13,5,5,5,1901,0,0,0,NA,0,002,VALLEY BL,7TH ST,45,E,N,A,-,N,NA,NA,NA,NA,NA,NA,NA,NA,NA,N,4,0,2,3,A,-,03,22350,NA,N,C,C,A,A,H,-,A,D,0,NA,NA,NA,NA,Y,NA,A,01,0,0,2,0,0,0,0,0,0,-,-,NA,NA,LOS ANGELES,ALHAMBRA,-118.1303822,34.07815008
6406924,2014,2014-06-11,1901,2014-01-09,1338,249,24,4,5,5,1901,0,0,0,NA,0,003,MAIN ST,CURTIS AV,60,E,N,A,-,N,NA,NA,NA,NA,NA,NA,NA,NA,NA,Y,4,0,1,2,A,-,08,22107,NA,N,D,E,A,A,H,-,A,A,0,NA,NA,NA,NA,Y,NA,A,01,0,0,1,0,0,0,0,0,0,-,-,NA,NA,LOS ANGELES,ALHAMBRA,-118.13694225,34.09155157
6406925,2014,2014-06-25,1900,2014-03-01,1800,520084,0642,6,5,6,1985,0,0,0,NA,0,62T1,SECO CANYON RD,GUADILAMAR DR,0,NA,Y,C,-,N,NA,NA,NA,NA,NA,NA,NA,NA,NA,Y,3,0,1,2,A,-,01,23152,A,N,A,C,A,B,H,-,C,A,0,NA,NA,NA,NA,Y,Y,D,22,0,1,0,0,0,0,0,0,0,-,-,NA,NA,LOS ANGELES,SANTA CLARITA,-118.53483007,34.44615006
6406927,2014,2014-06-11,1901,2014-01-22,2050,180,10,3,5,5,1901,0,0,0,NA,0,003,MISSION RD,ATLANTIC BL,24,E,N,A,-,N,NA,NA,NA,NA,NA,NA,NA,NA,NA,N,4,0,1,2,A,-,12,21453,A,N,D,C,A,A,H,-,C,A,0,NA,NA,NA,NA,Y,NA,A,01,0,0,1,0,0,0,0,0,0,-,-,NA,NA,LOS ANGELES,ALHAMBRA,-118.13447935,34.0847896
6406928,2014,2014-06-11,1901,2014-01-10,2020,241,13,5,5,5,1901,0,0,0,NA,0,002,VALLEY BL,9TH ST,72,E,N,A,-,N,NA,NA,NA,NA,NA,NA,NA,NA,NA,Y,4,0,2,2,A,-,09,21804,A,N,D,C,A,A,-,-,A,A,0,NA,NA,NA,NA,Y,NA,A,01,0,0,2,0,0,0,0,0,0,-,-,NA,NA,LOS ANGELES,ALHAMBRA,-118.13287329,34.07800353
6406931,2014,2016-02-06,9580,2014-01-29,0143,19876,NA,3,3,7,1942,0,1,3,NA,2,170,RT 170,ROSCOE BL,75,N,N,A,-,Y,LA,7,170,-,R,19.586,R,2,N,Y,4,0,2,1,A,-,08,22107,NA,N,E,I,A,A,H,-,C,D,1,NA,NA,NA,NA,Y,NA,A,01,0,0,2,0,0,0,0,0,0,-,-,34.22214,-118.40887,LOS ANGELES,LOS ANGELES,-118.40952312,34.21976211
6406932,2014,2014-06-11,1901,2014-01-17,1608,139,10,5,5,5,1901,0,0,0,NA,0,002,FRONT ST,7TH ST,0,NA,Y,A,-,N,NA,NA,NA,NA,NA,NA,NA,NA,NA,N,4,0,1,2,A,-,09,21801,A,N,D,G,A,A,H,-,A,A,0,NA,Y,NA,NA,Y,NA,A,01,0,0,1,0,0,0,1,0,0,-,-,NA,NA,LOS ANGELES,ALHAMBRA,-118.13059009,34.08597008
6406933,2014,2014-06-23,1900,2014-02-27,1340,407364,0643,4,5,6,1985,0,0,0,NA,0,64T1D,BOUQUET CANYON RD,WALKER AV,30,N,N,A,-,N,NA,NA,NA,NA,NA,NA,NA,NA,NA,N,4,0,1,2,A,-,03,22350,NA,N,C,C,A,A,H,-,C,D,0,NA,NA,NA,NA,Y,NA,A,01,0,0,1,0,0,0,0,0,0,-,-,NA,NA,LOS ANGELES,SANTA CLARITA,NA,NA
6406935,2014,2016-03-26,9580,2014-01-25,1735,20061,NA,6,2,7,1942,0,1,2,NA,2,105,RT 101,SHOUP AV,300,W,N,A,-,Y,LA,7,101,-,-,25.95,H,-,S,Y,3,0,2,4,A,-,03,22350,NA,N,C,C,A,A,H,-,C,D,1,NA,NA,NA,NA,Y,NA,A,07,0,2,0,0,0,0,0,0,0,-,-,34.16841,-118.61123,LOS ANGELES,LOS ANGELES,-118.61505542,34.16724393
6406936,2014,2014-06-11,1901,2014-01-16,1915,177,17,4,5,5,1901,0,0,0,NA,0,004,HELLMAN,ELM ST,0,NA,Y,A,-,N,NA,NA,NA,NA,NA,NA,NA,NA,NA,Y,4,0,1,2,A,-,09,21802,A,N,D,C,A,A,H,-,C,D,0,NA,NA,NA,NA,Y,NA,-,NA,0,0,1,0,0,0,0,0,0,-,-,NA,NA,LOS ANGELES,ALHAMBRA,-118.15036005,34.0696401
6406939,2014,2016-01-19,9580,2014-01-23,1050,16349,NA,4,1,7,1942,0,3,5,NA,1,010,RT 101,CANOGA AV,1000,S,N,A,-,Y,LA,7,101,-,-,24.53,H,-,S,Y,4,0,2,3,A,-,03,22350,NA,N,C,C,A,A,H,-,A,D,1,NA,NA,NA,NA,Y,NA,A,01,0,0,2,0,0,0,0,0,0,-,-,34.17297,-118.5669,LOS ANGELES,LOS ANGELES,-118.59179434,34.16848817
6406940,2014,2014-06-11,1901,2014-01-16,1832,799,10,4,5,5,1901,0,0,0,NA,0,002,ATLANTIC BL,SAN MARINO AV,28,S,N,A,-,N,NA,NA,NA,NA,NA,NA,NA,NA,NA,N,4,0,1,2,A,-,03,22350,NA,N,C,C,A,A,H,-,D,D,0,NA,NA,NA,NA,Y,NA,A,01,0,0,1,0,0,0,0,0,0,-,-,NA,NA,LOS ANGELES,ALHAMBRA,-118.1345493,34.08264322
6406944,2014,2014-06-11,1901,2014-01-16,1519,180,14,4,5,5,1901,0,0,0,NA,0,002,GARFIELD AV,NORWOOD PL,4,S,N,A,-,N,NA,NA,NA,NA,NA,NA,NA,NA,NA,N,4,0,1,2,A,-,09,21801,NA,N,D,G,A,A,H,-,A,A,0,NA,Y,NA,NA,Y,NA,A,01,0,0,1,0,0,0,1,0,0,-,-,NA,NA,LOS ANGELES,ALHAMBRA,-118.12301978,34.07601903
6406948,2014,2014-06-11,1901,2014-01-15,1826,183,NA,3,5,5,1901,0,0,0,NA,0,112,SHORB ST,MONTEREY ST,48,W,N,A,-,N,NA,NA,NA,NA,NA,NA,NA,NA,NA,Y,4,0,1,2,A,-,08,22107,NA,N,B,E,A,A,H,-,C,D,0,NA,NA,NA,NA,Y,NA,A,01,0,0,1,0,0,0,0,0,0,-,-,NA,NA,LOS ANGELES,ALHAMBRA,-118.12100817,34.08071147
6406952,2014,2014-06-11,1901,2014-01-14,1408,799,11,2,5,5,1901,0,0,0,NA,0,002,VALLEY BL,CHAPEL AV,0,NA,Y,A,-,N,NA,NA,NA,NA,NA,NA,NA,NA,NA,Y,4,0,1,2,A,-,09,21801,A,N,D,C,A,A,H,-,A,A,0,NA,NA,NA,NA,Y,NA,A,07,0,0,1,0,0,0,0,0,0,-,-,NA,NA,LOS ANGELES,ALHAMBRA,-118.11975008,34.07879004
6406953,2014,2014-06-25,1900,2014-03-13,0545,518055,641,4,5,6,1985,0,0,0,NA,0,62T1,LOS ROGUES RD,SECO CANYON RD,38,E,N,A,-,N,NA,NA,NA,NA,NA,NA,NA,NA,NA,Y,3,0,1,1,C,-,18,NA,NA,N,E,I,A,A,H,-,B,D,0,NA,NA,NA,NA,Y,NA,-,-,0,1,0,0,0,0,0,0,0,-,-,NA,NA,LOS ANGELES,SANTA CLARITA,-118.53454445,34.4468869