CASE_ID,ACCIDENT_YEAR,PROC_DATE,JURIS,COLLISION_DATE,COLLISION_TIME,OFFICER_ID,REPORTING_DISTRICT,DAY_OF_WEEK,CHP_SHIFT,POPULATION,CNTY_CITY_LOC,SPECIAL_COND,BEAT_TYPE,CHP_BEAT_TYPE,CITY_DIVISION_LAPD,CHP_BEAT_CLASS,BEAT_NUMBER,PRIMARY_RD,SECONDARY_RD,DISTANCE,DIRECTION,INTERSECTION,WEATHER_1,WEATHER_2,STATE_HWY_IND,CALTRANS_COUNTY,CALTRANS_DISTRICT,STATE_ROUTE,ROUTE_SUFFIX,POSTMILE_PREFIX,POSTMILE,LOCATION_TYPE,RAMP_INTERSECTION,SIDE_OF_HWY,TOW_AWAY,COLLISION_SEVERITY,NUMBER_KILLED,NUMBER_INJURED,PARTY_COUNT,PRIMARY_COLL_FACTOR,PCF_CODE_OF_VIOL,PCF_VIOL_CATEGORY,PCF_VIOLATION,PCF_VIOL_SUBSECTION,HIT_AND_RUN,TYPE_OF_COLLISION,MVIW,PED_ACTION,ROAD_SURFACE,ROAD_COND_1,ROAD_COND_2,LIGHTING,CONTROL_DEVICE,CHP_ROAD_TYPE,PEDESTRIAN_ACCIDENT,BICYCLE_ACCIDENT,MOTORCYCLE_ACCIDENT,TRUCK_ACCIDENT,NOT_PRIVATE_PROPERTY,ALCOHOL_INVOLVED,STWD_VEHTYPE_AT_FAULT,CHP_VEHTYPE_AT_FAULT,COUNT_SEVERE_INJ,COUNT_VISIBLE_INJ,COUNT_COMPLAINT_PAIN,COUNT_PED_KILLED,COUNT_PED_INJURED,COUNT_BICYCLIST_KILLED,COUNT_BICYCLIST_INJURED,COUNT_MC_KILLED,COUNT_MC_INJURED,PRIMARY_RAMP,SECONDARY_RAMP,LATITUDE,LONGITUDE,COUNTY,CITY,POINT_X,POINT_Y
6407514,2014,2015-08-12,1918,2014-02-17,1310,517,NA,1,5,4,1918,0,0,0,NA,0,2M12,SLAUSON AV,SEPULVEDA BL,0,NA,Y,A,-,N,NA,NA,NA,NA,NA,NA,NA,NA,NA,Y,3,0,1,3,A,-,09,21801,A,N,D,C,A,A,H,-,A,A,0,NA,NA,NA,NA,Y,NA,J,41,0,1,0,0,0,0,0,0,0,-,-,33.98845,-118.3939,LOS ANGELES,CULVER CITY,-118.39540004,33.98861002
6407518,2014,2014-06-11,1918,2014-01-16,1040,646,NA,4,5,4,1918,0,0,0,NA,0,2M4,E PLAYA ST,HANNUM AV,0,NA,Y,A,-,N,NA,NA,NA,NA,NA,NA,NA,NA,NA,Y,4,0,1,2,A,-,09,21453,B,N,D,C,A,A,H,-,A,A,0,NA,NA,NA,NA,Y,NA,A,01,0,0,1,0,0,0,0,0,0,-,-,33.99091,-118.39387,LOS ANGELES,CULVER CITY,-118.39409011,33.99094001
6407535,2014,2015-02-02,1942,2014-02-23,0010,40841,0729,7,5,7,1942,0,0,0,G,0,20T59,BEVERLY BL,HUDSON AV,170,E,N,A,-,N,NA,NA,NA,NA,NA,NA,NA,NA,NA,Y,4,0,1,1,A,-,01,23152,A,N,E,I,A,A,H,-,C,D,0,NA,NA,NA,NA,Y,Y,A,01,0,0,1,0,0,0,0,0,0,-,-,NA,NA,LOS ANGELES,LOS ANGELES,-118.33283099,34.07612823
6407769,2014,2015-11-06,1942,2014-03-10,1400,33779,1555,1,5,7,1942,0,0,0,O,0,15TL44,TUJUNGA AV,RIVERSIDE DR,93,S,N,A,-,N,NA,NA,NA,NA,NA,NA,NA,NA,NA,Y,3,0,1,2,A,-,01,23152,A,N,C,C,A,A,H,-,A,A,0,NA,NA,NA,NA,Y,Y,A,01,0,1,0,0,0,0,0,0,0,-,-,NA,NA,LOS ANGELES,LOS ANGELES,-118.37905629,34.15739586
6407824,2014,2015-02-23,1942,2014-03-09,1700,37700,0815,7,5,7,1942,0,0,0,H,0,14TL52,SUNSET BL,THURSTON AV,235,E,N,A,-,N,NA,NA,NA,NA,NA,NA,NA,NA,NA,Y,4,0,1,1,A,-,01,23152,A,N,E,I,A,A,H,-,A,D,0,NA,NA,NA,NA,Y,Y,A,07,0,0,1,0,0,0,0,0,0,-,-,NA,NA,LOS ANGELES,LOS ANGELES,-118.46359847,34.07401635
6407941,2014,2015-12-28,9525,2014-02-28,0720,15445,NA,5,1,5,1990,0,1,3,NA,2,601,RT 60,BREA CANYON RD,150,E,N,B,C,Y,LA,7,60,-,R,22.795,R,2,W,N,4,0,1,2,A,-,03,22350,NA,N,C,C,A,B,H,-,A,D,1,NA,NA,NA,NA,Y,NA,D,22,0,0,1,0,0,0,0,0,0,TO,-,34.00135,-117.84432,LOS ANGELES,DIAMOND BAR,-117.84813502,33.99999288
6407942,2014,2015-12-28,9525,2014-02-18,1850,16283,NA,2,2,5,1990,0,1,3,NA,2,602,RT 60,BREA CANYON RD,500,W,N,A,-,Y,LA,7,60,-,R,22.88,H,-,E,Y,4,0,1,3,A,-,03,22350,NA,N,C,C,A,A,H,-,C,D,1,NA,NA,NA,NA,Y,NA,D,22,0,0,1,0,0,0,0,0,0,-,-,34.01253,-117.8205,LOS ANGELES,DIAMOND BAR,-117.8465735,34.0001428
6407944,2014,2016-02-04,9525,2014-02-28,0825,014971,NA,5,1,1,1934,0,1,1,NA,2,652,RT 605,ARROW HWY,2640,N,N,B,C,Y,LA,7,605,-,-,24.46,H,-,N,Y,4,0,1,2,A,-,03,22350,NA,N,D,C,A,B,H,-,A,D,1,NA,NA,NA,Y,Y,NA,D,22,0,0,1,0,0,0,0,0,0,-,-,34.11991,-117.97087,LOS ANGELES,IRWINDALE,-117.97117732,34.11956653
6407945,2014,2015-12-28,9525,2014-02-24,1630,19941,NA,1,2,6,1955,0,1,1,NA,2,110,RT 10,WHITE AV,375,W,N,A,-,Y,LA,7,10,-,-,45.21,H,-,E,Y,2,0,1,3,A,-,03,22350,NA,N,B,C,A,A,H,-,A,D,1,NA,NA,Y,NA,Y,NA,C,02,1,0,0,0,0,0,0,0,1,-,-,34.07138,-117.76781,LOS ANGELES,POMONA,-117.76077618,34.0709157
6407946,2014,2015-12-28,9525,2014-02-28,0820,019966,NA,5,1,6,1955,0,1,1,NA,2,109,RT 10,DUDLEY ST,200,E,N,B,C,Y,LA,7,10,-,-,44.45,H,-,W,N,4,0,1,2,A,-,07,21658,A,N,B,C,A,B,H,-,A,D,1,NA,NA,NA,Y,Y,NA,G,25,0,0,1,0,0,0,0,0,0,-,-,34.07266,-117.77384,LOS ANGELES,POMONA,-117.77376707,34.07256359
6407959,2014,2015-11-16,9525,2014-02-27,0350,018926,NA,4,3,6,1955,0,1,3,NA,2,605,RT 60,GAREY AV,500,W,N,B,C,Y,LA,7,60,-,R,29.29,H,-,W,Y,4,0,1,1,A,-,03,22350,NA,N,E,I,A,B,H,-,D,D,1,NA,NA,NA,Y,Y,NA,G,25,0,0,1,0,0,0,0,0,0,-,-,34.02333,-117.74929,LOS ANGELES,POMONA,-117.74979318,34.02333198
6407970,2014,2015-11-14,9525,2014-03-07,1545,16679,NA,5,2,6,1975,0,1,1,NA,2,106,RT 10,CITRUS ST,175,W,N,A,-,Y,LA,7,10,-,-,37.21,H,-,E,N,4,0,1,2,A,-,03,22350,NA,N,C,C,A,A,H,-,A,D,1,NA,NA,NA,NA,Y,NA,D,22,0,0,1,0,0,0,0,0,0,-,-,34.07195,-117.89496,LOS ANGELES,WEST COVINA,-117.89519258,34.07193989
6407985,2014,2015-08-12,9525,2014-03-05,1842,18164,NA,3,2,9,1900,0,2,4,NA,2,022,ARROW HWY,CLYDEBANK AV,0,NA,Y,A,-,N,NA,NA,NA,NA,NA,NA,NA,NA,NA,Y,4,0,2,2,A,-,01,23152,A,N,D,C,A,A,H,-,C,D,0,NA,NA,NA,NA,Y,Y,D,22,0,0,2,0,0,0,0,0,0,-,-,34.10698,-117.9203,LOS ANGELES,UNINCORPORATED,-117.92044001,34.10702002
6407993,2014,2015-11-07,9580,2014-02-23,1140,18852,NA,7,1,7,1942,0,1,2,NA,2,100,RT 101,LAUREL CANYON BL,6,E,N,A,-,Y,LA,7,101,-,-,12.72,R,1,N,N,3,0,3,4,A,-,21,22106,NA,N,G,B,B,A,H,-,A,D,1,Y,NA,NA,NA,Y,NA,D,22,0,2,1,0,3,0,0,0,0,-,-,34.15481,-118.39641,LOS ANGELES,LOS ANGELES,-118.39401249,34.1545379
6407994,2014,2015-11-10,9580,2014-03-11,0710,020119,NA,2,1,7,1942,0,1,2,NA,2,102,RT 101,SEPULVEDA BL,1056,S,N,A,-,Y,LA,7,101,-,-,16.674,H,-,N,Y,4,0,1,4,A,-,03,22350,NA,N,C,C,A,A,H,-,A,D,1,NA,NA,NA,NA,Y,NA,A,01,0,0,1,0,0,0,0,0,0,-,-,34.15797,-118.45292,LOS ANGELES,LOS ANGELES,-118.46140394,34.15949278
6407997,2014,2016-03-26,9580,2014-03-04,1620,019715,NA,2,2,7,1942,0,1,2,NA,2,103,RT 101,WHITE OAK AV,800,S,N,A,-,Y,LA,7,101,-,-,19.96,H,-,S,N,4,0,3,3,A,-,03,22350,NA,M,C,C,A,A,H,-,A,D,1,NA,NA,NA,NA,Y,NA,-,99,0,0,3,0,0,0,0,0,0,-,-,34.17104,-118.51377,LOS ANGELES,LOS ANGELES,-118.5137503,34.17109093
6408000,2014,2016-02-06,9525,2014-03-06,0520,16940,NA,4,3,5,1906,0,1,1,NA,2,652,RT 605,RAMONA BL,500,S,N,A,-,Y,LA,7,605,-,-,20.98,H,-,N,Y,3,0,1,2,A,-,07,21658,A,N,B,C,A,A,H,-,D,D,1,NA,NA,NA,Y,Y,NA,G,26,0,1,0,0,0,0,0,0,0,-,-,34.07883,-117.99776,LOS ANGELES,BALDWIN PARK,-117.99814253,34.07632998
6408009,2014,2015-11-13,9530,2014-02-27,0640,20699,NA,4,1,7,1941,0,1,1,NA,2,071,RT 710,DEL AMO BL,258,N,N,A,-,Y,LA,7,710,-,-,10.92,R,2,S,Y,4,0,1,1,A,-,08,22107,NA,N,E,I,A,B,H,-,A,A,1,NA,NA,NA,NA,Y,NA,D,22,0,0,1,0,0,0,0,0,0,FR,-,33.84782,-118.20664,LOS ANGELES,LONG BEACH,-118.20551628,33.8480998
6408012,2014,2016-03-18,9530,2014-03-13,0830,20608,NA,4,1,6,1972,0,1,1,NA,2,400,RT 405,ARTESIA BL,200,S,N,A,-,Y,LA,7,405,-,-,16.52,H,-,N,N,4,0,1,3,A,-,03,22350,NA,N,C,C,A,A,H,-,A,D,1,NA,NA,NA,NA,Y,NA,D,22,0,0,1,0,0,0,0,0,0,-,-,33.87199,-118.34132,LOS ANGELES,TORRANCE,-118.34154019,33.87211983
6408018,2014,2016-01-21,9525,2014-02-15,0145,020505,NA,6,3,6,1955,0,1,3,NA,2,072,RT 71,MISSION BL,1056,N,N,A,-,Y,LA,7,71,-,-,1.38,H,-,N,Y,3,0,4,5,A,-,03,22350,NA,N,C,C,A,A,H,-,C,D,1,NA,NA,NA,Y,Y,NA,G,25,0,1,3,0,0,0,0,0,0,-,-,34.05537,-117.78307,LOS ANGELES,POMONA,-117.78383446,34.05621232
6408019,2014,2015-11-12,9525,2014-03-10,0850,018729,NA,1,1,4,1946,0,1,1,NA,2,202,RT 210,HUNTINGTON DR,2640,E,N,A,-,Y,LA,7,210,-,R,33.44,H,-,E,Y,4,0,1,1,A,-,08,22107,NA,N,E,I,A,A,H,-,A,D,1,NA,NA,NA,NA,Y,NA,D,22,0,0,1,0,0,0,0,0,0,-,-,34.13518,-118.00543,LOS ANGELES,MONROVIA,-118.00905304,34.13607857
6408020,2014,2016-02-18,9525,2014-03-10,0815,18761,NA,1,1,1,1934,0,1,1,NA,2,202,RT 210,IRWINDALE AV,1500,E,N,A,-,Y,LA,7,210,-,R,37.52,H,-,E,Y,4,0,1,2,A,-,07,21658,A,N,D,C,A,A,H,-,A,D,1,NA,NA,NA,Y,Y,NA,A,01,0,0,1,0,0,0,0,0,0,-,-,34.13046,-117.94472,LOS ANGELES,IRWINDALE,-117.93946322,34.1286568
6408172,2014,2016-02-06,9535,2014-02-19,0830,12952,NA,3,1,9,1900,0,1,1,NA,2,651,RT 605,SAN JOSE CRK,75,N,N,A,-,Y,LA,7,605,-,R,17.75,H,-,S,N,4,0,1,2,A,-,03,22350,NA,N,C,C,A,A,H,-,A,D,1,NA,NA,NA,NA,Y,NA,A,07,0,0,1,0,0,0,0,0,0,-,-,34.03759,-118.02278,LOS ANGELES,UNINCORPORATED,-118.02292251,34.03740139
6408173,2014,2015-12-28,9535,2014-02-28,0800,19363,NA,5,1,6,1922,0,1,1,NA,2,400,RT 10,COGSWELL RD,100,E,N,C,-,Y,LA,7,10,-,-,30.16,H,-,E,Y,4,0,2,4,A,-,03,22350,NA,F,C,C,A,B,H,-,A,D,6,NA,NA,NA,NA,Y,NA,-,99,0,0,2,0,0,0,0,0,0,-,-,34.06579,-118.01712,LOS ANGELES,EL MONTE,-118.01717305,34.06585796
6408174,2014,2015-12-28,9535,2014-02-25,0555,17598,NA,2,3,5,1901,0,1,1,NA,2,421,RT 10,FREMONT AV,500,W,N,A,-,Y,LA,7,10,-,-,22.18,H,-,W,Y,3,0,2,3,A,-,03,22350,NA,N,B,C,A,A,H,-,B,D,1,NA,NA,Y,NA,Y,NA,A,01,0,2,0,0,0,0,0,0,1,-,-,34.069,-118.151,LOS ANGELES,ALHAMBRA,-118.15314546,34.06754486
6408178,2014,2016-03-09,9535,2014-03-04,0400,18385,NA,2,3,3,1914,0,1,1,NA,2,501,RT 5,RT 710,600,N,N,A,-,Y,LA,7,5,-,-,13.89,H,-,S,Y,4,0,3,4,A,-,07,21658,A,M,B,C,A,A,H,-,C,D,1,NA,NA,NA,Y,Y,NA,G,25,0,0,3,0,0,0,0,0,0,-,-,34.01753,-118.17574,LOS ANGELES,COMMERCE,-118.17462714,34.01682767
6408179,2014,2015-11-16,9535,2014-02-27,0300,19839,NA,4,3,3,1968,0,1,3,NA,2,621,RT 60,PECK RD,500,E,N,C,-,Y,LA,7,60,-,-,11.13,H,-,W,Y,3,0,1,1,A,-,03,22350,NA,N,F,A,A,B,H,-,C,D,1,NA,NA,NA,NA,Y,NA,D,22,0,1,0,0,0,0,0,0,0,-,-,34.04061,-118.04907,LOS ANGELES,SOUTH EL MONTE,-118.0364841,34.03718672
6408185,2014,2015-12-28,9535,2014-03-12,2105,19437,NA,3,2,5,1947,0,1,3,NA,2,620,RT 60,PARAMOUNT BL,2640,W,N,A,-,Y,LA,7,60,-,R,7.27,H,-,E,Y,4,0,1,3,A,-,07,21658,A,N,B,C,A,A,H,-,C,D,1,NA,NA,NA,Y,Y,NA,G,25,0,0,1,0,0,0,0,0,0,-,-,34.27638,-118.55404,LOS ANGELES,MONTEBELLO,-118.10164529,34.03552955
6408191,2014,2016-03-09,9535,2014-03-11,1415,15336,NA,2,2,3,1914,0,1,1,NA,2,501,RT 5,WASHINGTON BL,1250,N,N,A,-,Y,LA,7,5,-,-,11.83,H,-,S,Y,4,0,2,3,A,-,03,22350,NA,N,C,C,A,A,H,-,A,D,1,NA,NA,NA,NA,Y,NA,D,22,0,0,2,0,0,0,0,0,0,-,-,33.9991,-118.1481,LOS ANGELES,COMMERCE,-118.14749575,33.99860192
6408193,2014,2015-12-28,9535,2014-03-08,1915,20381,NA,6,2,9,1900,0,1,1,NA,2,420,RT 10,CAMPUS RD,275,E,N,A,-,Y,LA,7,10,-,-,21.05,H,-,E,N,4,0,1,2,A,-,03,22350,NA,N,C,C,A,A,H,-,C,D,1,NA,NA,NA,NA,Y,NA,D,22,0,0,1,0,0,0,0,0,0,-,-,34.06145,-118.17029,LOS ANGELES,UNINCORPORATED,-118.17037418,34.06144786
6408199,2014,2015-12-28,9535,2014-03-12,0905,17598,NA,3,1,9,1900,0,1,1,NA,2,421,RT 10,HERBERT AV,200,W,N,A,-,Y,LA,7,10,-,-,20.18,H,-,W,N,4,0,1,2,A,-,07,21658,A,N,B,C,A,A,H,-,A,D,1,NA,NA,NA,Y,Y,NA,G,25,0,0,1,0,0,0,0,0,0,-,-,34.056,-118.183,LOS ANGELES,UNINCORPORATED,-118.18388494,34.0560436
6408202,2014,2015-12-28,9535,2014-03-07,1850,20387,NA,5,2,6,1922,0,1,1,NA,2,400,RT 10,DURFEE AV,100,E,N,A,-,Y,LA,7,10,-,-,30.55,H,-,E,N,4,0,1,2,A,-,03,22350,NA,N,C,C,A,A,H,-,C,D,1,NA,NA,NA,NA,Y,NA,D,22,0,0,1,0,0,0,0,0,0,-,-,34.06409,-118.01018,LOS ANGELES,EL MONTE,-118.01065886,34.06423999
6408206,2014,2015-12-28,9535,2014-03-06,1220,13421,NA,4,1,5,1901,0,1,1,NA,2,421,RT 10,WARWICK RD,320,E,N,A,-,Y,LA,7,10,-,-,21.92,H,-,W,Y,4,0,1,2,A,-,03,22350,NA,N,C,C,A,A,H,-,A,D,1,NA,NA,NA,NA,Y,NA,A,01,0,0,1,0,0,0,0,0,0,-,-,34.06508,-118.15762,LOS ANGELES,ALHAMBRA,-118.15707697,34.06546069
6408207,2014,2015-11-16,9535,2014-03-03,1135,16276,NA,1,1,9,1900,0,1,3,NA,2,600,RT 60,EASTERN AV,23,E,N,A,-,Y,LA,7,60,-,R,3.06,H,-,E,Y,3,0,3,2,A,-,03,22350,NA,N,C,C,A,A,H,-,A,D,1,NA,NA,NA,NA,Y,NA,A,01,0,2,1,0,0,0,0,0,0,-,-,34.03505,-118.17346,LOS ANGELES,UNINCORPORATED,-118.17362711,34.03492965
6408208,2014,2015-11-14,9535,2014-03-01,0639,19028,NA,6,1,5,1901,0,1,1,NA,2,420,NEW AV,RT 10,175,S,N,B,-,Y,LA,7,10,-,-,24.877,R,2,E,N,4,0,1,1,A,-,03,22350,NA,N,E,I,A,B,H,-,B,D,0,NA,NA,NA,NA,Y,NA,D,22,0,0,1,0,0,0,0,0,0,-,-,34.06988,-118.10341,LOS ANGELES,ALHAMBRA,-118.10753724,34.07166425
6408209,2014,2015-12-28,9535,2014-03-01,0745,19363,NA,6,1,6,1922,0,1,1,NA,2,400,RT 10,DURFEE RD,900,E,N,C,-,Y,LA,7,10,-,-,30.57,H,-,E,Y,2,0,2,1,A,-,01,23152,A,N,E,I,A,B,H,-,A,D,1,NA,NA,NA,NA,Y,Y,D,22,1,0,1,0,0,0,0,0,0,-,-,34.064,-118.00796,LOS ANGELES,EL MONTE,-118.01032166,34.0641694
6408211,2014,2015-11-16,9535,2014-03-06,1810,20493,NA,4,2,9,1900,0,1,3,NA,2,621,RT 60,RIO HONDO RIVER,960,E,N,A,-,Y,LA,7,60,-,-,9.14,H,-,W,Y,3,0,1,3,A,-,03,22350,NA,N,C,C,A,A,H,-,D,D,1,NA,NA,NA,NA,Y,NA,A,01,0,1,0,0,0,0,0,0,0,-,-,34.04144,-118.07101,LOS ANGELES,UNINCORPORATED,-118.07071397,34.04135694
6408212,2014,2014-06-19,9535,2014-02-28,1530,19363,NA,5,2,5,1959,1,1,1,NA,2,400,DEL MAR AV,EMERSON PL,0,NA,Y,C,-,N,NA,NA,NA,NA,NA,NA,NA,NA,NA,N,3,0,1,2,A,-,05,21650,1,N,D,G,A,B,H,-,A,A,0,NA,Y,NA,NA,Y,NA,L,04,0,1,0,0,0,0,1,0,0,-,-,NA,NA,LOS ANGELES,ROSEMEAD,-118.09952009,34.06623009
6408216,2014,2015-11-13,9535,2014-03-05,1525,19626,NA,3,2,5,1969,0,1,1,NA,2,074,RT 710,IMPERIAL HWY,460,N,N,A,-,Y,LA,7,710,-,-,17.07,H,-,N,N,3,0,1,3,A,-,03,22350,NA,N,C,C,A,A,H,-,A,D,1,NA,NA,NA,NA,Y,NA,J,41,0,1,0,0,0,0,0,0,0,-,-,33.93398,-118.17707,LOS ANGELES,SOUTH GATE,-118.17838395,33.93205846
6408238,2014,2016-01-08,9575,2014-01-15,1300,16536,NA,3,1,6,1953,0,1,1,NA,2,064,RT 210,ORANGE GROVE BL,290,E,N,A,-,Y,LA,7,210,-,R,24.59,R,2,W,Y,3,0,1,3,A,-,08,22107,NA,M,B,C,A,A,H,-,A,D,6,NA,NA,NA,Y,Y,NA,A,01,0,1,0,0,0,0,0,0,0,-,-,34.15424,-118.15667,LOS ANGELES,PASADENA,-118.15726336,34.15487863
6408246,2014,2016-01-08,9575,2014-01-09,1754,20002,NA,4,2,5,1902,0,1,1,NA,2,065,RT 210,BALDWIN AV,150,W,N,A,-,Y,LA,7,210,-,R,30.66,R,2,E,Y,4,0,1,4,A,-,03,22350,NA,N,C,C,A,A,H,-,C,A,1,NA,NA,NA,NA,Y,NA,D,22,0,0,1,0,0,0,0,0,0,TO,-,34.1485,-118.05152,LOS ANGELES,ARCADIA,-118.05312884,34.14866458
6408249,2014,2015-11-17,9535,2014-03-12,0637,19626,NA,3,1,5,1959,0,1,1,NA,2,401,RT 10,TEMPLE CITY BL,400,W,N,A,-,Y,LA,7,10,-,-,27.51,H,-,W,N,4,0,1,2,A,-,03,22350,NA,N,C,C,A,A,H,-,A,D,0,NA,NA,NA,NA,Y,NA,A,01,0,0,1,0,0,0,0,0,0,-,-,34.07271,-118.0605,LOS ANGELES,ROSEMEAD,-118.06173067,34.07255032
6408251,2014,2016-01-08,9575,2014-01-09,1515,20002,NA,4,2,6,1953,0,1,1,NA,2,065,RT 210,SIERRA MADRE VILLA AV,800,E,N,A,-,Y,LA,7,210,-,R,29.48,H,-,E,N,4,0,2,2,A,-,03,22350,NA,N,C,C,A,A,H,-,A,D,1,NA,NA,NA,Y,Y,NA,G,27,0,0,2,0,0,0,0,0,0,-,-,34.14765,-118.07839,LOS ANGELES,PASADENA,-118.07390988,34.14814083
6408257,2014,2016-02-20,9575,2014-03-10,0947,20283,NA,1,1,6,1925,0,1,3,NA,2,042,RT 134,CONCORD ST,100,W,N,A,-,Y,LA,7,134,-,R,6.16,H,-,W,Y,4,0,1,2,A,-,07,21658,A,N,B,C,A,A,H,-,A,D,1,NA,NA,NA,NA,Y,NA,D,22,0,0,1,0,0,0,0,0,0,-,-,34.15482,-118.27238,LOS ANGELES,GLENDALE,-118.27149493,34.1548292
6408260,2014,2016-03-02,9575,2014-03-03,0725,18450,NA,1,1,7,1942,0,1,1,NA,2,052,RT 5,HOLLYWOOD WY,250,S,N,A,-,Y,LA,7,5,-,-,32.3,H,-,S,Y,3,0,1,2,A,-,03,22350,NA,N,C,C,A,A,H,-,A,D,1,NA,NA,Y,NA,Y,NA,C,02,0,1,0,0,0,0,0,0,1,-,-,34.20571,-118.34289,LOS ANGELES,LOS ANGELES,-118.34776055,34.21142104
6408263,2014,2016-03-02,9575,2014-03-08,0535,20283,NA,6,3,6,1925,0,1,1,NA,2,050,RT 5,WESTERN AV,15,S,N,A,-,Y,LA,7,5,-,-,27.84,H,-,S,Y,4,0,1,1,A,-,08,22107,NA,N,E,I,A,A,H,-,C,D,1,NA,NA,NA,NA,Y,NA,D,22,0,0,1,0,0,0,0,0,0,-,-,NA,NA,LOS ANGELES,GLENDALE,-118.29654226,34.16448588
6408267,2014,2015-11-12,1953,2014-02-28,0610,15614,NA,5,5,6,1953,0,0,0,NA,0,064,RT 210,FAIR OAKS AV,500,W,N,B,C,Y,LA,7,210,-,R,25.2,H,-,W,Y,3,0,1,2,A,-,03,22350,NA,N,B,C,A,B,H,-,C,D,0,NA,NA,NA,NA,Y,NA,A,08,0,1,0,0,0,0,0,0,0,-,-,34.15168,-118.15175,LOS ANGELES,PASADENA,-118.15195484,34.15140697
6408288,2014,2015-08-12,1976,2014-03-03,0830,226,1976,1,5,3,1964,0,0,0,NA,0,002,IMPERIAL HWY,TRANSPORTATION CENTER,251,E,N,A,-,N,NA,NA,NA,NA,NA,NA,NA,NA,NA,N,4,0,1,2,D,-,00,NA,NA,N,C,C,A,A,H,-,A,D,0,NA,NA,NA,Y,Y,NA,-,-,0,0,1,0,0,0,0,0,0,-,-,NA,NA,LOS ANGELES,SANTA FE SPRINGS,-118.057948,33.917178
6408321,2014,2015-02-17,1942,2014-03-06,0245,40713,1031,4,5,7,1942,0,0,0,J,0,10A21,TAMPA AV,KITTRIDGE ST,0,NA,Y,A,-,N,NA,NA,NA,NA,NA,NA,NA,NA,NA,Y,3,0,1,4,A,-,01,23152,A,N,B,E,A,A,H,-,C,D,0,NA,NA,NA,NA,Y,Y,A,01,0,1,0,0,0,0,0,0,0,-,-,NA,NA,LOS ANGELES,LOS ANGELES,-118.55345012,34.19057006
6408322,2014,2015-02-17,1942,2014-03-01,0220,39633,2133,6,5,7,1942,0,0,0,NA,0,21A57,WOODLAKE AV,COHASSET ST,0,NA,Y,C,-,N,NA,NA,NA,NA,NA,NA,NA,NA,NA,Y,3,0,1,1,A,-,01,23140,A,N,E,I,A,B,H,-,C,D,0,NA,NA,NA,NA,Y,Y,D,22,0,1,0,0,0,0,0,0,0,-,-,NA,NA,LOS ANGELES,LOS ANGELES,-118.63217012,34.2059501
6408323,2014,2016-03-22,1942,2014-03-07,1530,39600,2185,5,5,7,1942,0,0,0,NA,0,21A1,TOPANGA CANYON BL,MULHOLLAND DR,40,S,N,A,-,Y,LA,7,27,-,-,11.05,H,-,N,N,4,0,1,2,A,-,03,22350,NA,N,C,C,A,A,H,-,A,D,0,NA,NA,NA,NA,Y,NA,D,22,0,0,1,0,0,0,0,0,0,-,-,NA,NA,LOS ANGELES,LOS ANGELES,-118.60477026,34.15101585
6408324,2014,2014-06-27,1942,2014-03-06,2005,38273,2138,4,5,7,1942,0,0,0,NA,0,9T53,MASON AV,VALERIO ST,10,N,N,A,-,N,NA,NA,NA,NA,NA,NA,NA,NA,NA,N,2,0,1,2,A,-,10,21950,A,N,G,B,B,A,H,-,C,D,0,Y,NA,NA,NA,Y,Y,D,22,1,0,0,0,1,0,0,0,0,-,-,NA,NA,LOS ANGELES,LOS ANGELES,-118.57971,34.20471743
6408327,2014,2014-06-27,1942,2014-03-10,1020,40065,1788,1,5,7,1942,0,0,0,Q,0,21T61,NORDHOFF ST,BALBOA BL,26,E,N,A,-,N,NA,NA,NA,NA,NA,NA,NA,NA,NA,Y,4,0,1,1,A,-,03,22350,NA,N,E,I,A,A,H,-,A,D,0,NA,NA,NA,NA,Y,NA,D,22,0,0,1,0,0,0,0,0,0,-,-,NA,NA,LOS ANGELES,LOS ANGELES,-118.50242413,34.23572
6408328,2014,2014-06-27,1942,2014-03-13,2110,31652,1752,4,5,7,1942,0,0,0,Q,0,19773,LEMMER ST,LURLINE AV,395,E,N,A,-,N,NA,NA,NA,NA,NA,NA,NA,NA,NA,Y,3,0,1,1,A,-,01,23152,A,N,E,I,A,A,H,-,C,D,0,NA,NA,NA,NA,Y,Y,D,22,0,1,0,0,0,0,0,0,0,-,-,NA,NA,LOS ANGELES,LOS ANGELES,-118.58286512,34.25042259
6408329,2014,2014-06-24,1942,2014-03-13,1200,38326,1027,4,5,7,1942,0,0,0,J,0,10TL36,BALBOA BL,VAN OWEN ST,0,NA,Y,A,-,N,NA,NA,NA,NA,NA,NA,NA,NA,NA,Y,4,0,2,2,A,-,09,21801,A,N,D,C,A,A,H,-,A,A,0,NA,NA,NA,Y,Y,NA,A,01,0,0,2,0,0,0,0,0,0,-,-,NA,NA,LOS ANGELES,LOS ANGELES,-118.50112008,34.19390008