CASE_ID,ACCIDENT_YEAR,PROC_DATE,JURIS,COLLISION_DATE,COLLISION_TIME,OFFICER_ID,REPORTING_DISTRICT,DAY_OF_WEEK,CHP_SHIFT,POPULATION,CNTY_CITY_LOC,SPECIAL_COND,BEAT_TYPE,CHP_BEAT_TYPE,CITY_DIVISION_LAPD,CHP_BEAT_CLASS,BEAT_NUMBER,PRIMARY_RD,SECONDARY_RD,DISTANCE,DIRECTION,INTERSECTION,WEATHER_1,WEATHER_2,STATE_HWY_IND,CALTRANS_COUNTY,CALTRANS_DISTRICT,STATE_ROUTE,ROUTE_SUFFIX,POSTMILE_PREFIX,POSTMILE,LOCATION_TYPE,RAMP_INTERSECTION,SIDE_OF_HWY,TOW_AWAY,COLLISION_SEVERITY,NUMBER_KILLED,NUMBER_INJURED,PARTY_COUNT,PRIMARY_COLL_FACTOR,PCF_CODE_OF_VIOL,PCF_VIOL_CATEGORY,PCF_VIOLATION,PCF_VIOL_SUBSECTION,HIT_AND_RUN,TYPE_OF_COLLISION,MVIW,PED_ACTION,ROAD_SURFACE,ROAD_COND_1,ROAD_COND_2,LIGHTING,CONTROL_DEVICE,CHP_ROAD_TYPE,PEDESTRIAN_ACCIDENT,BICYCLE_ACCIDENT,MOTORCYCLE_ACCIDENT,TRUCK_ACCIDENT,NOT_PRIVATE_PROPERTY,ALCOHOL_INVOLVED,STWD_VEHTYPE_AT_FAULT,CHP_VEHTYPE_AT_FAULT,COUNT_SEVERE_INJ,COUNT_VISIBLE_INJ,COUNT_COMPLAINT_PAIN,COUNT_PED_KILLED,COUNT_PED_INJURED,COUNT_BICYCLIST_KILLED,COUNT_BICYCLIST_INJURED,COUNT_MC_KILLED,COUNT_MC_INJURED,PRIMARY_RAMP,SECONDARY_RAMP,LATITUDE,LONGITUDE,COUNTY,CITY,POINT_X,POINT_Y
6411257,2014,2014-06-12,1906,2014-02-26,1800,2876,NA,3,5,5,1906,0,0,0,NA,0,NA,MERCED AV,BIG DALTON AV,0,NA,Y,A,-,N,NA,NA,NA,NA,NA,NA,NA,NA,NA,N,4,0,1,2,D,-,00,NA,NA,N,D,G,A,A,H,-,B,D,0,NA,Y,NA,NA,Y,Y,-,-,0,0,1,0,0,0,1,0,0,-,-,NA,NA,LOS ANGELES,BALDWIN PARK,-117.96274006,34.07351011
6411271,2014,2014-06-24,1900,2014-03-12,1930,196195,1418,3,5,1,1932,0,0,0,NA,0,141T5,FULLERTON RD,SAN JOSE AV,0,NA,Y,A,-,N,NA,NA,NA,NA,NA,NA,NA,NA,NA,Y,4,0,1,2,A,-,09,21801,A,N,D,C,A,A,H,-,C,A,0,NA,NA,NA,NA,Y,NA,A,01,0,0,1,0,0,0,0,0,0,-,-,34.0003,-117.90451,LOS ANGELES,INDUSTRY,-117.90446009,34.00027005
6411279,2014,2015-08-14,1900,2014-03-14,0015,275801,1430,5,5,4,1937,0,0,0,NA,0,143T2,ORANGE AV,NELSON AV,278,N,N,A,-,N,NA,NA,NA,NA,NA,NA,NA,NA,NA,Y,4,0,1,4,A,-,03,22350,NA,N,F,E,A,A,H,-,C,D,0,NA,NA,NA,NA,Y,NA,A,01,0,0,1,0,0,0,0,0,0,-,-,NA,NA,LOS ANGELES,LA PUENTE,-117.97620255,34.04098027
6411281,2014,2015-02-12,1900,2014-03-15,1759,512406,2113,6,5,5,1943,0,0,0,NA,0,212D1,IMPERIAL HWY,STANDARD AV,10,W,N,A,-,N,NA,NA,NA,NA,NA,NA,NA,NA,NA,N,4,0,1,2,A,-,08,22107,NA,N,C,E,A,A,H,-,A,A,0,NA,NA,NA,NA,Y,NA,A,01,0,0,1,0,0,0,0,0,0,-,-,NA,NA,LOS ANGELES,LYNWOOD,-118.19403269,33.93160306
6411287,2014,2014-05-20,1900,2014-03-12,1502,263565,1132,3,5,6,1992,0,0,0,NA,0,111T2,DIVISION ST,LANCASTER BL,0,NA,Y,A,-,N,NA,NA,NA,NA,NA,NA,NA,NA,NA,N,4,0,1,2,A,-,09,21801,A,N,D,C,A,A,H,-,A,A,0,NA,NA,NA,NA,Y,NA,J,43,0,0,1,0,0,0,0,0,0,-,-,NA,NA,LOS ANGELES,LANCASTER,-118.13041004,34.69910011
6411391,2014,2015-02-13,1941,2014-03-10,1410,5736,NA,1,5,7,1941,0,0,0,NA,0,NA,OCEAN BL,MAGNOLIA AV,0,NA,Y,A,-,N,NA,NA,NA,NA,NA,NA,NA,NA,NA,N,4,0,1,2,A,-,09,21801,A,N,A,C,A,A,H,-,A,D,0,NA,NA,NA,NA,Y,NA,A,NA,0,0,1,0,0,0,0,0,0,-,-,NA,NA,LOS ANGELES,LONG BEACH,-118.19807003,33.76739005
6411407,2014,2014-06-28,1941,2014-03-03,1015,5755,652,1,5,7,1941,0,0,0,NA,0,015,WILLOW ST,PALO VERDE AV,0,NA,Y,A,-,N,NA,NA,NA,NA,NA,NA,NA,NA,NA,Y,4,0,1,3,A,-,09,21801,A,N,D,C,A,A,H,-,A,A,0,NA,NA,NA,NA,Y,NA,D,22,0,0,1,0,0,0,0,0,0,-,-,NA,NA,LOS ANGELES,LONG BEACH,-118.10793002,33.80330001
6411423,2014,2014-06-28,1941,2014-03-12,1320,5407,NA,3,5,7,1941,0,0,0,NA,0,NA,NORWALK BL,226TH ST,260,S,N,A,-,N,NA,NA,NA,NA,NA,NA,NA,NA,NA,Y,4,0,1,2,A,-,08,22102,NA,N,C,C,A,A,H,-,A,D,0,NA,NA,NA,NA,Y,NA,A,01,0,0,1,0,0,0,0,0,0,-,-,NA,NA,LOS ANGELES,LONG BEACH,-118.07181,33.82328723
6412506,2014,2014-06-26,1962,2014-03-17,1113,105,1962,1,5,4,1962,0,0,0,NA,0,023,ANGELENO AV,DEL MAR AV,0,NA,Y,A,-,N,NA,NA,NA,NA,NA,NA,NA,NA,NA,N,4,0,2,2,A,-,03,22350,NA,N,C,C,A,A,H,-,A,A,0,NA,NA,NA,NA,Y,NA,A,01,0,0,2,0,0,0,0,0,0,-,-,NA,NA,LOS ANGELES,SAN GABRIEL,-118.09959011,34.0960601
6412513,2014,2014-06-26,1956,2014-03-14,2318,1284,38,5,5,5,1956,0,0,0,NA,0,003,AVIATION BL,HUNTINGTON LN,100,N,N,A,-,N,NA,NA,NA,NA,NA,NA,NA,NA,NA,Y,4,0,2,2,C,-,18,NA,NA,N,B,C,A,A,H,-,C,A,0,NA,NA,NA,NA,Y,NA,-,-,0,0,2,0,0,0,0,0,0,-,-,NA,NA,LOS ANGELES,REDONDO BEACH,-118.38288165,33.86830478
6412517,2014,2014-06-26,1956,2014-03-16,1020,1281,24,7,5,5,1956,0,0,0,NA,0,002,N HARBOR DR,YACHT CLUB WY,0,NA,Y,A,-,N,NA,NA,NA,NA,NA,NA,NA,NA,NA,N,2,0,1,2,A,-,08,22107,NA,N,D,G,A,A,H,-,A,A,0,NA,Y,NA,NA,Y,NA,D,22,1,0,0,0,0,0,1,0,0,-,-,NA,NA,LOS ANGELES,REDONDO BEACH,-118.39711006,33.85198001
6412539,2014,2015-08-14,1900,2014-03-03,1539,504708,0562,1,5,3,1968,0,0,0,NA,0,55T1PM,SANTA ANITA AV,FAWCETT AV,273,N,N,A,-,N,NA,NA,NA,NA,NA,NA,NA,NA,NA,Y,3,0,2,2,A,-,09,21804,A,N,D,C,A,A,H,-,A,D,0,NA,NA,NA,NA,Y,NA,D,22,0,1,1,0,0,0,0,0,0,-,-,NA,NA,LOS ANGELES,SOUTH EL MONTE,-118.04941027,34.041416
6412543,2014,2014-06-30,1900,2014-03-03,1030,453061,0561,1,5,3,1968,0,0,0,NA,0,55T1AM,RUSH ST,CENTRAL AV,0,NA,Y,A,-,N,NA,NA,NA,NA,NA,NA,NA,NA,NA,Y,4,0,1,2,A,-,12,21453,A,N,D,C,A,A,H,-,A,A,0,NA,NA,NA,NA,Y,NA,D,22,0,0,1,0,0,0,0,0,0,-,-,NA,NA,LOS ANGELES,SOUTH EL MONTE,-118.04693003,34.05185005
6412570,2014,2016-03-26,9580,2014-03-14,1440,019896,NA,5,2,3,1989,0,1,2,NA,2,107,RT 101,PARKWAY CALABASAS,1848,N,N,A,-,Y,LA,7,101,-,-,28.71,H,-,S,Y,4,0,1,2,A,-,03,22350,NA,N,C,C,A,A,H,-,A,D,1,NA,NA,NA,NA,Y,NA,D,22,0,0,1,0,0,0,0,0,0,-,-,34.15101,-118.65895,LOS ANGELES,CALABASAS,-118.65900208,34.15109403
6412572,2014,2014-06-26,1965,2014-03-19,1115,3158,0B3F,3,5,5,1965,0,0,0,NA,0,B003,STEWART ST,OLYMPIC BL,0,NA,Y,A,-,N,NA,NA,NA,NA,NA,NA,NA,NA,NA,N,4,0,1,2,A,-,08,22107,NA,F,B,G,A,A,H,-,A,A,0,NA,Y,NA,NA,Y,NA,D,22,0,0,1,0,0,0,1,0,0,-,-,NA,NA,LOS ANGELES,SANTA MONICA,-118.46536012,34.02980008
6412582,2014,2016-01-19,9580,2014-03-12,0830,019097,NA,3,1,7,1942,0,1,2,NA,2,103,RT 101,LOUISE AV,50,N,N,A,-,Y,LA,7,101,-,-,19.7,H,-,S,Y,4,0,1,2,A,-,03,22350,NA,N,C,C,A,A,H,-,A,D,1,NA,NA,NA,NA,Y,NA,D,22,0,0,1,0,0,0,0,0,0,-,-,34.17089,-118.51073,LOS ANGELES,LOS ANGELES,-118.50921126,34.17108998
6412591,2014,2016-01-11,9580,2014-03-14,2120,020538,NA,5,2,7,1942,0,1,3,NA,2,114,RT 118,SEPULVEDA BL,450,E,N,A,-,Y,LA,7,405,-,R,10.236,R,2,S,Y,4,0,1,2,A,-,08,22107,NA,N,C,C,A,A,H,-,D,D,0,NA,NA,NA,NA,Y,NA,A,01,0,0,1,0,0,0,0,0,0,FR,-,34.26559,-118.46456,LOS ANGELES,LOS ANGELES,-118.2528863,33.82845362
6412598,2014,2016-01-11,9580,2014-03-06,1700,019573,NA,4,2,7,1942,0,1,1,NA,2,407,RT 405,PARTHENIA ST,87,S,N,A,-,Y,LA,7,405,-,-,44.22,H,-,S,Y,4,0,4,4,A,-,03,22350,NA,N,B,C,A,A,H,-,A,D,1,NA,NA,NA,Y,Y,NA,G,25,0,0,4,0,0,0,0,0,0,-,-,34.22784,-118.47338,LOS ANGELES,LOS ANGELES,-118.47325374,34.2278685
6412608,2014,2014-06-27,1969,2014-02-23,1523,10097,PATRO,7,5,5,1969,0,0,0,NA,0,0A3,MCNERNEY AV,FIRESTONE BL,416,S,N,A,-,N,NA,NA,NA,NA,NA,NA,NA,NA,NA,Y,4,0,1,3,A,-,03,22350,NA,F,D,C,A,A,H,-,A,D,0,NA,NA,NA,NA,Y,NA,A,01,0,0,1,0,0,0,0,0,0,-,-,NA,NA,LOS ANGELES,SOUTH GATE,-118.19532464,33.95198852
6412611,2014,2015-11-10,9580,2014-03-18,0905,020119,NA,2,1,7,1942,0,1,1,NA,2,407,RT 405,ROSCOE BL,1056,S,N,A,-,Y,LA,7,405,-,-,19.01,H,-,S,Y,4,0,2,4,A,-,03,22350,NA,N,C,C,A,A,H,-,A,D,0,NA,NA,NA,NA,Y,NA,A,01,0,0,2,0,0,0,0,0,0,-,-,34.21873,-118.47353,LOS ANGELES,LOS ANGELES,-118.37036772,33.89863192
6412614,2014,2014-05-20,1900,2014-03-03,0955,453061,0562,1,5,3,1968,0,0,0,NA,0,55T1,RUSH ST,PENN MAR AV,41,E,N,A,-,N,NA,NA,NA,NA,NA,NA,NA,NA,NA,Y,4,0,3,2,D,-,00,NA,NA,N,B,C,A,A,H,-,A,D,0,NA,NA,NA,NA,Y,NA,-,-,0,0,3,0,0,0,0,0,0,-,-,NA,NA,LOS ANGELES,SOUTH EL MONTE,-118.03333423,34.04865074
6412623,2014,2016-03-26,9580,2014-03-15,1628,019896,NA,6,2,3,1989,0,1,2,NA,2,107,RT 101,PARKWAY CALABASAS,300,N,N,A,-,Y,LA,7,101,-,-,28.35,H,-,S,N,4,0,2,2,A,-,03,22350,NA,N,C,C,A,A,H,-,A,D,1,NA,NA,NA,NA,Y,NA,A,01,0,0,2,0,0,0,0,0,0,-,-,34.15296,-118.65256,LOS ANGELES,CALABASAS,-118.6530564,34.15290842
6412632,2014,2015-01-30,1969,2014-02-15,2330,10141,PATRO,6,5,5,1969,0,0,0,NA,0,002,LONG BEACH BL,INDEPENDENCE AV,0,NA,Y,A,-,N,NA,NA,NA,NA,NA,NA,NA,NA,NA,Y,4,0,2,2,A,-,01,23152,A,M,C,C,A,A,H,-,C,A,0,NA,NA,NA,NA,Y,Y,D,22,0,0,2,0,0,0,0,0,0,-,-,NA,NA,LOS ANGELES,SOUTH GATE,-118.22283011,33.95978006
6412776,2014,2014-04-18,1942,2014-03-18,0828,32996,1123,2,5,7,1942,0,0,0,K,0,13TL53,GLENDALE BL,EDENHURST AV,110,S,N,A,-,N,NA,NA,NA,NA,NA,NA,NA,NA,NA,N,4,0,1,2,A,-,06,21755,NA,N,D,G,A,A,H,-,A,A,0,NA,Y,NA,NA,Y,NA,L,04,0,0,1,0,0,0,1,0,0,-,-,NA,NA,LOS ANGELES,LOS ANGELES,-118.26133426,34.11775699
6412795,2014,2016-02-22,9575,2014-03-19,0745,15935,NA,3,1,9,1900,0,1,1,NA,2,063,RT 210,ANGELES CREST HWY,100,E,N,A,-,Y,LA,7,210,-,R,20.074,R,1,E,Y,4,0,1,2,A,-,03,22350,NA,N,C,C,A,A,H,-,A,A,1,NA,NA,NA,NA,Y,NA,J,48,0,0,1,0,0,0,0,0,0,FR,-,34.20567,-118.19782,LOS ANGELES,UNINCORPORATED,-118.19713053,34.20539805
6412798,2014,2014-04-19,1901,2014-03-21,1641,228,26,5,5,5,1901,0,0,0,NA,0,003,PALM,TEAGARDEN LN,9,S,N,A,-,N,NA,NA,NA,NA,NA,NA,NA,NA,NA,Y,4,0,1,2,A,-,09,21804,A,N,D,C,A,A,H,-,A,D,0,NA,NA,NA,NA,Y,NA,A,01,0,0,1,0,0,0,0,0,0,-,-,NA,NA,LOS ANGELES,ALHAMBRA,-118.1466,34.08959532
6412799,2014,2014-04-19,1942,2014-03-09,1455,31387,0882,7,5,7,1942,0,0,0,H,0,6TL2,SAWTELLE BL,OLYMPIC BL,0,NA,Y,A,-,N,NA,NA,NA,NA,NA,NA,NA,NA,NA,Y,3,0,2,2,A,-,09,21806,A,N,D,D,A,A,H,-,A,A,0,NA,NA,NA,NA,Y,NA,A,07,0,1,1,0,0,0,0,0,0,-,-,NA,NA,LOS ANGELES,LOS ANGELES,-118.44121009,34.03818002
6412842,2014,2014-04-18,1942,2014-03-24,1805,26319,1021,1,5,7,1942,0,0,0,J,0,19TL74,VANOWEN ST,TAMPA AV,0,NA,Y,A,-,N,NA,NA,NA,NA,NA,NA,NA,NA,NA,N,4,0,1,2,A,-,11,21950,B,N,G,B,B,A,H,-,A,A,0,Y,NA,NA,NA,Y,NA,N,60,0,0,1,0,1,0,0,0,0,-,-,NA,NA,LOS ANGELES,LOS ANGELES,-118.55345008,34.19383003
6412846,2014,2014-04-18,1900,2014-03-25,1640,484623,1122,2,5,6,1992,0,0,0,NA,0,112T1,BEECH AV,LANCASTER BL,18,N,N,A,-,N,NA,NA,NA,NA,NA,NA,NA,NA,NA,N,3,0,1,2,A,-,11,21950,B,N,G,B,D,A,H,-,A,A,0,Y,NA,NA,NA,Y,NA,N,60,0,1,0,0,1,0,0,0,0,-,-,NA,NA,LOS ANGELES,LANCASTER,-118.13829745,34.69834897
6412848,2014,2014-07-02,1942,2014-04-01,1355,NA,0185,2,5,7,1942,0,0,0,A,0,1TL24,PICO BL,LOS ANGELES ST,101,W,N,A,-,N,NA,NA,NA,NA,NA,NA,NA,NA,NA,N,4,0,1,2,A,-,11,21955,NA,N,G,B,D,A,H,-,A,D,0,Y,NA,NA,NA,Y,NA,N,60,0,0,1,0,1,0,0,0,0,-,-,NA,NA,LOS ANGELES,LOS ANGELES,-118.2596387,34.03590129
6412854,2014,2016-03-05,9590,2014-03-24,1231,16692,NA,1,1,7,1942,0,1,1,NA,2,082,RT 110,1ST ST,50,N,N,B,-,Y,LA,7,110,-,-,23.37,H,-,N,N,4,0,1,4,A,-,07,21658,A,N,B,C,A,A,H,-,A,D,1,NA,NA,NA,NA,Y,NA,A,01,0,0,1,0,0,0,0,0,0,-,-,34.05961,-118.252,LOS ANGELES,LOS ANGELES,-118.25293252,34.05902913
6412858,2014,2015-11-10,9590,2014-03-25,1400,16692,NA,2,2,7,1942,0,1,1,NA,2,051,RT 110,39TH ST,225,S,N,A,-,Y,LA,7,110,-,-,19.64,H,-,S,Y,4,0,2,3,A,-,03,22350,NA,N,C,C,A,A,H,-,A,D,1,NA,NA,NA,NA,Y,NA,A,07,0,0,2,0,0,0,0,0,0,-,-,34.01333,-118.25809,LOS ANGELES,LOS ANGELES,-118.28109866,34.0134685
6412862,2014,2014-04-18,1942,2014-03-08,0710,30380,0152,6,5,7,1942,0,0,0,A,0,4TL43,W 6TH ST,S FIGUEROA ST,0,NA,Y,A,-,N,NA,NA,NA,NA,NA,NA,NA,NA,NA,N,3,0,1,2,A,-,08,22101,D,N,D,G,A,A,H,-,A,A,0,NA,Y,NA,NA,Y,NA,J,48,0,1,0,0,0,0,1,0,0,-,-,NA,NA,LOS ANGELES,LOS ANGELES,-118.25856003,34.05082001
6412866,2014,2014-04-18,1942,2014-03-26,0850,31816,127,3,5,7,1942,0,0,0,L,0,4T43,1ST ST,JUDGE JOHN AISO ST,0,NA,Y,-,-,N,NA,NA,NA,NA,NA,NA,NA,NA,NA,Y,3,0,3,2,A,-,-,NA,NA,N,-,C,A,-,-,-,-,-,0,NA,NA,NA,NA,Y,NA,J,48,0,1,2,0,0,0,0,0,0,-,-,NA,NA,LOS ANGELES,LOS ANGELES,-118.2409301,34.05040004
6413106,2014,2016-02-06,9580,2014-02-19,0838,18101,NA,3,1,7,1942,0,1,3,NA,2,170,RT 170,MAGNOLIA BL,150,N,N,A,-,Y,LA,7,170,-,R,15.43,H,-,S,Y,4,0,1,2,A,-,03,22350,NA,N,C,C,A,A,H,-,A,D,1,NA,NA,Y,NA,Y,NA,C,02,0,0,1,0,0,0,0,0,1,-,-,34.16608,-118.38343,LOS ANGELES,LOS ANGELES,-118.38321563,34.16581343
6413461,2014,2015-12-28,9525,2014-03-01,1230,020034,NA,6,1,5,1990,0,1,3,NA,2,602,RT 60,RT 57,84,W,N,B,C,Y,LA,7,60,-,R,23.252,R,2,E,Y,4,0,3,2,A,-,08,22107,NA,N,E,I,A,B,H,-,A,D,1,NA,NA,NA,NA,Y,NA,A,07,0,0,3,0,0,0,0,0,0,-,-,33.9983,-117.83837,LOS ANGELES,DIAMOND BAR,-117.84010252,34.00123147
6413465,2014,2015-11-14,9525,2014-03-02,1435,019854,NA,7,2,5,1906,0,1,1,NA,2,103,RT 10,FRAZIER ST,500,E,N,B,-,Y,LA,7,10,-,-,31.58,H,-,W,Y,4,0,3,4,A,-,03,22350,NA,N,C,C,A,A,H,-,A,D,1,NA,NA,NA,NA,Y,NA,A,01,0,0,3,0,0,0,0,0,0,-,-,34.06721,-117.98622,LOS ANGELES,BALDWIN PARK,-117.9927801,34.06615792
6413517,2014,2014-06-24,1902,2014-03-01,0756,711,8,6,5,5,1902,0,0,0,NA,0,001,FOOTHILL BL,2ND AV,0,NA,Y,C,-,N,NA,NA,NA,NA,NA,NA,NA,NA,NA,Y,4,0,1,2,A,-,12,21453,A,N,D,C,A,B,H,-,A,A,0,NA,NA,NA,NA,Y,NA,A,07,0,0,1,0,0,0,0,0,0,-,-,NA,NA,LOS ANGELES,ARCADIA,-118.02541007,34.15106004
6413527,2014,2014-06-24,1920,2014-03-13,0709,10140,NA,4,5,6,1920,0,0,0,NA,0,002,PARAMOUNT BL,GARDENDALE ST,0,NA,Y,A,-,N,NA,NA,NA,NA,NA,NA,NA,NA,NA,Y,4,0,1,2,A,-,09,21801,A,N,D,C,A,A,H,-,A,A,0,NA,NA,NA,NA,Y,NA,A,NA,0,0,1,0,0,0,0,0,0,-,-,NA,NA,LOS ANGELES,DOWNEY,-118.15702001,33.91741003
6413531,2014,2014-06-24,1920,2014-03-13,0430,11348,NA,4,5,6,1920,0,0,0,NA,0,003,TELEGRAPH RD,PARAMOUNT BL,0,NA,Y,A,-,N,NA,NA,NA,NA,NA,NA,NA,NA,NA,Y,4,0,1,2,A,-,09,21801,A,N,D,C,A,A,H,-,C,A,0,NA,NA,NA,NA,Y,NA,A,NA,0,0,1,0,0,0,0,0,0,-,-,NA,NA,LOS ANGELES,DOWNEY,-118.11578012,33.96707003
6413535,2014,2014-06-24,1920,2014-03-11,0814,10140,NA,2,5,6,1920,0,0,0,NA,0,001,DUNROBIN AV,PRISCILLA AV,79,N,N,A,-,N,NA,NA,NA,NA,NA,NA,NA,NA,NA,N,3,0,1,2,A,-,11,21954,A,N,G,B,D,A,H,-,A,D,0,Y,NA,NA,NA,Y,NA,-,NA,0,1,0,0,1,0,0,0,0,-,-,NA,NA,LOS ANGELES,DOWNEY,-118.12100212,33.91181639
6413539,2014,2014-06-24,1920,2014-03-11,1051,13,NA,2,5,6,1920,0,0,0,NA,0,006,PARAMOUNT BL,BROOKMILL RD,500,N,N,A,-,N,NA,NA,NA,NA,NA,NA,NA,NA,NA,Y,3,0,1,2,A,-,05,21460,C,N,B,C,A,A,H,-,A,D,0,NA,NA,NA,NA,Y,NA,A,NA,0,1,0,0,0,0,0,0,0,-,-,NA,NA,LOS ANGELES,DOWNEY,-118.1406046,33.93910602
6413543,2014,2014-06-24,1920,2014-03-07,1501,10140,NA,5,5,6,1920,0,0,0,NA,0,002,FIRESTONE BL,RYERSON AV,300,E,N,A,-,N,NA,NA,NA,NA,NA,NA,NA,NA,NA,Y,4,0,2,2,D,-,00,NA,NA,N,D,C,A,A,H,-,A,D,0,NA,NA,NA,NA,Y,NA,-,-,0,0,2,0,0,0,0,0,0,-,-,NA,NA,LOS ANGELES,DOWNEY,-118.15352663,33.94752062
6413547,2014,2014-06-24,1920,2014-03-08,1817,12323,NA,6,5,6,1920,0,0,0,NA,0,002,FIRESTONE BL,RYERSON AV,50,E,N,A,-,N,NA,NA,NA,NA,NA,NA,NA,NA,NA,N,4,0,1,3,A,-,03,22350,NA,N,C,C,A,A,H,-,C,A,0,NA,NA,NA,NA,Y,NA,A,NA,0,0,1,0,0,0,0,0,0,-,-,NA,NA,LOS ANGELES,DOWNEY,-118.15432942,33.94767018
6413560,2014,2014-06-24,1942,2014-03-08,2230,38471,1035,6,5,7,1942,0,0,0,J,0,10T35W,WHITE OAK AV,VICTORY BL,0,NA,Y,A,-,N,NA,NA,NA,NA,NA,NA,NA,NA,NA,Y,4,0,1,2,A,-,01,23152,A,F,D,C,A,A,H,-,C,B,0,NA,NA,NA,NA,Y,Y,A,01,0,0,1,0,0,0,0,0,0,-,-,NA,NA,LOS ANGELES,LOS ANGELES,-118.51849002,34.18662007
6413568,2014,2014-06-24,1942,2014-03-04,2000,24475,0784,2,5,7,1942,0,0,0,G,0,6T7,LA BREA BL,21ST ST,10,W,N,A,-,N,NA,NA,NA,NA,NA,NA,NA,NA,NA,N,3,0,1,2,A,-,12,21453,A,F,D,G,A,A,H,-,C,A,0,NA,Y,NA,NA,Y,Y,-,99,0,1,0,0,0,0,1,0,0,-,-,NA,NA,LOS ANGELES,LOS ANGELES,-118.34847032,34.03844395
6413571,2014,2014-06-24,1920,2014-03-03,1727,12035,NA,1,5,6,1920,0,0,0,NA,0,002,PARAMOUNT BL,BORSON ST,0,NA,Y,A,-,N,NA,NA,NA,NA,NA,NA,NA,NA,NA,Y,3,0,1,2,A,-,09,21802,A,N,D,C,A,-,H,-,A,A,0,NA,NA,NA,NA,Y,NA,A,NA,0,1,0,0,0,0,0,0,0,-,-,NA,NA,LOS ANGELES,DOWNEY,-118.15369012,33.92190005
6413572,2014,2014-06-24,1942,2014-03-01,1330,36553,2019,6,5,7,1942,0,0,0,NA,0,8T35,BEVERLY BL,JUANITA AV,0,NA,Y,C,-,N,NA,NA,NA,NA,NA,NA,NA,NA,NA,N,4,0,1,3,A,-,09,21802,A,F,D,C,A,B,H,-,A,A,0,NA,NA,NA,NA,Y,NA,A,08,0,0,1,0,0,0,0,0,0,-,-,NA,NA,LOS ANGELES,LOS ANGELES,-118.29053,34.07631007
6413575,2014,2014-06-24,1920,2014-03-07,1731,11992,NA,5,5,6,1920,0,0,0,NA,0,005,FLORENCE AV,ORIZABA AV,0,NA,Y,A,-,N,NA,NA,NA,NA,NA,NA,NA,NA,NA,Y,4,0,2,2,A,-,09,21801,A,N,D,C,A,A,H,-,A,D,0,NA,NA,NA,NA,Y,NA,A,NA,0,0,2,0,0,0,0,0,0,-,-,NA,NA,LOS ANGELES,DOWNEY,-118.12791003,33.95250004
6413579,2014,2014-06-24,1920,2014-03-03,1556,11033,NA,1,5,6,1920,0,0,0,NA,0,005,FIRESTONE BL,LA REINA AV,240,W,N,A,-,N,NA,NA,NA,NA,NA,NA,NA,NA,NA,N,4,0,2,2,A,-,03,22350,NA,M,C,C,A,A,H,-,A,D,0,NA,NA,NA,NA,Y,NA,A,NA,0,0,2,0,0,0,0,0,0,-,-,NA,NA,LOS ANGELES,DOWNEY,-118.13555929,33.94143218
6413583,2014,2014-06-24,1920,2014-03-08,1822,11992,NA,6,5,6,1920,0,0,0,NA,0,002,OLD RIVER SCHOOL RD,EMILY LN,0,NA,Y,A,-,N,NA,NA,NA,NA,NA,NA,NA,NA,NA,Y,4,0,1,2,A,-,09,21802,A,N,D,C,A,A,H,-,C,A,0,NA,NA,Y,NA,Y,NA,A,NA,0,0,1,0,0,0,0,0,1,-,-,NA,NA,LOS ANGELES,DOWNEY,-118.16084013,33.93039004
6413587,2014,2014-06-24,1920,2014-03-10,0904,10216,NA,1,5,6,1920,0,0,0,NA,0,003,PARAMOUNT BL,FLORENCE AV,605,N,N,A,-,N,NA,NA,NA,NA,NA,NA,NA,NA,NA,Y,4,0,2,3,A,-,03,22350,NA,N,C,C,A,A,H,-,A,D,0,NA,NA,NA,NA,Y,NA,A,NA,0,0,2,0,0,0,0,0,0,-,-,NA,NA,LOS ANGELES,DOWNEY,-118.12898509,33.95495158
6413591,2014,2014-06-24,1920,2014-03-10,1244,11033,NA,1,5,6,1920,0,0,0,NA,0,003,PARAMOUNT BL,4TH ST,0,NA,Y,A,-,N,NA,NA,NA,NA,NA,NA,NA,NA,NA,Y,4,0,1,2,A,-,09,21802,A,N,D,C,A,A,H,-,A,A,0,NA,NA,NA,NA,Y,NA,A,NA,0,0,1,0,0,0,0,0,0,-,-,NA,NA,LOS ANGELES,DOWNEY,-118.13573007,33.94575
6413595,2014,2014-06-24,1920,2014-03-03,1820,12035,NA,1,5,6,1920,0,0,0,NA,0,003,OLD RIVER SCHOOL RD,IRWINGROVE DR,0,NA,Y,A,-,N,NA,NA,NA,NA,NA,NA,NA,NA,NA,N,4,0,1,2,A,-,21,22106,NA,N,C,C,A,A,H,-,C,A,0,NA,NA,NA,NA,Y,NA,A,NA,0,0,1,0,0,0,0,0,0,-,-,NA,NA,LOS ANGELES,DOWNEY,-118.14160009,33.95736005
6413599,2014,2014-06-24,1920,2014-03-04,1727,12035,NA,2,5,6,1920,0,0,0,NA,0,002,PARAMOUNT BL,SPRINGER ST,0,NA,Y,A,-,N,NA,NA,NA,NA,NA,NA,NA,NA,NA,Y,4,0,2,2,A,-,17,21461,A,N,A,C,A,A,H,-,A,A,0,NA,NA,NA,NA,Y,NA,A,NA,0,0,2,0,0,0,0,0,0,-,-,NA,NA,LOS ANGELES,DOWNEY,-118.14879,33.92827009
6413603,2014,2014-06-19,1920,2014-02-14,0100,12510,NA,5,5,6,1920,0,0,0,NA,0,002,STEWART AND GRAY RD,OLD RIVER SCHOOL RD,132,E,N,A,-,N,NA,NA,NA,NA,NA,NA,NA,NA,NA,Y,4,0,1,2,A,-,01,23152,A,M,A,C,A,A,H,-,C,D,0,NA,NA,NA,NA,Y,Y,A,NA,0,0,1,0,0,0,0,0,0,-,-,NA,NA,LOS ANGELES,DOWNEY,-118.15366052,33.94005816