CASE_ID,ACCIDENT_YEAR,PROC_DATE,JURIS,COLLISION_DATE,COLLISION_TIME,OFFICER_ID,REPORTING_DISTRICT,DAY_OF_WEEK,CHP_SHIFT,POPULATION,CNTY_CITY_LOC,SPECIAL_COND,BEAT_TYPE,CHP_BEAT_TYPE,CITY_DIVISION_LAPD,CHP_BEAT_CLASS,BEAT_NUMBER,PRIMARY_RD,SECONDARY_RD,DISTANCE,DIRECTION,INTERSECTION,WEATHER_1,WEATHER_2,STATE_HWY_IND,CALTRANS_COUNTY,CALTRANS_DISTRICT,STATE_ROUTE,ROUTE_SUFFIX,POSTMILE_PREFIX,POSTMILE,LOCATION_TYPE,RAMP_INTERSECTION,SIDE_OF_HWY,TOW_AWAY,COLLISION_SEVERITY,NUMBER_KILLED,NUMBER_INJURED,PARTY_COUNT,PRIMARY_COLL_FACTOR,PCF_CODE_OF_VIOL,PCF_VIOL_CATEGORY,PCF_VIOLATION,PCF_VIOL_SUBSECTION,HIT_AND_RUN,TYPE_OF_COLLISION,MVIW,PED_ACTION,ROAD_SURFACE,ROAD_COND_1,ROAD_COND_2,LIGHTING,CONTROL_DEVICE,CHP_ROAD_TYPE,PEDESTRIAN_ACCIDENT,BICYCLE_ACCIDENT,MOTORCYCLE_ACCIDENT,TRUCK_ACCIDENT,NOT_PRIVATE_PROPERTY,ALCOHOL_INVOLVED,STWD_VEHTYPE_AT_FAULT,CHP_VEHTYPE_AT_FAULT,COUNT_SEVERE_INJ,COUNT_VISIBLE_INJ,COUNT_COMPLAINT_PAIN,COUNT_PED_KILLED,COUNT_PED_INJURED,COUNT_BICYCLIST_KILLED,COUNT_BICYCLIST_INJURED,COUNT_MC_KILLED,COUNT_MC_INJURED,PRIMARY_RAMP,SECONDARY_RAMP,LATITUDE,LONGITUDE,COUNTY,CITY,POINT_X,POINT_Y
6413606,2014,2014-06-23,1918,2014-02-17,0722,517,NA,1,5,4,1918,0,0,0,NA,0,2M12,SEPULVEDA BL,JEFFERSON BL,24,N,N,A,-,N,NA,NA,NA,NA,NA,NA,NA,NA,NA,Y,4,0,1,1,B,-,22,NA,NA,N,E,I,A,A,H,-,A,A,0,NA,NA,NA,NA,Y,NA,A,01,0,0,1,0,0,0,0,0,0,-,-,33.99619,-118.3956,LOS ANGELES,CULVER CITY,-118.39568936,33.99600141
6413607,2014,2014-06-19,1920,2014-02-25,0530,10432,1920,2,5,6,1920,0,0,0,NA,0,001,STEWART AND GRAY RD,WOODRUFF AV,1250,W,N,A,-,N,NA,NA,NA,NA,NA,NA,NA,NA,NA,Y,4,0,1,2,A,-,03,22350,NA,N,C,C,A,A,H,-,C,D,0,NA,NA,NA,NA,Y,NA,A,NA,0,0,1,0,0,0,0,0,0,-,-,NA,NA,LOS ANGELES,DOWNEY,-118.12079527,33.9277
6413610,2014,2014-06-23,1918,2014-02-16,1326,WELLS,NA,7,5,4,1918,0,0,0,NA,0,PATROL,WEST WASHINGTON BL,SEPULVEDA BL,4,E,N,A,-,N,NA,NA,NA,NA,NA,NA,NA,NA,NA,Y,4,0,1,2,A,-,-,NA,NA,F,C,C,A,A,H,-,A,A,0,NA,NA,NA,NA,Y,NA,A,07,0,0,1,0,0,0,0,0,0,-,-,34.00746,-118.41292,LOS ANGELES,CULVER CITY,-118.41297443,34.00718994
6413612,2014,2016-02-20,9525,2014-02-24,1745,20114,NA,1,2,3,1921,0,1,1,NA,2,652,RT 605,HUNTINGTON DR,500,S,N,A,-,Y,LA,7,210,-,R,36.385,R,1,W,Y,4,0,2,3,A,-,03,22350,NA,N,C,C,A,A,H,-,C,D,1,NA,NA,NA,NA,Y,NA,A,07,0,0,2,0,0,0,0,0,0,TO,-,34.13573,-117.96376,LOS ANGELES,DUARTE,-117.95805202,34.13457131
6413614,2014,2016-01-21,1918,2014-02-15,1307,799,2,6,5,4,1918,0,0,0,NA,0,2M9,ALBRIGHT AV,VENICE BL,12,S,N,A,-,Y,LA,7,187,-,-,5.671,I,6,E,Y,3,0,2,3,A,-,01,23153,A,F,C,C,A,A,H,-,A,A,0,NA,NA,NA,NA,Y,Y,A,08,0,1,1,0,0,0,0,0,0,-,-,34.00371,-118.25168,LOS ANGELES,CULVER CITY,-118.42068275,34.010743
6413616,2014,2015-11-14,9525,2014-02-15,1718,018651,NA,6,2,9,1900,0,1,1,NA,2,105,RT 10,VIA VERDE AV,528,W,N,A,-,Y,LA,7,10,-,-,40.26,H,-,W,Y,3,0,1,1,A,-,01,23152,A,N,E,I,A,A,H,-,A,D,1,NA,NA,NA,NA,Y,Y,A,01,0,1,0,0,0,0,0,0,0,-,-,34.06838,-117.84854,LOS ANGELES,UNINCORPORATED,-117.84308649,34.06883777
6413618,2014,2015-12-28,1918,2014-02-14,1036,773,NA,5,5,4,1918,0,0,0,NA,0,2M6,CULVER BL,RT 405,0,NA,Y,A,-,Y,LA,7,405,-,-,27.404,R,4,N,Y,4,0,3,3,A,-,12,21453,A,N,D,C,A,A,H,-,A,A,0,NA,NA,NA,NA,Y,NA,A,01,0,0,3,0,0,0,0,0,0,-,NO,34.00347,-118.41098,LOS ANGELES,CULVER CITY,-118.41303578,34.00553855
6413619,2014,2014-06-19,1920,2014-02-10,2219,16999,1920,1,5,6,1920,0,0,0,NA,0,003,FLORENCE AV,OLD RIVER SCHOOL RD,100,E,N,A,-,N,NA,NA,NA,NA,NA,NA,NA,NA,NA,N,3,0,1,3,A,-,03,22350,NA,N,C,C,A,A,H,-,C,A,0,NA,NA,NA,NA,Y,NA,A,NA,0,1,0,0,0,0,0,0,0,-,-,NA,NA,LOS ANGELES,DOWNEY,-118.14022782,33.95869891
6413620,2014,2015-12-28,9525,2014-02-28,1210,13274,NA,5,1,6,1955,0,1,1,NA,2,109,RT 10,TOWNE AV,1056,W,N,B,C,Y,LA,7,10,-,-,46.21,H,-,W,Y,4,0,1,2,A,-,07,21658,A,N,D,C,A,B,H,-,A,D,1,NA,NA,NA,NA,Y,NA,A,07,0,0,1,0,0,0,0,0,0,-,-,34.07641,-117.74659,LOS ANGELES,POMONA,-117.74479768,34.07701868
6413622,2014,2014-06-23,1918,2014-02-13,0903,517,NA,4,5,4,1918,0,0,0,NA,0,2M12,WASHINGTON BL,WALNUT AV,348,E,N,-,-,N,NA,NA,NA,NA,NA,NA,NA,NA,NA,Y,4,0,2,2,A,-,09,21801,A,N,D,C,A,A,H,-,A,A,0,NA,NA,NA,NA,Y,NA,A,01,0,0,2,0,0,0,0,0,0,-,-,33.99134,-118.44621,LOS ANGELES,CULVER CITY,-118.44617751,33.99128124
6413623,2014,2014-06-19,1920,2014-02-23,2350,12609,NA,7,5,6,1920,0,0,0,NA,0,006,DE PALMA ST,GURLEY AV,58,W,N,A,-,N,NA,NA,NA,NA,NA,NA,NA,NA,NA,N,3,0,1,2,A,-,11,21956,NA,N,G,B,D,A,H,-,C,A,0,Y,NA,NA,NA,Y,Y,N,NA,0,1,0,0,1,0,0,0,0,-,-,NA,NA,LOS ANGELES,DOWNEY,-118.13926189,33.93412418
6413626,2014,2015-08-12,1918,2014-02-11,1919,742,NA,2,5,4,1918,0,0,0,NA,0,2TL22,SAWTELLE BL,WASHINGTON PL,0,NA,Y,A,-,N,NA,NA,NA,NA,NA,NA,NA,NA,NA,Y,3,0,2,2,A,-,09,21801,A,N,A,C,A,A,H,-,C,A,0,NA,NA,NA,NA,Y,NA,A,01,0,2,0,0,0,0,0,0,0,-,-,34.00728,-118.41647,LOS ANGELES,CULVER CITY,-118.41648008,34.00729003
6413630,2014,2014-06-23,1918,2014-02-11,0824,517,NA,2,5,4,1918,0,0,0,NA,0,2M12,WASHINGTON BL,ERNEST AV,63,E,N,A,-,N,NA,NA,NA,NA,NA,NA,NA,NA,NA,Y,4,0,1,2,A,-,21,22106,NA,N,C,C,A,A,H,-,A,D,0,NA,NA,NA,NA,Y,NA,A,08,0,0,1,0,0,0,0,0,0,-,-,34.03379,-118.37137,LOS ANGELES,CULVER CITY,-118.37146641,34.0337006
6413634,2014,2014-06-23,1918,2014-02-07,0916,607,NA,5,5,4,1918,0,0,0,NA,0,2TL21,WASHINGTON BL,KENSINGTON RD,24,W,N,B,-,N,NA,NA,NA,NA,NA,NA,NA,NA,NA,Y,3,0,1,2,A,-,11,21954,A,N,G,B,D,A,H,-,A,D,0,Y,NA,NA,NA,Y,NA,N,60,0,1,0,0,1,0,0,0,0,-,-,33.998,-118.41983,LOS ANGELES,CULVER CITY,-118.41981988,33.99801925
6413636,2014,2016-03-22,9525,2014-02-24,1625,018241,NA,1,2,5,1990,0,1,3,NA,2,584,RT 57,GRAND AV,1620,S,N,A,-,Y,LA,7,57,-,R,4.387,R,2,N,Y,4,0,1,2,A,-,03,22350,NA,N,C,C,A,A,H,-,A,D,1,NA,NA,NA,NA,Y,NA,A,01,0,0,1,0,0,0,0,0,0,-,-,34.00498,-117.82907,LOS ANGELES,DIAMOND BAR,-117.83580378,34.00044288
6413640,2014,2015-11-14,9525,2014-02-16,2055,019491,NA,7,2,4,1916,0,1,1,NA,2,105,RT 10,HOLT AV,2640,E,N,A,-,Y,LA,7,10,-,-,39.51,H,-,W,Y,4,0,1,2,A,-,01,23152,A,N,B,C,A,A,H,-,A,D,1,NA,NA,NA,NA,Y,Y,A,01,0,0,1,0,0,0,0,0,0,-,-,34.06857,-117.85142,LOS ANGELES,COVINA,-117.85598631,34.06824131
6413644,2014,2016-01-21,9525,2014-02-20,0755,14637,NA,4,1,6,1955,0,1,3,NA,2,071,RT 71,RIO RANCHO RD,1000,S,N,A,-,Y,LA,7,71,-,R,3.8,H,-,N,Y,3,0,1,2,A,-,07,21658,A,N,C,C,A,A,H,-,A,D,1,NA,NA,NA,NA,Y,NA,A,01,0,1,0,0,0,0,0,0,0,-,-,34.03047,-117.75653,LOS ANGELES,POMONA,-117.75599668,34.02985293
6413648,2014,2014-06-19,9525,2014-02-01,0130,020561,NA,6,3,9,1900,0,3,5,NA,2,004,WORKMAN MILL RD,3RD AV,528,S,N,A,-,N,NA,NA,NA,NA,NA,NA,NA,NA,NA,Y,3,0,1,1,A,-,03,22350,NA,N,E,I,A,A,H,-,C,D,0,NA,NA,NA,NA,Y,NA,A,01,0,1,0,0,0,0,0,0,0,-,-,34.04389,-117.99476,LOS ANGELES,UNINCORPORATED,-117.99206845,34.04363789
6413650,2014,2015-08-12,1918,2014-02-01,1119,799,NA,6,5,4,1918,0,0,0,NA,0,2M9,HANNUM AV,BRISTOL PKWY,100,E,N,A,-,N,NA,NA,NA,NA,NA,NA,NA,NA,NA,Y,3,0,4,2,B,-,22,NA,NA,N,C,C,A,A,H,-,A,A,0,NA,NA,NA,NA,Y,NA,A,01,0,1,3,0,0,0,0,0,0,-,-,33.59139,-118.23107,LOS ANGELES,CULVER CITY,-118.38646205,33.98723452
6413652,2014,2016-01-21,9525,2014-02-20,1645,16679,NA,4,2,6,1955,0,1,3,NA,2,071,RT 71,VALLEY BL,130,N,N,A,-,Y,LA,7,71,-,R,1.46,H,-,S,Y,4,0,1,2,A,-,03,22350,NA,N,C,C,A,A,H,-,A,D,1,NA,NA,NA,NA,Y,NA,A,01,0,0,1,0,0,0,0,0,0,-,-,34.06232,-117.79131,LOS ANGELES,POMONA,-117.78989937,34.06170972
6413654,2014,2014-06-23,1918,2014-02-06,1712,773,NA,4,5,4,1918,0,0,0,NA,0,2M6,WASHINGTON BL,PROSPECT AV,12,W,N,C,-,N,NA,NA,NA,NA,NA,NA,NA,NA,NA,Y,4,0,1,2,A,-,09,21804,A,N,D,C,A,B,H,-,C,D,0,NA,NA,NA,NA,Y,NA,A,01,0,0,1,0,0,0,0,0,0,-,-,34.0043,-118.24369,LOS ANGELES,CULVER CITY,-118.41026617,34.01206997
6413656,2014,2014-06-19,9525,2014-02-25,1545,18536,NA,2,2,9,1900,0,3,5,NA,2,003,E LANACA ST,PALAMOS AV,200,W,N,A,-,N,NA,NA,NA,NA,NA,NA,NA,NA,NA,N,4,0,3,2,A,-,03,22350,NA,N,C,C,A,A,H,-,A,D,0,NA,NA,NA,NA,Y,NA,A,07,0,0,3,0,0,0,0,0,0,-,-,34.01161,-117.90256,LOS ANGELES,UNINCORPORATED,-117.90150825,34.01150988
6413658,2014,2015-08-12,1918,2014-02-06,1550,799,1,4,5,4,1918,0,0,0,NA,0,2M9,JEFFERSON BL,LEAHY AV,801,E,N,B,C,N,NA,NA,NA,NA,NA,NA,NA,NA,NA,Y,4,0,2,2,A,-,09,21804,A,N,D,C,A,B,H,-,A,D,0,NA,NA,NA,NA,Y,NA,A,07,0,0,2,0,0,0,0,0,0,-,-,34.00542,-118.23184,LOS ANGELES,CULVER CITY,-118.38842253,34.01518419
6413660,2014,2015-08-12,9525,2014-02-25,1505,18164,NA,2,2,9,1900,0,2,4,NA,2,023,VINCENT AV,CYPRESS AV,500,N,N,A,-,N,NA,NA,NA,NA,NA,NA,NA,NA,NA,Y,4,0,2,2,A,-,03,22350,NA,N,C,C,A,A,H,-,A,D,0,NA,NA,NA,NA,Y,NA,A,01,0,0,2,0,0,0,0,0,0,-,-,34.0974,-117.92533,LOS ANGELES,UNINCORPORATED,-117.92541203,34.09730073
6413662,2014,2014-06-23,1918,2014-02-03,0825,696,NA,1,5,4,1918,0,0,0,NA,0,2TL24,WASHINGTON BL,ELENDA ST,0,NA,Y,A,-,N,NA,NA,NA,NA,NA,NA,NA,NA,NA,Y,4,0,1,3,A,-,04,21703,NA,N,C,C,A,A,H,-,A,-,0,NA,NA,NA,NA,Y,NA,A,01,0,0,1,0,0,0,0,0,0,-,-,34.01352,-118.40916,LOS ANGELES,CULVER CITY,-118.4091801,34.01349009
6413664,2014,2016-02-22,9525,2014-02-25,0555,012820,NA,2,3,4,1938,0,1,1,NA,2,207,RT 210,FRUIT ST,528,W,N,B,-,Y,LA,7,210,-,R,47.98,H,-,W,Y,4,0,1,2,A,-,03,22350,NA,N,C,C,A,A,H,-,D,D,1,NA,NA,NA,NA,Y,NA,A,01,0,0,1,0,0,0,0,0,0,-,-,34.11998,-117.76608,LOS ANGELES,LA VERNE,-117.76341002,34.11979598
6413666,2014,2015-08-12,1918,2014-02-02,1853,1104,270,7,5,4,1918,0,0,0,NA,0,PATROL,WASHINGTON BL,SEPULVEDA BL,0,NA,Y,B,C,N,NA,NA,NA,NA,NA,NA,NA,NA,NA,Y,3,0,3,2,A,-,08,22107,NA,N,A,C,A,B,H,-,C,A,0,NA,NA,NA,NA,Y,NA,A,01,0,1,2,0,0,0,0,0,0,-,-,34.00715,-118.41294,LOS ANGELES,CULVER CITY,-118.4129801,34.00718009
6413668,2014,2016-01-13,9525,2014-02-24,1452,018164,NA,1,2,6,1955,0,1,3,NA,2,572,RT 10,RT 57,850,N,N,A,-,Y,LA,7,10,-,-,42.781,R,2,W,Y,3,0,1,1,A,-,08,22107,NA,N,E,I,A,A,H,-,A,D,1,NA,NA,Y,NA,Y,NA,C,02,0,1,0,0,0,0,0,0,1,TO,-,34.07023,-117.80781,LOS ANGELES,POMONA,-117.80132104,34.0677084
6413670,2014,2014-06-23,1918,2014-02-23,1525,833,NA,7,5,4,1918,0,0,0,NA,0,2M8,JEFFERSON BL,MACHADO RD,0,NA,Y,A,-,N,NA,NA,NA,NA,NA,NA,NA,NA,NA,Y,3,0,2,2,A,-,09,21801,A,N,D,C,A,A,H,-,A,A,0,NA,NA,NA,NA,Y,NA,A,01,0,2,0,0,0,0,0,0,0,-,-,33.99763,-118.39544,LOS ANGELES,CULVER CITY,-118.39554012,33.99772005
6413672,2014,2016-03-21,9525,2014-02-27,1725,18164,NA,4,2,6,1975,0,1,1,NA,2,104,RT 10,VINCENT AV,1800,W,N,A,-,Y,LA,7,10,-,-,35.05,H,-,E,N,4,0,1,4,A,-,03,22350,NA,N,C,C,A,A,H,-,A,D,1,NA,NA,NA,NA,Y,NA,A,01,0,0,1,0,0,0,0,0,0,-,-,34.07217,-117.93201,LOS ANGELES,WEST COVINA,-117.93286414,34.07228888
6413674,2014,2014-06-23,1918,2014-02-21,0802,701,NA,5,5,4,1918,0,0,0,NA,0,2M5,BRADDOCK DR,OVERLAND AV,120,W,N,A,-,N,NA,NA,NA,NA,NA,NA,NA,NA,NA,N,3,0,1,2,A,-,09,21804,A,N,D,G,A,A,H,-,A,D,0,NA,Y,NA,NA,Y,NA,A,01,0,1,0,0,0,0,1,0,0,-,-,34.01119,-118.4006,LOS ANGELES,CULVER CITY,-118.40053474,34.01126367
6413676,2014,2015-11-14,9525,2014-02-28,0821,019966,NA,5,1,6,1955,0,1,1,NA,2,109,RT 10,DUDLEY ST,180,E,N,B,C,Y,LA,7,10,-,-,44.45,H,-,W,Y,4,0,1,2,A,-,03,22350,NA,N,C,C,A,B,H,-,A,D,1,NA,NA,NA,NA,Y,NA,A,01,0,0,1,0,0,0,0,0,0,-,-,34.07266,-117.77384,LOS ANGELES,POMONA,-117.77376707,34.07256359
6413678,2014,2014-06-23,1918,2014-02-18,0805,701,NA,2,5,4,1918,0,0,0,NA,0,2M5,WASHINGTON PL,SEPULVEDA BL,96,E,N,A,-,N,NA,NA,NA,NA,NA,NA,NA,NA,NA,Y,4,0,2,2,A,-,03,22350,NA,N,C,C,A,A,H,-,A,D,0,NA,NA,NA,NA,Y,NA,A,01,0,0,2,0,0,0,0,0,0,-,-,34.0091,-118.41328,LOS ANGELES,CULVER CITY,-118.41368672,34.00894582
6413680,2014,2014-06-19,9525,2014-02-27,1730,018232,NA,4,2,9,1900,0,2,4,NA,2,022,ARROW HWY,BONNIE COVE AV,78,W,N,A,-,N,NA,NA,NA,NA,NA,NA,NA,NA,NA,Y,4,0,1,2,A,-,08,22100,A,N,B,C,A,A,H,-,B,D,0,NA,NA,NA,NA,Y,NA,A,07,0,0,1,0,0,0,0,0,0,-,-,34.10653,-117.85552,LOS ANGELES,UNINCORPORATED,-117.85534705,34.10674
6413681,2014,2016-02-22,9525,2014-02-07,1720,19941,NA,5,2,4,1938,0,1,1,NA,2,208,RT 210,MARSHALL CREEK,170,W,N,A,-,Y,LA,7,210,-,R,47.35,H,-,E,Y,4,0,4,3,A,-,03,22350,NA,N,C,C,A,A,H,-,C,D,1,NA,NA,NA,NA,Y,NA,A,07,0,0,4,0,0,0,0,0,0,-,-,34.11928,-117.77405,LOS ANGELES,LA VERNE,-117.77441047,34.11930941
6413685,2014,2014-06-19,9525,2014-02-19,1730,18164,NA,3,2,9,1900,0,2,4,NA,2,022,ARROW HWY,SUNFLOWER AV,0,NA,Y,A,-,N,NA,NA,NA,NA,NA,NA,NA,NA,NA,Y,4,0,1,2,A,-,09,21802,A,N,D,C,A,A,H,-,C,A,0,NA,NA,NA,NA,Y,NA,A,01,0,0,1,0,0,0,0,0,0,-,-,34.10678,-117.84643,LOS ANGELES,UNINCORPORATED,-117.84638006,34.10673003
6413686,2014,2016-04-06,9525,2014-02-14,0830,14762,NA,5,1,4,1905,0,1,1,NA,2,203,RT 210,VERNON AV,528,E,N,A,-,Y,LA,7,210,-,R,39.16,H,-,W,N,4,0,1,2,A,-,03,22350,NA,N,C,C,A,A,H,-,A,D,1,NA,NA,NA,NA,Y,NA,A,01,0,0,1,0,0,0,0,0,0,-,-,34.1256,-117.91504,LOS ANGELES,AZUSA,-117.91365057,34.12408376
6413689,2014,2014-06-19,9525,2014-02-20,0755,14593,NA,4,1,9,1900,0,3,5,NA,2,002,GLADSTONE ST,FENIMORE AV,95,E,N,A,-,N,NA,NA,NA,NA,NA,NA,NA,NA,NA,Y,4,0,1,3,A,-,03,22350,NA,N,C,C,A,A,H,-,A,D,0,NA,NA,NA,NA,Y,NA,A,01,0,0,1,0,0,0,0,0,0,-,-,34.11414,-117.89273,LOS ANGELES,UNINCORPORATED,-117.8927569,34.11431699
6413690,2014,2015-11-14,9525,2014-02-13,1530,16679,NA,4,2,5,1906,0,1,1,NA,2,103,RT 10,FRAZIER ST,120,E,N,A,-,Y,LA,7,10,-,-,31.57,H,-,W,Y,4,0,2,3,A,-,03,22350,NA,N,C,C,A,A,H,-,A,D,1,NA,NA,NA,NA,Y,NA,A,01,0,0,2,0,0,0,0,0,0,-,-,34.06667,-117.98835,LOS ANGELES,BALDWIN PARK,-117.9929356,34.06613553
6413693,2014,2016-03-22,9525,2014-02-13,1905,18241,NA,4,2,9,1900,0,1,3,NA,2,573,RT 57,BREA CANYON RD,200,S,N,A,-,Y,LA,7,57,-,R,0.79,H,-,S,N,4,0,1,3,A,-,07,21658,A,N,B,C,A,A,H,-,C,D,1,NA,NA,NA,NA,Y,NA,-,-,0,0,1,0,0,0,0,0,0,-,-,33.9557,-117.86182,LOS ANGELES,UNINCORPORATED,-117.86174971,33.95589553
6413697,2014,2016-02-18,9525,2014-02-14,1845,19941,NA,5,2,3,1921,0,1,1,NA,2,202,RT 210,BUENA VISTA ST,250,W,N,A,-,Y,LA,7,210,-,R,35.17,H,-,E,Y,4,0,1,2,A,-,03,22350,NA,N,B,C,A,A,H,-,C,D,1,NA,NA,Y,NA,Y,NA,C,02,0,0,1,0,0,0,0,0,1,-,-,34.13159,-117.97983,LOS ANGELES,DUARTE,-117.97902159,34.13525284
6413701,2014,2015-12-28,9525,2014-02-19,0830,15337,NA,3,1,5,1990,0,1,3,NA,2,602,RT 60,RT 57,120,W,N,B,-,Y,LA,7,60,-,R,23.252,R,2,E,Y,3,0,1,2,A,-,03,22350,NA,F,C,C,A,A,H,-,A,D,1,NA,NA,NA,NA,Y,NA,-,99,0,1,0,0,0,0,0,0,0,TO,-,34.0007,-117.83798,LOS ANGELES,DIAMOND BAR,-117.84010252,34.00123147
6413705,2014,2015-11-14,9525,2014-02-16,1105,18992,NA,7,1,6,1975,0,1,1,NA,2,105,RT 10,VIA VERDE AV,565,W,N,A,-,Y,LA,7,10,-,-,40.31,H,-,W,Y,3,0,1,2,A,-,03,22350,NA,N,C,C,A,A,H,-,A,D,1,NA,NA,Y,NA,Y,NA,C,02,0,1,0,0,0,0,0,0,1,-,-,34.07035,-117.86195,LOS ANGELES,WEST COVINA,-117.84223196,34.06895484
6413709,2014,2014-06-19,9525,2014-02-15,0930,18729,NA,6,1,9,1900,0,2,4,NA,2,022,ARROW HWY,HOMEREST AV,12,E,N,A,-,N,NA,NA,NA,NA,NA,NA,NA,NA,NA,Y,2,0,1,2,A,-,09,21802,A,N,C,C,A,A,H,-,A,A,0,NA,NA,Y,NA,Y,NA,A,01,1,0,0,0,0,0,0,0,1,-,-,34.1068,-117.91178,LOS ANGELES,UNINCORPORATED,-117.91163053,34.10709798
6413713,2014,2016-01-21,9525,2014-02-15,0102,20042,NA,6,3,6,1955,0,1,3,NA,2,072,RT 71,HOLT AV,528,S,N,A,-,Y,LA,7,71,-,T,1.74,H,-,N,Y,4,0,1,2,A,-,03,22350,NA,N,A,C,A,A,H,-,D,D,1,NA,NA,NA,NA,Y,NA,A,01,0,0,1,0,0,0,0,0,0,-,-,34.0595,-117.78679,LOS ANGELES,POMONA,-117.8066064,34.06840963
6413717,2014,2014-06-19,9525,2014-02-06,1520,18536,NA,4,2,9,1900,0,3,5,NA,2,004,SAN ANGELO AV,VALLEY BL,150,S,N,C,-,N,NA,NA,NA,NA,NA,NA,NA,NA,NA,N,4,0,1,2,A,-,11,21954,A,N,G,B,D,B,H,-,A,D,0,Y,NA,NA,NA,Y,NA,N,60,0,0,1,0,1,0,0,0,0,-,-,34.05027,-118.00164,LOS ANGELES,UNINCORPORATED,-118.0004012,34.051474
6413720,2014,2015-11-07,9580,2014-02-16,1528,019715,NA,7,2,7,1942,0,1,2,NA,2,103,RT 101,VAN NUYS BL,5,N,N,B,-,Y,LA,7,101,-,-,16.038,R,1,S,N,4,0,1,2,A,-,05,21650,1,N,D,G,A,A,H,-,A,A,1,NA,Y,NA,NA,Y,NA,L,04,0,0,1,0,0,0,1,0,0,-,-,34.15658,-118.44881,LOS ANGELES,LOS ANGELES,-118.45051722,34.15733733
6413721,2014,2014-06-19,9525,2014-02-05,1820,18536,NA,3,2,9,1900,0,2,4,NA,2,045,VALLEY BL,SANTA MARIANA AV,50,E,N,A,-,N,NA,NA,NA,NA,NA,NA,NA,NA,NA,Y,4,0,1,2,A,-,08,22107,NA,N,C,G,A,A,H,-,C,D,0,NA,Y,NA,NA,Y,NA,A,01,0,0,1,0,0,0,1,0,0,-,-,34.05098,-117.999,LOS ANGELES,UNINCORPORATED,-117.99891213,34.0510636
6413724,2014,2016-03-26,9580,2014-02-19,0930,16349,NA,3,1,7,1942,0,1,2,NA,2,104,RT 101,RESEDA BL,528,S,N,A,-,Y,LA,7,101,-,-,21.15,H,-,N,N,4,0,1,2,A,-,07,21658,A,N,B,C,A,A,H,-,A,D,1,NA,NA,NA,NA,Y,NA,A,01,0,0,1,0,0,0,0,0,0,-,-,34.17162,-118.53088,LOS ANGELES,LOS ANGELES,-118.5340987,34.17290968
6413725,2014,2016-03-21,9525,2014-02-11,2245,18505,NA,2,3,6,1955,0,1,3,NA,2,571,RT 57,RT 10,110,N,N,A,-,Y,LA,7,10,-,-,42.848,R,2,E,Y,3,0,1,2,A,-,07,21658,A,F,B,C,A,A,H,-,D,D,1,NA,NA,NA,NA,Y,NA,-,-,0,1,0,0,0,0,0,0,0,TO,-,34.06552,-117.80639,LOS ANGELES,POMONA,-117.80024592,34.06798098
6413729,2014,2014-06-24,9525,2014-02-05,0948,14762,NA,3,1,9,1900,0,2,4,NA,2,022,CYPRESS ST,VINCENT AV,0,NA,Y,A,-,N,NA,NA,NA,NA,NA,NA,NA,NA,NA,Y,4,0,3,2,A,-,12,21453,A,N,D,C,A,A,H,-,A,A,0,NA,NA,NA,NA,Y,NA,-,-,0,0,3,0,0,0,0,0,0,-,-,34.09592,-117.92532,LOS ANGELES,UNINCORPORATED,-117.92542001,34.09593001
6413733,2014,2016-03-21,9525,2014-02-11,2246,18505,NA,2,3,6,1955,0,1,3,NA,2,571,RT 57,RT 10,60,N,N,A,-,Y,LA,7,10,-,-,42.848,R,1,E,Y,4,0,1,3,C,-,18,NA,NA,N,E,C,A,A,C,-,D,D,1,NA,NA,NA,NA,Y,NA,-,-,0,0,1,0,0,0,0,0,0,TO,-,34.06552,-117.80639,LOS ANGELES,POMONA,-117.80024592,34.06798098
6413737,2014,2015-12-28,9525,2014-02-17,1446,16283,NA,1,2,5,1990,0,1,3,NA,2,602,RT 60,GRAND AV,100,W,N,A,-,Y,LA,7,60,-,R,24.43,H,-,E,Y,3,0,1,3,A,-,07,21658,A,N,H,A,A,A,H,-,A,D,1,NA,NA,Y,NA,Y,NA,A,01,0,1,0,0,0,0,0,0,0,-,-,34.02371,-117.8225,LOS ANGELES,DIAMOND BAR,-117.82354611,34.00976888
6413741,2014,2014-06-19,9525,2014-02-15,1315,19966,NA,6,1,9,1900,0,2,4,NA,2,045,VALLEY BL,7TH AV,75,E,N,A,-,N,NA,NA,NA,NA,NA,NA,NA,NA,NA,N,4,0,1,1,A,-,08,22107,NA,N,F,I,A,A,H,-,A,D,0,NA,Y,NA,NA,Y,NA,L,04,0,0,1,0,0,0,1,0,0,-,-,34.03435,-117.97407,LOS ANGELES,UNINCORPORATED,-117.97437997,34.03462865