CASE_ID,ACCIDENT_YEAR,PROC_DATE,JURIS,COLLISION_DATE,COLLISION_TIME,OFFICER_ID,REPORTING_DISTRICT,DAY_OF_WEEK,CHP_SHIFT,POPULATION,CNTY_CITY_LOC,SPECIAL_COND,BEAT_TYPE,CHP_BEAT_TYPE,CITY_DIVISION_LAPD,CHP_BEAT_CLASS,BEAT_NUMBER,PRIMARY_RD,SECONDARY_RD,DISTANCE,DIRECTION,INTERSECTION,WEATHER_1,WEATHER_2,STATE_HWY_IND,CALTRANS_COUNTY,CALTRANS_DISTRICT,STATE_ROUTE,ROUTE_SUFFIX,POSTMILE_PREFIX,POSTMILE,LOCATION_TYPE,RAMP_INTERSECTION,SIDE_OF_HWY,TOW_AWAY,COLLISION_SEVERITY,NUMBER_KILLED,NUMBER_INJURED,PARTY_COUNT,PRIMARY_COLL_FACTOR,PCF_CODE_OF_VIOL,PCF_VIOL_CATEGORY,PCF_VIOLATION,PCF_VIOL_SUBSECTION,HIT_AND_RUN,TYPE_OF_COLLISION,MVIW,PED_ACTION,ROAD_SURFACE,ROAD_COND_1,ROAD_COND_2,LIGHTING,CONTROL_DEVICE,CHP_ROAD_TYPE,PEDESTRIAN_ACCIDENT,BICYCLE_ACCIDENT,MOTORCYCLE_ACCIDENT,TRUCK_ACCIDENT,NOT_PRIVATE_PROPERTY,ALCOHOL_INVOLVED,STWD_VEHTYPE_AT_FAULT,CHP_VEHTYPE_AT_FAULT,COUNT_SEVERE_INJ,COUNT_VISIBLE_INJ,COUNT_COMPLAINT_PAIN,COUNT_PED_KILLED,COUNT_PED_INJURED,COUNT_BICYCLIST_KILLED,COUNT_BICYCLIST_INJURED,COUNT_MC_KILLED,COUNT_MC_INJURED,PRIMARY_RAMP,SECONDARY_RAMP,LATITUDE,LONGITUDE,COUNTY,CITY,POINT_X,POINT_Y
6418187,2014,2014-06-23,1942,2014-03-06,2155,39009,1781,4,5,7,1942,0,0,0,Q,0,16T25,DE SOTO AV,DEARBORN ST,115,S,N,A,-,N,NA,NA,NA,NA,NA,NA,NA,NA,NA,Y,3,0,1,3,A,-,01,23152,A,N,A,E,A,A,H,-,C,D,0,NA,NA,NA,NA,Y,Y,A,01,0,1,0,0,0,0,0,0,0,-,-,NA,NA,LOS ANGELES,LOS ANGELES,-118.58855705,34.23694453
6418189,2014,2014-06-24,1912,2014-03-06,1855,13361,1912,4,5,6,1912,0,0,0,NA,0,00G,RIVERSIDE DR,HOLLYWOOD WY,0,NA,Y,A,-,N,NA,NA,NA,NA,NA,NA,NA,NA,NA,N,4,0,1,2,A,-,09,21801,A,N,D,C,A,A,H,-,C,A,0,NA,NA,NA,NA,Y,NA,A,01,0,0,1,0,0,0,0,0,0,-,-,NA,NA,LOS ANGELES,BURBANK,-118.33979001,34.15300001
6418190,2014,2014-06-24,1942,2014-03-06,0800,39473,1027,4,5,7,1942,0,0,0,J,0,16TL25,LOUISE AV,HART ST,0,NA,Y,A,-,N,NA,NA,NA,NA,NA,NA,NA,NA,NA,Y,3,0,3,3,A,-,09,21802,A,N,D,C,A,A,H,-,A,A,0,NA,NA,NA,NA,Y,NA,A,01,0,1,2,0,0,0,0,0,0,-,-,NA,NA,LOS ANGELES,LOS ANGELES,-118.5098801,34.19753008
6418191,2014,2014-06-24,1942,2014-03-03,1530,39243,1977,1,5,7,1942,0,0,0,NA,0,35EL18,BEACHY AV,RAYEN ST,70,N,N,A,-,N,NA,NA,NA,NA,NA,NA,NA,NA,NA,Y,4,0,1,3,A,-,03,22350,NA,F,D,C,A,A,H,-,A,D,0,NA,NA,NA,NA,Y,NA,A,01,0,0,1,0,0,0,0,0,0,-,-,NA,NA,LOS ANGELES,LOS ANGELES,-118.42880728,34.23913072
6418194,2014,2014-06-24,1942,2014-03-07,1720,35481,0964,5,5,7,1942,0,0,0,I,0,21TL62,RIVERSIDE DR,RANCHITO AV,204,E,N,A,-,N,NA,NA,NA,NA,NA,NA,NA,NA,NA,N,3,0,1,2,A,-,09,21801,A,N,D,G,A,A,H,-,A,D,0,NA,Y,NA,NA,Y,NA,A,01,0,1,0,0,0,0,1,0,0,-,-,NA,NA,LOS ANGELES,LOS ANGELES,-118.43457691,34.15761
6418198,2014,2014-06-24,1942,2014-03-04,1855,36153,0904,2,5,7,1942,0,0,0,I,0,15T43,KESTER AV,SATICOY ST,0,NA,Y,A,-,N,NA,NA,NA,NA,NA,NA,NA,NA,NA,Y,4,0,3,2,A,-,09,21801,A,N,D,C,A,A,H,-,C,A,0,NA,NA,NA,NA,Y,NA,A,01,0,0,3,0,0,0,0,0,0,-,-,NA,NA,LOS ANGELES,LOS ANGELES,-118.45747003,34.20847004
6418201,2014,2014-06-24,1942,2014-03-04,1335,33779,1012,2,5,7,1942,0,0,0,J,0,15TL44,RESEDA BL,VALLERIO ST,287,S,N,A,-,N,NA,NA,NA,NA,NA,NA,NA,NA,NA,N,3,0,1,2,A,-,07,21658,A,N,D,G,A,A,H,-,A,A,0,NA,Y,NA,NA,Y,NA,A,07,0,1,0,0,0,0,1,0,0,-,-,NA,NA,LOS ANGELES,LOS ANGELES,-118.53605,34.20396272
6418202,2014,2014-06-24,1942,2014-03-01,0840,38185,0931,6,5,7,1942,0,0,0,I,0,0LA,VICTORY BL,FIRMAMENT AV,20,W,N,B,-,N,NA,NA,NA,NA,NA,NA,NA,NA,NA,Y,3,0,2,2,A,-,09,21802,A,N,G,C,A,B,H,-,A,A,0,NA,NA,NA,NA,Y,NA,A,07,0,1,1,0,0,0,0,0,0,-,-,NA,NA,LOS ANGELES,LOS ANGELES,-118.47194601,34.18664
6418206,2014,2014-06-24,1942,2014-03-03,1650,39096,0939,1,5,7,1942,0,0,0,I,0,10TL34,FULTON AV,SYLVAN ST,204,N,N,A,-,N,NA,NA,NA,NA,NA,NA,NA,NA,NA,Y,4,0,2,2,A,-,09,21801,A,N,D,C,A,A,H,-,A,D,0,NA,NA,NA,NA,Y,NA,A,08,0,0,2,0,0,0,0,0,0,-,-,NA,NA,LOS ANGELES,LOS ANGELES,-118.42250586,34.18541953
6418210,2014,2014-06-24,1942,2014-03-01,1840,38471,0938,6,5,7,1942,0,0,0,I,0,9T55W3,VICTORY BL,FULTON AV,120,E,N,C,-,N,NA,NA,NA,NA,NA,NA,NA,NA,NA,N,4,0,1,2,A,-,03,22350,NA,N,C,C,A,B,-,-,C,A,0,NA,NA,NA,NA,Y,NA,A,01,0,0,1,0,0,0,0,0,0,-,-,NA,NA,LOS ANGELES,LOS ANGELES,-118.42210393,34.18668
6418214,2014,2014-06-24,1942,2014-03-02,2145,37569,0952,7,5,7,1942,0,0,0,I,0,16T23,KESTER AV,WEDDINGTON ST,100,S,N,B,-,N,NA,NA,NA,NA,NA,NA,NA,NA,NA,N,3,0,1,2,A,-,11,21954,A,N,G,B,E,B,H,-,C,D,0,Y,NA,NA,NA,Y,NA,N,60,0,1,0,0,1,0,0,0,0,-,-,NA,NA,LOS ANGELES,LOS ANGELES,-118.45744561,34.16640573
6418218,2014,2014-06-24,1942,2014-03-01,2015,41109,1077,6,5,7,1942,0,0,0,J,0,10A99,VENTURA BL,LOUISE AV,0,NA,Y,C,-,N,NA,NA,NA,NA,NA,NA,NA,NA,NA,Y,4,0,1,2,A,-,09,21801,A,N,A,C,A,B,-,-,C,A,0,NA,NA,NA,NA,Y,NA,-,NA,0,0,1,0,0,0,0,0,0,-,-,NA,NA,LOS ANGELES,LOS ANGELES,-118.50980003,34.16084004
6418222,2014,2014-06-24,1942,2014-03-01,1900,39021,1037,6,5,7,1942,0,0,0,J,0,19T75,VICTORY BL,ALDEA AV,100,E,N,A,-,N,NA,NA,NA,NA,NA,NA,NA,NA,NA,Y,4,0,1,1,C,-,18,NA,NA,N,E,I,A,B,C,-,C,A,0,NA,NA,NA,NA,Y,NA,-,-,0,0,1,0,0,0,0,0,0,-,-,NA,NA,LOS ANGELES,LOS ANGELES,-118.50795,34.1868
6418226,2014,2014-06-24,1942,2014-03-02,0930,31931,1099,7,5,7,1942,0,0,0,J,0,19T45,SEPULVEDA BL,ROYAL WOODS DR,296,N,N,B,-,N,NA,NA,NA,NA,NA,NA,NA,NA,NA,Y,4,0,2,1,A,-,03,22350,NA,N,E,I,A,B,H,-,A,-,0,NA,NA,NA,NA,Y,Y,A,01,0,0,2,0,0,0,0,0,0,-,-,NA,NA,LOS ANGELES,LOS ANGELES,-118.4750374,34.14202611
6418229,2014,2014-06-24,1942,2014-03-03,1700,40099,0132,1,5,7,1942,0,0,0,A,0,4TL4,1ST ST,GRAND AV,30,E,N,A,-,N,NA,NA,NA,NA,NA,NA,NA,NA,NA,N,4,0,3,2,A,-,03,22350,NA,N,C,C,A,A,H,-,A,A,0,NA,NA,NA,NA,Y,NA,A,01,0,0,3,0,0,0,0,0,0,-,-,NA,NA,LOS ANGELES,LOS ANGELES,-118.29004151,33.74332
6418230,2014,2014-06-24,1942,2014-03-04,1640,38356,1075,2,5,7,1942,0,0,0,J,0,16TL28,VENTURA BL,NESTLE AV,0,NA,Y,A,-,N,NA,NA,NA,NA,NA,NA,NA,NA,NA,Y,4,0,1,2,A,-,09,21801,A,N,D,C,A,A,H,-,A,A,0,NA,NA,NA,NA,Y,NA,A,01,0,0,1,0,0,0,0,0,0,-,-,NA,NA,LOS ANGELES,LOS ANGELES,-118.52977005,34.16625003
6418233,2014,2014-06-24,1942,2014-03-01,0715,36238,0174,6,5,7,1942,0,0,0,A,0,11TL21,LOS ANGELES ST,9TH ST,15,N,N,B,-,N,NA,NA,NA,NA,NA,NA,NA,NA,NA,N,3,0,1,2,A,-,10,21950,A,N,G,B,B,B,H,-,A,A,0,Y,NA,NA,NA,Y,NA,A,07,0,1,0,0,1,0,0,0,0,-,-,NA,NA,LOS ANGELES,LOS ANGELES,-118.254044,34.040734
6418234,2014,2014-06-24,1942,2014-03-02,1830,39217,0929,7,5,7,1942,0,0,0,I,0,17TL12,VICTORY BL,ETHEL AV,90,E,N,A,-,N,NA,NA,NA,NA,NA,NA,NA,NA,NA,N,3,0,3,3,A,-,03,22350,NA,N,C,C,A,B,H,-,C,A,0,NA,NA,NA,NA,Y,NA,A,01,0,2,1,0,0,0,0,0,0,-,-,NA,NA,LOS ANGELES,LOS ANGELES,-118.41784295,34.18668
6418237,2014,2014-06-24,1942,2014-03-04,1225,33977,0101,2,5,7,1942,0,0,0,A,0,2TLIS,SUNSET BL,ELYSIAN PARK AV,0,NA,Y,A,-,N,NA,NA,NA,NA,NA,NA,NA,NA,NA,N,4,0,1,2,A,-,10,21950,A,N,G,B,B,A,H,-,A,A,0,Y,NA,NA,NA,Y,NA,A,01,0,0,1,0,1,0,0,0,0,-,-,NA,NA,LOS ANGELES,LOS ANGELES,NA,NA
6418238,2014,2014-07-07,1942,2014-03-03,2015,36697,0923,1,5,7,1942,0,0,0,I,0,9A5,VICTORY BL,VESPER AV,0,NA,Y,A,-,N,NA,NA,NA,NA,NA,NA,NA,NA,NA,Y,4,0,1,2,A,-,05,21651,A,N,B,C,A,A,H,-,C,A,0,NA,NA,NA,NA,Y,NA,-,-,0,0,1,0,0,0,0,0,0,-,-,NA,NA,LOS ANGELES,LOS ANGELES,-118.45093011,34.18666011
6418242,2014,2014-07-01,1941,2014-03-17,0352,6282,NA,1,5,7,1941,0,0,0,NA,0,NA,LONG BEACH BL,WILLOW,0,NA,Y,A,-,N,NA,NA,NA,NA,NA,NA,NA,NA,NA,N,4,0,1,2,A,-,12,21453,A,F,D,C,A,A,H,-,C,A,0,NA,NA,NA,NA,Y,NA,A,NA,0,0,1,0,0,0,0,0,0,-,-,NA,NA,LOS ANGELES,LONG BEACH,-118.18946005,33.80444008
6418246,2014,2014-07-02,1941,2014-03-15,2238,10581,NA,6,5,7,1941,0,0,0,NA,0,NA,ORANGE AV,14TH ST,80,N,N,A,-,N,NA,NA,NA,NA,NA,NA,NA,NA,NA,Y,4,0,1,2,A,-,03,22350,NA,F,C,C,A,A,H,-,C,D,0,NA,NA,NA,NA,Y,NA,A,NA,0,0,1,0,0,0,0,0,0,-,-,NA,NA,LOS ANGELES,LONG BEACH,-118.17635736,33.78464937
6418298,2014,2014-07-17,1941,2014-03-15,1008,6196,NA,6,5,7,1941,0,0,0,NA,0,NA,CHERRY AV,33RD ST,100,N,N,A,-,N,NA,NA,NA,NA,NA,NA,NA,NA,NA,N,4,0,1,2,A,-,04,21703,NA,N,C,C,A,A,H,-,A,A,0,NA,NA,NA,NA,Y,NA,A,NA,0,0,1,0,0,0,0,0,0,-,-,NA,NA,LOS ANGELES,LONG BEACH,-118.167642,33.817389
6418302,2014,2014-07-01,1941,2014-03-15,0850,10363,NA,6,5,7,1941,0,0,0,NA,0,NA,ARTESIA BL,LEMON AV,0,NA,Y,A,-,N,NA,NA,NA,NA,NA,NA,NA,NA,NA,Y,4,0,1,2,A,-,09,21801,A,N,D,C,A,A,-,-,A,A,0,NA,NA,NA,NA,Y,NA,A,NA,0,0,1,0,0,0,0,0,0,-,-,NA,NA,LOS ANGELES,LONG BEACH,-118.17927011,33.87466002
6418306,2014,2015-10-09,1941,2014-03-15,1744,6178,NA,6,5,7,1941,0,0,0,NA,0,NA,RT 710,3RD ST,100,N,N,A,-,N,NA,NA,NA,NA,NA,NA,NA,NA,NA,Y,4,0,1,1,A,-,03,22350,NA,N,F,J,A,A,H,-,A,D,0,NA,NA,NA,NA,Y,NA,A,NA,0,0,1,0,0,0,0,0,0,-,-,NA,NA,LOS ANGELES,LONG BEACH,-118.169935,34.033558
6418310,2014,2014-07-01,1941,2014-03-14,1711,10014,NA,5,5,7,1941,0,0,0,NA,0,NA,4TH ST,PROMENADE,0,NA,Y,A,-,N,NA,NA,NA,NA,NA,NA,NA,NA,NA,N,3,0,1,2,A,-,08,22107,NA,N,B,B,B,A,A,-,A,A,0,Y,NA,NA,NA,Y,NA,A,NA,0,1,0,0,1,0,0,0,0,-,-,NA,NA,LOS ANGELES,LONG BEACH,-118.19054,33.77174
6418314,2014,2014-07-01,1941,2014-03-14,0650,6082,NA,5,5,7,1941,0,0,0,NA,0,NA,MARTIN LUTHER KING,21ST ST,5,N,N,A,-,N,NA,NA,NA,NA,NA,NA,NA,NA,NA,N,4,0,1,2,A,-,10,21950,A,N,G,B,B,A,H,-,B,D,0,Y,NA,NA,NA,Y,NA,A,NA,0,0,1,0,1,0,0,0,0,-,-,NA,NA,LOS ANGELES,LONG BEACH,-118.18069,33.79531371
6418318,2014,2014-07-17,1941,2014-03-14,1347,6195,NA,5,5,7,1941,0,0,0,NA,0,NA,4TH ST,CHESTNUT AV,0,NA,Y,A,-,N,NA,NA,NA,NA,NA,NA,NA,NA,NA,N,4,0,1,2,A,-,12,21453,A,N,D,G,A,A,H,-,A,A,0,NA,Y,NA,NA,Y,NA,-,-,0,0,1,0,0,0,1,0,0,-,-,NA,NA,LOS ANGELES,LONG BEACH,-118.19633001,33.77173002
6418384,2014,2015-01-30,1942,2014-02-25,0550,37683,1958,2,5,7,1942,0,0,0,NA,0,19A79,WOODMAN,VAN NUYS,0,NA,Y,A,-,N,NA,NA,NA,NA,NA,NA,NA,NA,NA,N,3,0,1,2,A,-,09,21801,A,N,D,C,A,A,H,-,A,A,0,NA,NA,NA,NA,Y,NA,A,01,0,1,0,0,0,0,0,0,0,-,-,NA,NA,LOS ANGELES,LOS ANGELES,-118.44818005,34.24708002
6418404,2014,2015-08-12,9530,2014-03-10,0905,20236,NA,1,1,6,1972,0,3,5,NA,2,006,DEL AMO BL,HAMILTON AV,0,NA,Y,A,-,N,NA,NA,NA,NA,NA,NA,NA,NA,NA,Y,4,0,2,2,A,-,09,21802,A,N,D,C,A,A,H,-,A,A,0,NA,NA,NA,NA,Y,NA,A,01,0,0,2,0,0,0,0,0,0,-,-,33.84631,-118.28597,LOS ANGELES,TORRANCE,-118.28605011,33.84624008
6418454,2014,2015-01-30,1942,2014-02-10,1805,33452,1124,1,5,7,1942,0,0,0,K,0,2T15,DREW ST,WELDON ST,345,W,N,A,-,N,NA,NA,NA,NA,NA,NA,NA,NA,NA,N,3,0,2,2,A,-,09,21804,A,N,D,-,A,A,G,-,C,D,0,NA,Y,NA,NA,Y,NA,L,04,0,2,0,0,0,0,2,0,0,-,-,NA,NA,LOS ANGELES,LOS ANGELES,-118.24141959,34.12109999
6418465,2014,2015-02-03,1942,2014-02-15,0110,37529,1127,6,5,7,1942,0,0,0,K,0,11A25,FIGUEROA ST,YORK BL,0,NA,Y,A,-,N,NA,NA,NA,NA,NA,NA,NA,NA,NA,Y,4,0,1,2,A,-,09,21801,A,N,D,C,A,A,H,-,C,A,0,NA,NA,Y,NA,Y,NA,A,01,0,0,1,0,0,0,0,0,1,-,-,NA,NA,LOS ANGELES,LOS ANGELES,-118.18434006,34.11550002
6418483,2014,2014-06-10,1924,2014-01-16,1727,111229,46,4,5,5,1924,0,0,0,NA,0,8M1,REDONDO BEACH BL,BERENDO AV,0,NA,Y,A,-,N,NA,NA,NA,NA,NA,NA,NA,NA,NA,N,4,0,1,2,A,-,10,21950,A,N,G,B,B,A,H,-,A,A,0,Y,NA,NA,NA,Y,NA,A,01,0,0,1,0,1,0,0,0,0,-,-,NA,NA,LOS ANGELES,GARDENA,-118.29392011,33.89243005
6418487,2014,2014-06-10,1924,2014-01-04,2154,112035,51,6,5,5,1924,0,0,0,NA,0,8L6M,ARTESIA BL,VERMONT AV,300,W,N,A,-,N,NA,NA,NA,NA,NA,NA,NA,NA,NA,N,4,0,1,2,A,-,03,22350,NA,N,C,C,A,A,H,-,C,D,0,NA,NA,NA,NA,Y,NA,A,07,0,0,1,0,0,0,0,0,0,-,-,NA,NA,LOS ANGELES,GARDENA,-118.29191629,33.87288
6418491,2014,2014-06-11,1924,2014-01-24,0820,111229,20,5,5,5,1924,0,0,0,NA,0,8M1,MARINE AV,MILLER AV,5,W,N,A,-,N,NA,NA,NA,NA,NA,NA,NA,NA,NA,N,3,0,1,2,A,-,05,21650,NA,N,D,G,A,A,H,-,A,D,0,NA,Y,NA,NA,Y,NA,L,04,0,1,0,0,0,0,1,0,0,-,-,NA,NA,LOS ANGELES,GARDENA,-118.32460644,33.89465
6418492,2014,2014-06-11,1942,2014-01-29,2030,40157,0841,3,5,7,1942,0,0,0,H,0,8T35,WILSHIRE BL,SALTAIR AV,0,NA,Y,A,-,N,NA,NA,NA,NA,NA,NA,NA,NA,NA,Y,4,0,1,2,A,-,07,21658,A,N,B,C,A,A,H,-,C,D,0,NA,NA,NA,NA,Y,NA,A,01,0,0,1,0,0,0,0,0,0,-,-,NA,NA,LOS ANGELES,LOS ANGELES,-118.46603003,34.04526009
6418495,2014,2014-06-11,1924,2014-01-25,1833,112602,16,6,5,5,1924,0,0,0,NA,0,8T3,ROSECRANS AV,WESTERN AV,429,E,N,A,-,N,NA,NA,NA,NA,NA,NA,NA,NA,NA,N,3,0,3,2,A,-,03,22350,NA,N,C,C,A,A,H,-,C,A,0,NA,NA,NA,NA,Y,NA,A,01,0,1,2,0,0,0,0,0,0,-,-,NA,NA,LOS ANGELES,GARDENA,-118.30771896,33.90193
6418496,2014,2014-06-11,1942,2014-01-31,2030,37686,0891,5,5,7,1942,0,0,0,H,0,8T35,PICO BL,GRANVILLE AV,0,NA,Y,A,-,N,NA,NA,NA,NA,NA,NA,NA,NA,NA,Y,4,0,1,2,A,-,09,21802,A,N,D,C,A,A,H,-,C,D,0,NA,NA,NA,NA,Y,NA,A,01,0,0,1,0,0,0,0,0,0,-,-,NA,NA,LOS ANGELES,LOS ANGELES,-118.44780009,34.0305701
6418499,2014,2014-06-11,1924,2014-01-26,0015,112602,51,7,5,5,1924,0,0,0,NA,0,8T3,ARTESIA BL,VERMONT AV,0,NA,Y,A,-,N,NA,NA,NA,NA,NA,NA,NA,NA,NA,Y,3,0,5,3,A,-,01,23152,A,N,B,C,A,A,H,-,C,A,0,NA,NA,NA,NA,Y,Y,A,01,0,1,4,0,0,0,0,0,0,-,-,NA,NA,LOS ANGELES,GARDENA,-118.29093003,33.87287004
6418500,2014,2014-06-11,1942,2014-01-28,1715,37613,0893,2,5,7,1942,0,0,0,H,0,20TL58,WESTWOOD BL,EXPOSITION BL,0,NA,Y,A,-,N,NA,NA,NA,NA,NA,NA,NA,NA,NA,N,3,0,1,2,A,-,09,21801,A,N,D,G,A,A,H,-,B,D,0,NA,Y,NA,NA,Y,NA,A,01,0,1,0,0,0,0,1,0,0,-,-,NA,NA,LOS ANGELES,LOS ANGELES,-118.42582,34.03683008
6418503,2014,2014-06-11,1924,2014-01-26,1006,105094,34,7,5,5,1924,0,0,0,NA,0,8L8D,REDONDO BEACH BL,DENKER AV,6,W,N,A,-,N,NA,NA,NA,NA,NA,NA,NA,NA,NA,N,4,0,1,2,A,-,05,21650,NA,N,D,-,A,A,H,-,A,A,0,NA,Y,NA,NA,Y,NA,L,04,0,0,1,0,0,0,1,0,0,-,-,NA,NA,LOS ANGELES,GARDENA,-118.30472841,33.88994408
6418504,2014,2014-06-11,1942,2014-01-11,1700,41287,0883,6,5,7,1942,0,0,0,H,0,8A34,PICO BL,SEPULVEDA BL,8,W,N,A,-,N,NA,NA,NA,NA,NA,NA,NA,NA,NA,Y,4,0,2,2,A,-,12,21453,A,F,D,C,A,A,H,-,C,A,0,NA,NA,NA,NA,Y,NA,-,99,0,0,2,0,0,0,0,0,0,-,-,NA,NA,LOS ANGELES,LOS ANGELES,-118.4351526,34.0369787
6418507,2014,2014-06-11,1924,2014-01-19,0304,113519,15,7,5,5,1924,0,0,0,NA,0,8A11M,CRENSHAW BL,ROSECRANS AV,0,NA,Y,A,-,N,NA,NA,NA,NA,NA,NA,NA,NA,NA,N,4,0,1,2,A,-,12,21453,A,N,D,C,A,A,H,-,C,A,0,NA,NA,NA,NA,Y,NA,A,01,0,0,1,0,0,0,0,0,0,-,-,NA,NA,LOS ANGELES,GARDENA,-118.32653005,33.90193006
6418511,2014,2014-06-11,1924,2014-01-19,0046,112602,G37,7,5,5,1924,0,0,0,NA,0,8T3,WESTERN AV,GARDENA BL,159,S,N,A,-,N,NA,NA,NA,NA,NA,NA,NA,NA,NA,Y,3,0,1,1,A,-,01,23152,A,N,E,I,A,A,H,-,C,D,0,NA,NA,NA,NA,Y,Y,A,07,0,1,0,0,0,0,0,0,0,-,-,NA,NA,LOS ANGELES,GARDENA,-118.30915671,33.88151395
6418515,2014,2014-06-11,1900,2014-01-06,1500,528299,1369,1,5,5,1952,0,0,0,NA,0,133A,DOWNEY AV,JACKSON ST,55,S,N,A,-,N,NA,NA,NA,NA,NA,NA,NA,NA,NA,Y,4,0,1,2,A,-,04,21703,NA,N,C,C,A,A,H,-,A,D,0,NA,NA,NA,NA,Y,NA,A,NA,0,0,1,0,0,0,0,0,0,-,-,NA,NA,LOS ANGELES,PARAMOUNT,-118.15134731,33.8853092
6418520,2014,2014-06-11,1942,2014-01-27,0200,24475,646,1,5,7,1942,0,0,0,NA,0,6T7,CAHUENGA BL,SELMA AV,0,NA,Y,B,-,N,NA,NA,NA,NA,NA,NA,NA,NA,NA,N,3,0,2,3,A,-,10,21950,A,N,A,B,B,B,H,-,C,A,0,Y,NA,NA,NA,Y,Y,A,01,0,1,1,0,2,0,0,0,0,-,-,NA,NA,LOS ANGELES,LOS ANGELES,-118.32953014,34.09977003
6418523,2014,2014-06-11,1900,2014-01-13,1540,529803,1366,1,5,5,1952,0,0,0,NA,0,136,ALONDRA BL,ATLANTIC PL,0,NA,Y,A,-,N,NA,NA,NA,NA,NA,NA,NA,NA,NA,Y,4,0,2,2,A,-,12,21453,A,N,A,C,A,A,H,-,A,A,0,NA,NA,NA,NA,Y,NA,A,NA,0,0,2,0,0,0,0,0,0,-,-,NA,NA,LOS ANGELES,PARAMOUNT,-118.18495004,33.88918012
6418524,2014,2014-06-11,1942,2014-01-26,1830,22801,0638,7,5,7,1942,0,0,0,F,0,6CL6,WESTERN AV,HOLLYWOOD BL,0,NA,Y,A,-,N,NA,NA,NA,NA,NA,NA,NA,NA,NA,N,2,0,1,2,A,-,08,22107,NA,N,G,G,A,A,H,-,C,D,0,NA,Y,NA,NA,Y,NA,A,07,1,0,0,0,0,0,1,0,0,-,-,NA,NA,LOS ANGELES,LOS ANGELES,-118.30927011,34.10175003
6418528,2014,2014-06-11,1942,2014-01-15,2120,39224,0642,3,5,7,1942,0,0,0,F,0,6A49,SUNSET BL,FAIRFAX AV,0,NA,Y,A,-,N,NA,NA,NA,NA,NA,NA,NA,NA,NA,Y,2,0,2,2,A,-,09,21801,A,N,D,C,A,A,-,-,C,A,0,NA,NA,Y,NA,Y,NA,C,02,1,0,1,0,0,0,0,0,2,-,-,NA,NA,LOS ANGELES,LOS ANGELES,-118.36155005,34.09806006
6418532,2014,2014-06-11,1942,2014-01-31,1400,40460,0656,5,5,7,1942,0,0,0,F,0,6TL7,EL CENTRO AV,ROMAINE ST,59,S,N,A,-,N,NA,NA,NA,NA,NA,NA,NA,NA,NA,N,2,0,1,1,A,-,-,NA,NA,N,H,I,A,A,H,-,A,D,0,NA,NA,Y,NA,Y,NA,C,03,1,0,0,0,0,0,0,0,1,-,-,NA,NA,LOS ANGELES,LOS ANGELES,-118.3244464,34.08876821
6418536,2014,2014-06-11,1942,2014-01-27,1400,37469,2042,1,5,7,1942,0,0,0,NA,0,6TL7,9TH ST,WILTON PL,12,E,N,A,-,N,NA,NA,NA,NA,NA,NA,NA,NA,NA,N,3,0,1,2,A,-,05,21650,NA,N,H,G,A,A,H,-,A,D,0,NA,Y,NA,NA,Y,NA,L,04,0,1,0,0,0,0,1,0,0,-,-,NA,NA,LOS ANGELES,LOS ANGELES,-118.31421047,34.05584078
6418540,2014,2014-06-11,1942,2014-01-27,0840,37469,0667,1,5,7,1942,0,0,0,F,0,6TL7,FOUNTAIN AV,TAMARIND AV,0,NA,Y,A,-,N,NA,NA,NA,NA,NA,NA,NA,NA,NA,N,3,0,1,1,A,-,03,22350,NA,N,H,A,A,A,H,-,A,A,0,NA,NA,Y,NA,Y,NA,C,02,0,1,0,0,0,0,0,0,1,-,-,NA,NA,LOS ANGELES,LOS ANGELES,-118.31908013,34.09440011
6418544,2014,2014-06-11,1942,2014-01-22,0807,36530,665,3,5,7,1942,0,0,0,NA,0,6TL7,FOUNTAIN AV,CHEROKEE AV,20,W,N,B,-,N,NA,NA,NA,NA,NA,NA,NA,NA,NA,Y,3,0,2,2,A,-,09,21802,A,N,D,D,A,A,H,-,A,A,0,NA,NA,NA,NA,Y,NA,A,07,0,2,0,0,0,0,0,0,0,-,-,NA,NA,LOS ANGELES,LOS ANGELES,-118.33530593,34.09438
6418548,2014,2014-06-11,1942,2014-01-14,1300,37966,0632,2,5,7,1942,0,0,0,F,0,6TL2,LAUREL CANYON BL,MOUNT OLYMPUS DR,560,N,N,A,-,N,NA,NA,NA,NA,NA,NA,NA,NA,NA,N,3,0,1,1,A,-,03,22350,NA,N,H,J,A,A,B,-,A,D,0,NA,Y,NA,NA,Y,NA,L,04,0,1,0,0,0,0,1,0,0,-,-,NA,NA,LOS ANGELES,LOS ANGELES,-118.36579217,34.103348510000004
6418552,2014,2014-06-11,1942,2014-01-27,1200,37966,0657,1,5,7,1942,0,0,0,F,0,6TL4,SANTA MONICA BL,VAN NESS AV,0,NA,Y,A,-,N,NA,NA,NA,NA,NA,NA,NA,NA,NA,Y,3,0,3,2,A,-,12,21453,A,N,D,C,A,A,H,-,A,A,0,NA,NA,NA,NA,Y,NA,A,07,0,1,2,0,0,0,0,0,0,-,-,NA,NA,LOS ANGELES,LOS ANGELES,-118.31575009,34.09074005
6418555,2014,2014-06-20,1924,2014-01-28,1303,101476,24,2,5,5,1924,0,0,0,NA,0,8L7D,DENKER AV,149TH ST,75,N,N,A,-,N,NA,NA,NA,NA,NA,NA,NA,NA,NA,N,3,0,1,2,B,-,22,NA,NA,M,G,B,E,A,H,-,A,D,0,Y,NA,NA,NA,Y,NA,A,01,0,1,0,0,1,0,0,0,0,-,-,NA,NA,LOS ANGELES,GARDENA,-118.3048,33.8968957