CASE_ID,ACCIDENT_YEAR,PROC_DATE,JURIS,COLLISION_DATE,COLLISION_TIME,OFFICER_ID,REPORTING_DISTRICT,DAY_OF_WEEK,CHP_SHIFT,POPULATION,CNTY_CITY_LOC,SPECIAL_COND,BEAT_TYPE,CHP_BEAT_TYPE,CITY_DIVISION_LAPD,CHP_BEAT_CLASS,BEAT_NUMBER,PRIMARY_RD,SECONDARY_RD,DISTANCE,DIRECTION,INTERSECTION,WEATHER_1,WEATHER_2,STATE_HWY_IND,CALTRANS_COUNTY,CALTRANS_DISTRICT,STATE_ROUTE,ROUTE_SUFFIX,POSTMILE_PREFIX,POSTMILE,LOCATION_TYPE,RAMP_INTERSECTION,SIDE_OF_HWY,TOW_AWAY,COLLISION_SEVERITY,NUMBER_KILLED,NUMBER_INJURED,PARTY_COUNT,PRIMARY_COLL_FACTOR,PCF_CODE_OF_VIOL,PCF_VIOL_CATEGORY,PCF_VIOLATION,PCF_VIOL_SUBSECTION,HIT_AND_RUN,TYPE_OF_COLLISION,MVIW,PED_ACTION,ROAD_SURFACE,ROAD_COND_1,ROAD_COND_2,LIGHTING,CONTROL_DEVICE,CHP_ROAD_TYPE,PEDESTRIAN_ACCIDENT,BICYCLE_ACCIDENT,MOTORCYCLE_ACCIDENT,TRUCK_ACCIDENT,NOT_PRIVATE_PROPERTY,ALCOHOL_INVOLVED,STWD_VEHTYPE_AT_FAULT,CHP_VEHTYPE_AT_FAULT,COUNT_SEVERE_INJ,COUNT_VISIBLE_INJ,COUNT_COMPLAINT_PAIN,COUNT_PED_KILLED,COUNT_PED_INJURED,COUNT_BICYCLIST_KILLED,COUNT_BICYCLIST_INJURED,COUNT_MC_KILLED,COUNT_MC_INJURED,PRIMARY_RAMP,SECONDARY_RAMP,LATITUDE,LONGITUDE,COUNTY,CITY,POINT_X,POINT_Y
6418556,2014,2014-06-11,1942,2014-01-28,1625,37613,0886,2,5,7,1942,0,0,0,H,0,20TL58,PICO BL,PEERLESS PL,0,NA,Y,A,-,N,NA,NA,NA,NA,NA,NA,NA,NA,NA,N,4,0,2,4,A,-,09,21801,NA,N,D,C,A,A,H,-,A,A,0,NA,NA,NA,NA,Y,NA,A,01,0,0,2,0,0,0,0,0,0,-,-,NA,NA,LOS ANGELES,LOS ANGELES,-118.40312001,34.05367008
6418559,2014,2014-06-11,1924,2014-01-26,1211,111229,45,7,5,5,1924,0,0,0,NA,0,8M1,WESTERN AV,182ND ST,0,NA,Y,A,-,N,NA,NA,NA,NA,NA,NA,NA,NA,NA,Y,4,0,2,2,A,-,09,21801,A,N,A,C,A,A,H,-,A,A,0,NA,NA,NA,NA,Y,NA,A,01,0,0,2,0,0,0,0,0,0,-,-,NA,NA,LOS ANGELES,GARDENA,-118.30912012,33.86561008
6418560,2014,2014-06-11,1942,2014-01-30,2050,40157,0849,4,5,7,1942,0,0,0,H,0,8T35,CORNING ST,WHITWORTH DR,40,N,N,A,-,N,NA,NA,NA,NA,NA,NA,NA,NA,NA,N,4,0,1,3,A,-,04,21703,NA,N,C,C,A,A,H,-,C,D,0,NA,NA,NA,NA,Y,NA,A,01,0,0,1,0,0,0,0,0,0,-,-,NA,NA,LOS ANGELES,LOS ANGELES,-118.37733752,34.05726969
6418561,2014,2014-06-17,1942,2014-02-27,1820,38171,1152,4,5,7,1942,0,0,0,K,0,11TL32,HOLLYWOOD BL,LYMAN PL,35,W,N,B,-,N,NA,NA,NA,NA,NA,NA,NA,NA,NA,Y,4,0,1,3,A,-,03,22350,NA,F,C,C,A,A,H,-,C,D,0,NA,NA,NA,NA,Y,NA,-,99,0,0,1,0,0,0,0,0,0,-,-,NA,NA,LOS ANGELES,LOS ANGELES,-118.28905358,34.09939615
6418565,2014,2014-06-17,1942,2014-02-23,1130,30380,1151,7,5,7,1942,0,0,0,K,0,4TL43,PROSPECT AV,VERMONT AV,125,E,N,A,-,N,NA,NA,NA,NA,NA,NA,NA,NA,NA,Y,4,0,1,2,A,-,09,21804,A,N,B,C,A,A,H,-,A,D,0,NA,NA,NA,NA,Y,NA,A,01,0,0,1,0,0,0,0,0,0,-,-,NA,NA,LOS ANGELES,LOS ANGELES,-118.2913579,34.10177
6418567,2014,2016-01-07,9580,2014-03-24,1003,019097,NA,1,1,7,1942,0,1,2,NA,2,107,RT 101,LAS VIRGENES RD,1056,E,N,B,-,Y,LA,7,101,-,-,30.85,H,-,S,Y,3,0,1,2,A,-,01,23152,E,M,B,C,A,A,H,-,A,D,1,NA,NA,NA,NA,Y,NA,A,01,0,1,0,0,0,0,0,0,0,-,-,34.15117,-118.69268,LOS ANGELES,LOS ANGELES,-118.69538433,34.15039767
6418569,2014,2014-06-17,1942,2014-02-27,1550,38354,0938,4,5,7,1942,0,0,0,I,0,19TL72,OXNARD ST,HILLVIEW PARK,37,W,N,B,-,N,NA,NA,NA,NA,NA,NA,NA,NA,NA,N,4,0,2,2,A,-,03,22350,NA,N,C,J,A,A,H,-,A,A,0,NA,NA,NA,NA,Y,NA,A,01,0,0,2,0,0,0,0,0,0,-,-,NA,NA,LOS ANGELES,LOS ANGELES,-118.42855211,34.17942
6418573,2014,2015-11-07,1942,2014-02-28,0835,33340,1063,5,5,7,1942,0,0,0,J,0,15TL47,RESEDA BL,RT 101,94,S,N,C,-,Y,LA,7,101,-,-,21.104,R,4,N,Y,4,0,1,1,A,-,03,22350,NA,N,E,I,A,B,H,-,A,D,0,NA,NA,NA,NA,Y,NA,A,01,0,0,1,0,0,0,0,0,0,-,WF,NA,NA,LOS ANGELES,LOS ANGELES,-118.53336075,34.17260897
6418577,2014,2014-06-17,1900,2014-02-28,0535,524504,0644,5,5,6,1985,0,0,0,NA,0,62T1,RAILROAD AV,OAK RIDGE DR,0,NA,Y,C,-,N,NA,NA,NA,NA,NA,NA,NA,NA,NA,Y,4,0,1,2,D,-,00,NA,NA,N,D,C,A,B,H,-,C,A,0,NA,NA,NA,NA,Y,NA,-,-,0,0,1,0,0,0,0,0,0,-,-,NA,NA,LOS ANGELES,SANTA CLARITA,-118.53863011,34.40052006
6418579,2014,2016-01-19,9580,2014-03-25,0745,16088,NA,2,1,7,1942,0,1,2,NA,2,101,RT 101,VINELAND AV,500,S,N,B,-,Y,LA,7,101,-,-,11.02,H,-,S,Y,4,0,2,2,A,-,03,22350,NA,N,C,C,A,A,H,-,A,D,1,NA,NA,NA,NA,Y,NA,A,01,0,0,2,0,0,0,0,0,0,-,-,34.14634,-118.36981,LOS ANGELES,LOS ANGELES,-118.36900943,34.14575143
6418581,2014,2014-06-17,1900,2014-02-26,1300,407364,0641,3,5,6,1985,0,0,0,NA,0,64TID,CENTURION WY,HYSSOP LN,280,S,N,B,-,N,NA,NA,NA,NA,NA,NA,NA,NA,NA,N,3,0,1,2,A,-,11,21954,A,N,G,B,D,A,H,-,A,D,0,Y,NA,NA,NA,Y,NA,N,60,0,1,0,0,1,0,0,0,0,-,-,NA,NA,LOS ANGELES,SANTA CLARITA,-118.51722412,34.44240164
6418585,2014,2014-06-17,1900,2014-02-28,0947,524504,0622,5,5,6,1985,0,0,0,NA,0,62T1,ORCHARD VILLAGE RD,16TH ST,250,N,N,C,-,N,NA,NA,NA,NA,NA,NA,NA,NA,NA,Y,4,0,2,2,A,-,03,22350,NA,N,E,I,A,B,H,-,A,D,0,NA,NA,NA,NA,Y,NA,A,01,0,0,2,0,0,0,0,0,0,-,-,NA,NA,LOS ANGELES,SANTA CLARITA,-118.54611498,34.3882481
6418587,2014,2015-11-10,9580,2014-03-24,1735,19573,NA,1,2,7,1942,0,1,1,NA,2,406,RT 405,NORDHOFF ST,1584,S,N,A,-,Y,LA,7,405,-,-,44.44,H,-,N,Y,4,0,3,3,A,-,03,22350,NA,N,C,C,A,A,H,-,A,D,1,NA,NA,NA,NA,Y,NA,D,22,0,0,3,0,0,0,0,0,0,-,-,34.24932,-118.47072,LOS ANGELES,LOS ANGELES,-118.4729904,34.23105948
6418589,2014,2014-06-17,1942,2014-02-27,1735,37611,1127,4,5,7,1942,0,0,0,K,0,13TL22,YORK BL,FIGUEROA ST,210,E,N,A,-,N,NA,NA,NA,NA,NA,NA,NA,NA,NA,N,3,0,1,2,A,-,11,21954,A,N,G,B,D,A,H,-,A,D,0,Y,NA,NA,NA,Y,NA,N,60,0,1,0,0,1,0,0,0,0,-,-,NA,NA,LOS ANGELES,LOS ANGELES,-118.18372723,34.11523362
6418593,2014,2014-06-17,1942,2014-02-27,0730,37952,1123,4,5,7,1942,0,0,0,K,0,2TL15,LOS FELIZ BL,BRUNSWICK AV,10,E,N,B,-,N,NA,NA,NA,NA,NA,NA,NA,NA,NA,N,4,0,1,2,A,-,03,22350,NA,N,C,C,A,B,H,-,A,D,0,NA,NA,NA,NA,Y,NA,A,07,0,0,1,0,0,0,0,0,0,-,-,NA,NA,LOS ANGELES,LOS ANGELES,-118.26564174,34.12501413
6418606,2014,2014-06-17,1900,2014-02-06,1140,471253,NA,4,5,5,1908,0,0,0,NA,0,133T1,FLOWER ST,REEVES AV,65,E,N,B,-,N,NA,NA,NA,NA,NA,NA,NA,NA,NA,Y,3,0,1,1,A,-,03,22350,NA,N,E,I,A,A,H,-,A,D,0,NA,NA,NA,NA,Y,NA,A,01,0,1,0,0,0,0,0,0,0,-,-,NA,NA,LOS ANGELES,BELLFLOWER,-118.14027629,33.88201099
6418609,2014,2014-06-17,1942,2014-02-26,2040,36315,NA,3,5,7,1942,0,0,0,NA,0,0923,SEPULVEDA BL,VICTORY BL,0,NA,Y,C,-,N,NA,NA,NA,NA,NA,NA,NA,NA,NA,N,4,0,1,2,A,-,10,21950,A,F,B,B,B,B,H,-,C,A,0,Y,NA,NA,NA,Y,NA,-,99,0,0,1,0,1,0,0,0,0,-,-,NA,NA,LOS ANGELES,LOS ANGELES,-118.46617011,34.18666009
6418610,2014,2016-02-04,1900,2014-02-11,0950,496174,1327,2,5,5,1935,0,0,0,NA,0,135B,CARSON ST,RT 605,15,E,N,A,-,Y,LA,7,605,-,R,1.558,R,4,N,Y,3,0,1,3,A,-,12,21453,A,N,D,C,A,A,H,-,A,A,0,NA,NA,NA,NA,Y,NA,A,NA,0,1,0,0,0,0,0,0,0,-,-,NA,NA,LOS ANGELES,LAKEWOOD,-118.08270718,33.82870702
6418613,2014,2014-06-17,1942,2014-02-28,1830,32164,1999,5,5,7,1942,0,0,0,NA,0,19X84,ROSCOE BL,MATILIJA AV,200,E,N,B,C,N,NA,NA,NA,NA,NA,NA,NA,NA,NA,Y,4,0,1,3,A,-,03,22350,NA,M,C,C,A,B,H,-,C,A,0,NA,NA,NA,NA,Y,NA,A,01,0,0,1,0,0,0,0,0,0,-,-,NA,NA,LOS ANGELES,LOS ANGELES,NA,NA
6418614,2014,2014-06-17,1900,2014-02-10,2028,526721,1333,1,5,5,1908,0,0,0,NA,0,133T2,CHICAGO AV,TRABUCO ST,20,S,N,A,-,N,NA,NA,NA,NA,NA,NA,NA,NA,NA,Y,4,0,1,1,A,-,-,NA,NA,N,F,-,A,A,H,-,C,D,0,NA,NA,NA,NA,Y,NA,-,NA,0,0,1,0,0,0,0,0,0,-,-,NA,NA,LOS ANGELES,BELLFLOWER,-118.11083954,33.88740516
6418617,2014,2014-06-17,1942,2014-02-28,1940,36153,1047,5,5,7,1942,0,0,0,J,0,10T35,BURBANK BL,WHITEOAK AV,0,NA,Y,C,-,N,NA,NA,NA,NA,NA,NA,NA,NA,NA,N,4,0,1,2,A,-,03,22350,NA,F,C,C,A,B,H,-,C,A,0,NA,NA,NA,NA,Y,NA,-,99,0,0,1,0,0,0,0,0,0,-,-,NA,NA,LOS ANGELES,LOS ANGELES,-118.51854005,34.17224012
6418618,2014,2014-06-17,1941,2014-02-23,0914,6262,NA,7,5,7,1941,0,0,0,NA,0,NA,SAN ANSELINE AV,EL PASEO,0,NA,Y,A,-,N,NA,NA,NA,NA,NA,NA,NA,NA,NA,Y,4,0,1,5,A,-,12,22450,A,N,D,C,A,A,H,-,A,A,0,NA,NA,NA,NA,Y,NA,A,NA,0,0,1,0,0,0,0,0,0,-,-,NA,NA,LOS ANGELES,LONG BEACH,-118.1215,33.79481004
6418621,2014,2014-06-17,1942,2014-02-28,2330,36179,1691,5,5,7,1942,0,0,0,P,0,16A81,WHITSETT AV,CANTARA ST,0,NA,Y,C,-,N,NA,NA,NA,NA,NA,NA,NA,NA,NA,Y,4,0,2,2,A,-,08,22107,NA,F,D,C,A,B,H,-,D,D,0,NA,NA,NA,NA,Y,NA,A,01,0,0,2,0,0,0,0,0,0,-,-,NA,NA,LOS ANGELES,LOS ANGELES,-118.40526003,34.21983002
6418625,2014,2014-06-17,1942,2014-02-26,1310,36084,0943,3,5,7,1942,0,0,0,I,0,DESK,BURBANK BL,VAN NUYS BL,526,E,N,A,-,N,NA,NA,NA,NA,NA,NA,NA,NA,NA,N,4,0,2,2,A,-,-,NA,NA,N,C,C,A,A,H,-,A,D,0,NA,NA,NA,NA,Y,NA,-,-,0,0,2,0,0,0,0,0,0,-,-,NA,NA,LOS ANGELES,LOS ANGELES,-118.44700416,34.172110000000004
6418628,2014,2016-02-03,1942,2014-02-28,1600,41398,0514,5,5,7,1942,0,0,0,E,0,5A15,RT 1,RONAN AV,0,NA,Y,C,-,Y,LA,7,1,-,-,11.085,H,-,N,Y,4,0,2,2,A,-,12,21453,A,N,D,C,A,B,H,-,B,A,0,NA,NA,NA,NA,Y,NA,D,22,0,0,2,0,0,0,0,0,0,-,-,NA,NA,LOS ANGELES,LOS ANGELES,-118.27293259,33.7907098
6418629,2014,2014-06-17,1942,2014-02-27,1715,41399,0932,4,5,7,1942,0,0,0,I,0,9A19,NOBLE,FRIAR ST,12,S,N,A,-,N,NA,NA,NA,NA,NA,NA,NA,NA,NA,NA,4,0,2,2,A,-,09,21802,A,N,D,C,A,A,H,-,A,-,0,NA,NA,NA,NA,Y,NA,A,01,0,0,2,0,0,0,0,0,0,-,-,NA,NA,LOS ANGELES,LOS ANGELES,-118.46184964,34.18570709
6418632,2014,2014-07-08,1942,2014-02-04,0900,41053,0341,2,5,7,1942,0,0,0,C,0,3A19,RODEO RD,LA CIENEGA BL,0,NA,Y,A,-,N,NA,NA,NA,NA,NA,NA,NA,NA,NA,Y,3,0,1,3,A,-,05,21650,NA,N,A,C,A,A,H,-,A,A,0,NA,NA,Y,NA,Y,NA,D,22,0,1,0,0,0,0,0,0,0,-,-,NA,NA,LOS ANGELES,LOS ANGELES,-118.37236002,34.02170002
6418633,2014,2014-06-17,1942,2014-02-27,1610,38956,0948,4,5,7,1942,0,0,0,I,0,15T44,BURBANK BL,FULTON AV,7,E,N,A,-,N,NA,NA,NA,NA,NA,NA,NA,NA,NA,Y,3,0,3,2,A,-,09,21801,A,N,D,C,A,A,H,-,A,A,0,NA,NA,Y,NA,Y,NA,C,02,0,2,1,0,0,0,0,0,3,-,-,NA,NA,LOS ANGELES,LOS ANGELES,-118.4224869,34.17212
6418637,2014,2014-06-17,1942,2014-02-28,1900,38471,0914,5,5,7,1942,0,0,0,I,0,9T55W3,VANOWEN ST,KESTER AV,9,W,N,A,C,N,NA,NA,NA,NA,NA,NA,NA,NA,NA,N,4,0,1,2,A,-,10,21950,A,N,A,B,B,B,H,-,C,A,0,Y,NA,NA,NA,Y,Y,A,01,0,0,1,0,1,0,0,0,0,-,-,NA,NA,LOS ANGELES,LOS ANGELES,-118.45746971,34.19392
6418641,2014,2014-06-23,1942,2014-03-03,0200,22934,0517,1,5,7,1942,0,0,0,E,0,5A11,LAKME AV,L ST,0,NA,Y,A,-,N,NA,NA,NA,NA,NA,NA,NA,NA,NA,Y,3,0,2,2,A,-,12,22450,A,N,D,C,A,A,H,-,A,C,0,NA,NA,NA,NA,Y,NA,D,22,0,1,1,0,0,0,0,0,0,-,-,NA,NA,LOS ANGELES,LOS ANGELES,-118.25991003,33.78688008
6418644,2014,2014-06-20,1942,2014-02-28,1530,40529,504,5,5,7,1942,0,0,0,NA,0,18T39,DENKER AV,TORRANCE BL,20,N,N,A,-,N,NA,NA,NA,NA,NA,NA,NA,NA,NA,Y,3,0,3,2,A,-,03,22350,NA,N,D,D,A,B,H,-,A,D,0,NA,NA,NA,NA,Y,NA,A,08,0,2,1,0,0,0,0,0,0,-,-,NA,NA,LOS ANGELES,LOS ANGELES,-118.30397951,33.84185485
6418645,2014,2014-06-10,1942,2014-01-29,0755,37405,0362,3,5,7,1942,0,0,0,C,0,12A45,PINAFORE ST,COCO AV,36,E,N,A,-,N,NA,NA,NA,NA,NA,NA,NA,NA,NA,N,4,0,1,3,A,-,03,22350,NA,N,C,C,A,A,H,-,A,A,0,NA,NA,NA,NA,Y,NA,D,22,0,0,1,0,0,0,0,0,0,-,-,NA,NA,LOS ANGELES,LOS ANGELES,-118.35001127,34.01408532
6418648,2014,2014-07-03,1942,2014-02-25,1230,36911,0564,2,5,7,1942,0,0,0,E,0,5TL21,5TH ST,HARBOR BL,290,W,N,A,-,N,NA,NA,NA,NA,NA,NA,NA,NA,NA,Y,4,0,3,2,A,-,21,22106,NA,N,H,C,A,A,H,-,A,D,0,NA,NA,NA,NA,Y,NA,A,01,0,0,3,0,0,0,0,0,0,-,-,NA,NA,LOS ANGELES,LOS ANGELES,-118.28073248,33.74047375
6418653,2014,2014-07-08,1942,2014-02-05,0145,40013,0392,3,5,7,1942,0,0,0,C,0,3A63,ARLINGTON AV,48TH ST,114,S,N,A,-,N,NA,NA,NA,NA,NA,NA,NA,NA,NA,Y,3,0,1,4,A,-,01,23152,A,N,C,E,A,A,H,-,C,A,0,NA,NA,NA,NA,Y,Y,A,07,0,1,0,0,0,0,0,0,0,-,-,NA,NA,LOS ANGELES,LOS ANGELES,-118.318159,33.999748
6418656,2014,2014-07-03,1942,2014-02-20,0930,36911,0521,4,5,7,1942,0,0,0,E,0,5T21,WESTMONT DR,TAPER AV,12,E,N,A,-,N,NA,NA,NA,NA,NA,NA,NA,NA,NA,N,4,0,1,2,A,-,03,22350,NA,N,C,C,A,A,H,-,A,A,0,NA,NA,NA,NA,Y,NA,D,22,0,0,1,0,0,0,0,0,0,-,-,NA,NA,LOS ANGELES,LOS ANGELES,-118.2994108,33.76356336
6418668,2014,2016-01-20,1942,2014-03-07,0840,35643,0513,5,5,7,1942,0,0,0,E,0,5T21,FIGUEROA ST,I ST,0,NA,Y,A,-,Y,LA,7,110,-,-,3.448,R,4,N,Y,4,0,1,2,A,-,12,22450,A,N,D,C,A,A,H,-,A,A,0,NA,NA,NA,NA,Y,NA,D,22,0,0,1,0,0,0,0,0,0,-,-,NA,NA,LOS ANGELES,LOS ANGELES,-118.28046172,33.781709
6418672,2014,2014-06-23,1942,2014-03-07,0910,36911,0529,5,5,7,1942,0,0,0,E,0,18T23,EUBANK AV,F ST,0,NA,Y,A,-,N,NA,NA,NA,NA,NA,NA,NA,NA,NA,N,2,0,1,2,A,-,05,21650,NA,N,D,C,A,A,H,-,A,D,0,NA,NA,NA,NA,Y,NA,A,01,1,0,0,0,0,0,0,0,0,-,-,NA,NA,LOS ANGELES,LOS ANGELES,-118.25445007,33.77744009
6418673,2014,2016-01-21,1976,2014-03-03,1230,274,NA,1,5,5,1976,0,0,0,NA,0,004,WHITTIER BL,COLIMA RD,60,E,N,A,-,Y,LA,7,72,-,-,1.84,H,-,N,N,4,0,1,2,A,-,03,22350,NA,N,C,C,A,A,H,-,A,A,0,NA,NA,NA,NA,Y,NA,D,22,0,0,1,0,0,0,0,0,0,-,-,NA,NA,LOS ANGELES,WHITTIER,-118.00624561,33.94878538
6418677,2014,2014-06-26,1967,2014-03-11,1418,40016,941,2,5,2,1967,0,0,0,NA,0,SOUTH,CHERRY AV,SKYLINE DR,0,NA,Y,A,-,N,NA,NA,NA,NA,NA,NA,NA,NA,NA,Y,4,0,1,3,D,-,00,NA,NA,N,D,C,A,A,H,-,A,A,0,NA,NA,NA,NA,Y,NA,-,-,0,0,1,0,0,0,0,0,0,-,-,NA,NA,LOS ANGELES,SIGNAL HILL,-118.16755004,33.80075002
6418716,2014,2014-06-23,1942,2014-03-13,0710,39177,0373,4,5,7,1942,0,0,0,C,0,3T5,COLISEUM ST,BRONSON AV,0,NA,Y,B,-,N,NA,NA,NA,NA,NA,NA,NA,NA,NA,Y,4,0,1,2,A,-,09,21804,A,N,D,C,A,A,H,-,A,A,0,NA,NA,NA,NA,Y,NA,A,01,0,0,1,0,0,0,0,0,0,-,-,NA,NA,LOS ANGELES,LOS ANGELES,-118.33394006,34.01822004
6418717,2014,2014-06-10,1942,2014-01-22,1035,40251,0357,3,5,7,1942,0,0,0,C,0,3A1,VERMONT,36TH ST,24,S,N,A,-,N,NA,NA,NA,NA,NA,NA,NA,NA,NA,Y,4,0,1,2,A,-,03,22350,NA,N,C,C,A,A,H,-,A,A,0,NA,NA,NA,Y,Y,NA,F,25,0,0,1,0,0,0,0,0,0,-,-,NA,NA,LOS ANGELES,LOS ANGELES,-118.291546,34.023018
6418733,2014,2014-07-03,1942,2014-02-14,1605,40440,0333,5,5,7,1942,0,0,0,C,0,3TL57,JEFFERSON BL,VICTORIA AV,0,NA,Y,A,-,N,NA,NA,NA,NA,NA,NA,NA,NA,NA,Y,4,0,1,2,A,-,09,21802,A,N,D,C,A,A,H,-,A,A,0,NA,NA,NA,NA,Y,NA,A,08,0,0,1,0,0,0,0,0,0,-,-,NA,NA,LOS ANGELES,LOS ANGELES,-118.33637005,34.02557011
6418789,2014,2014-07-03,1942,2014-02-15,1340,25316,363,6,5,7,1942,0,0,0,NA,0,12MQ51,CRENSHAW BL,MARTIN LUTHER KING BL,120,S,N,A,-,N,NA,NA,NA,NA,NA,NA,NA,NA,NA,N,3,0,1,2,A,-,03,22350,NA,N,C,C,A,A,H,-,A,D,0,NA,NA,NA,NA,Y,NA,D,22,0,1,0,0,0,0,0,0,0,-,-,NA,NA,LOS ANGELES,LOS ANGELES,-118.33512,34.01060088
6418861,2014,2014-06-23,1900,2014-03-12,1609,472745,0521,3,5,4,1971,0,0,0,NA,0,52T1PM,LAS TUNAS DR,CLOVERLY AV,0,NA,Y,A,-,N,NA,NA,NA,NA,NA,NA,NA,NA,NA,N,4,0,1,2,A,-,05,21202,A,N,D,G,A,-,H,-,A,A,0,NA,Y,NA,Y,Y,NA,L,04,0,0,1,0,0,0,1,0,0,-,-,NA,NA,LOS ANGELES,TEMPLE CITY,-118.06372012,34.10629008
6418873,2014,2014-06-24,1900,2014-03-12,1549,520726,0541,3,5,3,1921,0,0,0,NA,0,58T1PM,EVERGREEN AV,BROADLAND AV,0,NA,Y,A,-,N,NA,NA,NA,NA,NA,NA,NA,NA,NA,N,4,0,2,3,A,-,10,21950,A,N,G,B,E,A,H,-,A,D,0,Y,NA,NA,NA,Y,NA,D,22,0,0,2,0,2,0,0,0,0,-,-,NA,NA,LOS ANGELES,DUARTE,-117.98102012,34.13501008
6418881,2014,2014-06-24,1976,2014-03-15,1129,740,NA,6,5,3,1964,0,0,0,NA,0,NA,FLORENCE AV,PIONEER BL,257,W,N,A,-,N,NA,NA,NA,NA,NA,NA,NA,NA,NA,Y,4,0,2,3,A,-,03,22350,NA,N,C,C,A,A,H,-,A,D,0,NA,NA,NA,NA,Y,NA,A,01,0,0,2,0,0,0,0,0,0,-,-,NA,NA,LOS ANGELES,SANTA FE SPRINGS,-118.08268545,33.93532
6418944,2014,2014-07-08,9530,2014-02-23,1730,020584,NA,7,2,9,1900,0,3,5,NA,2,001,SALE PL,SANTA FE AV,450,E,N,A,-,N,NA,NA,NA,NA,NA,NA,NA,NA,NA,Y,3,0,1,4,A,-,01,23152,A,N,B,C,A,A,H,-,C,D,0,NA,NA,NA,NA,Y,Y,A,01,0,1,0,0,0,0,0,0,0,-,-,33.96286,-118.22851,LOS ANGELES,UNINCORPORATED,-118.22878969,33.96287162
6418945,2014,2014-06-26,1976,2014-02-20,0716,239,WPD,4,5,3,1964,0,0,0,NA,0,003,VALLEYVIEW AV,FIRESTONE BL,10,N,N,A,-,N,NA,NA,NA,NA,NA,NA,NA,NA,NA,N,4,0,2,2,A,-,08,22107,NA,N,C,C,A,A,H,-,A,A,0,NA,NA,NA,NA,Y,NA,A,01,0,0,2,0,0,0,0,0,0,-,-,NA,NA,LOS ANGELES,SANTA FE SPRINGS,-118.02901,33.88386742
6418948,2014,2016-02-04,9530,2014-02-25,1455,16193,NA,2,2,5,1943,0,1,1,NA,2,210,RT 105,LONG BEACH BL,1056,W,N,A,-,Y,LA,7,105,-,R,11.31,H,-,E,Y,3,0,3,3,A,-,03,22350,NA,N,C,C,A,A,H,-,A,D,6,NA,NA,NA,NA,Y,NA,A,07,0,1,2,0,0,0,0,0,0,-,-,33.92684,-118.21496,LOS ANGELES,LYNWOOD,-118.21374313,33.92639773
6419023,2014,2014-06-23,1909,2014-03-18,1317,567,1909,2,5,4,1909,0,0,0,NA,0,001,EASTERN AV,WATCHER ST,0,NA,Y,A,-,N,NA,NA,NA,NA,NA,NA,NA,NA,NA,N,4,0,1,2,A,-,12,21453,A,N,H,G,A,A,H,-,A,A,0,NA,Y,NA,NA,Y,NA,L,04,0,0,1,0,0,0,1,0,0,-,-,NA,NA,LOS ANGELES,BELL GARDENS,-118.16331,33.97838005
6419027,2014,2014-06-23,1909,2014-03-16,0935,568,1909,7,5,4,1909,0,0,0,NA,0,NORTH,FLORENCE AV,PERRY RD,0,NA,Y,A,-,N,NA,NA,NA,NA,NA,NA,NA,NA,NA,Y,4,0,1,2,A,-,12,21453,A,N,D,C,A,A,H,-,A,A,0,NA,NA,NA,NA,Y,NA,A,01,0,0,1,0,0,0,0,0,0,-,-,NA,NA,LOS ANGELES,BELL GARDENS,-118.15012,33.96431007
6419044,2014,2014-06-23,1942,2014-03-02,1650,39217,1985,7,5,7,1942,0,0,0,NA,0,17TL12,TILDEN AV,PARTHENIA ST,400,N,N,A,-,N,NA,NA,NA,NA,NA,NA,NA,NA,NA,N,3,0,1,2,A,-,09,21804,A,N,D,G,A,A,H,-,A,D,0,NA,Y,NA,NA,Y,NA,L,04,0,1,0,0,0,0,1,0,0,-,-,NA,NA,LOS ANGELES,LOS ANGELES,-118.44908515,34.22989858
6419045,2014,2014-06-21,1942,2014-03-02,2355,39349,1144,7,5,7,1942,0,0,0,K,0,1T11,SILVER LAKE BL,EARL ST,98,N,N,B,-,N,NA,NA,NA,NA,NA,NA,NA,NA,NA,N,3,0,1,1,A,-,03,22350,NA,N,E,J,A,A,H,-,C,D,0,NA,NA,NA,NA,Y,NA,A,08,0,1,0,0,0,0,0,0,0,-,-,NA,NA,LOS ANGELES,LOS ANGELES,-118.26108276,34.09728995
6419048,2014,2014-06-23,1942,2014-03-03,0910,39473,1944,1,5,7,1942,0,0,0,NA,0,16TL25,LAUREL CANYON BL,BRAND BL,0,NA,Y,A,-,N,NA,NA,NA,NA,NA,NA,NA,NA,NA,Y,4,0,2,2,A,-,12,21453,A,N,A,C,A,A,H,-,A,A,0,NA,NA,NA,NA,Y,NA,A,01,0,0,2,0,0,0,0,0,0,-,-,NA,NA,LOS ANGELES,LOS ANGELES,-118.44925004,34.27485006
6419052,2014,2014-06-23,1942,2014-03-04,2325,38406,666,2,5,7,1942,0,0,0,NA,0,6T7,SUNSET,CAHUENGA,18,E,N,A,-,N,NA,NA,NA,NA,NA,NA,NA,NA,NA,Y,4,0,1,4,A,-,01,23152,A,N,A,D,A,A,H,-,C,D,0,NA,NA,NA,NA,Y,Y,A,01,0,0,1,0,0,0,0,0,0,-,-,NA,NA,LOS ANGELES,LOS ANGELES,-118.32943069,34.0980084