CASE_ID,ACCIDENT_YEAR,PROC_DATE,JURIS,COLLISION_DATE,COLLISION_TIME,OFFICER_ID,REPORTING_DISTRICT,DAY_OF_WEEK,CHP_SHIFT,POPULATION,CNTY_CITY_LOC,SPECIAL_COND,BEAT_TYPE,CHP_BEAT_TYPE,CITY_DIVISION_LAPD,CHP_BEAT_CLASS,BEAT_NUMBER,PRIMARY_RD,SECONDARY_RD,DISTANCE,DIRECTION,INTERSECTION,WEATHER_1,WEATHER_2,STATE_HWY_IND,CALTRANS_COUNTY,CALTRANS_DISTRICT,STATE_ROUTE,ROUTE_SUFFIX,POSTMILE_PREFIX,POSTMILE,LOCATION_TYPE,RAMP_INTERSECTION,SIDE_OF_HWY,TOW_AWAY,COLLISION_SEVERITY,NUMBER_KILLED,NUMBER_INJURED,PARTY_COUNT,PRIMARY_COLL_FACTOR,PCF_CODE_OF_VIOL,PCF_VIOL_CATEGORY,PCF_VIOLATION,PCF_VIOL_SUBSECTION,HIT_AND_RUN,TYPE_OF_COLLISION,MVIW,PED_ACTION,ROAD_SURFACE,ROAD_COND_1,ROAD_COND_2,LIGHTING,CONTROL_DEVICE,CHP_ROAD_TYPE,PEDESTRIAN_ACCIDENT,BICYCLE_ACCIDENT,MOTORCYCLE_ACCIDENT,TRUCK_ACCIDENT,NOT_PRIVATE_PROPERTY,ALCOHOL_INVOLVED,STWD_VEHTYPE_AT_FAULT,CHP_VEHTYPE_AT_FAULT,COUNT_SEVERE_INJ,COUNT_VISIBLE_INJ,COUNT_COMPLAINT_PAIN,COUNT_PED_KILLED,COUNT_PED_INJURED,COUNT_BICYCLIST_KILLED,COUNT_BICYCLIST_INJURED,COUNT_MC_KILLED,COUNT_MC_INJURED,PRIMARY_RAMP,SECONDARY_RAMP,LATITUDE,LONGITUDE,COUNTY,CITY,POINT_X,POINT_Y
6422345,2014,2014-10-30,9550,2014-03-22,0640,20700,NA,6,1,9,1900,0,3,5,NA,2,001,WASHINGTON BL,WESTMAN AV,40,E,N,B,-,N,NA,NA,NA,NA,NA,NA,NA,NA,NA,N,3,0,1,1,A,-,03,22350,NA,N,F,A,A,A,H,-,B,D,0,NA,Y,NA,NA,Y,NA,L,04,0,1,0,0,0,0,1,0,0,-,-,33.97074,-118.06562,LOS ANGELES,UNINCORPORATED,-118.06599237,33.97072313
6422355,2014,2016-02-04,9550,2014-03-23,1315,15449,NA,7,1,3,1964,0,1,1,NA,2,650,RT 605,RT 5,10,S,N,A,-,Y,LA,7,605,-,R,9.61,H,-,N,N,3,0,1,1,A,-,03,22350,NA,N,F,A,A,A,H,-,A,D,1,NA,NA,Y,NA,Y,NA,C,02,0,1,0,0,0,0,0,0,1,-,-,33.94084,-118.09461,LOS ANGELES,SANTA FE SPRINGS,-118.0965534,33.94107243
6422371,2014,2016-02-03,9550,2014-03-24,1245,9995,NA,1,1,6,1920,0,1,1,NA,2,500,RT 5,SAN GABRIEL RIVER,180,N,N,A,-,Y,LA,7,5,-,-,7.09,H,-,S,Y,4,0,2,3,A,-,03,22350,NA,N,C,C,A,A,H,-,A,D,1,NA,NA,NA,NA,Y,NA,A,01,0,0,2,0,0,0,0,0,0,-,-,33.94649,-118.10022,LOS ANGELES,DOWNEY,-118.09872965,33.94421205
6422374,2014,2016-05-20,9550,2014-03-26,1410,14385,NA,3,2,5,1969,0,1,1,NA,2,151,RT 105,PARAMOUNT BL,1056,E,N,A,-,Y,LA,7,105,-,R,14.85,H,-,W,N,3,0,1,2,A,-,03,22350,NA,N,C,C,A,A,H,-,A,D,1,NA,NA,NA,NA,Y,NA,A,01,0,1,0,0,0,0,0,0,0,-,-,37.91277,-118.15256,LOS ANGELES,SOUTH GATE,-118.15640416,33.91235685
6422375,2014,2016-02-12,9550,2014-03-24,1840,20226,NA,1,2,5,1919,0,1,3,NA,2,092,RT 91,CARMENITA RD,10,W,N,B,-,Y,LA,7,91,-,R,20.45,H,-,W,Y,4,0,2,2,A,-,03,22350,NA,N,C,C,A,A,H,-,C,D,1,NA,NA,NA,NA,Y,NA,A,01,0,0,2,0,0,0,0,0,0,-,-,33.86436,-118.04659,LOS ANGELES,CERRITOS,-118.04638515,33.86404901
6422377,2014,2015-12-28,9550,2014-03-21,1935,18854,NA,5,2,1,1932,0,1,3,NA,2,601,RT 60,AZUSA AV,1290,W,N,A,-,Y,LA,7,60,-,-,17.73,H,-,E,Y,4,0,1,3,A,-,03,22350,NA,N,C,C,A,A,H,-,C,D,1,NA,NA,NA,NA,Y,NA,A,01,0,0,1,0,0,0,0,0,0,-,-,33.99777,-117.93548,LOS ANGELES,INDUSTRY,-117.93519284,33.99782509
6422382,2014,2014-10-24,9550,2014-03-27,1628,15045,NA,4,2,9,1900,0,3,5,NA,2,003,COLIMA RD,CAMINO DEL SUR,528,N,N,B,-,N,NA,NA,NA,NA,NA,NA,NA,NA,NA,Y,3,0,3,2,A,-,03,22350,NA,N,C,C,A,A,H,-,A,D,0,NA,NA,NA,NA,Y,NA,A,01,0,1,2,0,0,0,0,0,0,-,-,33.97695,-117.98276,LOS ANGELES,UNINCORPORATED,-117.98098554,33.97918062
6422383,2014,2016-02-05,9550,2014-03-25,0535,20705,NA,2,3,3,1964,0,1,1,NA,2,650,RT 605,FILESTONE BLVD,2640,N,N,B,-,Y,LA,7,605,-,R,9.01,H,-,N,Y,2,0,1,1,A,-,08,22107,NA,N,E,I,A,A,H,-,C,D,1,NA,NA,Y,NA,Y,NA,C,02,1,0,0,0,0,0,0,0,1,-,-,33.93317,-118.10047,LOS ANGELES,SANTA FE SPRINGS,-118.10063953,33.93316265
6422386,2014,2015-12-28,9550,2014-03-27,1835,18949,NA,4,2,9,1900,0,1,3,NA,2,602,RT 60,NOGALES ST,400,E,N,A,-,Y,LA,7,60,-,-,20.51,H,-,E,Y,4,0,3,3,A,-,03,22350,NA,N,C,C,A,A,H,-,A,D,1,NA,NA,NA,NA,Y,NA,A,01,0,0,3,0,0,0,0,0,0,-,-,33.99393,-117.88507,LOS ANGELES,UNINCORPORATED,-117.88724275,33.99404678
6422387,2014,2014-10-24,9550,2014-03-25,0445,17398,NA,2,3,9,1900,0,3,5,NA,2,002,MEYER RD,LEFFINGWELL RD,5,N,N,B,-,N,NA,NA,NA,NA,NA,NA,NA,NA,NA,N,3,0,1,2,A,-,10,21950,A,N,G,B,B,A,H,-,D,A,0,Y,NA,NA,NA,Y,NA,A,07,0,1,0,0,1,0,0,0,0,-,-,33.92104,-118.03812,LOS ANGELES,UNINCORPORATED,-118.03802325,33.92087812
6422390,2014,2014-10-24,9550,2014-03-27,2145,20533,NA,4,2,9,1900,0,3,5,NA,2,001,NORWALK BL,WALNUT ST,150,N,N,A,-,N,NA,NA,NA,NA,NA,NA,NA,NA,NA,Y,4,0,1,2,A,-,08,22107,NA,N,A,C,A,A,H,-,C,D,0,NA,NA,NA,NA,Y,NA,A,01,0,0,1,0,0,0,0,0,0,-,-,33.96256,-118.07051,LOS ANGELES,UNINCORPORATED,-118.07058443,33.96247765
6422392,2014,2016-02-04,9550,2014-03-28,1455,19346,NA,5,2,6,1949,0,1,1,NA,2,651,RT 605,FIRESTONE BL,300,N,N,A,-,Y,LA,7,605,-,R,8.47,H,-,N,Y,4,0,1,2,A,-,03,22350,NA,F,C,C,A,A,H,-,A,D,1,NA,NA,NA,NA,Y,Y,-,99,0,0,1,0,0,0,0,0,0,-,-,33.9992,-118.10038,LOS ANGELES,NORWALK,-118.10369481,33.92576686
6422416,2014,2014-04-17,1942,2014-03-04,1000,37505,0195,2,5,7,1942,0,0,0,A,0,13T53,WASHINGTON BL,MAPLE AV,43,E,N,A,-,N,NA,NA,NA,NA,NA,NA,NA,NA,NA,N,4,0,8,2,A,-,08,22107,NA,N,D,F,A,A,H,-,A,A,0,NA,NA,Y,NA,Y,NA,O,05,0,0,8,0,0,0,0,0,0,-,-,NA,NA,LOS ANGELES,LOS ANGELES,-118.26135555,34.0294337
6422420,2014,2014-04-17,1942,2014-03-05,1110,38610,412,3,5,7,1942,0,0,0,NA,0,4A15,AVENUE 22,BROADWAY,300,E,N,A,-,N,NA,NA,NA,NA,NA,NA,NA,NA,NA,N,4,0,1,2,A,-,-,NA,NA,N,G,B,D,A,H,-,A,D,0,Y,NA,NA,NA,Y,NA,N,60,0,0,1,0,1,0,0,0,0,-,-,NA,NA,LOS ANGELES,LOS ANGELES,-118.21738633,34.07287068
6422534,2014,2014-06-24,1942,2014-03-28,1735,39291,1849,5,5,7,1942,0,0,0,R,0,12T73,114TH ST,GRAPE ST,20,E,N,A,-,N,NA,NA,NA,NA,NA,NA,NA,NA,NA,N,3,0,1,2,A,-,11,21954,A,N,G,B,D,A,H,-,A,D,0,Y,NA,NA,NA,Y,NA,N,60,0,1,0,0,1,0,0,0,0,-,-,NA,NA,LOS ANGELES,LOS ANGELES,-118.2362842,33.93147024
6422552,2014,2016-04-23,9590,2014-04-07,0855,15982,NA,1,1,7,1942,0,1,2,NA,2,070,RT 101,ALVARADO ST,50,S,N,A,-,Y,LA,7,101,-,-,2.85,H,-,N,N,4,0,1,2,A,-,03,22350,NA,N,C,C,A,A,H,-,A,D,1,NA,NA,NA,NA,Y,NA,A,01,0,0,1,0,0,0,0,0,0,-,-,34.07199,-118.26653,LOS ANGELES,LOS ANGELES,-118.26660453,34.07198094
6422568,2014,2014-05-08,1942,2014-04-07,1115,32973,0182,1,5,7,1942,0,0,0,A,0,1T24,OLYMPIC BL,FLOWER ST,42,E,N,A,-,N,NA,NA,NA,NA,NA,NA,NA,NA,NA,N,4,0,1,2,A,-,03,22350,NA,N,C,C,A,A,H,-,A,D,0,NA,NA,NA,NA,Y,NA,J,48,0,0,1,0,0,0,0,0,0,-,-,NA,NA,LOS ANGELES,LOS ANGELES,-118.26267455,34.0443165
6422587,2014,2014-05-30,1942,2014-03-26,0950,37715,1498,3,5,7,1942,0,0,0,N,0,14TL47,AVIATION BL,111TH ST,0,NA,Y,A,-,N,NA,NA,NA,NA,NA,NA,NA,NA,NA,Y,2,0,1,2,A,-,09,21801,A,N,D,C,A,A,H,-,A,A,0,NA,NA,Y,NA,Y,NA,J,48,1,0,0,0,0,0,0,0,1,-,-,NA,NA,LOS ANGELES,LOS ANGELES,-118.37894006,33.93454002
6422591,2014,2014-05-30,1942,2014-03-11,1220,37416,068,2,5,7,1942,0,0,0,F,0,14TL54,SUNSET BL,SAINT ANDREWS PL,63,W,N,A,-,N,NA,NA,NA,NA,NA,NA,NA,NA,NA,N,4,0,1,2,A,-,08,22107,NA,N,C,C,A,A,H,-,A,A,0,NA,NA,NA,NA,Y,NA,J,48,0,0,1,0,0,0,0,0,0,-,-,NA,NA,LOS ANGELES,LOS ANGELES,-118.3116577,34.0981
6422596,2014,2014-05-02,1942,2014-04-11,2115,37569,1753,5,5,7,1942,0,0,0,Q,0,16T23,DEVONSHIRE ST,MASON AV,0,NA,Y,A,-,N,NA,NA,NA,NA,NA,NA,NA,NA,NA,Y,4,0,3,3,A,-,12,21453,A,N,D,C,A,A,H,-,C,A,0,NA,NA,NA,NA,Y,NA,A,01,0,0,3,0,0,0,0,0,0,-,-,NA,NA,LOS ANGELES,LOS ANGELES,-118.57984007,34.25726003
6422607,2014,2014-05-02,1900,2014-03-24,1712,101944,0454,1,5,6,1949,0,0,0,NA,0,43T1P,SAN ANTONIO DR,SYCAMORE ST,0,NA,Y,B,-,N,NA,NA,NA,NA,NA,NA,NA,NA,NA,N,4,0,1,2,A,-,05,21650,1,N,D,G,A,A,H,-,A,A,0,NA,Y,NA,NA,Y,NA,L,04,0,0,1,0,0,0,1,0,0,-,-,NA,NA,LOS ANGELES,NORWALK,-118.07951009,33.90519008
6422608,2014,2014-05-08,1900,2014-04-13,1430,432598,2913,7,5,4,1974,0,0,0,NA,0,291K2,LEMON AV,VALLEY BL,60,N,N,A,-,N,NA,NA,NA,NA,NA,NA,NA,NA,NA,N,4,0,1,2,A,-,03,22350,NA,N,C,C,A,A,H,-,A,A,0,NA,NA,NA,NA,Y,NA,J,48,0,0,1,0,0,0,0,0,0,-,-,NA,NA,LOS ANGELES,WALNUT,-117.85901037,34.0099004
6422611,2014,2014-05-02,1955,2014-03-24,1342,40180,31,1,5,6,1955,0,0,0,NA,0,002,CORAL WY,OPAL LN,12,N,N,A,-,N,NA,NA,NA,NA,NA,NA,NA,NA,NA,N,4,0,1,2,A,-,-,NA,NA,N,B,C,A,A,H,-,A,D,0,NA,NA,NA,Y,Y,NA,F,56,0,0,1,0,0,0,0,0,0,-,-,NA,NA,LOS ANGELES,POMONA,-117.75188046,34.10754
6422615,2014,2014-05-02,1942,2014-03-17,1635,36752,1255,1,5,7,1942,0,0,0,L,0,12T73,FLORENCE AV,NORMANDIE AV,0,NA,Y,A,-,N,NA,NA,NA,NA,NA,NA,NA,NA,NA,Y,4,0,3,2,A,-,12,21453,A,N,D,C,A,A,H,-,A,A,0,NA,NA,NA,NA,Y,NA,J,48,0,0,3,0,0,0,0,0,0,-,-,NA,NA,LOS ANGELES,LOS ANGELES,-118.30030013,33.9745801
6422622,2014,2014-05-23,1972,2014-02-14,1259,17860,NA,5,5,6,1972,0,0,0,NA,0,NA,CARSON ST,CABRILLO AV,50,W,N,A,-,N,NA,NA,NA,NA,NA,NA,NA,NA,NA,N,4,0,1,2,A,-,07,21658,A,N,B,C,A,A,H,-,A,D,0,NA,NA,NA,NA,Y,NA,I,NA,0,0,1,0,0,0,0,0,0,-,-,NA,NA,LOS ANGELES,TORRANCE,-118.31460432,33.83144
6422624,2014,2014-05-08,1942,2014-04-03,1431,NA,NA,4,5,7,1942,0,0,0,NA,0,NA,190TH ST,VERMONT AV,0,NA,Y,A,-,N,NA,NA,NA,NA,NA,NA,NA,NA,NA,N,4,0,1,2,A,-,09,21804,A,N,D,C,A,A,H,-,A,A,0,NA,NA,NA,NA,Y,NA,J,48,0,0,1,0,0,0,0,0,0,-,-,33.51319,-118.17256,LOS ANGELES,LOS ANGELES,-118.29054011,33.85883001
6422632,2014,2016-04-16,9580,2014-04-08,1525,19122,NA,2,2,7,1942,0,1,3,NA,2,171,RT 170,VICTORY BL,5,N,N,A,-,Y,LA,7,170,-,R,17.446,R,1,S,N,4,0,1,2,A,-,21,22106,NA,N,C,C,A,A,H,-,A,A,1,NA,NA,NA,NA,Y,NA,J,48,0,0,1,0,0,0,0,0,0,-,-,34.18681,-118.40336,LOS ANGELES,LOS ANGELES,-118.40198127,34.18943782
6422634,2014,2014-05-23,1942,2014-02-27,2315,40157,0827,4,5,7,1942,0,0,0,H,0,8T35,BARRINGTON AV,MONTANA AV,0,NA,Y,C,-,N,NA,NA,NA,NA,NA,NA,NA,NA,NA,N,4,0,1,2,A,-,17,21451,A,N,D,C,A,B,H,-,C,A,0,NA,NA,NA,NA,Y,NA,J,48,0,0,1,0,0,0,0,0,0,-,-,NA,NA,LOS ANGELES,LOS ANGELES,-118.46715011,34.05494003
6422639,2014,2014-05-08,1942,2014-04-10,1010,39022,0636,4,5,7,1942,0,0,0,F,0,8T35,LAS PALMAS AV,YUCCA ST,107,S,N,A,-,N,NA,NA,NA,NA,NA,NA,NA,NA,NA,N,3,0,1,2,A,-,08,22107,NA,N,B,G,A,A,H,-,A,D,0,NA,Y,NA,NA,Y,NA,L,04,0,1,0,0,0,0,1,0,0,-,-,NA,NA,LOS ANGELES,LOS ANGELES,-118.33616289,34.1029066
6422640,2014,2015-12-03,1900,2014-04-04,1035,273435,0522,5,5,4,1971,0,0,0,NA,0,52T1AM,RT 164,PENTLAND ST,52,S,N,A,-,N,NA,NA,NA,NA,NA,NA,NA,NA,NA,N,4,0,1,2,A,-,04,21703,NA,N,C,C,A,A,H,-,A,A,0,NA,NA,NA,NA,Y,NA,J,48,0,0,1,0,0,0,0,0,0,-,-,NA,NA,LOS ANGELES,TEMPLE CITY,-118.073305,34.093255
6422655,2014,2014-06-25,1942,2014-03-15,2145,40700,1258,6,5,7,1942,0,0,0,L,0,5T21,FLORENCE AV,MAIN ST,416,W,N,A,-,N,NA,NA,NA,NA,NA,NA,NA,NA,NA,Y,4,0,1,2,A,-,08,22107,NA,N,C,C,A,A,H,-,D,A,0,NA,NA,NA,NA,Y,NA,A,01,0,0,1,0,0,0,0,0,0,-,-,NA,NA,LOS ANGELES,LOS ANGELES,-118.27530936,33.97467429
6422692,2014,2014-06-26,1953,2014-04-08,1852,5631,1953,2,5,6,1953,0,0,0,NA,0,NA,MARENGO AV,CORDOVA ST,100,S,N,A,-,N,NA,NA,NA,NA,NA,NA,NA,NA,NA,N,4,0,2,3,A,-,03,22350,NA,N,C,C,A,A,H,-,A,A,0,NA,NA,NA,NA,Y,NA,J,48,0,0,2,0,0,0,0,0,0,-,-,NA,NA,LOS ANGELES,PASADENA,-118.14591,34.14198579
6422724,2014,2014-06-20,1900,2014-02-07,0745,435542,1352,5,5,3,1927,0,0,0,NA,0,135A,CARSON ST,DEVLIN AV,180,E,N,B,-,N,NA,NA,NA,NA,NA,NA,NA,NA,NA,Y,4,0,1,2,A,-,03,22350,NA,N,C,C,A,B,H,-,A,D,0,NA,NA,NA,NA,Y,NA,D,22,0,0,1,0,0,0,0,0,0,-,-,NA,NA,LOS ANGELES,HAWAIIAN GARDENS,-118.07678858,33.83152
6422725,2014,2014-06-25,1942,2014-03-24,1420,38356,1544,1,5,7,1942,0,0,0,O,0,16TL28,LAUREL CANYON BL,ADDISON ST,31,S,N,A,-,N,NA,NA,NA,NA,NA,NA,NA,NA,NA,Y,3,0,3,3,A,-,05,21460,A,N,A,C,A,A,H,-,A,A,0,NA,NA,Y,NA,Y,NA,A,01,0,1,2,0,0,0,0,0,2,-,-,NA,NA,LOS ANGELES,LOS ANGELES,-118.39649782,34.16116499
6422728,2014,2014-06-24,1900,2014-02-05,2113,520269,1323,3,5,5,1935,0,0,0,NA,0,132T1,CARSON ST,CLUBHOUSE AV,0,NA,Y,A,-,N,NA,NA,NA,NA,NA,NA,NA,NA,NA,Y,3,0,1,2,A,-,09,21801,A,N,A,C,A,A,H,-,A,A,0,NA,NA,NA,NA,Y,NA,D,22,0,1,0,0,0,0,0,0,0,-,-,NA,NA,LOS ANGELES,LAKEWOOD,-118.15509008,33.83247004
6422732,2014,2014-06-20,1900,2014-02-04,1500,523107,1367,2,5,5,1952,0,0,0,NA,0,136,JACKSON ST,GARFIELD AV,100,E,N,A,-,N,NA,NA,NA,NA,NA,NA,NA,NA,NA,N,4,0,1,2,A,-,05,21650,1,N,D,G,A,A,H,-,A,D,0,NA,Y,NA,NA,Y,NA,L,NA,0,0,1,0,0,0,1,0,0,-,-,NA,NA,LOS ANGELES,PARAMOUNT,-118.16876,33.88552
6422743,2014,2014-06-20,1900,2014-02-13,1633,525758,1334,4,5,5,1908,0,0,0,NA,0,133T1,BELLFLOWER BL,FLOWER ST,306,S,N,A,-,N,NA,NA,NA,NA,NA,NA,NA,NA,NA,N,4,0,1,2,A,-,11,21955,NA,M,G,B,D,A,H,-,A,D,0,Y,NA,NA,NA,Y,NA,N,60,0,0,1,0,1,0,0,0,0,-,-,NA,NA,LOS ANGELES,BELLFLOWER,-118.12528,33.88122091
6422745,2014,2014-06-25,1942,2014-03-10,1830,37073,2029,1,5,7,1942,0,0,0,NA,0,20A14,VIRGIL,GENEVA,0,NA,Y,A,-,N,NA,NA,NA,NA,NA,NA,NA,NA,NA,N,4,0,1,2,A,-,05,21650,NA,N,B,C,A,A,H,-,A,D,0,NA,NA,NA,NA,Y,NA,D,22,0,0,1,0,0,0,0,0,0,-,-,NA,NA,LOS ANGELES,LOS ANGELES,-118.28693003,34.06771005
6422748,2014,2015-12-29,1900,2014-03-08,1916,525758,1335,6,5,5,1908,0,0,0,NA,0,133T1,DOWNEY AV,CEDAR ST,22,N,N,B,-,N,NA,NA,NA,NA,NA,NA,NA,NA,NA,N,1,1,0,2,A,-,11,21954,A,N,G,B,D,A,H,-,C,D,0,Y,NA,NA,NA,Y,Y,N,60,0,0,0,1,0,0,0,0,0,-,-,NA,NA,LOS ANGELES,BELLFLOWER,-118.15129,33.87112033
6422749,2014,2014-06-20,1942,2014-02-22,0045,36344,2027,6,5,7,1942,0,0,0,NA,0,20A71,6TH ST,VERMONT,15,E,N,A,-,N,NA,NA,NA,NA,NA,NA,NA,NA,NA,N,4,0,1,2,A,-,04,21703,NA,N,C,C,A,A,H,-,C,A,0,NA,NA,NA,NA,Y,NA,D,22,0,0,1,0,0,0,0,0,0,-,-,NA,NA,LOS ANGELES,LOS ANGELES,-118.29159071,34.06364308
6422753,2014,2014-07-02,1942,2014-02-25,1000,40460,2033,2,5,7,1942,0,0,0,NA,0,6TL9,WESTERN AV,8TH ST,0,NA,Y,A,-,N,NA,NA,NA,NA,NA,NA,NA,NA,NA,Y,4,0,1,2,A,-,12,21453,A,N,D,C,A,A,H,-,A,A,0,NA,NA,NA,NA,Y,NA,-,-,0,0,1,0,0,0,0,0,0,-,-,NA,NA,LOS ANGELES,LOS ANGELES,-118.30909,34.05763
6422754,2014,2014-06-25,1900,2014-03-15,2140,478596,2314,6,5,5,1919,0,0,0,NA,0,23071,DEL AMO BL,BLOOMFIELD AV,0,NA,Y,A,-,N,NA,NA,NA,NA,NA,NA,NA,NA,NA,Y,4,0,2,2,A,-,09,21801,A,N,D,C,A,A,H,-,C,A,0,NA,NA,NA,NA,Y,NA,A,01,0,0,2,0,0,0,0,0,0,-,-,NA,NA,LOS ANGELES,CERRITOS,-118.06351001,33.84622005
6422755,2014,2014-06-25,1900,2014-03-02,1020,476816,1322,7,5,5,1935,0,0,0,NA,0,132T1,LAKEWOOD BL,ASHWORTH ST,0,NA,Y,B,C,N,NA,NA,NA,NA,NA,NA,NA,NA,NA,Y,4,0,2,2,A,-,01,23152,B,N,D,C,A,B,H,-,A,A,0,NA,NA,NA,NA,Y,Y,A,NA,0,0,2,0,0,0,0,0,0,-,-,NA,NA,LOS ANGELES,LAKEWOOD,-118.1428201,33.86780004
6422757,2014,2014-06-25,1942,2014-03-03,1445,31255,2054,1,5,7,1942,0,0,0,NA,0,7T38,OLYMPIC BL,IROLO ST,0,NA,Y,A,-,N,NA,NA,NA,NA,NA,NA,NA,NA,NA,Y,4,0,3,2,A,-,09,21801,A,N,D,C,A,A,H,-,A,D,0,NA,NA,NA,NA,Y,NA,D,22,0,0,3,0,0,0,0,0,0,-,-,NA,NA,LOS ANGELES,LOS ANGELES,-118.30103012,34.05264002
6422761,2014,2014-06-24,1942,2014-02-21,1845,40947,2088,5,5,7,1942,0,0,0,NA,0,20A88,VENICE BL,MENLO,0,NA,Y,A,-,N,NA,NA,NA,NA,NA,NA,NA,NA,NA,N,3,0,1,2,A,-,05,21650,1,N,D,G,A,A,H,-,C,D,0,NA,Y,NA,NA,Y,Y,D,22,0,1,0,0,0,0,1,0,0,-,-,NA,NA,LOS ANGELES,LOS ANGELES,-118.29043001,34.04426001
6422769,2014,2015-08-14,1942,2014-02-28,0145,41153,2042,5,5,7,1942,0,0,0,NA,0,20E3,ST ANDREWS PL S,8TH ST,200,S,N,C,-,N,NA,NA,NA,NA,NA,NA,NA,NA,NA,Y,3,0,1,3,A,-,01,23152,A,N,C,E,A,B,H,-,C,D,0,NA,NA,NA,Y,Y,NA,A,01,0,1,0,0,0,0,0,0,0,-,-,NA,NA,LOS ANGELES,LOS ANGELES,-118.31119,34.05748148
6422789,2014,2016-01-26,1942,2014-02-26,1455,37966,804,3,5,7,1942,0,0,0,NA,0,6T2,SEPULVEDA BL,RT 405,0,NA,Y,B,-,Y,LA,7,405,-,-,34.734,R,4,N,Y,3,0,1,2,A,-,09,21801,A,N,A,C,A,A,H,-,A,D,0,NA,NA,NA,Y,Y,NA,F,27,0,1,0,0,0,0,0,0,0,-,NO,NA,NA,LOS ANGELES,LOS ANGELES,-118.47649232,34.09585575
6422793,2014,2014-06-20,1942,2014-02-24,0745,37469,807,1,5,7,1942,0,0,0,NA,0,6TL7,BENEDICT CANYON,WALLINGFORD DR,1764,W,N,A,-,N,NA,NA,NA,NA,NA,NA,NA,NA,NA,N,4,0,1,2,A,-,05,21650,NA,N,A,C,A,A,H,-,A,A,0,NA,NA,NA,NA,Y,NA,D,22,0,0,1,0,0,0,0,0,0,-,-,NA,NA,LOS ANGELES,LOS ANGELES,-118.43780454,34.1262721
6422797,2014,2014-06-20,1942,2014-02-27,0955,41408,817,4,5,7,1942,0,0,0,NA,0,8A59,WESTWOOD BL,WEYBURN AV,0,NA,Y,A,-,N,NA,NA,NA,NA,NA,NA,NA,NA,NA,N,4,0,1,2,A,-,04,21703,NA,N,C,C,A,B,H,-,A,A,0,NA,NA,NA,NA,Y,NA,-,NA,0,0,1,0,0,0,0,0,0,-,-,NA,NA,LOS ANGELES,LOS ANGELES,-118.4454401,34.0625701
6422842,2014,2015-02-18,1953,2014-03-17,1528,3191,PASAD,1,5,6,1953,0,0,0,NA,0,NA,LAKE AV,GRANITE DR,0,NA,Y,A,-,N,NA,NA,NA,NA,NA,NA,NA,NA,NA,N,4,0,1,2,A,-,03,22350,NA,N,C,C,A,A,H,-,A,A,0,NA,NA,NA,NA,Y,NA,D,22,0,0,1,0,0,0,0,0,0,-,-,NA,NA,LOS ANGELES,PASADENA,-118.13229006,34.13703002
6422846,2014,2014-06-26,1953,2014-03-15,1247,1781,1952,6,5,6,1953,0,0,0,NA,0,002,MOUNTAIN ST,RT 210,0,NA,Y,A,-,Y,NA,NA,NA,NA,NA,NA,NA,NA,NA,Y,3,0,1,2,A,-,09,21801,A,N,D,D,A,A,H,-,A,A,0,NA,NA,Y,NA,Y,NA,D,22,0,1,0,0,0,0,0,0,1,-,-,NA,NA,LOS ANGELES,PASADENA,-118.15862009,34.16218004
6422858,2014,2014-07-03,1953,2014-03-18,0120,4777,PASAD,2,5,6,1953,0,0,0,NA,0,001,S PASADENA AV,S PASADENA AV 763,0,NA,N,B,-,N,NA,NA,NA,NA,NA,NA,NA,NA,NA,Y,4,0,1,2,A,-,03,22350,NA,M,C,C,A,A,H,-,C,D,0,NA,NA,NA,NA,Y,Y,D,22,0,0,1,0,0,0,0,0,0,-,-,NA,NA,LOS ANGELES,PASADENA,-118.15406442,34.13245474
6422879,2014,2016-02-03,1929,2014-03-12,1738,195,1929,3,5,3,1929,0,0,0,NA,0,003,PACIFIC COAST HWY,2ND ST,0,NA,Y,A,-,Y,LA,7,1,-,-,20.73,H,-,N,Y,4,0,1,5,A,-,01,23153,A,N,A,C,A,A,H,-,C,A,0,NA,NA,NA,NA,Y,Y,A,01,0,0,1,0,0,0,0,0,0,-,-,NA,NA,LOS ANGELES,HERMOSA BEACH,-118.39054912,33.85635318
6422880,2014,2014-06-13,1902,2014-02-13,1756,682,8,4,5,5,1902,0,0,0,NA,0,001,N SANTA ANITA AV,E FLORAL AV,0,NA,Y,A,-,N,NA,NA,NA,NA,NA,NA,NA,NA,NA,N,4,0,1,2,A,-,09,21802,A,N,D,C,A,A,H,-,C,A,0,NA,NA,NA,NA,Y,NA,-,NA,0,0,1,0,0,0,0,0,0,-,-,NA,NA,LOS ANGELES,ARCADIA,-118.03167003,34.14958007
6422907,2014,2015-01-26,9580,2014-02-25,1400,14942,NA,2,2,9,1900,0,3,5,NA,1,020,LAS FLORES CANYON,HUME DR,1584,S,N,A,-,N,NA,NA,NA,NA,NA,NA,NA,NA,NA,Y,4,0,1,1,A,-,03,22350,NA,N,F,J,A,A,H,-,A,D,0,NA,NA,NA,NA,Y,NA,A,08,0,0,1,0,0,0,0,0,0,-,-,34.0546,-118.64015,LOS ANGELES,UNINCORPORATED,-118.64001877,34.05364532