CASE_ID,ACCIDENT_YEAR,PROC_DATE,JURIS,COLLISION_DATE,COLLISION_TIME,OFFICER_ID,REPORTING_DISTRICT,DAY_OF_WEEK,CHP_SHIFT,POPULATION,CNTY_CITY_LOC,SPECIAL_COND,BEAT_TYPE,CHP_BEAT_TYPE,CITY_DIVISION_LAPD,CHP_BEAT_CLASS,BEAT_NUMBER,PRIMARY_RD,SECONDARY_RD,DISTANCE,DIRECTION,INTERSECTION,WEATHER_1,WEATHER_2,STATE_HWY_IND,CALTRANS_COUNTY,CALTRANS_DISTRICT,STATE_ROUTE,ROUTE_SUFFIX,POSTMILE_PREFIX,POSTMILE,LOCATION_TYPE,RAMP_INTERSECTION,SIDE_OF_HWY,TOW_AWAY,COLLISION_SEVERITY,NUMBER_KILLED,NUMBER_INJURED,PARTY_COUNT,PRIMARY_COLL_FACTOR,PCF_CODE_OF_VIOL,PCF_VIOL_CATEGORY,PCF_VIOLATION,PCF_VIOL_SUBSECTION,HIT_AND_RUN,TYPE_OF_COLLISION,MVIW,PED_ACTION,ROAD_SURFACE,ROAD_COND_1,ROAD_COND_2,LIGHTING,CONTROL_DEVICE,CHP_ROAD_TYPE,PEDESTRIAN_ACCIDENT,BICYCLE_ACCIDENT,MOTORCYCLE_ACCIDENT,TRUCK_ACCIDENT,NOT_PRIVATE_PROPERTY,ALCOHOL_INVOLVED,STWD_VEHTYPE_AT_FAULT,CHP_VEHTYPE_AT_FAULT,COUNT_SEVERE_INJ,COUNT_VISIBLE_INJ,COUNT_COMPLAINT_PAIN,COUNT_PED_KILLED,COUNT_PED_INJURED,COUNT_BICYCLIST_KILLED,COUNT_BICYCLIST_INJURED,COUNT_MC_KILLED,COUNT_MC_INJURED,PRIMARY_RAMP,SECONDARY_RAMP,LATITUDE,LONGITUDE,COUNTY,CITY,POINT_X,POINT_Y
6423508,2014,2014-06-23,1942,2014-03-21,1430,38354,2175,5,5,7,1942,0,0,0,NA,0,19TL72,BURBANK BL,TOPANGA CANYON BL,165,W,N,A,-,N,NA,NA,NA,NA,NA,NA,NA,NA,NA,Y,3,0,1,1,A,-,08,22107,NA,N,E,I,A,A,H,-,A,A,0,NA,NA,Y,NA,Y,NA,C,02,0,1,0,0,0,0,0,0,1,-,-,NA,NA,LOS ANGELES,LOS ANGELES,-118.60634449,34.17195784
6423510,2014,2014-06-23,1942,2014-03-10,1430,37966,2002,1,5,7,1942,0,0,0,NA,0,6TL2,WESTERN AV,MELROSE AV,0,NA,Y,A,-,N,NA,NA,NA,NA,NA,NA,NA,NA,NA,Y,4,0,2,2,A,-,09,21801,A,N,A,C,A,A,H,-,A,A,0,NA,NA,NA,NA,Y,NA,A,01,0,0,2,0,0,0,0,0,0,-,-,NA,NA,LOS ANGELES,LOS ANGELES,-118.30913011,34.0835101
6423511,2014,2015-03-12,1942,2014-03-19,1620,40035,1011,3,5,7,1942,0,0,0,J,0,10X4,SATICOY ST,TAMPA,110,W,N,A,-,N,NA,NA,NA,NA,NA,NA,NA,NA,NA,Y,3,0,1,2,A,-,09,21801,A,N,A,C,A,A,H,-,A,D,0,NA,NA,NA,NA,Y,NA,A,01,0,1,0,0,0,0,0,0,0,-,-,NA,NA,LOS ANGELES,LOS ANGELES,-118.55387315,34.20835509
6423512,2014,2014-06-23,1942,2014-03-17,1550,39600,2175,1,5,7,1942,0,0,0,NA,0,21A73,SHOUP AV,OXNARD ST,0,NA,Y,A,-,N,NA,NA,NA,NA,NA,NA,NA,NA,NA,Y,4,0,2,4,A,-,09,21801,A,N,D,C,A,A,H,-,A,A,0,NA,NA,NA,NA,Y,NA,A,01,0,0,2,0,0,0,0,0,0,-,-,NA,NA,LOS ANGELES,LOS ANGELES,-118.61459007,34.17919009
6423514,2014,2014-06-20,1942,2014-03-12,1750,38380,2019,3,5,7,1942,0,0,0,NA,0,8TL28,BEVERLY BL,MADISON AV,0,NA,Y,A,-,N,NA,NA,NA,NA,NA,NA,NA,NA,NA,N,3,0,1,2,A,-,09,21801,A,N,D,G,A,A,H,-,A,A,0,NA,Y,NA,NA,Y,NA,A,01,0,1,0,0,0,0,1,0,0,-,-,NA,NA,LOS ANGELES,LOS ANGELES,-118.28942006,34.07631011
6423515,2014,2015-11-07,1942,2014-03-19,1310,38956,1586,3,5,7,1942,0,0,0,O,0,15T44,LANKERSHIM BL,CAMPO DE CAHUENGA,340,S,N,A,-,Y,LA,7,101,-,-,10.227,R,4,N,N,4,0,2,2,A,-,12,21453,A,N,D,C,A,A,H,-,A,A,0,NA,NA,NA,NA,Y,NA,-,-,0,0,2,0,0,0,0,0,0,-,-,NA,NA,LOS ANGELES,LOS ANGELES,-118.36113147,34.13663081
6423516,2014,2014-06-23,1942,2014-03-18,1920,39971,2126,2,5,7,1942,0,0,0,NA,0,19T73,DE SOTO AV,STRATHERN ST,0,NA,Y,A,-,N,NA,NA,NA,NA,NA,NA,NA,NA,NA,Y,2,0,1,2,A,-,09,21801,A,N,A,C,A,A,H,-,C,D,0,NA,NA,Y,NA,Y,NA,A,01,1,0,0,0,0,0,0,0,1,-,-,NA,NA,LOS ANGELES,LOS ANGELES,-118.58849009,34.21556012
6423518,2014,2014-06-20,1942,2014-03-14,1400,40605,2062,5,5,7,1942,0,0,0,NA,0,6TL7,WESTERN AV,COUNTRY CLUB DR,110,N,N,A,-,N,NA,NA,NA,NA,NA,NA,NA,NA,NA,N,4,0,1,2,A,-,03,22350,NA,N,C,C,A,A,H,-,A,D,0,NA,NA,NA,NA,Y,NA,A,01,0,0,1,0,0,0,0,0,0,-,-,NA,NA,LOS ANGELES,LOS ANGELES,-118.30905431,34.04969165
6423519,2014,2014-06-23,1942,2014-03-19,0855,33340,1583,3,5,7,1942,0,0,0,O,0,15TL47,AQUA VISTA DR,KRAFT AV,0,NA,Y,A,-,N,NA,NA,NA,NA,NA,NA,NA,NA,NA,N,4,0,2,2,A,-,12,22450,NA,N,D,C,A,A,H,-,A,A,0,NA,NA,NA,NA,Y,NA,A,07,0,0,2,0,0,0,0,0,0,-,-,NA,NA,LOS ANGELES,LOS ANGELES,-118.38009002,34.1449701
6423520,2014,2014-06-23,1942,2014-03-24,1510,33829,2148,1,5,7,1942,0,0,0,NA,0,10TL36,MASON AV,SHERMAN WY,75,N,N,A,-,N,NA,NA,NA,NA,NA,NA,NA,NA,NA,Y,3,0,2,3,A,-,03,22350,NA,N,C,C,A,A,H,-,A,D,0,NA,NA,NA,NA,Y,NA,A,01,0,1,1,0,0,0,0,0,0,-,-,NA,NA,LOS ANGELES,LOS ANGELES,-118.57972,34.20121546
6423521,2014,2014-06-24,1942,2014-03-23,1520,26319,1723,7,5,7,1942,0,0,0,Q,0,19TL74,TULSA AV,MASON AV,0,NA,Y,A,-,N,NA,NA,NA,NA,NA,NA,NA,NA,NA,Y,3,0,2,2,A,-,09,21802,A,N,D,C,A,A,H,-,A,A,0,NA,NA,NA,NA,Y,NA,A,01,0,1,1,0,0,0,0,0,0,-,-,NA,NA,LOS ANGELES,LOS ANGELES,-118.57984009,34.26897004
6423525,2014,2014-06-24,1942,2014-03-23,1930,36336,984,7,5,7,1942,0,0,0,NA,0,15T43,VENTURA BL,VESPER AV,0,NA,Y,A,-,N,NA,NA,NA,NA,NA,NA,NA,NA,NA,N,4,0,2,2,A,-,04,21703,NA,N,C,C,A,A,H,-,C,D,0,NA,NA,NA,NA,Y,NA,A,01,0,0,2,0,0,0,0,0,0,-,-,NA,NA,LOS ANGELES,LOS ANGELES,-118.45094001,34.15128003
6423529,2014,2014-06-24,1942,2014-03-24,2050,39971,1611,1,5,7,1942,0,0,0,P,0,15T43,GLENOAKS BL,EUSTACE ST,80,S,N,A,-,N,NA,NA,NA,NA,NA,NA,NA,NA,NA,Y,4,0,2,3,A,-,03,22350,NA,N,C,C,A,A,H,-,C,A,0,NA,NA,NA,NA,Y,NA,A,01,0,0,2,0,0,0,0,0,0,-,-,NA,NA,LOS ANGELES,LOS ANGELES,-118.41937129,34.28095831
6423533,2014,2015-08-14,1942,2014-03-18,1615,40120,1657,2,5,7,1942,0,0,0,P,0,16A59,TUJUNGA CANYON BL,VALMONT ST,0,NA,Y,A,-,N,NA,NA,NA,NA,NA,NA,NA,NA,NA,N,4,0,1,2,A,-,12,22450,NA,N,D,C,A,A,H,-,A,D,0,NA,NA,NA,NA,Y,NA,-,-,0,0,1,0,0,0,0,0,0,-,-,NA,NA,LOS ANGELES,LOS ANGELES,-118.29106008,34.25233012
6423537,2014,2014-06-24,1942,2014-03-21,1310,39217,1654,5,5,7,1942,0,0,0,P,0,17TL12,OSBORN AV,DRONFIELD AV,300,W,N,A,-,N,NA,NA,NA,NA,NA,NA,NA,NA,NA,Y,3,0,3,2,A,-,08,22107,NA,N,D,C,A,A,H,-,A,D,0,NA,NA,NA,NA,Y,NA,A,01,0,1,2,0,0,0,0,0,0,-,-,NA,NA,LOS ANGELES,LOS ANGELES,-118.397947,34.270393
6423541,2014,2015-08-14,1942,2014-03-15,1630,34356,1772,6,5,7,1942,0,0,0,Q,0,17A81,PLUMMER ST,OAKDALE AV,200,E,N,A,-,N,NA,NA,NA,NA,NA,NA,NA,NA,NA,N,4,0,1,2,A,-,17,21663,NA,N,D,G,A,A,H,-,A,D,0,NA,Y,NA,NA,Y,NA,L,04,0,0,1,0,0,0,1,0,0,-,-,NA,NA,LOS ANGELES,LOS ANGELES,-118.56621936,34.24273
6423545,2014,2016-03-04,9580,2014-03-13,1433,18588,NA,4,2,7,1942,0,1,3,NA,2,118,RT 118,MOVIE LN,150,W,N,A,-,Y,LA,7,118,-,R,1.44,H,-,E,Y,2,0,1,2,C,-,18,NA,NA,N,E,J,A,A,C,-,A,D,1,NA,NA,NA,NA,Y,NA,-,-,1,0,0,0,0,0,0,0,0,-,-,34.2778,-118.6101,LOS ANGELES,LOS ANGELES,-118.61100218,34.27726605
6423549,2014,2015-11-07,9580,2014-03-10,0318,020159,NA,1,3,7,1942,0,1,2,NA,2,104,RT 101,TAMPA AV,5,N,N,A,-,Y,LA,7,101,-,-,22.391,R,2,N,Y,4,0,1,1,A,-,03,22350,NA,N,E,I,A,A,H,-,C,D,1,NA,NA,NA,NA,Y,NA,A,01,0,0,1,0,0,0,0,0,0,FR,-,34.17397,-118.55321000000001,LOS ANGELES,LOS ANGELES,-118.55566463,34.17369145
6423553,2014,2016-01-19,9580,2014-03-07,0545,17386,NA,5,3,7,1942,0,1,2,NA,2,101,RT 101,VINELAND AV,528,S,N,A,-,Y,LA,7,101,-,-,11.01,H,-,S,Y,4,0,4,4,A,-,08,22107,NA,M,B,C,A,A,H,-,D,D,1,NA,NA,NA,NA,Y,NA,-,99,0,0,4,0,0,0,0,0,0,-,-,34.14605,-118.36916,LOS ANGELES,LOS ANGELES,-118.36890502,34.1456431
6423639,2014,2014-06-25,1900,2014-03-13,0830,462141,2115,4,5,5,1943,0,0,0,NA,0,212T4,ATLANTIC AV,SANBORN AV,820,N,N,A,-,N,NA,NA,NA,NA,NA,NA,NA,NA,NA,N,4,0,1,2,A,-,03,22350,NA,N,G,G,A,A,H,-,A,D,0,NA,Y,NA,NA,Y,NA,D,22,0,0,1,0,0,0,1,0,0,-,-,NA,NA,LOS ANGELES,LYNWOOD,-118.18574,33.92551564
6423651,2014,2014-06-25,1900,2014-03-15,1106,462141,2111,6,5,5,1943,0,0,0,NA,0,212T4,LONG BEACH BL,SEMINOLE AV,72,S,N,A,-,N,NA,NA,NA,NA,NA,NA,NA,NA,NA,Y,2,0,1,3,A,-,09,21804,A,N,D,C,A,A,H,-,A,D,0,NA,NA,Y,NA,Y,NA,A,01,1,0,0,0,0,0,0,0,1,-,-,NA,NA,LOS ANGELES,LYNWOOD,-118.21406512,33.93858792
6423662,2014,2016-02-03,1923,2014-03-19,0824,497,E213,3,5,3,1923,0,0,0,NA,0,0824,S SEPULVEDA BL,EL SEGUNDO BL,45,S,N,A,-,Y,LA,7,1,-,-,24.9,H,-,S,N,4,0,1,2,A,-,08,22107,NA,N,B,C,A,A,H,-,A,A,0,NA,NA,NA,Y,Y,NA,A,01,0,0,1,0,0,0,0,0,0,-,-,NA,NA,LOS ANGELES,EL SEGUNDO,-118.39610437,33.91617822
6423687,2014,2014-06-25,1942,2014-03-14,1500,40440,1209,5,5,7,1942,0,0,0,L,0,3T57,FIGUEROA ST,49TH ST,4,S,N,A,-,N,NA,NA,NA,NA,NA,NA,NA,NA,NA,Y,4,0,2,2,A,-,08,22100,A,N,B,C,A,A,H,-,A,D,0,NA,NA,NA,NA,Y,NA,D,22,0,0,2,0,0,0,0,0,0,-,-,NA,NA,LOS ANGELES,LOS ANGELES,-118.28272,33.99874903
6423695,2014,2014-06-25,1942,2014-03-27,0810,33599,1213,4,5,7,1942,0,0,0,L,0,18TL23,WESTERN AV,51ST PL,50,S,N,A,-,N,NA,NA,NA,NA,NA,NA,NA,NA,NA,Y,4,0,2,3,A,-,03,22350,NA,F,C,C,A,A,H,-,A,D,0,NA,NA,NA,NA,Y,NA,A,07,0,0,2,0,0,0,0,0,0,-,-,NA,NA,LOS ANGELES,LOS ANGELES,-118.30894,33.99583287
6423703,2014,2014-06-25,1942,2014-03-18,1820,41449,1864,2,5,7,1942,0,0,0,R,0,18A18,IMPERIAL HWY,CLOVIS AV,100,W,N,A,-,N,NA,NA,NA,NA,NA,NA,NA,NA,NA,Y,4,0,1,2,A,-,03,22350,NA,F,C,C,A,A,H,-,A,A,0,NA,NA,NA,NA,Y,NA,-,99,0,0,1,0,0,0,0,0,0,-,-,NA,NA,LOS ANGELES,LOS ANGELES,-118.25681956,33.9296946
6423758,2014,2014-06-25,1942,2014-03-14,1120,33599,1822,5,5,7,1942,0,0,0,R,0,18TL23,FIGUEROA ST,CENTURY BL,0,NA,Y,A,-,N,NA,NA,NA,NA,NA,NA,NA,NA,NA,Y,4,0,2,2,A,-,09,21801,A,N,A,C,A,A,H,-,A,A,0,NA,NA,NA,NA,Y,NA,A,01,0,0,2,0,0,0,0,0,0,-,-,NA,NA,LOS ANGELES,LOS ANGELES,-118.28265013,33.94554008
6423770,2014,2014-06-25,1912,2014-03-28,0921,12451,NA,5,5,6,1912,0,0,0,NA,0,NA,EMPIRE AV,LINCOLN ST,0,NA,Y,A,-,N,NA,NA,NA,NA,NA,NA,NA,NA,NA,Y,4,0,1,2,A,-,10,21950,A,N,G,-,B,A,H,-,A,A,0,Y,NA,NA,NA,Y,NA,D,22,0,0,1,0,1,0,0,0,0,-,-,NA,NA,LOS ANGELES,BURBANK,-118.33581009,34.19184005
6423774,2014,2014-06-25,1912,2014-03-31,1500,12104,NA,1,5,6,1912,0,0,0,NA,0,NA,FLOWER ST,ALAMEDA AV,400,S,N,A,-,N,NA,NA,NA,NA,NA,NA,NA,NA,NA,N,4,0,1,2,A,-,08,22107,NA,N,D,C,A,A,H,-,A,D,0,NA,NA,NA,NA,Y,NA,I,11,0,0,1,0,0,0,0,0,0,-,-,NA,NA,LOS ANGELES,BURBANK,-118.30211985,34.17070775
6423835,2014,2015-11-19,9590,2014-01-31,1420,20618,NA,5,2,7,1942,0,1,1,NA,2,063,RT 10,RT 110,500,E,N,A,-,Y,LA,7,10,-,-,15.35,H,-,W,N,4,0,1,3,A,-,03,22350,NA,N,C,C,A,A,H,-,A,D,1,NA,NA,NA,NA,Y,NA,A,07,0,0,1,0,0,0,0,0,0,-,-,34.03686,-118.27038,LOS ANGELES,LOS ANGELES,-118.26637874,34.03430375
6423839,2014,2015-11-10,9590,2014-01-25,2333,20659,NA,6,3,7,1942,0,1,1,NA,2,053,RT 110,RT 10,20,S,N,A,-,Y,LA,7,110,-,-,21.44,H,-,S,Y,4,0,1,3,A,-,01,23152,A,N,C,C,A,A,H,-,C,D,1,NA,NA,NA,NA,Y,Y,A,01,0,0,1,0,0,0,0,0,0,-,-,34.03753,-118.27415,LOS ANGELES,LOS ANGELES,-118.27405524,34.03857599
6423860,2014,2015-02-26,1941,2014-03-19,0046,6215,NA,3,5,7,1941,0,0,0,NA,0,NA,OCEAN BL,LONG BEACH BL,0,NA,Y,A,-,N,NA,NA,NA,NA,NA,NA,NA,NA,NA,Y,4,0,1,2,A,-,08,22107,NA,N,A,C,A,A,H,-,C,A,0,NA,NA,NA,NA,Y,NA,-,-,0,0,1,0,0,0,0,0,0,-,-,NA,NA,LOS ANGELES,LONG BEACH,-118.18947001,33.76695008
6423867,2014,2015-02-25,1941,2014-03-18,1418,10328,NA,2,5,7,1941,0,0,0,NA,0,NA,WAITE CT,6TH ST,0,NA,Y,A,-,N,NA,NA,NA,NA,NA,NA,NA,NA,NA,N,4,0,1,2,A,-,09,21804,A,N,D,G,A,A,H,-,A,D,0,NA,Y,NA,NA,Y,NA,A,NA,0,0,1,0,0,0,0,0,0,-,-,NA,NA,LOS ANGELES,LONG BEACH,-118.19042013,33.77415004
6423903,2014,2015-02-25,1941,2014-03-20,0134,10581,NA,4,5,7,1941,0,0,0,NA,0,NA,LINDEN AV,14TH ST,0,NA,Y,A,-,N,NA,NA,NA,NA,NA,NA,NA,NA,NA,Y,4,0,1,5,A,-,05,21651,B,F,A,C,A,A,H,-,C,D,0,NA,NA,NA,NA,Y,Y,A,NA,0,0,1,0,0,0,0,0,0,-,-,NA,NA,LOS ANGELES,LONG BEACH,-118.18668008,33.78380002
6423980,2014,2015-11-23,9580,2014-03-17,0510,019611,NA,1,3,7,1942,0,1,2,NA,2,104,RT 101,VALLEY CIRCLE BL,500,N,N,A,-,Y,LA,7,101,-,-,27.57,H,-,N,Y,3,0,1,1,A,-,08,22107,NA,N,E,I,A,A,H,-,D,D,1,NA,NA,NA,NA,Y,NA,A,01,0,1,0,0,0,0,0,0,0,-,-,34.15831,-118.64111,LOS ANGELES,LOS ANGELES,-118.64107726,34.15818184
6424032,2014,2016-01-20,9530,2014-02-21,1723,017755,NA,5,2,7,1942,0,1,1,NA,2,110,RT 110,EL SEGUNDO BL,100,S,N,A,-,Y,LA,7,110,-,-,12.69,H,-,S,N,4,0,1,2,A,-,21,22106,NA,N,C,C,A,A,H,-,A,D,1,NA,NA,NA,NA,Y,NA,A,01,0,0,1,0,0,0,0,0,0,-,-,33.91603,-118.28652,LOS ANGELES,LOS ANGELES,-118.28665849,33.91382947
6424036,2014,2014-07-02,9530,2014-02-21,1900,020687,NA,5,2,9,1900,0,3,5,NA,2,001,COMPTON AV,90TH ST,140,S,N,A,-,N,NA,NA,NA,NA,NA,NA,NA,NA,NA,N,4,0,1,3,A,-,03,22350,NA,N,C,C,A,A,H,-,C,D,0,NA,NA,NA,NA,Y,NA,A,01,0,0,1,0,0,0,0,0,0,-,-,33.9546,-118.2475,LOS ANGELES,UNINCORPORATED,-118.24745212,33.95482619
6424040,2014,2014-07-09,9530,2014-02-22,0710,020430,NA,6,1,9,1900,0,3,5,NA,2,002,MAIN ST,135TH ST,0,NA,Y,E,-,N,NA,NA,NA,NA,NA,NA,NA,NA,NA,Y,4,0,2,2,A,-,12,21453,A,N,D,C,A,A,H,-,A,A,0,NA,NA,NA,NA,Y,NA,-,-,0,0,2,0,0,0,0,0,0,-,-,33.90945,-118.27394,LOS ANGELES,UNINCORPORATED,-118.27400009,33.90917003
6424044,2014,2015-12-28,9530,2014-02-22,1255,017860,NA,6,1,5,1977,0,1,1,NA,2,410,RT 405,ALAMEDA ST,42,N,N,A,-,Y,LA,7,405,-,-,8.84,H,-,S,Y,4,0,2,3,A,-,03,22350,NA,N,C,C,A,A,H,-,A,D,1,NA,NA,NA,NA,Y,NA,A,01,0,0,2,0,0,0,0,0,0,-,-,33.8255,-118.23095000000001,LOS ANGELES,CARSON,-118.22894732,33.8254673
6424048,2014,2016-01-20,9530,2014-02-25,0755,020236,NA,2,1,7,1942,0,1,1,NA,2,110,RT 110,EL SEGUNDO BL,364,N,N,A,-,Y,LA,7,110,-,-,13.1,H,-,S,Y,4,0,3,2,A,-,03,22350,NA,N,C,C,A,A,H,-,A,D,1,NA,NA,NA,NA,Y,NA,A,01,0,0,3,0,0,0,0,0,0,-,-,33.91904,-118.28423,LOS ANGELES,LOS ANGELES,-118.28410837,33.91914552
6424052,2014,2016-03-05,9530,2014-02-22,1532,020661,NA,6,2,7,1941,0,1,3,NA,2,310,RT 91,SUSANA RD,10,W,N,A,-,Y,LA,7,91,-,R,10.81,H,-,W,N,4,0,1,1,A,-,08,22107,NA,F,E,I,A,A,H,-,A,D,1,NA,NA,NA,NA,Y,NA,A,01,0,0,1,0,0,0,0,0,0,-,-,33.8726,-118.2021,LOS ANGELES,LONG BEACH,-118.20748593,33.87363038
6424056,2014,2014-07-02,9530,2014-02-22,1452,20547,NA,6,2,9,1900,0,3,5,NA,2,001,NADEAU ST,HOOPER AV,0,NA,Y,A,-,N,NA,NA,NA,NA,NA,NA,NA,NA,NA,Y,4,0,4,2,A,-,09,21804,A,N,A,C,A,A,H,-,A,A,0,NA,NA,NA,NA,Y,NA,A,01,0,0,4,0,0,0,0,0,0,-,-,33.9674,-118.2521,LOS ANGELES,UNINCORPORATED,-118.25206005,33.96746002
6424060,2014,2014-07-09,9530,2014-02-22,1550,20547,NA,6,2,9,1900,0,3,5,NA,2,001,GAGE AV,COMPTON AV,0,NA,Y,A,-,N,NA,NA,NA,NA,NA,NA,NA,NA,NA,Y,4,0,2,2,A,-,12,21453,A,N,D,C,A,A,H,-,A,A,0,NA,NA,NA,NA,Y,NA,A,01,0,0,2,0,0,0,0,0,0,-,-,33.98263,-118.2476,LOS ANGELES,UNINCORPORATED,-118.24774006,33.98206007
6424064,2014,2015-11-19,9530,2014-02-23,2030,020575,NA,7,2,9,1900,0,1,1,NA,2,120,RT 110,CARSON ST,1475,N,N,A,-,Y,LA,7,110,-,-,7.3,H,-,S,Y,4,0,2,2,A,-,01,23152,A,N,C,C,A,A,H,-,C,D,1,NA,NA,NA,NA,Y,Y,A,01,0,0,2,0,0,0,0,0,0,-,-,33.8357,-118.2877,LOS ANGELES,UNINCORPORATED,-118.28747836,33.83587055
6424068,2014,2016-01-11,9530,2014-02-24,1910,020355,NA,1,2,6,1972,0,1,1,NA,2,400,RT 405,CRENSHAW BL,850,S,N,A,-,Y,LA,7,405,-,-,15.29,H,-,N,Y,4,0,2,3,A,-,03,22350,NA,N,C,C,A,A,H,-,C,D,1,NA,NA,NA,NA,Y,NA,A,01,0,0,2,0,0,0,0,0,0,-,-,33.86295,-118.32045,LOS ANGELES,TORRANCE,-118.32361579,33.86384423
6424081,2014,2016-01-19,9580,2014-02-18,1655,17400,NA,2,2,7,1942,0,1,2,NA,2,105,RT 101,RT 27,1320,S,N,A,-,Y,LA,7,101,-,-,25.14,H,-,S,Y,4,0,2,3,A,-,03,22350,NA,N,C,C,A,A,H,-,A,D,1,NA,NA,NA,NA,Y,NA,A,01,0,0,2,0,0,0,0,0,0,-,-,34.16997,-118.60195,LOS ANGELES,LOS ANGELES,-118.60224668,34.17009595
6424082,2014,2015-11-07,9590,2014-02-22,1045,20378,NA,6,1,7,1942,0,1,2,NA,2,073,RT 101,HOLLYWOOD BL,150,N,N,A,-,Y,LA,7,101,-,-,6.55,H,-,S,Y,4,0,1,1,A,-,08,22107,NA,N,E,I,A,A,H,-,A,D,1,NA,NA,NA,NA,Y,NA,A,01,0,0,1,0,0,0,0,0,0,-,-,34.10192,-118.31681,LOS ANGELES,LOS ANGELES,-118.31697948,34.10204054
6424084,2014,2014-07-01,1976,2014-02-24,1747,377,NA,1,5,3,1964,0,0,0,NA,0,002,SHOEMAKER AV,FLORENCE AV,75,N,N,A,-,N,NA,NA,NA,NA,NA,NA,NA,NA,NA,Y,4,0,2,2,A,-,03,22350,NA,N,C,C,A,A,H,-,A,D,0,NA,NA,NA,NA,Y,NA,A,01,0,0,2,0,0,0,0,0,0,-,-,NA,NA,LOS ANGELES,SANTA FE SPRINGS,-118.05523194,33.93547564
6424085,2014,2016-02-06,9580,2014-02-17,2025,19689,NA,1,2,7,1942,0,1,3,NA,2,170,RT 170,VICTORY BL,2112,S,N,B,-,Y,LA,7,170,-,R,16.85,H,-,N,N,4,0,1,2,A,-,07,21658,A,N,B,C,A,A,H,-,C,D,1,NA,NA,NA,NA,Y,NA,A,01,0,0,1,0,0,0,0,0,0,-,-,34.18199,-118.39707,LOS ANGELES,LOS ANGELES,-118.39723488999999,34.18216002
6424086,2014,2015-11-13,9590,2014-02-19,1610,20677,NA,3,2,7,1942,0,1,1,NA,2,040,RT 5,ESPARANZA ST,200,N,N,A,-,Y,LA,7,5,-,-,15.37,H,-,N,Y,4,0,1,4,A,-,03,22350,NA,F,C,C,A,A,H,-,A,D,1,NA,NA,NA,NA,Y,NA,A,01,0,0,1,0,0,0,0,0,0,-,-,34.02278,-118.19884,LOS ANGELES,LOS ANGELES,-118.19884529,34.02260128
6424088,2014,2014-07-01,1976,2014-02-25,0809,494,NA,2,5,3,1964,0,0,0,NA,0,001,SLAUSON AV,DICE RD,0,NA,Y,A,-,N,NA,NA,NA,NA,NA,NA,NA,NA,NA,N,3,0,2,2,A,-,09,21801,A,N,D,C,A,A,H,-,A,A,0,NA,NA,NA,NA,Y,NA,A,01,0,1,1,0,0,0,0,0,0,-,-,NA,NA,LOS ANGELES,SANTA FE SPRINGS,-118.06583008,33.96467001
6424089,2014,2015-08-12,9580,2014-02-16,1525,19851,NA,7,2,9,1900,0,2,4,NA,1,131,MULHOLLAND HWY,SEMINOLE DR,3168,W,N,A,-,N,NA,NA,NA,NA,NA,NA,NA,NA,NA,Y,3,0,4,2,A,-,05,21650,NA,N,A,C,A,A,H,-,A,D,0,NA,NA,Y,NA,Y,NA,C,02,0,1,3,0,0,0,0,0,4,-,-,34.10375,-118.79175,LOS ANGELES,UNINCORPORATED,-118.79182765,34.10372603
6424090,2014,2015-11-13,9590,2014-02-18,1040,20677,NA,2,1,7,1942,0,1,1,NA,2,085,RT 5,LOS FELIZ BL,600,S,N,A,-,Y,LA,7,5,-,-,24.1,H,-,S,Y,4,0,1,2,A,-,03,22350,NA,N,C,C,A,A,H,-,A,D,1,NA,NA,NA,NA,Y,NA,A,07,0,0,1,0,0,0,0,0,0,-,-,34.10732,-118.25749,LOS ANGELES,LOS ANGELES,-118.26965433,34.11738038
6424091,2014,2014-06-30,1955,2014-02-08,2319,40616,0031,6,5,6,1955,0,0,0,NA,0,002,FOOTHILL BL,FALCON ST,225,W,N,B,-,N,NA,NA,NA,NA,NA,NA,NA,NA,NA,Y,3,0,1,1,A,-,08,22107,NA,N,E,I,A,A,H,-,C,D,0,NA,NA,NA,NA,Y,NA,A,01,0,1,0,0,0,0,0,0,0,-,-,NA,NA,LOS ANGELES,POMONA,-117.75442406,34.10971788
6424093,2014,2015-11-19,9590,2014-02-26,1515,11420,NA,3,2,7,1942,0,1,1,NA,2,062,RT 10,RT 110,1500,W,N,A,-,Y,LA,7,10,-,-,14.52,H,-,E,N,4,0,1,2,A,-,03,22350,NA,N,C,C,A,A,H,-,A,D,1,NA,NA,NA,NA,Y,NA,A,01,0,0,1,0,0,0,0,0,0,-,-,34.0757,-118.2803,LOS ANGELES,LOS ANGELES,-118.27932945,34.03785445
6424094,2014,2016-01-19,9590,2014-02-22,0845,17867,NA,6,1,7,1942,0,1,2,NA,2,071,RT 101,GLENDALE BL,100,S,N,A,-,Y,LA,7,101,-,-,2.44,H,-,S,N,4,0,1,1,A,-,08,22107,NA,N,F,A,A,A,H,-,A,D,1,NA,NA,Y,NA,Y,NA,C,02,0,0,1,0,0,0,0,0,1,-,-,34.06835,-118.25783,LOS ANGELES,LOS ANGELES,-118.26050811,34.0693697