CASE_ID,ACCIDENT_YEAR,PROC_DATE,JURIS,COLLISION_DATE,COLLISION_TIME,OFFICER_ID,REPORTING_DISTRICT,DAY_OF_WEEK,CHP_SHIFT,POPULATION,CNTY_CITY_LOC,SPECIAL_COND,BEAT_TYPE,CHP_BEAT_TYPE,CITY_DIVISION_LAPD,CHP_BEAT_CLASS,BEAT_NUMBER,PRIMARY_RD,SECONDARY_RD,DISTANCE,DIRECTION,INTERSECTION,WEATHER_1,WEATHER_2,STATE_HWY_IND,CALTRANS_COUNTY,CALTRANS_DISTRICT,STATE_ROUTE,ROUTE_SUFFIX,POSTMILE_PREFIX,POSTMILE,LOCATION_TYPE,RAMP_INTERSECTION,SIDE_OF_HWY,TOW_AWAY,COLLISION_SEVERITY,NUMBER_KILLED,NUMBER_INJURED,PARTY_COUNT,PRIMARY_COLL_FACTOR,PCF_CODE_OF_VIOL,PCF_VIOL_CATEGORY,PCF_VIOLATION,PCF_VIOL_SUBSECTION,HIT_AND_RUN,TYPE_OF_COLLISION,MVIW,PED_ACTION,ROAD_SURFACE,ROAD_COND_1,ROAD_COND_2,LIGHTING,CONTROL_DEVICE,CHP_ROAD_TYPE,PEDESTRIAN_ACCIDENT,BICYCLE_ACCIDENT,MOTORCYCLE_ACCIDENT,TRUCK_ACCIDENT,NOT_PRIVATE_PROPERTY,ALCOHOL_INVOLVED,STWD_VEHTYPE_AT_FAULT,CHP_VEHTYPE_AT_FAULT,COUNT_SEVERE_INJ,COUNT_VISIBLE_INJ,COUNT_COMPLAINT_PAIN,COUNT_PED_KILLED,COUNT_PED_INJURED,COUNT_BICYCLIST_KILLED,COUNT_BICYCLIST_INJURED,COUNT_MC_KILLED,COUNT_MC_INJURED,PRIMARY_RAMP,SECONDARY_RAMP,LATITUDE,LONGITUDE,COUNTY,CITY,POINT_X,POINT_Y
6428097,2014,2014-07-02,9530,2014-03-28,0900,19722,NA,5,1,7,1941,0,1,1,NA,2,071,RT 710,LONG BEACH BL,310,S,N,A,-,Y,NA,NA,710,NA,NA,NA,NA,NA,NA,Y,4,0,1,2,A,-,07,21658,A,N,B,C,A,A,H,-,A,D,0,NA,NA,NA,Y,Y,NA,A,01,0,0,1,0,0,0,0,0,0,-,-,33.86132,-118.19994,LOS ANGELES,LONG BEACH,-118.1999889,33.8613539
6428100,2014,2015-12-28,9530,2014-03-14,1145,20608,NA,5,1,7,1942,0,1,1,NA,2,400,RT 405,WESTERN AV,300,S,N,A,-,Y,LA,7,405,-,-,14.34,H,-,N,Y,3,0,1,1,A,-,08,22107,NA,N,E,I,A,A,H,-,A,D,1,NA,NA,NA,NA,Y,NA,A,01,0,1,0,0,0,0,0,0,0,-,-,33.85963,-118.30701,LOS ANGELES,LOS ANGELES,-118.30786759,33.85990987
6428104,2014,2014-06-23,9530,2014-03-17,0050,020636,NA,1,3,9,1900,0,3,5,NA,2,004,DEL AMO BL,SUSANA RD,549,W,N,A,-,N,NA,NA,NA,NA,NA,NA,NA,NA,NA,N,2,0,1,2,A,-,11,21956,NA,N,G,B,E,A,H,-,C,D,0,Y,NA,NA,NA,Y,NA,N,60,1,0,0,0,1,0,0,0,0,-,-,33.8466,-118.2087,LOS ANGELES,UNINCORPORATED,-118.2068,33.84657
6428108,2014,2014-06-20,9530,2014-03-15,2338,020557,NA,6,3,9,1900,0,3,5,NA,2,001,FLORENCE AV,MACE PL,0,E,N,A,-,N,NA,NA,NA,NA,NA,NA,NA,NA,NA,Y,3,0,3,3,A,-,01,23152,A,N,B,C,F,A,H,-,C,D,0,Y,NA,NA,NA,Y,Y,A,01,0,2,1,0,1,0,0,0,0,-,-,33.9747,-118.25077,LOS ANGELES,UNINCORPORATED,-118.25145002,33.97475005
6428158,2014,2016-03-18,9530,2014-03-28,1155,019980,NA,5,1,6,1972,0,1,1,NA,2,400,RT 405,YUKON AV,20,N,N,A,-,Y,LA,7,405,-,-,15.99,H,-,N,N,4,0,1,2,A,-,03,22350,NA,N,C,C,A,A,H,-,A,D,1,NA,NA,NA,NA,Y,NA,A,07,0,0,1,0,0,0,0,0,0,-,-,33.86762,-118.33587,LOS ANGELES,TORRANCE,-118.33467822,33.86716757
6428185,2014,2016-01-20,9530,2014-03-20,0310,20355,NA,4,3,7,1942,0,1,1,NA,2,110,RT 110,111TH PL,180,S,N,A,-,Y,LA,7,110,-,-,14.15,H,-,N,Y,3,0,1,1,A,-,08,22107,NA,N,F,A,A,A,H,-,C,D,1,NA,NA,NA,NA,Y,NA,A,01,0,1,0,0,0,0,0,0,0,-,-,33.56189,-118.16475,LOS ANGELES,LOS ANGELES,-118.27984166,33.93362098
6428189,2014,2016-03-05,9530,2014-03-28,1415,20608,NA,5,2,7,1941,0,1,3,NA,2,320,RT 91,RT 710,400,E,N,A,-,Y,LA,7,91,-,R,11.788,R,1,W,Y,4,0,1,2,A,-,03,22350,NA,N,C,C,A,A,H,-,A,A,1,NA,NA,NA,NA,Y,NA,A,01,0,0,1,0,0,0,0,0,0,FR,-,33.87656,-118.19139,LOS ANGELES,LONG BEACH,-118.19098587,33.87632084
6428197,2014,2015-12-29,9530,2014-03-29,1805,17860,NA,6,2,7,1941,0,1,1,NA,2,430,RT 405,LAKEWOOD BL,780,N,N,A,-,Y,LA,7,405,-,-,3.49,H,-,S,Y,3,0,1,1,A,-,03,22350,NA,N,F,A,A,A,H,-,A,D,1,NA,NA,Y,NA,Y,NA,C,02,0,1,0,0,0,0,0,0,1,TO,-,NA,NA,LOS ANGELES,LONG BEACH,-118.1454814,33.80612471
6428201,2014,2016-03-18,9530,2014-03-20,0940,20678,NA,4,1,7,1942,0,1,1,NA,2,400,RT 405,WESTERN AV,500,S,N,A,-,Y,LA,7,405,-,-,14.31,H,-,N,N,4,0,1,4,A,-,03,22350,NA,N,C,C,A,A,H,-,A,D,1,NA,NA,NA,NA,Y,NA,A,01,0,0,1,0,0,0,0,0,0,-,-,33.86008,-118.3074,LOS ANGELES,LOS ANGELES,-118.3073394,33.85990935
6428205,2014,2016-02-04,9530,2014-03-20,2110,20300,NA,4,2,9,1900,0,1,1,NA,2,210,RT 105,WILMINGTON AV,200,W,N,A,-,Y,LA,7,105,-,R,9.74,H,-,E,N,4,0,1,2,A,-,03,22350,NA,N,C,C,A,A,H,-,D,D,0,NA,NA,NA,NA,Y,NA,A,01,0,0,1,0,0,0,0,0,0,-,-,33.92823,-118.23985,LOS ANGELES,UNINCORPORATED,-118.23993499,33.92820857
6428209,2014,2015-12-28,9530,2014-03-28,1100,19980,NA,5,1,5,1977,0,1,1,NA,2,410,RT 405,DEL AMO BL,55,N,N,A,-,Y,LA,7,405,-,-,11.87,H,-,S,Y,4,0,1,3,A,-,03,22350,NA,N,C,C,A,A,H,-,A,D,1,NA,NA,NA,NA,Y,NA,A,01,0,0,1,0,0,0,0,0,0,-,-,33.84635,-118.271,LOS ANGELES,CARSON,-118.27116732,33.84664379
6428213,2014,2014-06-25,9530,2014-03-26,1205,13604,NA,3,1,9,1900,0,3,5,NA,2,001,FIRESTONE BL,ALAMEDA ST,0,NA,Y,B,-,N,NA,NA,NA,NA,NA,NA,NA,NA,NA,Y,4,0,1,3,A,-,09,21801,A,N,D,C,A,A,H,-,A,A,0,NA,NA,NA,NA,Y,NA,A,07,0,0,1,0,0,0,0,0,0,-,-,33.9578,-118.23115,LOS ANGELES,UNINCORPORATED,-118.23108008,33.95779008
6428217,2014,2014-06-25,9530,2014-03-25,1007,20676,NA,2,1,9,1900,0,3,5,NA,2,005,MANHATTAN BEACH BL,DOTY AV,15,W,N,B,-,N,NA,NA,NA,NA,NA,NA,NA,NA,NA,Y,4,0,1,2,A,-,03,22350,NA,N,C,C,A,A,H,-,A,A,0,NA,NA,NA,NA,Y,NA,A,01,0,0,1,0,0,0,0,0,0,-,-,33.88763,-118.33918,LOS ANGELES,UNINCORPORATED,-118.33934933,33.88758
6428221,2014,2016-03-26,9530,2014-03-29,1620,19980,NA,6,2,7,1942,0,1,1,NA,2,410,RT 405,RT 110,440,N,N,A,-,Y,LA,7,405,-,-,13.208,R,1,S,N,4,0,2,2,A,-,03,22350,NA,N,C,C,A,A,H,-,A,D,1,NA,NA,NA,NA,Y,NA,A,07,0,0,2,0,0,0,0,0,0,TO,-,33.85164,-118.28541,LOS ANGELES,LOS ANGELES,-118.28841875,33.85855877
6428295,2014,2014-06-26,9530,2014-03-21,1645,019980,NA,5,2,9,1900,0,3,5,NA,2,001,FLORENCE AV,CENTRAL AV,250,E,N,A,-,N,NA,NA,NA,NA,NA,NA,NA,NA,NA,N,4,0,1,2,A,-,09,21804,A,F,D,G,A,A,H,-,A,D,0,NA,Y,NA,NA,Y,NA,-,99,0,0,1,0,0,0,1,0,0,-,-,33.97469,-118.25539,LOS ANGELES,UNINCORPORATED,-118.25563705,33.97476
6428299,2014,2014-06-26,9530,2014-03-19,0610,020665,NA,3,1,9,1900,0,3,5,NA,2,002,AVALON BL,ROSECRANS AV,0,NA,Y,A,-,N,NA,NA,NA,NA,NA,NA,NA,NA,NA,Y,3,0,2,2,A,-,09,21801,A,N,D,C,A,A,H,-,A,A,0,NA,NA,NA,NA,Y,NA,B,07,0,2,0,0,0,0,0,0,0,-,-,33.90204,-118.26533,LOS ANGELES,UNINCORPORATED,-118.26528002,33.90214004
6428311,2014,2014-06-26,9530,2014-03-11,1300,020695,NA,2,1,9,1900,0,3,5,NA,2,002,AVALON BL,132ND ST,243,N,N,A,-,N,NA,NA,NA,NA,NA,NA,NA,NA,NA,N,4,0,1,2,A,-,03,22350,NA,N,C,C,A,A,H,-,A,D,0,NA,NA,NA,NA,Y,NA,A,01,0,0,1,0,0,0,0,0,0,-,-,33.91349,-118.26492,LOS ANGELES,UNINCORPORATED,-118.26528276,33.9134364
6428315,2014,2014-06-26,9530,2014-03-19,1520,020680,NA,3,2,9,1900,0,3,5,NA,2,006,VERMONT AV,228TH ST,0,NA,Y,A,-,N,NA,NA,NA,NA,NA,NA,NA,NA,NA,N,3,0,1,2,A,-,10,21950,A,N,G,B,B,A,H,-,A,A,0,Y,NA,NA,NA,Y,NA,A,01,0,1,0,0,1,0,0,0,0,-,-,33.81909,-118.28984,LOS ANGELES,UNINCORPORATED,-118.29034013,33.81894009
6428319,2014,2014-06-26,9530,2014-03-18,1615,20699,NA,2,2,9,1900,0,3,5,NA,2,005,CRENSHAW BL,MARINE AV,0,NA,Y,A,-,N,NA,NA,NA,NA,NA,NA,NA,NA,NA,N,4,0,1,2,A,-,09,21801,NA,N,B,C,A,A,H,-,A,A,0,NA,NA,NA,NA,Y,NA,A,01,0,0,1,0,0,0,0,0,0,-,-,33.89466,-118.32654,LOS ANGELES,UNINCORPORATED,-118.32654011,33.89466011
6428322,2014,2014-07-10,1942,2014-03-04,1815,39217,1764,2,5,7,1942,0,0,0,Q,0,17TL12,LINDLEY AV,PARTHENIA ST,0,NA,Y,A,-,N,NA,NA,NA,NA,NA,NA,NA,NA,NA,Y,3,0,1,2,A,-,-,NA,NA,N,D,C,A,A,H,-,A,A,0,NA,NA,Y,NA,Y,NA,-,-,0,1,0,0,0,0,0,0,1,-,-,NA,NA,LOS ANGELES,LOS ANGELES,-118.52735007,34.22867008
6428326,2014,2014-07-03,1942,2014-03-02,0630,36618,1791,7,5,7,1942,0,0,0,Q,0,17TL15,PARTHENIA ST,LURLINE AV,430,E,N,B,-,N,NA,NA,NA,NA,NA,NA,NA,NA,NA,Y,4,0,1,4,A,-,08,22107,NA,N,C,E,A,B,H,-,B,D,0,NA,NA,NA,NA,Y,NA,A,07,0,0,1,0,0,0,0,0,0,-,-,NA,NA,LOS ANGELES,LOS ANGELES,-118.58271985,34.22819519
6428329,2014,2014-07-02,1962,2014-03-02,0225,068,1962,7,5,4,1962,0,0,0,NA,0,4L22,LIVE OAK ST,DEL MAR AV,127,W,N,B,-,N,NA,NA,NA,NA,NA,NA,NA,NA,NA,Y,4,0,1,3,A,-,-,NA,NA,F,B,E,A,B,H,-,C,D,0,NA,NA,NA,NA,Y,NA,A,01,0,0,1,0,0,0,0,0,0,-,-,NA,NA,LOS ANGELES,SAN GABRIEL,-118.10008374,34.10090704
6428330,2014,2014-07-03,1942,2014-03-02,2225,36733,1756,7,5,7,1942,0,0,0,Q,0,17X78W,DEVONSHIRE ST,AMESTOY AV,40,E,N,B,-,N,NA,NA,NA,NA,NA,NA,NA,NA,NA,Y,4,0,3,3,A,-,04,21703,NA,N,C,C,A,B,H,-,C,A,0,NA,NA,NA,NA,Y,NA,A,01,0,0,3,0,0,0,0,0,0,-,-,NA,NA,LOS ANGELES,LOS ANGELES,-118.50660789,34.2575476
6428334,2014,2014-07-02,1942,2014-03-02,1700,35481,2113,7,5,7,1942,0,0,0,NA,0,21TL62,SATICOY ST,SHOUP AV,500,W,N,B,-,N,NA,NA,NA,NA,NA,NA,NA,NA,NA,Y,4,0,1,5,A,-,08,22107,NA,N,B,E,A,A,H,-,A,D,0,NA,NA,NA,NA,Y,Y,A,01,0,0,1,0,0,0,0,0,0,-,-,NA,NA,LOS ANGELES,LOS ANGELES,-118.61634099,34.20828541
6428338,2014,2014-07-03,1942,2014-03-01,1200,39473,2185,6,5,7,1942,0,0,0,NA,0,16T25,TOPANGA CANYON BL,COSTANSO ST,0,NA,Y,C,-,N,NA,NA,NA,NA,NA,NA,NA,NA,NA,Y,3,0,2,2,A,-,09,21802,A,N,D,E,A,B,H,-,A,A,0,NA,NA,NA,NA,Y,NA,A,07,0,1,1,0,0,0,0,0,0,-,-,NA,NA,LOS ANGELES,LOS ANGELES,-118.60592002,34.1675701
6428342,2014,2014-07-03,1942,2014-03-04,1235,NA,1653,2,5,7,1942,0,0,0,P,0,NA,OSBORN ST,SAN FERNANDO RD,102,W,N,A,-,N,NA,NA,NA,NA,NA,NA,NA,NA,NA,N,4,0,1,2,A,-,04,21703,NA,N,C,C,A,A,H,-,A,D,0,NA,NA,NA,NA,Y,NA,A,01,0,0,1,0,0,0,0,0,0,-,-,NA,NA,LOS ANGELES,LOS ANGELES,-118.409762,34.253982
6428346,2014,2014-07-03,1942,2014-03-01,1500,34482,1781,6,5,7,1942,0,0,0,Q,0,9TL54,DE SOTO AV,BRYANT ST,300,S,N,C,-,N,NA,NA,NA,NA,NA,NA,NA,NA,NA,N,4,0,1,2,A,-,03,22350,NA,N,C,C,A,B,H,-,A,D,0,NA,NA,NA,NA,Y,NA,A,07,0,0,1,0,0,0,0,0,0,-,-,NA,NA,LOS ANGELES,LOS ANGELES,-118.58852,34.22613702
6428350,2014,2014-07-02,1942,2014-03-01,1045,39473,1656,6,5,7,1942,0,0,0,P,0,16TL23,FOOTHILL BL,MCVINE AV,0,NA,Y,C,-,N,NA,NA,NA,NA,NA,NA,NA,NA,NA,N,4,0,1,2,A,-,10,21950,A,N,G,B,B,B,H,-,A,A,0,Y,NA,NA,NA,Y,NA,A,01,0,0,1,0,1,0,0,0,0,-,-,NA,NA,LOS ANGELES,LOS ANGELES,-118.31138011,34.25967006
6428354,2014,2014-07-03,1942,2014-03-03,1030,40574,1684,1,5,7,1942,0,0,0,P,0,16723,LANKERSHIM BL,CAYUGA AV,0,NA,Y,A,-,N,NA,NA,NA,NA,NA,NA,NA,NA,NA,N,4,0,1,2,A,-,12,21453,A,N,D,C,A,A,H,-,A,A,0,NA,NA,NA,NA,Y,NA,A,01,0,0,1,0,0,0,0,0,0,-,-,NA,NA,LOS ANGELES,LOS ANGELES,-118.38778005,34.22612009
6428358,2014,2014-07-03,1942,2014-03-04,1201,38181,1612,2,5,7,1942,0,0,0,P,0,21T61,PAXTON AV,GLENOAKS BL,250,E,N,B,-,N,NA,NA,NA,NA,NA,NA,NA,NA,NA,N,4,0,2,2,A,-,09,21804,A,N,D,C,A,A,H,-,A,D,0,NA,NA,NA,NA,Y,NA,A,01,0,0,2,0,0,0,0,0,0,-,-,NA,NA,LOS ANGELES,LOS ANGELES,-118.41738763,34.28010086
6428374,2014,2014-07-03,1942,2014-03-01,1440,38326,1504,6,5,7,1942,0,0,0,O,0,15TL44,LAUREL CANYON BL,RUNNYMEDE ST,15,N,N,C,-,N,NA,NA,NA,NA,NA,NA,NA,NA,NA,N,4,0,1,3,A,-,09,21804,A,N,H,I,A,B,H,-,A,D,0,NA,NA,NA,NA,Y,NA,-,99,0,0,1,0,0,0,0,0,0,-,-,NA,NA,LOS ANGELES,LOS ANGELES,-118.39653,34.20579114
6428391,2014,2014-07-02,1942,2014-03-03,1635,39217,2102,1,5,7,1942,0,0,0,NA,0,17TL12,WOODLAKE AV,JONATHAN ST,0,NA,Y,A,-,N,NA,NA,NA,NA,NA,NA,NA,NA,NA,N,3,0,1,2,A,-,09,21804,A,N,D,G,A,A,H,-,C,A,0,NA,Y,NA,NA,Y,NA,L,04,0,1,0,0,0,0,1,0,0,-,-,NA,NA,LOS ANGELES,LOS ANGELES,-118.63223014,34.21719003
6428395,2014,2014-07-02,1942,2014-03-02,1930,38603,2143,7,5,7,1942,0,0,0,NA,0,10T35,FALLBROOK AV,CRISWELL ST,0,NA,Y,A,-,N,NA,NA,NA,NA,NA,NA,NA,NA,NA,Y,4,0,2,2,A,-,09,21801,A,N,D,C,A,A,H,-,C,A,0,NA,NA,NA,NA,Y,NA,A,01,0,0,2,0,0,0,0,0,0,-,-,NA,NA,LOS ANGELES,LOS ANGELES,-118.62340004,34.19066007
6428396,2014,2014-07-03,1942,2014-03-03,1940,36565,1501,1,5,7,1942,0,0,0,O,0,15T45,FULTON AV,SATICOY ST,0,NA,Y,A,-,N,NA,NA,NA,NA,NA,NA,NA,NA,NA,N,4,0,1,2,A,-,12,22450,A,N,D,G,A,A,H,-,C,A,0,NA,Y,NA,NA,Y,Y,A,01,0,0,1,0,0,0,1,0,0,-,-,NA,NA,LOS ANGELES,LOS ANGELES,-118.42352003,34.20842002
6428400,2014,2014-07-03,1922,2014-03-01,2311,603,NA,6,5,6,1922,0,0,0,NA,0,NA,KLINGERMAN,TYLER AV,15,W,N,A,-,N,NA,NA,NA,NA,NA,NA,NA,NA,NA,Y,4,0,1,1,A,-,03,22350,NA,N,E,I,A,B,H,-,C,A,0,NA,NA,NA,NA,Y,NA,A,01,0,0,1,0,0,0,0,0,0,-,-,NA,NA,LOS ANGELES,EL MONTE,-118.0356994,34.05601924
6428402,2014,2014-07-03,1942,2014-02-28,1345,40820,1681,5,5,7,1942,0,0,0,P,0,21T62,LAUREL CANYON BL,PEORIA ST,160,N,N,B,C,N,NA,NA,NA,NA,NA,NA,NA,NA,NA,Y,3,0,2,3,A,-,03,22350,NA,N,-,C,A,B,H,-,A,D,0,NA,NA,NA,NA,Y,NA,A,01,0,2,0,0,0,0,0,0,0,-,-,NA,NA,LOS ANGELES,LOS ANGELES,-118.39775275,34.22634396
6428406,2014,2014-07-10,1942,2014-02-26,1955,33181,1525,3,5,7,1942,0,0,0,O,0,15A27,VICTORY BL,SIMPSON AV,5,W,N,C,-,N,NA,NA,NA,NA,NA,NA,NA,NA,NA,N,4,0,1,2,A,-,03,22350,NA,N,D,C,A,B,H,-,C,D,0,NA,NA,NA,NA,Y,NA,-,-,0,0,1,0,0,0,0,0,0,-,-,NA,NA,LOS ANGELES,LOS ANGELES,-118.3888865,34.18668
6428408,2014,2014-07-03,1912,2014-02-28,0750,12451,NA,5,5,6,1912,0,0,0,NA,0,NA,VANOWEN PL,HOLLYWOOD WY,571,W,N,B,C,N,NA,NA,NA,NA,NA,NA,NA,NA,NA,N,3,0,1,1,A,-,03,22350,NA,N,A,I,A,B,G,-,A,D,0,NA,NA,NA,NA,Y,NA,A,07,0,1,0,0,0,0,0,0,0,-,-,NA,NA,LOS ANGELES,BURBANK,-118.35077299,34.19215289
6428410,2014,2015-03-12,1942,2014-02-24,1610,41293,2136,1,5,7,1942,0,0,0,NA,0,21A42,OWENSMOUTH AV,SHERMAN WY,0,NA,Y,A,-,N,NA,NA,NA,NA,NA,NA,NA,NA,NA,N,3,0,2,2,A,-,09,21801,A,N,G,G,A,A,H,-,A,A,0,NA,Y,NA,NA,Y,NA,A,01,0,1,1,0,0,0,1,0,0,-,-,NA,NA,LOS ANGELES,LOS ANGELES,-118.60156008,34.20103004
6428414,2014,2014-07-03,1942,2014-02-28,0755,40731,1737,5,5,7,1942,0,0,0,Q,0,9T53,SAN FERNANDO MISSION BL,RUFFNER AV,0,NA,Y,C,-,N,NA,NA,NA,NA,NA,NA,NA,NA,NA,Y,4,0,1,2,A,-,09,21801,A,N,A,C,A,B,H,-,A,A,0,NA,NA,NA,NA,Y,NA,A,01,0,0,1,0,0,0,0,0,0,-,-,NA,NA,LOS ANGELES,LOS ANGELES,-118.49778005,34.27200012
6428418,2014,2014-07-03,1942,2014-02-28,1715,31934,1747,5,5,7,1942,0,0,0,Q,0,17A35,BALBOA BL,BLACKHAWK ST,0,N,N,C,-,N,NA,NA,NA,NA,NA,NA,NA,NA,NA,N,3,0,1,2,A,-,11,21956,A,N,G,A,D,B,-,-,C,D,0,Y,NA,NA,NA,Y,NA,A,07,0,1,0,0,1,0,0,0,0,-,-,NA,NA,LOS ANGELES,LOS ANGELES,-118.50231011,34.25889003
6428419,2014,2014-07-03,1922,2014-02-18,1915,576,NA,2,5,6,1922,0,0,0,NA,0,NA,TYLER AV,BASYE ST,0,NA,Y,B,-,N,NA,NA,NA,NA,NA,NA,NA,NA,NA,N,3,0,1,2,A,-,10,21950,A,F,G,B,B,A,H,-,C,A,0,Y,NA,Y,NA,Y,NA,C,02,0,1,0,0,1,0,0,0,0,-,-,NA,NA,LOS ANGELES,EL MONTE,-118.03150011,34.08286003
6428423,2014,2014-07-03,1922,2014-02-19,2206,505,NA,3,5,6,1922,0,0,0,NA,0,NA,RAMONA BL,PECK RD,75,E,N,A,-,N,NA,NA,NA,NA,NA,NA,NA,NA,NA,Y,3,0,1,2,A,-,09,21801,A,N,F,I,A,A,D,-,C,A,0,NA,NA,NA,NA,Y,NA,A,01,0,1,0,0,0,0,0,0,0,-,-,NA,NA,LOS ANGELES,EL MONTE,-118.02265607,34.07412281
6428426,2014,2014-07-10,1942,2014-02-23,1630,36733,1721,7,5,7,1942,0,0,0,Q,0,17XL54,SANTA SUSANA PASS RD,ROCKY PEAK RD,9775,W,N,A,-,N,NA,NA,NA,NA,NA,NA,NA,NA,NA,N,2,0,1,1,A,-,03,22350,NA,N,E,I,A,D,B,-,A,D,0,NA,NA,Y,NA,Y,NA,C,03,1,0,0,0,0,0,0,0,1,-,-,NA,NA,LOS ANGELES,LOS ANGELES,NA,NA
6428428,2014,2014-07-03,1922,2014-02-20,0815,607,NA,4,5,6,1922,0,0,0,NA,0,NA,KLINGERMAN ST,MAXSON RD,0,NA,Y,A,-,N,NA,NA,NA,NA,NA,NA,NA,NA,NA,N,3,0,1,2,A,-,09,21800,NA,N,A,C,A,A,H,-,A,D,0,NA,NA,NA,NA,Y,NA,A,01,0,1,0,0,0,0,0,0,0,-,-,NA,NA,LOS ANGELES,EL MONTE,-118.02516004,34.0520801
6428430,2014,2014-07-03,1942,2014-02-23,0540,35594,1781,7,5,7,1942,0,0,0,Q,0,19TL73,PARTHENIA ST,DELCO AV,450,E,N,A,-,N,NA,NA,NA,NA,NA,NA,NA,NA,NA,Y,3,0,1,3,A,-,08,22107,NA,N,B,E,A,A,H,-,A,A,0,NA,NA,NA,NA,Y,NA,-,99,0,1,0,0,0,0,0,0,0,-,-,NA,NA,LOS ANGELES,LOS ANGELES,-118.57704381,34.22820522
6428432,2014,2014-07-03,1922,2014-02-05,1909,505,NA,3,5,6,1922,0,0,0,NA,0,NA,VALLEY BL,MAXSON RD,0,NA,Y,A,-,N,NA,NA,NA,NA,NA,NA,NA,NA,NA,N,4,0,1,2,A,-,03,22350,NA,F,C,C,A,A,H,-,C,D,0,NA,NA,NA,NA,Y,NA,A,01,0,0,1,0,0,0,0,0,0,-,-,NA,NA,LOS ANGELES,EL MONTE,-118.01539008,34.06083002
6428456,2014,2014-07-03,1922,2014-02-08,0805,594,NA,6,5,6,1922,0,0,0,NA,0,NA,PECK RD,BAYSE ST,0,NA,Y,A,-,N,NA,NA,NA,NA,NA,NA,NA,NA,NA,N,4,0,1,2,A,-,03,22350,NA,N,C,C,A,A,H,-,A,D,0,NA,NA,NA,NA,Y,NA,A,01,0,0,1,0,0,0,0,0,0,-,-,NA,NA,LOS ANGELES,EL MONTE,-118.01970007,34.08045003
6428460,2014,2014-07-03,1922,2014-02-06,1728,564,1922,4,5,6,1922,0,0,0,NA,0,NA,COGSWELL RD,RAMONA BL,50,S,N,B,-,N,NA,NA,NA,NA,NA,NA,NA,NA,NA,Y,4,0,2,2,A,-,-,NA,NA,N,-,C,A,B,H,-,C,D,0,NA,NA,NA,NA,Y,NA,A,01,0,0,2,0,0,0,0,0,0,-,-,NA,NA,LOS ANGELES,EL MONTE,-118.01275461,34.0751739
6428464,2014,2014-07-03,1922,2014-02-07,1732,617,NA,5,5,6,1922,0,0,0,NA,0,001,VALLEY BL,ARDEN DR,0,NA,Y,A,-,N,NA,NA,NA,NA,NA,NA,NA,NA,NA,Y,4,0,3,2,A,-,08,22107,NA,N,D,C,A,A,H,-,C,A,0,NA,NA,NA,NA,Y,NA,A,01,0,0,3,0,0,0,0,0,0,-,-,NA,NA,LOS ANGELES,EL MONTE,-118.04623003,34.07658004
6428468,2014,2014-07-03,1922,2014-02-07,2340,659,NA,5,5,6,1922,0,0,0,NA,0,003,PECK RD,PECK RD 3235,40,W,N,A,-,N,NA,NA,NA,NA,NA,NA,NA,NA,NA,N,3,0,1,2,A,-,08,22107,NA,N,A,E,A,A,H,-,C,D,0,NA,NA,NA,NA,Y,NA,A,01,0,1,0,0,0,0,0,0,0,-,-,NA,NA,LOS ANGELES,EL MONTE,NA,NA
6428472,2014,2014-07-03,1922,2014-02-06,1716,505,NA,4,5,6,1922,0,0,0,NA,0,NA,MOUNTAIN VIEW RD,KLINGERMAN AV,0,NA,Y,B,C,N,NA,NA,NA,NA,NA,NA,NA,NA,NA,N,4,0,1,2,A,-,09,21802,A,N,D,C,A,B,H,-,B,A,0,NA,NA,NA,NA,Y,NA,A,08,0,0,1,0,0,0,0,0,0,-,-,NA,NA,LOS ANGELES,EL MONTE,-118.02980008,34.05596003
6428475,2014,2014-07-03,1942,2014-02-26,1200,38185,2129,3,5,7,1942,0,0,0,NA,0,19TL73,WINNETKA AV,ROSCOE BL,0,NA,Y,B,-,N,NA,NA,NA,NA,NA,NA,NA,NA,NA,Y,4,0,1,2,A,-,09,21801,A,N,D,B,A,A,H,-,A,A,0,NA,NA,NA,NA,Y,NA,A,01,0,0,1,0,0,0,0,0,0,-,-,NA,NA,LOS ANGELES,LOS ANGELES,-118.57105005,34.22025005
6428476,2014,2014-07-03,1922,2014-02-08,1816,640,NA,6,5,6,1922,0,0,0,NA,0,NA,PECK RD,VALLEY BL,50,S,N,A,-,N,NA,NA,NA,NA,NA,NA,NA,NA,NA,N,4,0,1,2,D,-,00,NA,NA,N,G,B,B,A,H,-,C,D,0,Y,NA,NA,NA,Y,NA,-,-,0,0,1,0,1,0,0,0,0,-,-,NA,NA,LOS ANGELES,EL MONTE,-118.02822912,34.0688273
6428479,2014,2014-07-03,1942,2014-02-27,1135,40527,2129,4,5,7,1942,0,0,0,NA,0,10TL37,WINNETKA AV,ROSCOE BL,0,NA,Y,A,-,N,NA,NA,NA,NA,NA,NA,NA,NA,NA,Y,3,0,1,2,A,-,09,21804,A,N,D,C,A,A,H,-,A,A,0,NA,NA,NA,NA,Y,NA,A,01,0,1,0,0,0,0,0,0,0,-,-,NA,NA,LOS ANGELES,LOS ANGELES,-118.57105005,34.22025005