CASE_ID,ACCIDENT_YEAR,PROC_DATE,JURIS,COLLISION_DATE,COLLISION_TIME,OFFICER_ID,REPORTING_DISTRICT,DAY_OF_WEEK,CHP_SHIFT,POPULATION,CNTY_CITY_LOC,SPECIAL_COND,BEAT_TYPE,CHP_BEAT_TYPE,CITY_DIVISION_LAPD,CHP_BEAT_CLASS,BEAT_NUMBER,PRIMARY_RD,SECONDARY_RD,DISTANCE,DIRECTION,INTERSECTION,WEATHER_1,WEATHER_2,STATE_HWY_IND,CALTRANS_COUNTY,CALTRANS_DISTRICT,STATE_ROUTE,ROUTE_SUFFIX,POSTMILE_PREFIX,POSTMILE,LOCATION_TYPE,RAMP_INTERSECTION,SIDE_OF_HWY,TOW_AWAY,COLLISION_SEVERITY,NUMBER_KILLED,NUMBER_INJURED,PARTY_COUNT,PRIMARY_COLL_FACTOR,PCF_CODE_OF_VIOL,PCF_VIOL_CATEGORY,PCF_VIOLATION,PCF_VIOL_SUBSECTION,HIT_AND_RUN,TYPE_OF_COLLISION,MVIW,PED_ACTION,ROAD_SURFACE,ROAD_COND_1,ROAD_COND_2,LIGHTING,CONTROL_DEVICE,CHP_ROAD_TYPE,PEDESTRIAN_ACCIDENT,BICYCLE_ACCIDENT,MOTORCYCLE_ACCIDENT,TRUCK_ACCIDENT,NOT_PRIVATE_PROPERTY,ALCOHOL_INVOLVED,STWD_VEHTYPE_AT_FAULT,CHP_VEHTYPE_AT_FAULT,COUNT_SEVERE_INJ,COUNT_VISIBLE_INJ,COUNT_COMPLAINT_PAIN,COUNT_PED_KILLED,COUNT_PED_INJURED,COUNT_BICYCLIST_KILLED,COUNT_BICYCLIST_INJURED,COUNT_MC_KILLED,COUNT_MC_INJURED,PRIMARY_RAMP,SECONDARY_RAMP,LATITUDE,LONGITUDE,COUNTY,CITY,POINT_X,POINT_Y
6430260,2014,2014-06-20,9530,2014-03-20,0600,20401,NA,4,1,9,1900,0,3,5,NA,2,002,MAIN ST,REDONDO BEACH BL,0,NA,Y,A,-,N,NA,NA,NA,NA,NA,NA,NA,NA,NA,Y,3,0,1,2,A,-,12,21453,A,N,D,C,A,A,H,-,C,A,0,NA,NA,NA,NA,Y,NA,-,-,0,1,0,0,0,0,0,0,0,-,-,33.89247,-118.27635,LOS ANGELES,UNINCORPORATED,-118.27623006,33.8929201
6430262,2014,2014-07-02,1942,2014-03-15,1750,37966,1434,6,5,7,1942,0,0,0,N,0,14TL54,WALGROVE AV,VENICE BL,145,S,N,A,-,N,NA,NA,NA,NA,NA,NA,NA,NA,NA,N,3,0,1,4,A,-,09,21804,A,F,D,C,A,A,H,-,A,D,0,NA,NA,NA,NA,Y,NA,-,99,0,1,0,0,0,0,0,0,0,-,-,NA,NA,LOS ANGELES,LOS ANGELES,-118.44617701,33.99697268
6430263,2014,2014-06-20,1942,2014-03-07,0630,40605,0745,5,5,7,1942,0,0,0,G,0,6TL11,WASHINGTON BL,BUCKINGHAM RD,80,E,N,A,-,N,NA,NA,NA,NA,NA,NA,NA,NA,NA,Y,3,0,2,2,A,-,08,22101,NA,N,B,C,A,A,H,-,A,D,0,NA,NA,NA,NA,Y,NA,A,01,0,1,1,0,0,0,0,0,0,-,-,NA,NA,LOS ANGELES,LOS ANGELES,-118.33631643,34.03985
6430264,2014,2016-01-23,9530,2014-03-23,1655,20457,NA,7,2,7,1941,0,1,1,NA,2,071,RT 710,DEL AMO BL,150,S,N,A,-,Y,LA,7,710,-,-,10.79,H,-,S,Y,3,0,3,2,A,-,07,21658,A,N,B,C,A,A,H,-,A,D,1,NA,NA,NA,NA,Y,NA,A,01,0,1,2,0,0,0,0,0,0,-,-,33.84507,-118.20582,LOS ANGELES,LONG BEACH,-118.20568002,33.84616951
6430266,2014,2014-07-02,1942,2014-03-17,0655,33694,2148,1,5,7,1942,0,0,0,NA,0,35M88,OSO ST,VANOWEN ST,0,NA,Y,A,-,N,NA,NA,NA,NA,NA,NA,NA,NA,NA,N,4,0,1,2,A,-,10,21950,A,F,G,B,B,A,H,-,A,A,0,Y,NA,NA,NA,Y,NA,-,99,0,0,1,0,1,0,0,0,0,-,-,NA,NA,LOS ANGELES,LOS ANGELES,-118.57533012,34.19380009
6430267,2014,2014-06-20,1942,2014-03-02,0900,36553,0764,7,5,7,1942,0,0,0,G,0,8T35,PICO BL,REDONDO BL,0,NA,Y,B,-,N,NA,NA,NA,NA,NA,NA,NA,NA,NA,Y,4,0,1,2,A,-,12,21453,A,N,D,C,A,A,H,-,A,A,0,NA,NA,NA,NA,Y,NA,A,01,0,0,1,0,0,0,0,0,0,-,-,NA,NA,LOS ANGELES,LOS ANGELES,-118.34928005,34.04800005
6430271,2014,2014-06-20,1942,2014-03-02,2035,32896,0701,7,5,7,1942,0,0,0,G,0,14T47,FAIRFAX AV,CLINTON ST,100,S,N,A,-,N,NA,NA,NA,NA,NA,NA,NA,NA,NA,Y,4,0,1,3,A,-,08,22102,NA,N,D,C,A,A,H,-,C,A,0,NA,NA,NA,NA,Y,NA,A,01,0,0,1,0,0,0,0,0,0,-,-,NA,NA,LOS ANGELES,LOS ANGELES,-118.36147609,34.08133577
6430274,2014,2014-07-02,1942,2014-03-19,1400,40398,1063,3,5,7,1942,0,0,0,J,0,15TL42,CLARK ST,RESEDA BL,290,E,N,A,-,N,NA,NA,NA,NA,NA,NA,NA,NA,NA,N,4,0,1,2,A,-,09,21804,A,F,H,G,A,A,H,-,A,D,0,NA,Y,NA,NA,Y,NA,A,01,0,0,1,0,0,0,1,0,0,-,-,NA,NA,LOS ANGELES,LOS ANGELES,-118.536,34.17037
6430275,2014,2014-06-20,1942,2014-03-06,1810,37966,0784,4,5,7,1942,0,0,0,G,0,6TL4,WASHINGTON BL,ALSACE AV,0,NA,Y,A,-,N,NA,NA,NA,NA,NA,NA,NA,NA,NA,Y,4,0,1,2,A,-,09,21802,A,N,D,C,A,A,H,-,C,D,0,NA,NA,NA,NA,Y,NA,A,01,0,0,1,0,0,0,0,0,0,-,-,NA,NA,LOS ANGELES,LOS ANGELES,-118.35176006,34.04107005
6430279,2014,2014-06-20,1942,2014-03-07,1545,37416,0749,5,5,7,1942,0,0,0,G,0,14TL54,CRENSHAW BL,8TH ST,65,N,N,A,-,N,NA,NA,NA,NA,NA,NA,NA,NA,NA,Y,4,0,2,2,A,-,08,22107,NA,N,D,C,A,-,A,H,A,A,0,NA,NA,NA,NA,Y,NA,A,07,0,0,2,0,0,0,0,0,0,-,-,NA,NA,LOS ANGELES,LOS ANGELES,-118.320439,34.059266
6430283,2014,2014-06-20,1942,2014-03-07,1240,40058,0773,5,5,7,1942,0,0,0,G,0,7T38,WASHINGTON BL,REDONDO BL,150,W,N,A,-,N,NA,NA,NA,NA,NA,NA,NA,NA,NA,Y,4,0,2,2,A,-,08,22102,NA,N,D,C,A,A,H,-,A,A,0,NA,NA,NA,NA,Y,NA,A,01,0,0,2,0,0,0,0,0,0,-,-,NA,NA,LOS ANGELES,LOS ANGELES,-118.35329891,34.04127004
6430287,2014,2014-06-20,1942,2014-03-06,1600,37903,0784,4,5,7,1942,0,0,0,G,0,6TL2,LA BREA AV,21ST ST,5,S,N,A,-,N,NA,NA,NA,NA,NA,NA,NA,NA,NA,N,4,0,1,2,A,-,10,21950,A,N,G,B,B,A,H,-,A,A,0,Y,NA,NA,NA,Y,NA,A,01,0,0,1,0,1,0,0,0,0,-,-,NA,NA,LOS ANGELES,LOS ANGELES,-118.34846516,34.03845698
6430290,2014,2014-07-02,1942,2014-03-12,2250,36602,0774,3,5,7,1942,0,0,0,G,0,20T59,LA BREA AV,VENICE BL,72,N,N,A,-,N,NA,NA,NA,NA,NA,NA,NA,NA,NA,Y,4,0,1,2,A,-,05,21460,A,N,A,C,A,A,H,-,C,A,0,NA,NA,NA,NA,Y,NA,A,01,0,0,1,0,0,0,0,0,0,-,-,NA,NA,LOS ANGELES,LOS ANGELES,-118.34536744,34.04605801
6430291,2014,2014-06-20,1942,2014-03-02,1305,31387,646,7,5,7,1942,0,0,0,NA,0,6TL2,SUNSET BL,SEWARD AV,100,W,N,C,-,N,NA,NA,NA,NA,NA,NA,NA,NA,NA,N,4,0,1,2,A,-,09,21801,A,N,A,C,A,B,H,-,A,D,0,NA,NA,NA,NA,Y,NA,A,01,0,0,1,0,0,0,0,0,0,-,-,NA,NA,LOS ANGELES,LOS ANGELES,-118.33351968,34.09799
6430292,2014,2014-06-20,1956,2014-03-15,1610,1284,46,6,5,5,1956,0,0,0,NA,0,003,PRUITT DR,ARMOUR LN,27,S,N,A,-,N,NA,NA,NA,NA,NA,NA,NA,NA,NA,N,4,0,1,2,A,-,21,22106,NA,N,G,B,D,A,H,-,A,D,0,Y,NA,NA,NA,Y,NA,A,01,0,0,1,0,1,0,0,0,0,-,-,NA,NA,LOS ANGELES,REDONDO BEACH,-118.36493,33.85900594
6430293,2014,2014-07-02,1942,2014-03-08,0630,40605,0665,6,5,7,1942,0,0,0,F,0,6TL11,SANTA MONICA BL,ORANGE DR,0,NA,Y,A,-,N,NA,NA,NA,NA,NA,NA,NA,NA,NA,Y,4,0,1,2,A,-,12,21453,A,N,A,C,A,A,H,-,A,A,0,NA,NA,NA,NA,Y,NA,A,01,0,0,1,0,0,0,0,0,0,-,-,NA,NA,LOS ANGELES,LOS ANGELES,-118.34162002,34.09072
6430294,2014,2014-07-02,1942,2014-03-02,0700,34436,0737,7,5,7,1942,0,0,0,G,0,34QL6S,WILSHIRE BL,LA BREA AV,0,NA,Y,B,-,N,NA,NA,NA,NA,NA,NA,NA,NA,NA,Y,4,0,2,2,A,-,12,21453,A,N,D,C,A,B,H,-,A,A,0,NA,NA,NA,NA,Y,NA,A,07,0,0,2,0,0,0,0,0,0,-,-,NA,NA,LOS ANGELES,LOS ANGELES,-118.34405001,34.06219008
6430295,2014,2014-06-20,1942,2014-03-03,1500,40058,0668,1,5,7,1942,0,0,0,F,0,6T2,LEXINGTON AV,WILTON PL,200,W,N,A,-,N,NA,NA,NA,NA,NA,NA,NA,NA,NA,N,4,0,1,2,A,-,-,NA,NA,N,H,G,A,A,H,-,A,D,0,NA,Y,NA,NA,Y,NA,L,04,0,0,1,0,0,0,1,0,0,-,-,NA,NA,LOS ANGELES,LOS ANGELES,-118.31422931,34.09277
6430296,2014,2016-02-03,1956,2014-03-20,0146,1290,29,4,5,5,1956,0,0,0,NA,0,002,RT 1,IRENA AV,0,NA,Y,A,-,Y,LA,7,1,-,-,20.461,I,5,S,Y,4,0,2,2,A,-,12,21453,A,N,D,C,A,A,H,-,C,A,0,NA,NA,NA,NA,Y,NA,A,01,0,0,2,0,0,0,0,0,0,-,-,NA,NA,LOS ANGELES,REDONDO BEACH,-118.38951681,33.85225918
6430297,2014,2014-07-02,1942,2014-03-10,1430,37575,0642,1,5,7,1942,0,0,0,F,0,7TL71,FAIRFAX AV,SELMA AV,0,NA,Y,A,-,N,NA,NA,NA,NA,NA,NA,NA,NA,NA,Y,3,0,2,3,A,-,09,21802,A,N,D,C,A,A,H,-,A,A,0,NA,NA,NA,NA,Y,NA,A,01,0,1,1,0,0,0,0,0,0,-,-,NA,NA,LOS ANGELES,LOS ANGELES,-118.36157003,34.09989007
6430298,2014,2014-07-02,1942,2014-03-06,0855,36406,2041,4,5,7,1942,0,0,0,NA,0,7MQ56,OLYMPIC BL,BRONSON AV,0,NA,Y,A,-,N,NA,NA,NA,NA,NA,NA,NA,NA,NA,Y,3,0,1,2,A,-,09,21802,A,N,D,C,A,A,H,-,A,A,0,NA,NA,NA,NA,Y,NA,A,07,0,1,0,0,0,0,0,0,0,-,-,NA,NA,LOS ANGELES,LOS ANGELES,-118.32187002,34.05426005
6430299,2014,2014-06-20,1942,2014-03-09,2125,40102,2011,7,5,7,1942,0,0,0,NA,0,6T7-W3,WILTON PL,BEVERLY BL,12,N,N,A,-,N,NA,NA,NA,NA,NA,NA,NA,NA,NA,Y,4,0,1,2,A,-,01,23152,A,M,C,C,A,A,H,-,C,A,0,NA,NA,NA,NA,Y,Y,A,01,0,0,1,0,0,0,0,0,0,-,-,NA,NA,LOS ANGELES,LOS ANGELES,-118.31352636,34.07628277
6430300,2014,2014-06-20,1956,2014-03-20,1456,1284,42,4,5,5,1956,0,0,0,NA,0,004,ARTESIA BL,RINDGE LN,0,NA,Y,A,-,N,NA,NA,NA,NA,NA,NA,NA,NA,NA,Y,2,0,1,2,A,-,09,21801,A,N,D,C,A,A,H,-,A,A,0,NA,NA,Y,NA,Y,NA,A,01,1,0,0,0,0,0,0,0,1,-,-,NA,NA,LOS ANGELES,REDONDO BEACH,-118.37276002,33.8729
6430301,2014,2014-07-02,1942,2014-03-03,1600,40875,0667,1,5,7,1942,0,0,0,F,0,8TL26,BRONSON AV,VIRGINIA AV,0,NA,Y,A,-,N,NA,NA,NA,NA,NA,NA,NA,NA,NA,N,4,0,2,2,A,-,06,21750,NA,N,H,G,A,A,H,-,A,D,0,NA,Y,NA,NA,Y,NA,A,01,0,0,2,0,0,0,1,0,0,-,-,NA,NA,LOS ANGELES,LOS ANGELES,-118.3179401,34.09178007
6430302,2014,2014-07-02,1942,2014-03-05,2240,24475,ZD27,3,5,7,1942,0,0,0,NA,0,617,5TH ST,VERMONT AV,0,NA,Y,A,-,N,NA,NA,NA,NA,NA,NA,NA,NA,NA,N,4,0,1,2,A,-,09,21804,A,N,D,G,A,A,H,-,C,A,0,NA,Y,NA,NA,Y,NA,A,01,0,0,1,0,0,0,1,0,0,-,-,NA,NA,LOS ANGELES,LOS ANGELES,-118.29166007,34.06541011
6430303,2014,2014-06-20,1942,2014-03-10,1245,37966,2081,1,5,7,1942,0,0,0,NA,0,6TL2,VENICE BL,SAINT ANDREWS PL,4,W,N,A,-,N,NA,NA,NA,NA,NA,NA,NA,NA,NA,N,4,0,3,2,A,-,04,21703,NA,F,C,C,A,A,H,-,A,D,0,NA,NA,NA,NA,Y,NA,-,99,0,0,3,0,0,0,0,0,0,-,-,NA,NA,LOS ANGELES,LOS ANGELES,-118.31161318,34.04356991
6430305,2014,2014-07-02,1942,2014-03-02,1730,37966,0646,7,5,7,1942,0,0,0,F,0,6TL4,SUNSET BL,MORNINGSIDE CT,0,NA,Y,B,-,N,NA,NA,NA,NA,NA,NA,NA,NA,NA,Y,3,0,1,2,A,-,09,21801,A,N,D,C,A,A,H,-,A,D,0,NA,NA,NA,NA,Y,NA,A,07,0,1,0,0,0,0,0,0,0,-,-,NA,NA,LOS ANGELES,LOS ANGELES,-118.32776003,34.0980001
6430306,2014,2014-07-02,1942,2014-03-01,1345,38380,2062,6,5,7,1942,0,0,0,NA,0,8TL28,PICO BL,WILTON PL,150,W,N,B,C,N,NA,NA,NA,NA,NA,NA,NA,NA,NA,N,4,0,1,2,A,-,03,22350,NA,N,B,C,A,B,H,-,A,A,0,NA,NA,NA,NA,Y,NA,A,01,0,0,1,0,0,0,0,0,0,-,-,NA,NA,LOS ANGELES,LOS ANGELES,-118.31498422,34.04718
6430307,2014,2014-06-20,1942,2014-03-09,1355,40058,0857,7,5,7,1942,0,0,0,H,0,6T2,GLENVILLE DR,PICO BL,150,S,N,A,-,N,NA,NA,NA,NA,NA,NA,NA,NA,NA,N,4,0,1,2,A,-,09,21804,A,F,B,C,A,A,H,-,A,D,0,NA,NA,NA,NA,Y,NA,-,99,0,0,1,0,0,0,0,0,0,-,-,NA,NA,LOS ANGELES,LOS ANGELES,-118.39321143,34.05487864
6430309,2014,2014-07-02,1942,2014-03-03,2005,24475,0644,1,5,7,1942,0,0,0,F,0,6T7,SUNSET BL,MARTEL AV,0,NA,Y,A,-,N,NA,NA,NA,NA,NA,NA,NA,NA,NA,Y,4,0,3,4,A,-,03,22350,NA,N,D,C,A,A,H,-,C,D,0,NA,NA,NA,NA,Y,NA,A,07,0,0,3,0,0,0,0,0,0,-,-,NA,NA,LOS ANGELES,LOS ANGELES,-118.35068001,34.09801004
6430310,2014,2014-07-02,1942,2014-03-06,0855,38897,2024,4,5,7,1942,0,0,0,NA,0,20TL55,SERRANO AV,6TH ST,0,NA,Y,A,-,N,NA,NA,NA,NA,NA,NA,NA,NA,NA,N,4,0,2,2,A,-,09,21801,A,N,D,C,A,A,H,-,A,A,0,NA,NA,NA,NA,Y,NA,A,01,0,0,2,0,0,0,0,0,0,-,-,NA,NA,LOS ANGELES,LOS ANGELES,-118.30660001,34.06354008
6430311,2014,2014-06-20,1942,2014-03-05,0135,36110,1446,3,5,7,1942,0,0,0,N,0,14A13,VENICE BL,CENTINELLA AV,0,NA,Y,A,-,N,NA,NA,NA,NA,NA,NA,NA,NA,NA,Y,4,0,2,2,A,-,09,21801,A,F,D,C,A,A,H,-,C,A,0,NA,NA,NA,NA,Y,NA,A,01,0,0,2,0,0,0,0,0,0,-,-,NA,NA,LOS ANGELES,LOS ANGELES,-118.43360013,34.00375003
6430313,2014,2014-07-02,1942,2014-03-02,2035,39049,0679,7,5,7,1942,0,0,0,F,0,6A79,NORMANDIE,SANTA MONICA,0,NA,Y,A,-,N,NA,NA,NA,NA,NA,NA,NA,NA,NA,N,4,0,1,2,A,-,12,21453,A,N,D,C,A,A,H,-,C,A,0,NA,NA,NA,NA,Y,Y,A,01,0,0,1,0,0,0,0,0,0,-,-,NA,NA,LOS ANGELES,LOS ANGELES,-118.30049007,34.09083008
6430314,2014,2014-07-02,1942,2014-03-10,1235,36406,0753,1,5,7,1942,0,0,0,G,0,7MQ56,OLYMPIC BL,FAIRFAX AV,0,NA,Y,A,-,N,NA,NA,NA,NA,NA,NA,NA,NA,NA,Y,4,0,2,2,A,-,12,21453,A,N,D,C,A,A,H,-,A,A,0,NA,NA,NA,NA,Y,NA,A,01,0,0,2,0,0,0,0,0,0,-,-,NA,NA,LOS ANGELES,LOS ANGELES,-118.36386003,34.05819011
6430315,2014,2016-03-18,9530,2014-03-14,1700,20608,NA,5,2,6,1972,0,1,1,NA,2,400,RT 405,CRENSHAW BL,300,S,N,A,-,Y,LA,7,405,-,-,15.39,H,-,N,Y,3,0,2,3,A,-,03,22350,NA,N,C,C,A,A,H,-,A,D,1,NA,NA,NA,NA,Y,NA,A,01,0,1,1,0,0,0,0,0,0,-,-,33.86314,-118.32107,LOS ANGELES,TORRANCE,-118.32525432,33.86433852
6430317,2014,2015-08-14,1942,2014-03-01,2120,41039,0635,6,5,7,1942,0,0,0,F,0,6A31,CAHUENGA BL E,BARHAM BL,800,S,N,B,-,N,NA,NA,NA,NA,NA,NA,NA,NA,NA,Y,3,0,1,1,A,-,03,22350,NA,N,A,J,A,B,B,-,C,D,0,NA,NA,NA,NA,Y,NA,A,08,0,1,0,0,0,0,0,0,0,-,-,NA,NA,LOS ANGELES,LOS ANGELES,-118.3450602,34.12737155
6430318,2014,2014-07-02,1942,2014-03-03,1025,40460,0702,1,5,7,1942,0,0,0,G,0,6TL9,MELROSE AV,VISTA ST,0,NA,Y,A,-,N,NA,NA,NA,NA,NA,NA,NA,NA,NA,Y,3,0,1,2,A,-,09,21804,NA,N,D,C,A,A,H,-,A,D,0,NA,NA,NA,NA,Y,NA,A,08,0,1,0,0,0,0,0,0,0,-,-,NA,NA,LOS ANGELES,LOS ANGELES,-118.35227011,34.08362002
6430362,2014,2016-02-03,1944,2014-03-14,1303,259,SOUTH,5,5,4,1944,0,0,0,NA,0,001,SEPULVEDA BL,MARINE AV,60,N,N,A,-,Y,LA,7,1,-,-,23.43,H,-,S,N,4,0,2,2,A,-,03,22350,NA,N,C,C,A,A,H,-,A,D,0,NA,NA,NA,NA,Y,NA,A,01,0,0,2,0,0,0,0,0,0,-,-,NA,NA,LOS ANGELES,MANHATTAN BEACH,-118.39611031,33.8948029
6430366,2014,2016-05-20,1944,2014-03-10,2232,344,NA,1,5,4,1944,0,0,0,NA,0,002,SEPULVEDA BL,18TH ST,34,N,N,A,-,Y,LA,7,1,-,-,23.2,H,-,S,N,4,0,1,2,A,-,01,23152,A,N,C,C,A,A,H,-,C,A,0,NA,NA,NA,NA,Y,Y,A,07,0,0,1,0,0,0,0,0,0,-,-,33.89157,-118.39607,LOS ANGELES,MANHATTAN BEACH,-118.3961066,33.89164423
6430370,2014,2014-06-23,1944,2014-03-10,1736,302,NA,1,5,4,1944,0,0,0,NA,0,NA,BLANCHE RD,35TH PL,0,NA,Y,A,-,N,NA,NA,NA,NA,NA,NA,NA,NA,NA,Y,2,0,1,1,A,-,01,23152,A,N,E,I,A,A,H,-,A,D,0,NA,NA,NA,NA,Y,Y,A,01,1,0,0,0,0,0,0,0,0,-,-,NA,NA,LOS ANGELES,MANHATTAN BEACH,-118.40971013,33.90045005
6430395,2014,2014-06-21,1956,2014-03-24,1425,1192,56,1,5,5,1956,0,0,0,NA,0,004,GRAHAM AV,PHELAN LN,165,E,N,A,-,N,NA,NA,NA,NA,NA,NA,NA,NA,NA,N,4,0,1,2,A,-,09,21802,A,N,D,G,A,A,H,-,A,A,0,NA,Y,NA,NA,Y,NA,L,04,0,0,1,0,0,0,1,0,0,-,-,NA,NA,LOS ANGELES,REDONDO BEACH,-118.3659074,33.87941
6430564,2014,2015-02-13,1942,2014-03-15,2200,39388,1431,6,5,7,1942,0,0,0,N,0,14A12,MARKET AV,PACIFIC AV,30,W,N,A,-,N,NA,NA,NA,NA,NA,NA,NA,NA,NA,N,4,0,1,2,A,-,11,21954,A,F,G,B,E,A,H,-,C,D,0,Y,NA,NA,NA,Y,NA,N,60,0,0,1,0,1,0,0,0,0,-,-,NA,NA,LOS ANGELES,LOS ANGELES,-118.47282016,33.9882519
6430653,2014,2016-02-22,9575,2014-03-20,2126,19211,NA,4,2,7,1942,0,1,1,NA,2,061,RT 210,SUNLAND BL,1155,E,N,A,-,Y,LA,7,210,-,R,11.35,H,-,E,Y,3,0,1,2,A,-,07,21658,A,N,B,C,A,A,D,-,C,D,1,NA,NA,NA,Y,Y,NA,F,21,0,1,0,0,0,0,0,0,0,-,-,34.25622,-118.32667,LOS ANGELES,LOS ANGELES,-118.3274867,34.25707306
6430663,2014,2014-07-02,1942,2014-03-27,1835,38357,1391,4,5,7,1942,0,0,0,M,0,136TL2,GRAND AV,GAGE AV,17,N,N,A,-,N,NA,NA,NA,NA,NA,NA,NA,NA,NA,N,4,0,1,2,A,-,08,22100,A,N,B,C,A,A,H,-,A,A,0,NA,NA,NA,Y,Y,NA,A,01,0,0,1,0,0,0,0,0,0,-,-,NA,NA,LOS ANGELES,LOS ANGELES,-118.28016889,33.98241661
6430664,2014,2015-03-03,1918,2014-03-10,0955,517,NA,1,5,4,1918,0,0,0,NA,0,2M12,N BRISTOL PKWY,GREEN VALLEY CIR,210,N,N,A,-,N,NA,NA,NA,NA,NA,NA,NA,NA,NA,Y,4,0,1,2,A,-,08,22107,NA,N,B,C,A,A,H,-,A,D,0,NA,NA,NA,Y,Y,NA,F,76,0,0,1,0,0,0,0,0,0,-,-,33.98418,-118.3904,LOS ANGELES,CULVER CITY,-118.39057893,33.9840468
6430701,2014,2016-02-22,9575,2014-03-26,1855,19895,NA,3,2,7,1942,0,1,1,NA,2,061,RT 210,SUNLAND BL,375,E,N,B,-,Y,LA,7,210,-,R,11.88,H,-,E,Y,3,0,2,2,A,-,03,22350,NA,N,C,C,A,A,H,-,A,D,1,NA,NA,NA,Y,Y,NA,A,01,0,2,0,0,0,0,0,0,0,-,-,34.25947,-118.32824,LOS ANGELES,LOS ANGELES,-118.32263355,34.25040231
6430713,2014,2016-03-02,9575,2014-03-25,1303,17416,NA,2,1,7,1942,0,1,1,NA,2,053,RT 5,TUJUNGA WASH CHANNEL,583,N,N,A,-,Y,LA,7,5,-,-,36.5,H,-,S,Y,4,0,2,4,A,-,07,21658,A,N,B,C,A,A,H,-,A,D,1,NA,NA,NA,Y,Y,NA,A,07,0,0,2,0,0,0,0,0,0,-,-,34.23378,-118.41103,LOS ANGELES,LOS ANGELES,-118.41184786,34.23462494
6430718,2014,2014-07-08,1942,2014-03-24,1500,34458,0165,1,5,7,1942,0,0,0,A,0,4TL4,7TH ST,MAPLE AV,8,E,N,A,-,N,NA,NA,NA,NA,NA,NA,NA,NA,NA,N,4,0,1,2,A,-,21,22106,NA,N,G,B,E,A,H,-,A,D,0,Y,NA,NA,NA,Y,NA,-,-,0,0,1,0,1,0,0,0,0,-,-,NA,NA,LOS ANGELES,LOS ANGELES,-118.24925,34.04246571
6430765,2014,2014-07-02,1965,2014-03-25,1740,2965,0B2C,2,5,5,1965,0,0,0,NA,0,A002,23RD ST,HILL ST,100,N,N,B,-,N,NA,NA,NA,NA,NA,NA,NA,NA,NA,N,3,0,1,3,A,-,06,21755,NA,N,C,G,A,A,H,-,A,D,0,NA,Y,NA,NA,Y,NA,L,04,0,1,0,0,0,0,1,0,0,-,-,NA,NA,LOS ANGELES,SANTA MONICA,-118.46078352,34.01392197
6430782,2014,2014-06-28,1924,2014-02-09,0310,112602,NA,7,5,5,1924,0,0,0,NA,0,NA,MARINE AV,PARRON AV,63,E,N,A,-,N,NA,NA,NA,NA,NA,NA,NA,NA,NA,Y,3,0,1,3,A,-,01,23152,A,N,C,E,A,A,H,-,C,D,0,NA,NA,NA,NA,Y,Y,A,01,0,1,0,0,0,0,0,0,0,-,-,NA,NA,LOS ANGELES,GARDENA,-118.3149528,33.89467
6430802,2014,2014-06-28,1942,2014-02-27,1430,38510,0353,4,5,7,1942,0,0,0,C,0,3A19,CHESAPEAKE AV,RODEO RD,15,N,N,A,-,N,NA,NA,NA,NA,NA,NA,NA,NA,NA,N,4,0,1,2,A,-,08,22107,NA,N,B,C,A,A,H,-,A,A,0,NA,NA,NA,NA,Y,NA,H,13,0,0,1,0,0,0,0,0,0,-,-,NA,NA,LOS ANGELES,LOS ANGELES,-118.34522,34.02151114
6430806,2014,2016-02-03,1942,2014-01-23,0540,40553,0513,4,5,7,1942,0,0,0,E,0,5A15,PACIFIC COAST HWY,FIGUEROA PL,0,NA,Y,A,-,Y,LA,7,1,-,-,11.632,I,5,N,Y,4,0,2,2,A,-,12,21453,A,N,D,C,A,A,H,-,C,A,0,NA,NA,NA,NA,Y,NA,-,-,0,0,2,0,0,0,0,0,0,-,-,NA,NA,LOS ANGELES,LOS ANGELES,-118.28252904,33.79069249
6430814,2014,2014-07-02,1942,2014-02-06,1600,39835,0506,4,5,7,1942,0,0,0,E,0,5A1,WESTERN AV,213TH ST,80,N,N,C,-,N,NA,NA,NA,NA,NA,NA,NA,NA,NA,Y,4,0,2,2,A,-,03,22350,NA,N,C,C,A,B,H,-,A,D,0,NA,NA,NA,NA,Y,NA,D,22,0,0,2,0,0,0,0,0,0,-,-,NA,NA,LOS ANGELES,LOS ANGELES,-118.309037,33.83568
6430818,2014,2016-01-07,1942,2014-02-04,1825,36075,0501,2,5,7,1942,0,0,0,E,0,5A56,NORMANDIE AV,186TH ST,100,S,N,A,-,Y,LA,7,405,-,-,13.707,R,4,N,Y,3,0,1,2,A,-,09,21801,A,N,D,C,A,A,H,-,C,A,0,NA,NA,NA,NA,Y,NA,D,22,0,1,0,0,0,0,0,0,0,-,-,NA,NA,LOS ANGELES,LOS ANGELES,-118.29672084,33.85992061
6430822,2014,2014-06-28,1942,2014-02-05,1640,37990,0541,3,5,7,1942,0,0,0,E,0,18A63,CHANNEL ST,PARAISO ST,120,E,N,A,-,N,NA,NA,NA,NA,NA,NA,NA,NA,NA,Y,3,0,2,4,A,-,05,21650,NA,N,B,C,A,A,H,-,A,D,0,NA,NA,NA,NA,Y,NA,A,01,0,1,1,0,0,0,0,0,0,-,-,NA,NA,LOS ANGELES,LOS ANGELES,-118.294106,33.75382259
6430830,2014,2015-09-09,1942,2014-02-28,0710,25904,0519,5,5,7,1942,0,0,0,E,0,5TL21,ALAMEDA AV,PACIFIC COAST HWY,50,S,N,C,-,N,NA,NA,NA,NA,NA,NA,NA,NA,NA,Y,4,0,1,2,A,-,03,22350,NA,N,C,C,A,B,H,-,A,D,0,NA,NA,NA,Y,Y,NA,A,01,0,0,1,0,0,0,0,0,0,-,-,NA,NA,LOS ANGELES,LOS ANGELES,-118.24089478,33.79111073