CASE_ID,ACCIDENT_YEAR,PROC_DATE,JURIS,COLLISION_DATE,COLLISION_TIME,OFFICER_ID,REPORTING_DISTRICT,DAY_OF_WEEK,CHP_SHIFT,POPULATION,CNTY_CITY_LOC,SPECIAL_COND,BEAT_TYPE,CHP_BEAT_TYPE,CITY_DIVISION_LAPD,CHP_BEAT_CLASS,BEAT_NUMBER,PRIMARY_RD,SECONDARY_RD,DISTANCE,DIRECTION,INTERSECTION,WEATHER_1,WEATHER_2,STATE_HWY_IND,CALTRANS_COUNTY,CALTRANS_DISTRICT,STATE_ROUTE,ROUTE_SUFFIX,POSTMILE_PREFIX,POSTMILE,LOCATION_TYPE,RAMP_INTERSECTION,SIDE_OF_HWY,TOW_AWAY,COLLISION_SEVERITY,NUMBER_KILLED,NUMBER_INJURED,PARTY_COUNT,PRIMARY_COLL_FACTOR,PCF_CODE_OF_VIOL,PCF_VIOL_CATEGORY,PCF_VIOLATION,PCF_VIOL_SUBSECTION,HIT_AND_RUN,TYPE_OF_COLLISION,MVIW,PED_ACTION,ROAD_SURFACE,ROAD_COND_1,ROAD_COND_2,LIGHTING,CONTROL_DEVICE,CHP_ROAD_TYPE,PEDESTRIAN_ACCIDENT,BICYCLE_ACCIDENT,MOTORCYCLE_ACCIDENT,TRUCK_ACCIDENT,NOT_PRIVATE_PROPERTY,ALCOHOL_INVOLVED,STWD_VEHTYPE_AT_FAULT,CHP_VEHTYPE_AT_FAULT,COUNT_SEVERE_INJ,COUNT_VISIBLE_INJ,COUNT_COMPLAINT_PAIN,COUNT_PED_KILLED,COUNT_PED_INJURED,COUNT_BICYCLIST_KILLED,COUNT_BICYCLIST_INJURED,COUNT_MC_KILLED,COUNT_MC_INJURED,PRIMARY_RAMP,SECONDARY_RAMP,LATITUDE,LONGITUDE,COUNTY,CITY,POINT_X,POINT_Y
6432993,2014,2014-06-30,1928,2014-03-05,0736,352,529,3,5,5,1928,0,0,0,NA,0,0H2,CRENSHAW BL,EL SEGUNDO BL,150,N,N,A,-,N,NA,NA,NA,NA,NA,NA,NA,NA,NA,N,4,0,1,2,A,-,08,22107,NA,M,B,C,A,A,H,-,A,-,0,NA,NA,NA,NA,Y,NA,A,07,0,0,1,0,0,0,0,0,0,-,-,NA,NA,LOS ANGELES,HAWTHORNE,-118.3266,33.9168514
6432995,2014,2014-07-01,1941,2014-03-29,1941,10050,NA,6,5,7,1941,0,0,0,NA,0,NA,WILLOW,RT 605,2640,W,N,A,-,N,NA,NA,NA,NA,NA,NA,NA,NA,NA,Y,4,0,1,2,A,-,01,23152,NA,N,A,C,A,A,H,-,D,D,0,NA,NA,NA,NA,Y,Y,A,NA,0,0,1,0,0,0,0,0,0,-,-,NA,NA,LOS ANGELES,LONG BEACH,-118.093529,33.804079
6432996,2014,2014-06-30,1942,2014-03-21,0830,35329,0941,5,5,7,1942,0,0,0,I,0,NA,BURBANK BL,VAN NUYS BL,0,NA,Y,B,-,N,NA,NA,NA,NA,NA,NA,NA,NA,NA,Y,4,0,2,3,A,-,12,21453,A,N,B,C,A,A,H,-,A,A,0,NA,NA,NA,NA,Y,NA,A,07,0,0,2,0,0,0,0,0,0,-,-,NA,NA,LOS ANGELES,LOS ANGELES,-118.44874013,34.1721101
6432997,2014,2016-05-10,1928,2014-03-18,1851,384,H510,2,5,5,1928,0,0,0,NA,0,0H4,HINDRY AV,RT 405,0,NA,Y,A,-,Y,LA,7,405,-,-,19.032,R,4,S,N,4,0,1,2,A,-,05,21650,NA,F,D,G,A,A,H,-,A,A,0,NA,Y,NA,NA,Y,NA,L,04,0,0,1,0,0,0,1,0,0,-,SO,NA,NA,LOS ANGELES,HAWTHORNE,-118.37042549,33.89896294
6433000,2014,2014-06-30,1942,2014-03-17,1930,36869,985,1,5,7,1942,0,0,0,NA,0,9A89,VENTURA BL,STANSBURY AV,10,W,N,A,-,N,NA,NA,NA,NA,NA,NA,NA,NA,NA,N,3,0,1,2,A,-,12,21453,A,N,D,G,A,A,H,-,A,D,0,NA,Y,NA,NA,Y,NA,A,01,0,1,0,0,0,0,1,0,0,-,-,NA,NA,LOS ANGELES,LOS ANGELES,-118.44119239,34.14967523
6433001,2014,2014-06-30,1928,2014-03-24,1531,352,515,1,5,5,1928,0,0,0,NA,0,0H3,133RD ST,JEFFERSON AV,0,NA,Y,A,B,N,NA,NA,NA,NA,NA,NA,NA,NA,NA,N,3,0,1,2,A,-,09,21802,A,N,D,G,A,A,H,-,A,A,0,NA,Y,NA,NA,Y,NA,A,01,0,1,0,0,0,0,1,0,0,-,-,NA,NA,LOS ANGELES,HAWTHORNE,-118.34672006,33.91195008
6433004,2014,2014-06-30,1942,2014-03-17,0835,40065,0966,1,5,7,1942,0,0,0,I,0,21T61,CHANDLER BL,FULTON AV,0,NA,Y,A,-,N,NA,NA,NA,NA,NA,NA,NA,NA,NA,Y,4,0,1,2,A,-,09,21801,A,N,D,C,A,-,H,-,A,A,0,NA,NA,NA,NA,Y,NA,A,07,0,0,1,0,0,0,0,0,0,-,-,NA,NA,LOS ANGELES,LOS ANGELES,-118.42249005,34.16856002
6433005,2014,2014-06-30,1928,2014-03-24,2030,271,520,1,5,5,1928,0,0,0,NA,0,503,ROSECRANS AV,LEMOLI AV,0,NA,Y,A,-,N,NA,NA,NA,NA,NA,NA,NA,NA,NA,Y,4,0,1,2,A,-,12,21453,A,M,D,C,A,A,H,-,C,A,0,NA,NA,NA,NA,Y,NA,A,01,0,0,1,0,0,0,0,0,0,-,-,NA,NA,LOS ANGELES,HAWTHORNE,-118.33087001,33.90193001
6433008,2014,2014-06-30,1942,2014-03-15,1520,34482,0909,6,5,7,1942,0,0,0,I,0,35M75,WOODMAN AV,SHERMAN WY,300,N,N,A,-,N,NA,NA,NA,NA,NA,NA,NA,NA,NA,N,4,0,2,2,A,-,07,21658,A,N,D,C,A,A,H,-,A,A,0,NA,NA,NA,NA,Y,NA,A,01,0,0,2,0,0,0,0,0,0,-,-,NA,NA,LOS ANGELES,LOS ANGELES,-118.43125175,34.20201279
6433012,2014,2014-06-30,1942,2014-03-20,0845,40065,1523,4,5,7,1942,0,0,0,O,0,21TL61,WHITSETT AV,HAMLIN ST,0,S,N,A,-,N,NA,NA,NA,NA,NA,NA,NA,NA,NA,N,3,0,1,2,A,-,07,21658,A,F,B,C,A,A,G,-,A,D,0,NA,NA,Y,NA,Y,NA,-,99,0,1,0,0,0,0,0,0,1,-,-,NA,NA,LOS ANGELES,LOS ANGELES,-118.40526004,34.18853002
6433016,2014,2014-06-30,1942,2014-03-20,2340,38183,1591,4,5,7,1942,0,0,0,O,0,16T25,COLDWATER CANYON AV,POTOSI AV,2,E,N,A,-,N,NA,NA,NA,NA,NA,NA,NA,NA,NA,N,4,0,1,2,A,-,05,21460,A,F,B,C,A,A,H,-,C,A,0,NA,NA,NA,NA,Y,NA,-,99,0,0,1,0,0,0,0,0,0,-,-,NA,NA,LOS ANGELES,LOS ANGELES,-118.4136757,34.13503416
6433020,2014,2014-06-30,1942,2014-03-18,1525,40398,1503,2,5,7,1942,0,0,0,O,0,15TL42,LAUREL CANYON BL,RUNNYMEDE ST,90,N,N,A,-,N,NA,NA,NA,NA,NA,NA,NA,NA,NA,N,4,0,1,2,A,-,03,22350,NA,F,D,C,A,A,H,-,A,D,0,NA,NA,Y,NA,Y,NA,C,02,0,0,1,0,0,0,0,0,0,-,-,NA,NA,LOS ANGELES,LOS ANGELES,-118.39653,34.20599685
6433024,2014,2014-06-30,1942,2014-03-15,0025,38354,1039,6,5,7,1942,0,0,0,J,0,19TL22,VANOWEN ST,WOODLEY AV,153,W,N,A,-,N,NA,NA,NA,NA,NA,NA,NA,NA,NA,Y,4,0,1,4,A,-,04,21703,NA,N,C,C,A,A,H,-,A,A,0,NA,NA,NA,NA,Y,NA,A,08,0,0,1,0,0,0,0,0,0,-,-,NA,NA,LOS ANGELES,LOS ANGELES,-118.48416506,34.19391
6433027,2014,2014-07-01,1942,2014-03-22,1455,35481,1015,6,5,7,1942,0,0,0,J,0,21TL62,SATICOY ST,ETIWANDA AV,110,W,N,A,-,N,NA,NA,NA,NA,NA,NA,NA,NA,NA,N,4,0,1,2,A,-,21,22106,NA,F,C,C,A,A,H,-,A,D,0,NA,NA,NA,NA,Y,NA,-,99,0,0,1,0,0,0,0,0,0,-,-,NA,NA,LOS ANGELES,LOS ANGELES,-118.53208319,34.2084
6433028,2014,2014-06-30,1942,2014-03-24,1800,40639,1663,1,5,7,1942,0,0,0,P,0,21T65,LANARK ST,DE GARMO AV,190,E,N,A,-,N,NA,NA,NA,NA,NA,NA,NA,NA,NA,N,3,0,1,2,A,-,09,21804,A,F,D,G,A,A,H,-,A,D,0,NA,Y,NA,NA,Y,NA,L,04,0,1,0,0,0,0,1,0,0,-,-,NA,NA,LOS ANGELES,LOS ANGELES,-118.35557443,34.21774849
6433038,2014,2014-06-30,1941,2014-03-27,1500,5572,NA,4,5,7,1941,0,0,0,NA,0,NA,LAKEWOOD BL,CENTRALIA ST,0,NA,Y,A,-,N,NA,NA,NA,NA,NA,NA,NA,NA,NA,N,3,0,1,2,A,-,05,21651,A,F,C,G,A,A,H,-,A,D,0,NA,Y,NA,NA,Y,NA,L,NA,0,1,0,0,0,0,1,0,0,-,-,NA,NA,LOS ANGELES,LONG BEACH,-118.1427301,33.83990008
6433109,2014,2015-01-28,1920,2014-02-21,1336,10140,NA,5,5,6,1920,0,0,0,NA,0,003,TECUM RD,FLORENCE AV,100,N,N,A,-,N,NA,NA,NA,NA,NA,NA,NA,NA,NA,Y,4,0,1,2,A,-,09,21804,A,N,D,C,A,A,H,-,A,D,0,NA,NA,NA,NA,Y,NA,A,01,0,0,1,0,0,0,0,0,0,-,-,NA,NA,LOS ANGELES,DOWNEY,-118.14034354,33.95907655
6433132,2014,2015-01-28,1942,2014-02-16,2115,40700,1241,7,5,7,1942,0,0,0,L,0,18T23,63RD ST,10TH AV,200,W,N,A,-,N,NA,NA,NA,NA,NA,NA,NA,NA,NA,N,4,0,1,2,A,-,11,21956,A,N,G,B,E,A,H,-,C,D,0,Y,NA,NA,NA,Y,NA,A,01,0,0,1,0,1,0,0,0,0,-,-,NA,NA,LOS ANGELES,LOS ANGELES,-118.32858844,33.98292546
6433201,2014,2014-06-30,1942,2014-02-23,1200,40065,1513,7,5,7,1942,0,0,0,O,0,21TL61,WHITSETT AV,SHERMAN WY,0,NA,Y,A,-,N,NA,NA,NA,NA,NA,NA,NA,NA,NA,Y,3,0,2,2,A,-,03,22350,NA,N,D,C,A,A,H,-,A,D,0,NA,NA,NA,NA,Y,NA,A,01,0,2,0,0,0,0,0,0,0,-,-,NA,NA,LOS ANGELES,LOS ANGELES,-118.40519012,34.20121001
6433202,2014,2016-01-08,9575,2014-02-20,1720,19754,NA,4,2,5,1902,0,1,1,NA,2,065,RT 210,BALDWIN AV,740,W,N,B,-,Y,LA,7,210,-,R,30.68,H,-,W,Y,3,0,1,1,C,-,18,NA,NA,N,E,I,A,A,H,-,A,D,1,NA,NA,NA,NA,Y,NA,-,-,0,1,0,0,0,0,0,0,0,-,-,34.14936,-118.0527,LOS ANGELES,ARCADIA,-118.05278955,34.1489788
6433204,2014,2014-06-28,1942,2014-03-01,1610,40820,0941,6,5,7,1942,0,0,0,I,0,21T62,SEPULVEDA BL,HATTERAS ST,30,S,N,B,C,N,NA,NA,NA,NA,NA,NA,NA,NA,NA,N,4,0,1,2,A,-,11,21954,A,F,G,B,D,B,H,-,A,A,0,Y,NA,NA,NA,Y,NA,N,60,0,0,1,0,1,0,0,0,0,-,-,NA,NA,LOS ANGELES,LOS ANGELES,-118.46616,34.17564771
6433205,2014,2014-06-23,1942,2014-02-27,0925,30596,1622,4,5,7,1942,0,0,0,P,0,17TL17,SAN FERNANDO RD,DEL SUR AV,0,NA,Y,A,-,N,NA,NA,NA,NA,NA,NA,NA,NA,NA,Y,3,0,3,3,A,-,09,21801,A,N,A,C,A,A,H,-,A,A,0,NA,NA,NA,NA,Y,NA,A,01,0,1,2,0,0,0,0,0,0,-,-,NA,NA,LOS ANGELES,LOS ANGELES,-118.43342008,34.27678002
6433206,2014,2016-02-20,9575,2014-02-20,1950,20172,NA,4,2,6,1925,0,1,3,NA,2,042,RT 134,CENTRAL AV,75,E,N,A,-,Y,LA,7,134,-,R,6.97,H,-,E,Y,3,0,2,1,A,-,-,NA,NA,N,E,I,A,A,H,-,C,D,1,NA,NA,NA,NA,Y,NA,A,07,0,2,0,0,0,0,0,0,0,-,-,34.15632,-118.25736,LOS ANGELES,GLENDALE,-118.25768589,34.15627169
6433207,2014,2016-02-22,9575,2014-03-04,0750,20030,NA,2,1,6,1925,0,1,1,NA,2,062,RT 210,PENNSYLVANIA AV,500,E,N,A,-,Y,LA,7,210,-,R,17.003,R,4,E,N,4,0,1,2,A,-,03,22350,NA,N,C,C,A,A,H,-,A,A,1,NA,NA,NA,NA,Y,NA,A,01,0,0,1,0,0,0,0,0,0,FR,-,34.22171,-118.24693,LOS ANGELES,GLENDALE,-118.24563608,34.22135912
6433208,2014,2014-06-28,1965,2014-03-02,2100,3812,0816,7,5,5,1965,0,0,0,NA,0,001,OCEAN AV,COLORADO AV,0,NA,Y,A,-,N,NA,NA,NA,NA,NA,NA,NA,NA,NA,N,3,0,1,2,A,-,11,21954,A,N,G,B,E,A,H,-,C,A,0,Y,NA,NA,NA,Y,NA,N,60,0,1,0,0,1,0,0,0,0,-,-,NA,NA,LOS ANGELES,SANTA MONICA,-118.49491009,34.01140002
6433209,2014,2014-06-23,1942,2014-02-26,0712,38181,1794,3,5,7,1942,0,0,0,Q,0,10TL35,PARTHENIA ST,LINDLEY AV,0,NA,Y,B,-,N,NA,NA,NA,NA,NA,NA,NA,NA,NA,Y,4,0,2,2,A,-,09,21801,A,N,D,C,A,B,H,-,A,A,0,NA,NA,NA,NA,Y,NA,A,01,0,0,2,0,0,0,0,0,0,-,-,NA,NA,LOS ANGELES,LOS ANGELES,-118.52735007,34.22867008
6433212,2014,2014-07-01,1965,2014-03-01,1020,3296,B4E,6,5,5,1965,0,0,0,NA,0,A004,CALIFORNIA AV,19TH ST,0,NA,Y,B,-,N,NA,NA,NA,NA,NA,NA,NA,NA,NA,N,3,0,1,2,A,-,12,22450,A,N,D,G,A,A,H,-,A,A,0,NA,Y,NA,NA,Y,NA,-,-,0,1,0,0,0,0,1,0,0,-,-,NA,NA,LOS ANGELES,SANTA MONICA,-118.48577011,34.03199002
6433213,2014,2014-06-23,1942,2014-02-27,1440,38356,1981,4,5,7,1942,0,0,0,NA,0,16TL28,ROSCOE BL,SEPULVEDA PL,0,NA,Y,B,-,N,NA,NA,NA,NA,NA,NA,NA,NA,NA,Y,4,0,1,2,A,-,09,21801,A,N,D,C,A,A,H,-,A,A,0,NA,NA,NA,NA,Y,NA,A,01,0,0,1,0,0,0,0,0,0,-,-,NA,NA,LOS ANGELES,LOS ANGELES,-118.46622002,34.22143008
6433217,2014,2016-02-03,9575,2014-02-16,1430,19853,NA,7,2,7,1942,0,1,1,NA,2,052,RT 5,SHELDON ST,500,S,N,A,-,Y,LA,7,5,-,-,35.91,H,-,N,Y,4,0,3,2,A,-,03,22350,NA,N,C,C,A,A,H,-,A,D,1,NA,NA,NA,NA,Y,NA,A,01,0,0,3,0,0,0,0,0,0,-,-,34.15007,-118.27917,LOS ANGELES,LOS ANGELES,-118.40275792,34.23148943
6433221,2014,2016-02-20,9575,2014-02-24,1135,19976,NA,1,1,7,1942,0,1,3,NA,2,044,RT 134,LANKERSHIM BL,1000,E,N,A,-,Y,LA,7,134,-,-,0.73,H,-,W,Y,4,0,1,2,A,-,03,22350,NA,N,C,C,A,A,H,-,A,D,1,NA,NA,NA,NA,Y,NA,A,01,0,0,1,0,0,0,0,0,0,-,-,34.15289,-118.55343,LOS ANGELES,LOS ANGELES,-118.36425785,34.15337251
6433225,2014,2016-02-20,9575,2014-02-26,0845,15935,NA,3,1,6,1925,0,1,3,NA,2,042,RT 134,LOUISE ST,50,E,N,A,-,Y,LA,7,134,-,R,7.36,H,-,W,Y,3,0,1,2,A,-,04,21703,NA,N,C,C,A,A,H,-,A,D,1,NA,NA,NA,NA,Y,NA,A,01,0,1,0,0,0,0,0,0,0,-,-,34.15629,-118.25256,LOS ANGELES,GLENDALE,-118.25086378,34.15645748
6433228,2014,2015-11-13,9530,2014-03-02,0215,020523,NA,7,3,7,1941,0,1,1,NA,2,071,RT 710,DEL AMO BL,153,N,N,C,-,Y,LA,7,710,-,-,10.92,R,2,S,Y,3,0,3,1,A,-,01,23152,A,N,E,I,A,B,H,-,C,D,1,NA,NA,NA,NA,Y,Y,A,07,0,3,0,0,0,0,0,0,0,FR,-,33.8473,-118.2065,LOS ANGELES,LONG BEACH,-118.20551628,33.8480998
6433229,2014,2016-02-20,9575,2014-02-18,1750,20393,NA,2,2,6,1925,0,1,3,NA,2,042,RT 134,CENTRAL AV,420,W,N,A,-,Y,LA,7,134,-,R,6.88,H,-,E,Y,3,0,1,2,A,-,03,22350,NA,N,C,C,A,A,H,-,B,D,1,NA,NA,Y,NA,Y,NA,C,02,0,1,0,0,0,0,0,0,1,-,-,34.15625,-118.26106,LOS ANGELES,GLENDALE,-118.25923822,34.15627299
6433233,2014,2016-01-08,9575,2014-02-15,1619,19538,NA,6,2,5,1902,0,1,1,NA,2,065,RT 210,SANTA ANITA AV,2000,W,N,A,-,Y,LA,7,210,-,R,31.5,H,-,W,Y,4,0,1,2,A,-,08,22107,NA,N,E,I,A,A,H,-,A,D,1,NA,NA,NA,NA,Y,NA,A,01,0,0,1,0,0,0,0,0,0,-,-,34.14914,-118.04291,LOS ANGELES,ARCADIA,-118.03842119,34.14878616
6433234,2014,2014-06-27,1965,2014-03-03,1835,3017,0B3A,1,5,5,1965,0,0,0,NA,0,B003,ARIZONA AV,EUCLID CT,0,NA,Y,A,-,N,NA,NA,NA,NA,NA,NA,NA,NA,NA,Y,2,0,1,2,A,-,11,21954,A,N,G,B,E,A,H,-,C,D,0,Y,NA,NA,NA,Y,NA,N,60,1,0,0,0,1,0,0,0,0,-,-,NA,NA,LOS ANGELES,SANTA MONICA,-118.48823012,34.02468003
6433237,2014,2014-06-23,1942,2014-02-27,1805,33779,0941,4,5,7,1942,0,0,0,I,0,15TL44,SEPULVEDA BL,HATTERAS ST,0,NA,Y,A,-,N,NA,NA,NA,NA,NA,NA,NA,NA,NA,Y,2,0,3,2,A,-,01,23152,A,N,D,C,A,A,H,-,B,A,0,NA,NA,NA,NA,Y,Y,A,01,1,2,0,0,0,0,0,0,0,-,-,NA,NA,LOS ANGELES,LOS ANGELES,-118.46616014,34.17573004
6433238,2014,2014-07-01,1965,2014-03-03,1345,3158,0B2C,1,5,5,1965,0,0,0,NA,0,B002,PICO BL,17TH ST,0,NA,Y,A,-,N,NA,NA,NA,NA,NA,NA,NA,NA,NA,Y,3,0,1,2,A,-,09,21801,A,N,A,C,A,A,H,-,A,A,0,NA,NA,NA,NA,Y,NA,A,01,0,1,0,0,0,0,0,0,0,-,-,NA,NA,LOS ANGELES,SANTA MONICA,-118.47277004,34.01772003
6433241,2014,2014-06-23,1942,2014-02-26,1025,38181,1099,3,5,7,1942,0,0,0,J,0,10TL37,SEPULVEDA BL,ROYAL HILLS DR,80,N,N,B,-,N,NA,NA,NA,NA,NA,NA,NA,NA,NA,Y,4,0,1,1,A,-,03,22350,NA,N,E,I,A,A,H,-,A,D,0,NA,NA,NA,NA,Y,NA,A,01,0,0,1,0,0,0,0,0,0,-,-,NA,NA,LOS ANGELES,LOS ANGELES,-118.48722477,34.13557275
6433245,2014,2016-02-20,9575,2014-02-16,1035,17852,NA,7,1,6,1925,0,1,3,NA,2,042,RT 134,LA RIVER,250,E,N,A,-,Y,LA,7,134,-,R,6.13,H,-,W,Y,4,0,2,2,D,-,00,NA,NA,N,C,C,A,A,H,-,A,D,1,NA,NA,NA,NA,Y,NA,-,-,0,0,2,0,0,0,0,0,0,-,-,34.15444,-118.27286,LOS ANGELES,GLENDALE,-118.27200283,34.15471439
6433249,2014,2016-02-03,9575,2014-02-10,1450,20385,NA,1,2,6,1912,0,1,1,NA,2,051,RT 5,HOLLYWOOD WY,1100,N,N,A,-,Y,LA,7,5,-,-,32.6,H,-,S,Y,4,0,1,2,A,-,03,22350,NA,N,C,C,A,A,H,-,A,D,1,NA,NA,NA,NA,Y,NA,A,01,0,0,1,0,0,0,0,0,0,-,-,34.21358,-118.35033,LOS ANGELES,BURBANK,-118.3514644,34.2145182
6433251,2014,2014-06-28,1942,2014-03-01,1645,35481,1045,6,5,7,1942,0,0,0,J,0,21TL62,WHITE OAK AV,BURBANK BL,150,S,N,B,-,N,NA,NA,NA,NA,NA,NA,NA,NA,NA,N,4,0,1,2,A,-,03,22350,NA,F,C,C,A,A,H,-,A,D,0,NA,NA,NA,NA,Y,NA,-,99,0,0,1,0,0,0,0,0,0,-,-,NA,NA,LOS ANGELES,LOS ANGELES,-118.51855,34.17182862
6433253,2014,2016-02-22,9575,2014-02-17,0100,20681,NA,1,3,6,1953,0,1,1,NA,2,063,RT 210,MOUNTAIN ST,400,E,N,A,-,Y,LA,7,210,-,R,24.17,H,-,E,Y,2,0,1,2,A,-,01,23152,NA,M,C,C,A,A,H,-,C,D,1,NA,NA,Y,NA,Y,Y,C,02,1,0,0,0,0,0,0,0,1,-,-,34.15912,-118.15877,LOS ANGELES,PASADENA,-118.15867818,34.16089187
6433265,2014,2016-02-03,9575,2014-02-20,2220,19756,NA,4,3,6,1912,0,1,1,NA,2,051,RT 5,BURBANK BL,750,N,N,A,-,Y,LA,7,5,-,-,29.92,H,-,N,Y,4,0,6,3,A,-,03,22350,NA,N,C,C,A,A,H,-,D,D,1,NA,NA,NA,NA,Y,NA,A,01,0,0,6,0,0,0,0,0,0,-,-,34.18758,-118.32162,LOS ANGELES,BURBANK,-118.31978593,34.18660989
6433269,2014,2014-06-23,9575,2014-02-09,0031,20681,NA,7,3,9,1900,0,3,5,NA,2,002,WINDSOR AV,ARWIN ST,0,NA,Y,A,-,N,NA,NA,NA,NA,NA,NA,NA,NA,NA,Y,3,0,1,1,A,-,01,23152,A,N,E,I,A,A,H,-,D,D,0,NA,NA,NA,NA,Y,Y,A,07,0,1,0,0,0,0,0,0,0,-,-,34.18623,-118.16855,LOS ANGELES,UNINCORPORATED,-118.16862005,34.18625007
6433273,2014,2016-02-20,9575,2014-02-26,1919,17414,NA,3,2,6,1912,0,1,3,NA,2,044,RT 134,RIVERSIDE DR,100,E,N,B,-,Y,LA,7,134,-,-,2.96,H,-,E,N,4,0,2,2,A,-,03,22350,NA,N,C,C,A,A,H,-,C,D,1,NA,NA,NA,NA,Y,NA,A,01,0,0,2,0,0,0,0,0,0,-,-,34.15412,-118.32285,LOS ANGELES,BURBANK,-118.3253904,34.1537364
6433275,2014,2016-01-08,9575,2014-03-02,1548,018537,NA,7,2,6,1953,0,1,1,NA,2,064,RT 210,WILSON AV,10,E,N,B,-,Y,LA,7,210,-,R,26.57,H,-,W,Y,3,0,3,3,A,-,07,21658,A,N,B,C,A,A,H,-,A,D,1,NA,NA,NA,NA,Y,NA,A,07,0,2,1,0,0,0,0,0,0,-,-,34.15197,-118.1324,LOS ANGELES,PASADENA,-118.12816163,34.15200725
6433277,2014,2014-06-23,9525,2014-02-13,1600,16815,NA,4,2,9,1900,0,1,3,NA,1,024,WOODBURY RD,LOS ROBLES AV,0,NA,Y,A,-,N,NA,NA,NA,NA,NA,NA,NA,NA,NA,N,3,0,1,2,A,-,10,21950,A,N,G,B,B,A,H,-,A,A,0,Y,NA,NA,NA,Y,NA,A,01,0,1,0,0,1,0,0,0,0,-,-,34.18118,-118.14165,LOS ANGELES,UNINCORPORATED,-118.14170005,34.18127002
6433279,2014,2014-07-15,9575,2014-03-05,0810,16543,NA,3,1,9,1900,0,2,4,NA,2,082,EL CAMPO DR,HUNTINGTON DR,0,NA,Y,A,-,N,NA,NA,NA,NA,NA,NA,NA,NA,NA,N,3,0,1,2,A,-,10,21950,A,N,G,B,B,A,H,-,A,A,0,Y,NA,NA,NA,Y,NA,A,07,0,1,0,0,1,0,0,0,0,-,-,34.12792,-118.08855,LOS ANGELES,UNINCORPORATED,-118.08828007,34.12789008
6433295,2014,2014-07-10,1922,2014-03-01,1700,620,NA,6,5,6,1922,0,0,0,NA,0,NA,VALLEY BL,DURFEE AV,150,W,N,B,C,N,NA,NA,NA,NA,NA,NA,NA,NA,NA,N,4,0,1,2,A,-,03,22350,NA,F,C,C,A,B,H,-,A,A,0,NA,NA,NA,NA,Y,NA,A,01,0,0,1,0,0,0,0,0,0,-,-,NA,NA,LOS ANGELES,EL MONTE,-118.01366868,34.05994844
6433303,2014,2014-07-10,1922,2014-03-03,1650,576,NA,1,5,6,1922,0,0,0,NA,0,NA,DURFEE AV,STODDARD WY,150,S,N,A,-,N,NA,NA,NA,NA,NA,NA,NA,NA,NA,Y,3,0,2,2,A,-,03,22350,NA,N,C,C,A,A,H,-,A,A,0,NA,NA,NA,NA,Y,NA,A,01,0,1,1,0,0,0,0,0,0,-,-,NA,NA,LOS ANGELES,EL MONTE,-118.012152,34.0621287
6433311,2014,2014-07-10,1922,2014-03-05,1623,505,NA,3,5,6,1922,0,0,0,NA,0,NA,PECK RD,SITKA ST,60,S,N,A,-,N,NA,NA,NA,NA,NA,NA,NA,NA,NA,Y,4,0,1,2,A,-,04,21703,NA,N,C,C,A,A,H,-,A,A,0,NA,NA,NA,NA,Y,NA,A,01,0,0,1,0,0,0,0,0,0,-,-,NA,NA,LOS ANGELES,EL MONTE,-118.02360913,34.07318313
6433325,2014,2014-06-28,1912,2014-03-04,0759,12104,NA,2,5,6,1912,0,0,0,NA,0,NA,MAGNOLIA BL,GLENWOOD PL,0,NA,Y,B,-,N,NA,NA,NA,NA,NA,NA,NA,NA,NA,Y,4,0,1,2,A,-,09,21804,A,N,D,C,A,A,H,-,A,D,0,NA,NA,NA,NA,Y,NA,A,01,0,0,1,0,0,0,0,0,0,-,-,NA,NA,LOS ANGELES,BURBANK,-118.31952004,34.17709011
6433348,2014,2014-06-23,1922,2014-02-27,2310,505,3,4,5,6,1922,0,0,0,NA,0,NA,LOWER AZUSA RD,EL MONTE AV,0,NA,Y,B,C,N,NA,NA,NA,NA,NA,NA,NA,NA,NA,Y,4,0,2,2,A,-,09,21801,A,N,A,C,A,B,H,-,C,A,0,NA,NA,NA,NA,Y,NA,A,01,0,0,2,0,0,0,0,0,0,-,-,NA,NA,LOS ANGELES,EL MONTE,-118.03538001,34.09267002
6433352,2014,2015-08-14,1922,2014-02-18,1535,505,NA,2,5,6,1922,0,0,0,NA,0,NA,SANTA ANA AV,LAMBERT RD,0,NA,Y,B,C,N,NA,NA,NA,NA,NA,NA,NA,NA,NA,Y,4,0,1,1,A,-,03,22350,NA,N,E,I,A,B,H,-,A,D,0,NA,NA,NA,NA,Y,NA,A,01,0,0,1,0,0,0,0,0,0,-,-,NA,NA,LOS ANGELES,EL MONTE,-118.03231008,34.08438007
6433360,2014,2014-06-23,1922,2014-02-14,1443,640,NA,5,5,6,1922,0,0,0,NA,0,NA,PECK RD,VALLEY BL,150,S,N,A,-,N,NA,NA,NA,NA,NA,NA,NA,NA,NA,N,4,0,2,2,A,-,03,22350,NA,N,C,C,A,A,H,-,A,D,0,NA,NA,NA,NA,Y,NA,-,NA,0,0,2,0,0,0,0,0,0,-,-,NA,NA,LOS ANGELES,EL MONTE,-118.02843812,34.06861544
6433363,2014,2014-06-23,1922,2014-02-24,1140,594,NA,1,5,6,1922,0,0,0,NA,0,NA,VALLEY BL,ESTO AV,0,NA,Y,A,-,N,NA,NA,NA,NA,NA,NA,NA,NA,NA,N,3,0,1,2,A,-,05,21650,1,N,H,G,A,A,H,-,A,D,0,NA,Y,NA,NA,Y,NA,L,04,0,1,0,0,0,0,1,0,0,-,-,NA,NA,LOS ANGELES,EL MONTE,-118.04523,34.07644001