CASE_ID,ACCIDENT_YEAR,PROC_DATE,JURIS,COLLISION_DATE,COLLISION_TIME,OFFICER_ID,REPORTING_DISTRICT,DAY_OF_WEEK,CHP_SHIFT,POPULATION,CNTY_CITY_LOC,SPECIAL_COND,BEAT_TYPE,CHP_BEAT_TYPE,CITY_DIVISION_LAPD,CHP_BEAT_CLASS,BEAT_NUMBER,PRIMARY_RD,SECONDARY_RD,DISTANCE,DIRECTION,INTERSECTION,WEATHER_1,WEATHER_2,STATE_HWY_IND,CALTRANS_COUNTY,CALTRANS_DISTRICT,STATE_ROUTE,ROUTE_SUFFIX,POSTMILE_PREFIX,POSTMILE,LOCATION_TYPE,RAMP_INTERSECTION,SIDE_OF_HWY,TOW_AWAY,COLLISION_SEVERITY,NUMBER_KILLED,NUMBER_INJURED,PARTY_COUNT,PRIMARY_COLL_FACTOR,PCF_CODE_OF_VIOL,PCF_VIOL_CATEGORY,PCF_VIOLATION,PCF_VIOL_SUBSECTION,HIT_AND_RUN,TYPE_OF_COLLISION,MVIW,PED_ACTION,ROAD_SURFACE,ROAD_COND_1,ROAD_COND_2,LIGHTING,CONTROL_DEVICE,CHP_ROAD_TYPE,PEDESTRIAN_ACCIDENT,BICYCLE_ACCIDENT,MOTORCYCLE_ACCIDENT,TRUCK_ACCIDENT,NOT_PRIVATE_PROPERTY,ALCOHOL_INVOLVED,STWD_VEHTYPE_AT_FAULT,CHP_VEHTYPE_AT_FAULT,COUNT_SEVERE_INJ,COUNT_VISIBLE_INJ,COUNT_COMPLAINT_PAIN,COUNT_PED_KILLED,COUNT_PED_INJURED,COUNT_BICYCLIST_KILLED,COUNT_BICYCLIST_INJURED,COUNT_MC_KILLED,COUNT_MC_INJURED,PRIMARY_RAMP,SECONDARY_RAMP,LATITUDE,LONGITUDE,COUNTY,CITY,POINT_X,POINT_Y
6433824,2014,2014-07-21,1920,2014-04-15,0417,10149,NA,2,5,6,1920,0,0,0,NA,0,003,FLORENCE AV,RIVES AV,80,W,N,A,-,N,NA,NA,NA,NA,NA,NA,NA,NA,NA,Y,3,0,2,2,A,-,05,21650,NA,N,A,C,A,A,H,-,C,A,0,NA,NA,NA,NA,Y,NA,A,NA,0,1,1,0,0,0,0,0,0,-,-,NA,NA,LOS ANGELES,DOWNEY,-118.13446288,33.95577675
6433833,2014,2014-07-10,1900,2014-03-26,1730,525141,2314,3,5,5,1919,0,0,0,NA,0,2307,BLOOMFIELD AV,195TH ST,0,NA,Y,A,-,N,NA,NA,NA,NA,NA,NA,NA,NA,NA,Y,4,0,3,2,A,-,09,21801,A,N,A,C,A,A,H,-,A,A,0,NA,NA,NA,NA,Y,NA,A,01,0,0,3,0,0,0,0,0,0,-,-,NA,NA,LOS ANGELES,CERRITOS,-118.06359002,33.85343012
6433837,2014,2014-07-10,1900,2014-03-26,1242,287385,2318,3,5,5,1919,0,0,0,NA,0,234,BLOOMFIELD AV,ARTESIA BL,450,N,N,A,-,N,NA,NA,NA,NA,NA,NA,NA,NA,NA,Y,3,0,1,3,A,-,03,22350,NA,N,C,C,A,A,H,-,A,A,0,NA,NA,NA,NA,Y,NA,A,08,0,1,0,0,0,0,0,0,0,-,-,NA,NA,LOS ANGELES,CERRITOS,-118.06394,33.87445323
6433841,2014,2014-07-15,1900,2014-04-03,2339,522452,2811,4,5,5,1915,0,0,0,NA,0,281T1,ROSECRANS AV,PARMELEE AV,249,W,N,A,-,N,NA,NA,NA,NA,NA,NA,NA,NA,NA,Y,4,0,2,2,A,-,08,22107,NA,N,D,C,A,A,H,-,C,D,0,NA,NA,NA,NA,Y,NA,A,07,0,0,2,0,0,0,0,0,0,-,-,NA,NA,LOS ANGELES,COMPTON,-118.25195765,33.90293166
6433845,2014,2014-07-15,1900,2014-04-01,1445,520085,2843,2,5,5,1915,0,0,0,NA,0,283T3,SANTA FE AV,LAUREL ST,0,NA,Y,A,-,N,NA,NA,NA,NA,NA,NA,NA,NA,NA,N,4,0,1,2,A,-,03,22350,NA,N,C,C,A,A,H,-,A,D,0,NA,NA,NA,NA,Y,NA,A,07,0,0,1,0,0,0,0,0,0,-,-,NA,NA,LOS ANGELES,COMPTON,-118.21574013,33.89414002
6433861,2014,2014-07-15,1920,2014-04-04,2111,11992,NA,5,5,6,1920,0,0,0,NA,0,006,DOWNEY AV,DONOVAN ST,90,S,N,A,-,N,NA,NA,NA,NA,NA,NA,NA,NA,NA,Y,3,0,1,3,A,-,01,23152,A,N,C,C,A,A,H,-,C,D,0,NA,NA,NA,NA,Y,Y,A,NA,0,1,0,0,0,0,0,0,0,-,-,NA,NA,LOS ANGELES,DOWNEY,-118.14402891,33.92505731
6433865,2014,2014-07-17,1920,2014-04-09,0713,10705,NA,3,5,6,1920,0,0,0,NA,0,004,FIRESTONE BL,LAKEWOOD BL,124,E,N,A,-,N,NA,NA,NA,NA,NA,NA,NA,NA,NA,N,3,0,1,2,A,-,06,21754,NA,N,D,G,A,A,H,-,A,D,0,NA,Y,NA,NA,Y,NA,L,NA,0,1,0,0,0,0,1,0,0,-,-,NA,NA,LOS ANGELES,DOWNEY,-118.12367018,33.93535509
6433886,2014,2014-07-17,1900,2014-04-02,1345,525141,2314,3,5,5,1919,0,0,0,NA,0,230T,CLARETTA AV,MILES ST,151,S,N,A,-,N,NA,NA,NA,NA,NA,NA,NA,NA,NA,Y,4,0,1,1,A,-,03,22350,NA,N,E,J,A,A,H,-,A,D,0,NA,NA,NA,NA,Y,NA,A,07,0,0,1,0,0,0,0,0,0,-,-,NA,NA,LOS ANGELES,CERRITOS,-118.0678,33.84717596
6433890,2014,2016-04-21,9530,2014-04-10,1725,20430,NA,4,2,5,1977,0,1,1,NA,2,410,RT 405,DEL AMO BL,1056,N,N,A,-,Y,LA,7,405,-,-,12.3,H,-,S,Y,4,0,1,2,A,-,03,22350,NA,N,C,C,A,A,H,-,A,D,1,NA,NA,NA,NA,Y,NA,A,01,0,0,1,0,0,0,0,0,0,-,-,33.84899,-118.27519,LOS ANGELES,CARSON,-118.27659107,33.85047095
6433894,2014,2016-04-21,9530,2014-04-04,1949,20457,NA,5,2,7,1941,0,1,1,NA,2,430,RT 405,WOODRUFF AV,1056,N,N,A,-,Y,LA,7,405,-,-,1.87,H,-,S,N,3,0,2,2,A,-,03,22350,NA,N,C,C,A,A,H,-,D,D,1,NA,NA,NA,NA,Y,NA,A,01,0,1,1,0,0,0,0,0,0,-,-,33.80266,-118.11848,LOS ANGELES,LONG BEACH,-118.11832285,33.80257876
6433898,2014,2016-04-21,9530,2014-04-05,2245,20457,NA,6,3,7,1941,0,1,1,NA,2,072,RT 710,WILLOW ST,270,S,N,A,-,Y,LA,7,710,-,-,7.825,R,2,S,N,3,0,1,1,C,-,18,NA,NA,F,H,A,A,A,H,-,C,D,1,NA,NA,NA,NA,Y,NA,-,-,0,1,0,0,0,0,0,0,0,-,-,33.8035,-118.20832,LOS ANGELES,LONG BEACH,-118.20750075,33.80349318
6433901,2014,2016-04-22,9530,2014-04-11,2318,20521,NA,5,3,5,1977,0,1,3,NA,2,310,RT 91,CENTRAL AV,1095,W,N,A,-,Y,LA,7,91,-,R,8.22,H,-,E,Y,3,0,2,1,A,-,01,23152,A,N,E,I,A,A,H,-,C,D,1,NA,NA,NA,NA,Y,Y,A,01,0,1,1,0,0,0,0,0,0,-,-,33.8733,-118.25241,LOS ANGELES,CARSON,-118.25243784,33.87355911
6433902,2014,2014-07-17,9530,2014-04-05,1815,20567,NA,6,2,9,1900,0,3,5,NA,2,001,HOOPER AV,76TH ST,0,NA,Y,A,-,N,NA,NA,NA,NA,NA,NA,NA,NA,NA,Y,4,0,2,2,A,-,09,21801,A,N,D,C,A,A,H,-,A,D,0,NA,NA,NA,NA,Y,NA,A,01,0,0,2,0,0,0,0,0,0,-,-,33.97168,-118.2522,LOS ANGELES,UNINCORPORATED,-118.25207005,33.97176007
6433905,2014,2016-04-21,9530,2014-04-04,1650,20430,NA,5,2,7,1942,0,1,1,NA,2,200,RT 105,VERMONT AV,56,E,N,A,-,Y,LA,7,105,-,R,6.78,H,-,E,N,4,0,1,2,A,-,03,22350,NA,N,C,C,A,A,H,-,A,D,1,NA,NA,NA,NA,Y,NA,A,01,0,0,1,0,0,0,0,0,0,-,-,33.92833,-118.2915,LOS ANGELES,LOS ANGELES,-118.29120776,33.92849315
6434114,2014,2016-04-25,9580,2014-04-09,1700,20003,NA,3,2,7,1942,0,1,3,NA,2,119,RT 118,RT 27,500,W,N,A,-,Y,LA,7,118,-,R,1.69,H,-,W,Y,4,0,1,2,A,-,03,22350,NA,N,C,C,A,A,H,-,A,D,1,NA,NA,NA,NA,Y,NA,A,07,0,0,1,0,0,0,0,0,0,-,-,34.32764,-118.62004,LOS ANGELES,LOS ANGELES,-118.60668327,34.27801786
6434241,2014,2014-07-09,1942,2014-03-13,0430,34871,1256,4,5,7,1942,0,0,0,L,0,12A49,FIGUEROA ST,74TH ST,20,S,N,A,-,N,NA,NA,NA,NA,NA,NA,NA,NA,NA,Y,4,0,1,1,A,-,03,22350,NA,N,E,I,A,A,H,-,C,A,0,NA,NA,NA,NA,Y,NA,A,01,0,0,1,0,0,0,0,0,0,-,-,NA,NA,LOS ANGELES,LOS ANGELES,-118.28271,33.97265515
6434242,2014,2014-07-09,1942,2014-03-16,1215,35643,1265,7,5,7,1942,0,0,0,L,0,3TL5,NORMANDIE AV,79TH ST,0,NA,Y,A,-,N,NA,NA,NA,NA,NA,NA,NA,NA,NA,N,4,0,1,2,A,-,12,21453,A,N,D,C,A,A,H,-,A,A,0,NA,NA,NA,NA,Y,NA,A,01,0,0,1,0,0,0,0,0,0,-,-,NA,NA,LOS ANGELES,LOS ANGELES,-118.30027011,33.9673001
6434246,2014,2014-07-09,1942,2014-03-15,0320,40777,1235,6,5,7,1942,0,0,0,L,0,12A53,NORMANDIE AV,SLAUSON AV,0,NA,Y,A,-,N,NA,NA,NA,NA,NA,NA,NA,NA,NA,Y,3,0,2,2,A,-,12,21453,A,F,D,C,A,A,H,-,C,A,0,NA,NA,NA,NA,Y,NA,A,01,0,1,1,0,0,0,0,0,0,-,-,NA,NA,LOS ANGELES,LOS ANGELES,-118.30019011,33.98914002
6434250,2014,2014-07-09,1942,2014-03-18,1725,36752,1207,2,5,7,1942,0,0,0,L,0,12TL73,VERMONT AV,49TH ST,0,NA,Y,A,-,N,NA,NA,NA,NA,NA,NA,NA,NA,NA,N,4,0,2,2,A,-,09,21801,A,N,D,C,A,A,H,-,A,A,0,NA,NA,NA,NA,Y,NA,A,08,0,0,2,0,0,0,0,0,0,-,-,NA,NA,LOS ANGELES,LOS ANGELES,-118.29154,33.99871
6434253,2014,2014-07-09,1942,2014-03-25,1020,36911,1205,2,5,7,1942,0,0,0,L,0,5TL21,51ST ST,NORMANDIE AV,60,W,N,B,-,N,NA,NA,NA,NA,NA,NA,NA,NA,NA,N,3,0,1,2,A,-,09,21804,A,N,D,G,A,A,H,-,A,D,0,NA,Y,NA,NA,Y,NA,L,04,0,1,0,0,0,0,1,0,0,-,-,NA,NA,LOS ANGELES,LOS ANGELES,-118.30036752,33.99686359
6434257,2014,2014-07-09,1942,2014-03-25,1905,38531,1233,2,5,7,1942,0,0,0,L,0,5T21,SLAUSON AV,WESTERN AV,320,E,N,A,-,N,NA,NA,NA,NA,NA,NA,NA,NA,NA,Y,3,0,1,2,C,-,18,NA,NA,N,E,I,F,A,H,-,C,D,0,Y,NA,NA,NA,Y,NA,-,-,0,1,0,0,1,0,0,0,0,-,-,NA,NA,LOS ANGELES,LOS ANGELES,-118.30789653,33.98914
6434261,2014,2014-07-09,1942,2014-03-26,0720,38385,1253,3,5,7,1942,0,0,0,L,0,12T41,MANCHESTER AV,CIMARRON ST,45,E,N,A,-,N,NA,NA,NA,NA,NA,NA,NA,NA,NA,NA,4,0,1,2,A,-,04,21703,NA,N,C,C,A,A,H,-,A,D,0,NA,NA,NA,NA,Y,NA,A,01,0,0,1,0,0,0,0,0,0,-,-,NA,NA,LOS ANGELES,LOS ANGELES,-118.31599189,33.95996
6434262,2014,2016-01-20,9530,2014-03-26,1558,20676,NA,3,2,7,1942,0,1,1,NA,2,110,RT 110,REDONDO BEACH BL,4801,S,N,A,-,Y,LA,7,110,-,-,10.75,H,-,N,Y,3,0,1,1,A,-,03,22350,NA,N,F,A,A,A,H,-,A,D,1,NA,NA,Y,NA,Y,NA,C,02,0,1,0,0,0,0,0,0,1,-,-,33.52592,-118.17579,LOS ANGELES,LOS ANGELES,-118.28533788,33.88555628
6434263,2014,2014-07-24,1967,2014-04-07,0740,40016,915,1,5,2,1967,0,0,0,NA,0,NORTH,CHERRY AV,27TH,128,S,N,A,-,N,NA,NA,NA,NA,NA,NA,NA,NA,NA,Y,4,0,1,2,A,-,03,22350,NA,N,C,C,A,A,H,-,A,D,0,NA,NA,NA,NA,Y,NA,A,01,0,0,1,0,0,0,0,0,0,-,-,NA,NA,LOS ANGELES,SIGNAL HILL,-118.16763,33.80586899
6434265,2014,2014-07-09,1942,2014-03-26,1825,39436,1266,3,5,7,1942,0,0,0,L,0,5TL25,HOOVER ST,81ST ST,0,NA,Y,A,-,N,NA,NA,NA,NA,NA,NA,NA,NA,NA,Y,4,0,3,2,A,-,09,21801,A,N,D,C,A,A,H,-,C,D,0,NA,NA,NA,NA,Y,NA,A,01,0,0,3,0,0,0,0,0,0,-,-,NA,NA,LOS ANGELES,LOS ANGELES,-118.28712005,33.96549005
6434267,2014,2014-07-23,1967,2014-04-01,1955,40221,962,2,5,2,1967,0,0,0,NA,0,SOUTH,MOLINO AV,20TH,17,N,N,A,-,N,NA,NA,NA,NA,NA,NA,NA,NA,NA,N,2,0,1,2,B,-,22,NA,NA,N,A,E,A,A,H,-,C,D,0,NA,NA,Y,NA,Y,NA,C,02,1,0,0,0,0,0,0,0,1,-,-,NA,NA,LOS ANGELES,SIGNAL HILL,-118.1611,33.79349
6434269,2014,2014-07-09,1942,2014-03-26,2300,40700,1213,3,5,7,1942,0,0,0,L,0,3T5,SLAUSON AV,MANHATTAN PL,0,W,N,A,-,N,NA,NA,NA,NA,NA,NA,NA,NA,NA,Y,2,0,1,2,A,-,07,21658,A,N,B,C,A,A,H,-,C,A,0,NA,NA,Y,NA,Y,NA,A,01,1,0,0,0,0,0,0,0,1,-,-,NA,NA,LOS ANGELES,LOS ANGELES,-118.31018009,33.98914006
6434271,2014,2014-07-23,1967,2014-04-10,0539,40217,915,4,5,2,1967,0,0,0,NA,0,NORTH,CHERRY AV,28TH,0,NA,Y,E,-,N,NA,NA,NA,NA,NA,NA,NA,NA,NA,Y,3,0,1,2,A,-,09,21801,A,N,A,C,A,A,H,-,C,A,0,NA,NA,Y,NA,Y,NA,A,01,0,1,0,0,0,0,0,0,1,-,-,NA,NA,LOS ANGELES,SIGNAL HILL,-118.16763004,33.80805001
6434273,2014,2014-07-09,1942,2014-03-30,0515,36182,1263,7,5,7,1942,0,0,0,L,0,3T5,MANCHESTER AV,WILTON PL,2,S,N,A,-,N,NA,NA,NA,NA,NA,NA,NA,NA,NA,Y,2,0,1,1,A,-,03,22350,NA,N,A,I,A,A,H,-,C,D,0,NA,NA,NA,NA,Y,Y,A,01,1,0,0,0,0,0,0,0,0,-,-,NA,NA,LOS ANGELES,LOS ANGELES,-118.31506,33.95995
6434277,2014,2014-07-09,1942,2014-03-18,2030,40705,1231,2,5,7,1942,0,0,0,L,0,18T23,SLAUSON AV,ALVISO AV,60,E,N,A,-,N,NA,NA,NA,NA,NA,NA,NA,NA,NA,Y,3,0,2,2,A,-,07,21658,A,N,D,D,A,A,H,-,C,D,0,NA,NA,NA,NA,Y,NA,A,08,0,1,1,0,0,0,0,0,0,-,-,NA,NA,LOS ANGELES,LOS ANGELES,-118.34378249,33.98894359
6434281,2014,2014-07-09,1942,2014-03-19,0650,39028,1259,3,5,7,1942,0,0,0,L,0,18T23,73RD ST,STANFORD AV,0,NA,Y,A,-,N,NA,NA,NA,NA,NA,NA,NA,NA,NA,N,3,0,1,2,A,-,09,21802,A,N,D,C,A,A,H,-,A,A,0,NA,NA,Y,NA,Y,NA,A,01,0,1,0,0,0,0,0,0,1,-,-,NA,NA,LOS ANGELES,LOS ANGELES,-118.26299005,33.97387001
6434285,2014,2014-07-09,1942,2014-03-19,2000,36738,1235,3,5,7,1942,0,0,0,L,0,5TL21,SLAUSON AV,NORMANDIE AV,250,W,N,A,-,N,NA,NA,NA,NA,NA,NA,NA,NA,NA,N,4,0,1,2,A,-,03,22350,NA,N,C,C,A,A,H,-,C,D,0,NA,NA,NA,NA,Y,NA,A,01,0,0,1,0,0,0,0,0,0,-,-,NA,NA,LOS ANGELES,LOS ANGELES,-118.30101312,33.98914
6434289,2014,2014-07-09,1942,2014-03-20,0745,36461,1265,4,5,7,1942,0,0,0,L,0,18T23,BUDLONG AV,81ST ST,0,NA,Y,A,-,N,NA,NA,NA,NA,NA,NA,NA,NA,NA,Y,4,0,1,3,A,-,09,21802,A,N,D,C,A,A,H,-,A,A,0,NA,NA,NA,NA,Y,NA,A,07,0,0,1,0,0,0,0,0,0,-,-,NA,NA,LOS ANGELES,LOS ANGELES,-118.29590003,33.96578004
6434293,2014,2014-07-09,1942,2014-03-22,2015,35936,1273,6,5,7,1942,0,0,0,L,0,12T41,MANCHESTER AV,HARVARD BL,275,W,N,A,-,N,NA,NA,NA,NA,NA,NA,NA,NA,NA,N,3,0,2,2,A,-,09,21801,A,N,D,C,A,A,H,-,C,D,0,NA,NA,NA,NA,Y,NA,A,01,0,2,0,0,0,0,0,0,0,-,-,NA,NA,LOS ANGELES,LOS ANGELES,-118.30773513,33.95997
6434297,2014,2014-07-09,1942,2014-03-23,1455,40440,1253,7,5,7,1942,0,0,0,L,0,12T73,FLORENCE AV,HOBART BL,7,W,N,A,-,N,NA,NA,NA,NA,NA,NA,NA,NA,NA,Y,4,0,2,3,A,-,09,21802,A,N,D,C,A,A,H,-,A,A,0,NA,NA,NA,NA,Y,NA,A,01,0,0,2,0,0,0,0,0,0,-,-,NA,NA,LOS ANGELES,LOS ANGELES,-118.30791304,33.97457
6434301,2014,2014-07-09,1942,2014-03-23,2340,36738,1233,7,5,7,1942,0,0,0,L,0,18T23,WESTERN AV,59TH PL,8,S,N,A,-,N,NA,NA,NA,NA,NA,NA,NA,NA,NA,N,4,0,2,2,A,-,07,21658,A,F,B,C,A,A,H,-,C,D,0,NA,NA,NA,NA,Y,NA,-,99,0,0,2,0,0,0,0,0,0,-,-,NA,NA,LOS ANGELES,LOS ANGELES,-118.30894052,33.98668806
6434305,2014,2014-07-09,1942,2014-03-23,1925,36752,1232,7,5,7,1942,0,0,0,L,0,18T23,SLAUSON AV,8TH AV,6,W,N,A,-,N,NA,NA,NA,NA,NA,NA,NA,NA,NA,N,3,0,1,2,A,-,10,21950,A,N,G,B,B,A,H,-,C,A,0,Y,NA,NA,NA,Y,NA,A,01,0,1,0,0,1,0,0,0,0,-,-,NA,NA,LOS ANGELES,LOS ANGELES,-118.32644975,33.98904964
6434306,2014,2016-01-20,9530,2014-03-27,0745,20686,NA,4,1,7,1942,0,1,1,NA,2,110,RT 110,120TH ST,20,S,N,A,-,Y,LA,7,110,-,-,13.47,H,-,S,Y,3,0,2,2,A,-,07,21658,A,N,B,C,A,A,H,-,A,D,1,NA,NA,NA,NA,Y,NA,A,01,0,1,1,0,0,0,0,0,0,-,-,33.92244,-118.2815,LOS ANGELES,LOS ANGELES,-118.28146018,33.92372484
6434309,2014,2014-07-09,1942,2014-03-24,0935,39028,1243,1,5,7,1942,0,0,0,L,0,12T41,GAGE AV,WESTERN AV,0,NA,Y,A,-,N,NA,NA,NA,NA,NA,NA,NA,NA,NA,N,4,0,1,2,A,-,05,21650,1,N,D,G,A,A,H,-,A,A,0,NA,Y,NA,NA,Y,NA,L,04,0,0,1,0,0,0,1,0,0,-,-,NA,NA,LOS ANGELES,LOS ANGELES,-118.30897004,33.98236007
6434310,2014,2014-07-09,9530,2014-03-27,0815,20463,NA,4,1,9,1900,0,3,5,NA,2,001,ALAMEDA ST,97TH ST,0,NA,Y,A,-,N,NA,NA,NA,NA,NA,NA,NA,NA,NA,Y,4,0,1,2,A,-,09,21802,A,N,D,C,A,A,H,-,A,A,0,NA,NA,NA,NA,Y,NA,A,01,0,0,1,0,0,0,0,0,0,-,-,NA,NA,LOS ANGELES,UNINCORPORATED,-118.229,33.94829009
6434313,2014,2014-07-09,1942,2014-03-24,1030,38503,1248,1,5,7,1942,0,0,0,L,0,12T41,GAGE AV,VERMONT AV,205,W,N,B,-,N,NA,NA,NA,NA,NA,NA,NA,NA,NA,Y,3,0,1,4,A,-,03,22350,NA,N,B,C,A,A,H,-,A,A,0,NA,NA,NA,NA,Y,NA,A,01,0,1,0,0,0,0,0,0,0,-,-,NA,NA,LOS ANGELES,LOS ANGELES,-118.29154,33.98191
6434317,2014,2014-07-09,1942,2014-03-24,1330,39028,1241,1,5,7,1942,0,0,0,L,0,12T41,10TH AV,63RD ST,110,S,N,A,-,N,NA,NA,NA,NA,NA,NA,NA,NA,NA,N,2,0,1,2,A,-,11,21954,A,N,G,B,D,A,H,-,A,A,0,Y,NA,NA,NA,Y,NA,N,60,1,0,0,0,1,0,0,0,0,-,-,NA,NA,LOS ANGELES,LOS ANGELES,-118.327928,33.982643
6434330,2014,2016-04-25,9580,2014-04-14,1545,18185,NA,1,2,7,1942,0,1,1,NA,2,407,RT 405,NORDHOFF ST,460,N,N,A,-,Y,LA,7,405,-,-,44.9,R,1,S,Y,4,0,2,4,A,-,03,22350,NA,N,C,C,A,A,H,-,A,D,1,NA,NA,NA,NA,Y,NA,A,01,0,0,2,0,0,0,0,0,0,-,-,34.23698,-118.47337,LOS ANGELES,LOS ANGELES,-118.47315764,34.23774017
6434360,2014,2014-07-23,1900,2014-04-02,0846,522012,1622,3,5,5,1977,0,0,0,NA,0,164T,SANTA FE AV,208TH ST,350,S,N,A,-,N,NA,NA,NA,NA,NA,NA,NA,NA,NA,N,4,0,1,2,A,-,09,21804,A,N,A,G,A,A,H,-,A,D,0,NA,Y,NA,NA,Y,NA,A,08,0,0,1,0,0,0,1,0,0,-,-,NA,NA,LOS ANGELES,CARSON,-118.21269763,33.84333244
6434374,2014,2016-04-21,9580,2014-04-03,0923,18862,NA,4,1,7,1942,0,1,1,NA,2,405,RT 405,VANOWEN ST,500,N,N,A,-,Y,LA,7,405,-,-,41.98,H,-,S,Y,4,0,1,3,A,-,03,22350,NA,N,C,C,A,A,H,-,A,D,1,NA,NA,NA,NA,Y,NA,A,01,0,0,1,0,0,0,0,0,0,-,-,34.19473,-118.47432,LOS ANGELES,LOS ANGELES,-118.47444074,34.19541057
6434378,2014,2016-04-16,9580,2014-04-03,2040,19319,NA,4,2,7,1942,0,1,3,NA,2,170,RT 170,ROSCOE BL,2640,S,N,A,-,Y,LA,7,170,-,R,19.22,H,-,N,N,4,0,2,2,A,-,03,22350,NA,N,C,C,A,A,H,-,D,D,1,NA,NA,NA,NA,Y,NA,A,01,0,0,2,0,0,0,0,0,0,-,-,34.22009,-118.40918,LOS ANGELES,LOS ANGELES,-118.40810393,34.21453393
6434382,2014,2016-04-16,9580,2014-04-10,1815,19851,NA,4,2,7,1942,0,1,3,NA,2,171,RT 170,VICTORY BL,2640,N,N,B,-,Y,LA,7,170,-,R,17.78,H,-,S,Y,4,0,1,2,A,-,03,22350,NA,N,C,C,A,A,H,-,A,D,1,NA,NA,NA,NA,Y,NA,A,07,0,0,1,0,0,0,0,0,0,-,-,34.19578,-118.40289,LOS ANGELES,LOS ANGELES,-118.40259787,34.19410907
6434386,2014,2016-04-20,9580,2014-04-10,2200,18585,NA,4,3,7,1942,0,1,2,NA,2,102,RT 101,BALBOA BL,20,N,N,A,-,Y,LA,7,101,-,-,19.24,H,-,N,NA,3,0,1,2,A,-,07,21658,A,F,C,C,A,A,H,-,C,D,1,NA,NA,Y,NA,Y,NA,-,99,0,1,0,0,0,0,0,0,1,-,-,34.1714,-118.5035,LOS ANGELES,LOS ANGELES,-118.50147376,34.17071682
6434390,2014,2016-04-23,9580,2014-04-11,1920,20061,NA,5,2,7,1942,0,1,3,NA,2,171,RT 101,VICTORY BL,100,N,N,A,-,Y,LA,7,170,-,R,17.3,H,-,S,Y,4,0,1,2,A,-,03,22350,NA,N,C,C,A,A,H,-,B,D,1,NA,NA,NA,NA,Y,NA,A,01,0,0,1,0,0,0,0,0,0,-,-,34.18773,-118.40118,LOS ANGELES,LOS ANGELES,-118.40170323,34.18741086
6434394,2014,2016-04-25,9580,2014-04-07,1335,17228,NA,1,1,7,1942,0,1,3,NA,2,117,RT 118,RESEDA BL,200,W,N,A,-,Y,LA,7,118,-,R,5.76,H,-,W,Y,3,0,4,3,A,-,07,21658,A,N,B,C,A,A,H,-,A,D,1,NA,NA,NA,NA,Y,NA,-,99,0,1,3,0,0,0,0,0,0,-,-,34.27475,-118.53831,LOS ANGELES,LOS ANGELES,-118.53704632,34.27497901
6434398,2014,2016-04-27,9580,2014-04-12,0630,20728,NA,6,1,7,1942,0,1,1,NA,2,404,RT 405,SEPULVEDA BL,500,S,N,B,-,Y,LA,7,405,-,-,39.203,R,2,N,Y,4,0,1,1,A,-,03,22350,NA,N,E,I,A,A,H,-,A,D,1,NA,NA,NA,NA,Y,NA,A,01,0,0,1,0,0,0,0,0,0,-,-,34.15656,-118.46851,LOS ANGELES,LOS ANGELES,-118.46881425,34.15673915
6434439,2014,2015-11-13,9590,2014-03-28,0100,19805,NA,5,3,7,1942,0,1,1,NA,2,084,RT 5,COLORADO AV,800,S,N,A,-,Y,LA,7,5,-,-,25.63,H,-,N,Y,4,0,2,2,A,-,03,22350,NA,F,C,C,A,A,H,-,C,D,1,NA,NA,NA,NA,Y,NA,A,08,0,0,2,0,0,0,0,0,0,-,-,34.13754,-118.27631,LOS ANGELES,LOS ANGELES,-118.27671067,34.13877239
6434479,2014,2014-07-07,9580,2014-03-23,1018,18491,NA,7,1,9,1900,0,2,4,NA,1,131,MULHOLLAND HWY,KANAN RD,6336,E,N,A,-,N,NA,NA,NA,NA,NA,NA,NA,NA,NA,Y,2,0,1,2,A,-,05,21460,A,N,A,G,A,A,H,-,A,D,0,NA,Y,NA,NA,Y,NA,A,01,1,0,0,0,0,0,1,0,0,-,-,34.09861,-118.79884,LOS ANGELES,UNINCORPORATED,NA,NA
6434706,2014,2015-02-19,1941,2014-03-02,2029,6170,NA,7,5,7,1941,0,0,0,NA,0,NA,WILLOW ST,MAGNOLIA AV,0,NA,Y,B,-,N,NA,NA,NA,NA,NA,NA,NA,NA,NA,Y,3,0,2,2,A,-,08,22107,NA,N,D,C,A,A,H,-,C,D,0,NA,NA,NA,NA,Y,NA,A,NA,0,2,0,0,0,0,0,0,0,-,-,NA,NA,LOS ANGELES,LONG BEACH,-118.19811004,33.80445004
6434724,2014,2014-07-01,1942,2014-03-08,2125,37511,1494,6,5,7,1942,0,0,0,N,0,7T23,SEPULVEDA BL,IMPERIAL HWY,1000,N,N,A,-,N,NA,NA,NA,NA,NA,NA,NA,NA,NA,Y,4,0,1,2,A,-,07,21658,A,N,C,C,A,A,H,-,C,D,0,NA,NA,NA,NA,Y,Y,A,01,0,0,1,0,0,0,0,0,0,-,-,NA,NA,LOS ANGELES,LOS ANGELES,-118.39623,33.93121
6434725,2014,2014-07-01,1942,2014-03-05,0720,37715,1466,3,5,7,1942,0,0,0,N,0,14TL47,80TH ST,WESTLAWN AV,0,NA,Y,A,-,N,NA,NA,NA,NA,NA,NA,NA,NA,NA,N,4,0,1,2,A,-,03,22350,NA,F,G,B,B,-,A,H,A,A,0,Y,NA,NA,NA,Y,NA,A,01,0,0,1,0,1,0,0,0,0,-,-,NA,NA,LOS ANGELES,LOS ANGELES,-118.40906013,33.96710007