CASE_ID,ACCIDENT_YEAR,PROC_DATE,JURIS,COLLISION_DATE,COLLISION_TIME,OFFICER_ID,REPORTING_DISTRICT,DAY_OF_WEEK,CHP_SHIFT,POPULATION,CNTY_CITY_LOC,SPECIAL_COND,BEAT_TYPE,CHP_BEAT_TYPE,CITY_DIVISION_LAPD,CHP_BEAT_CLASS,BEAT_NUMBER,PRIMARY_RD,SECONDARY_RD,DISTANCE,DIRECTION,INTERSECTION,WEATHER_1,WEATHER_2,STATE_HWY_IND,CALTRANS_COUNTY,CALTRANS_DISTRICT,STATE_ROUTE,ROUTE_SUFFIX,POSTMILE_PREFIX,POSTMILE,LOCATION_TYPE,RAMP_INTERSECTION,SIDE_OF_HWY,TOW_AWAY,COLLISION_SEVERITY,NUMBER_KILLED,NUMBER_INJURED,PARTY_COUNT,PRIMARY_COLL_FACTOR,PCF_CODE_OF_VIOL,PCF_VIOL_CATEGORY,PCF_VIOLATION,PCF_VIOL_SUBSECTION,HIT_AND_RUN,TYPE_OF_COLLISION,MVIW,PED_ACTION,ROAD_SURFACE,ROAD_COND_1,ROAD_COND_2,LIGHTING,CONTROL_DEVICE,CHP_ROAD_TYPE,PEDESTRIAN_ACCIDENT,BICYCLE_ACCIDENT,MOTORCYCLE_ACCIDENT,TRUCK_ACCIDENT,NOT_PRIVATE_PROPERTY,ALCOHOL_INVOLVED,STWD_VEHTYPE_AT_FAULT,CHP_VEHTYPE_AT_FAULT,COUNT_SEVERE_INJ,COUNT_VISIBLE_INJ,COUNT_COMPLAINT_PAIN,COUNT_PED_KILLED,COUNT_PED_INJURED,COUNT_BICYCLIST_KILLED,COUNT_BICYCLIST_INJURED,COUNT_MC_KILLED,COUNT_MC_INJURED,PRIMARY_RAMP,SECONDARY_RAMP,LATITUDE,LONGITUDE,COUNTY,CITY,POINT_X,POINT_Y
6438006,2014,2014-07-21,1942,2014-02-13,1715,32565,2019,4,5,7,1942,0,0,0,NA,0,20TL56,3RD ST,COMMONWEALTH AV,87,W,N,A,-,N,NA,NA,NA,NA,NA,NA,NA,NA,NA,N,4,0,1,2,A,-,04,21703,NA,F,C,C,A,A,H,-,B,D,0,NA,NA,NA,NA,Y,NA,-,99,0,0,1,0,0,0,0,0,0,-,-,NA,NA,LOS ANGELES,LOS ANGELES,-118.28600664,34.06896531
6438007,2014,2014-06-27,1969,2014-02-08,1326,10114,PATRO,6,5,5,1969,0,0,0,NA,0,002,FIRESTONE BL,ELIZABETH AV,75,E,N,A,-,N,NA,NA,NA,NA,NA,NA,NA,NA,NA,N,3,0,1,2,A,-,08,22107,NA,N,C,G,A,A,H,-,A,D,0,NA,Y,NA,NA,Y,NA,L,04,0,1,0,0,0,0,1,0,0,-,-,NA,NA,LOS ANGELES,SOUTH GATE,-118.2084346,33.95443802
6438009,2014,2014-07-23,1942,2014-02-05,1520,26736,1523,3,5,7,1942,0,0,0,O,0,35M27,COLDWATER CANYON AV,KITTRIDGE ST,0,NA,Y,A,-,N,NA,NA,NA,NA,NA,NA,NA,NA,NA,Y,3,0,4,2,A,-,09,21801,A,N,A,C,A,A,H,-,A,A,0,NA,NA,NA,NA,Y,NA,A,01,0,1,3,0,0,0,0,0,0,-,-,NA,NA,LOS ANGELES,LOS ANGELES,-118.41380013,34.19032007
6438010,2014,2015-03-12,1942,2014-02-14,1955,40164,0822,5,5,7,1942,0,0,0,H,0,6T7,PACIFIC COAST HWY,TEMESCAL CANYON RD,1770,N,N,A,-,Y,LA,7,1,-,-,38.421,I,5,S,N,1,1,0,2,A,-,10,21950,A,F,G,B,C,A,H,-,C,A,0,Y,NA,NA,NA,Y,Y,-,99,0,0,0,1,0,0,0,0,0,-,-,NA,NA,LOS ANGELES,LOS ANGELES,-118.5408058,34.03831683
6438011,2014,2014-06-27,1969,2014-02-10,1812,10186,PATRO,1,5,5,1969,0,0,0,NA,0,002,LIBERTY BL,VIRGINIA AV,0,NA,Y,A,-,N,NA,NA,NA,NA,NA,NA,NA,NA,NA,N,4,0,2,2,A,-,09,21802,A,N,D,C,A,A,H,-,C,D,0,NA,NA,NA,NA,Y,NA,A,01,0,0,2,0,0,0,0,0,0,-,-,NA,NA,LOS ANGELES,SOUTH GATE,-118.20652,33.96019001
6438013,2014,2014-07-23,1942,2014-02-15,1200,38850,1033,6,5,7,1942,0,0,0,J,0,LTL26,VICTORY BL,WILBUR AV,5,E,N,A,-,N,NA,NA,NA,NA,NA,NA,NA,NA,NA,Y,4,0,1,3,A,-,07,21658,A,N,H,C,A,A,H,-,A,A,0,NA,NA,NA,NA,Y,NA,A,07,0,0,1,0,0,0,0,0,0,-,-,NA,NA,LOS ANGELES,LOS ANGELES,-118.5447235,34.18658
6438014,2014,2014-07-22,1942,2014-02-01,1315,37966,0834,6,5,7,1942,0,0,0,H,0,14TL52,WILSHIRE BL,WARNER AV,375,W,N,A,-,N,NA,NA,NA,NA,NA,NA,NA,NA,NA,Y,2,0,3,3,A,-,00,23103,A,N,D,C,A,A,H,-,A,D,0,NA,NA,NA,NA,Y,NA,A,07,1,2,0,0,0,0,0,0,0,-,-,NA,NA,LOS ANGELES,LOS ANGELES,-118.43263875,34.06334626
6438017,2014,2014-07-23,1942,2014-02-15,1330,38850,1041,6,5,7,1942,0,0,0,J,0,16TL26,TAMPA AV,TOPHAM ST,0,NA,Y,A,-,N,NA,NA,NA,NA,NA,NA,NA,NA,NA,Y,4,0,2,2,A,-,09,21801,A,N,A,C,A,A,H,-,A,A,0,NA,NA,NA,NA,Y,NA,A,01,0,0,2,0,0,0,0,0,0,-,-,NA,NA,LOS ANGELES,LOS ANGELES,-118.55346011,34.18101012
6438018,2014,2014-07-22,1942,2014-02-04,1145,38202,0789,2,5,7,1942,0,0,0,G,0,7TL38,ARLINGTON AV,WASHINGTON BL,0,NA,Y,B,-,N,NA,NA,NA,NA,NA,NA,NA,NA,NA,N,4,0,1,1,A,-,03,22350,NA,N,H,I,A,A,H,-,A,A,0,NA,NA,Y,NA,Y,NA,C,02,0,0,1,0,0,0,0,0,1,-,-,NA,NA,LOS ANGELES,LOS ANGELES,-118.31773013,34.03989006
6438021,2014,2014-07-23,1942,2014-02-03,1030,38185,1079,1,5,7,1942,0,0,0,J,0,19TL73,VENTURA BL,ORION AV,20,E,N,A,-,N,NA,NA,NA,NA,NA,NA,NA,NA,NA,Y,4,0,1,2,A,-,04,21703,NA,N,C,C,A,A,H,-,A,A,0,NA,NA,NA,NA,Y,NA,A,01,0,0,1,0,0,0,0,0,0,-,-,NA,NA,LOS ANGELES,LOS ANGELES,-118.46995543,34.1544387
6438022,2014,2014-07-22,1942,2014-02-13,0910,39476,1012,4,5,7,1942,0,0,0,J,0,21TL61,SATICOY ST,YOLANDA AV,47,W,N,A,-,N,NA,NA,NA,NA,NA,NA,NA,NA,NA,N,4,0,3,2,A,-,04,21703,NA,N,C,C,A,A,H,-,A,A,0,NA,NA,NA,NA,Y,NA,A,01,0,0,3,0,0,0,0,0,0,-,-,NA,NA,LOS ANGELES,LOS ANGELES,-118.54061518,34.20837
6438025,2014,2014-07-23,1942,2014-02-03,0940,36618,1025,1,5,7,1942,0,0,0,J,0,17TL15,SHERMAN WY,ETIWANDA AV,210,W,N,A,-,N,NA,NA,NA,NA,NA,NA,NA,NA,NA,Y,4,0,2,2,A,-,03,22350,NA,N,C,E,A,A,H,-,A,D,0,NA,NA,NA,NA,Y,NA,A,01,0,0,2,0,0,0,0,0,0,-,-,NA,NA,LOS ANGELES,LOS ANGELES,-118.53237331,34.20118
6438026,2014,2015-08-14,1942,2014-02-15,0230,40101,1525,6,5,7,1942,0,0,0,O,0,15A33,VICTORY BL,BEN AV,0,NA,N,A,-,N,NA,NA,NA,NA,NA,NA,NA,NA,NA,Y,4,0,1,2,A,-,09,21801,A,N,D,C,A,A,H,-,C,D,0,NA,NA,NA,NA,Y,NA,A,01,0,0,1,0,0,0,0,0,0,-,-,NA,NA,LOS ANGELES,LOS ANGELES,-118.39435001,34.18668009
6438029,2014,2014-07-23,1942,2014-02-13,1530,26736,1063,4,5,7,1942,0,0,0,J,0,35M27,VENTURA BL,YOLANDA AV,0,NA,N,A,-,N,NA,NA,NA,NA,NA,NA,NA,NA,NA,N,4,0,3,2,A,-,08,22102,NA,N,D,C,A,A,H,-,A,D,0,NA,NA,NA,NA,Y,NA,A,01,0,0,3,0,0,0,0,0,0,-,-,NA,NA,LOS ANGELES,LOS ANGELES,-118.54073012,34.17068002
6438030,2014,2014-07-22,1942,2014-02-11,1913,39795,1524,2,5,7,1942,0,0,0,O,0,15A21,VICTORY BL,LAUREL CANYON BL,0,NA,Y,A,-,N,NA,NA,NA,NA,NA,NA,NA,NA,NA,N,4,0,1,2,A,-,07,21658,A,N,B,C,A,A,H,-,C,A,0,NA,NA,Y,NA,Y,NA,C,02,0,0,1,0,0,0,0,0,0,-,-,NA,NA,LOS ANGELES,LOS ANGELES,-118.39651002,34.18668005
6438033,2014,2014-07-23,1942,2014-02-05,2345,39971,1063,3,5,7,1942,0,0,0,J,0,21TL65,CLARK ST,ETIWANDA AV,375,W,N,A,-,N,NA,NA,NA,NA,NA,NA,NA,NA,NA,Y,3,0,2,2,A,-,08,22107,NA,N,B,E,A,A,H,-,C,D,0,NA,NA,NA,NA,Y,NA,A,01,0,1,1,0,0,0,0,0,0,-,-,NA,NA,LOS ANGELES,LOS ANGELES,-118.53204756,34.16976703
6438034,2014,2014-07-22,1942,2014-02-18,2330,27792,1531,2,5,7,1942,0,0,0,O,0,10T35,OXNARD ST,WHITSETT AV,0,NA,Y,A,-,N,NA,NA,NA,NA,NA,NA,NA,NA,NA,Y,4,0,1,2,A,-,12,21453,A,N,D,C,A,A,H,-,C,A,0,NA,NA,NA,NA,Y,NA,A,01,0,0,1,0,0,0,0,0,0,-,-,NA,NA,LOS ANGELES,LOS ANGELES,-118.40526,34.1794101
6438037,2014,2014-07-23,1942,2014-02-17,1630,41067,1025,1,5,7,1942,0,0,0,J,0,10X4,WHITE OAK,SHERMAN WY,0,NA,N,A,-,N,NA,NA,NA,NA,NA,NA,NA,NA,NA,N,4,0,2,2,A,-,04,21703,NA,N,B,C,A,A,H,-,A,A,0,NA,NA,NA,NA,Y,NA,A,08,0,0,2,0,0,0,0,0,0,-,-,NA,NA,LOS ANGELES,LOS ANGELES,-118.51861011,34.20121007
6438038,2014,2014-07-21,1942,2014-02-18,1230,40398,1555,2,5,7,1942,0,0,0,O,0,15TL42,VINELAND AV,CAMARILLO ST,124,S,N,B,-,N,NA,NA,NA,NA,NA,NA,NA,NA,NA,N,3,0,1,2,A,-,11,21954,A,N,G,B,D,A,H,-,A,D,0,Y,NA,NA,NA,Y,NA,N,60,0,1,0,0,1,0,0,0,0,-,-,NA,NA,LOS ANGELES,LOS ANGELES,-118.37064003,34.15741767
6438041,2014,2014-07-23,1942,2014-02-16,1750,41396,1035,7,5,7,1942,0,0,0,J,0,10X18,VICTORY BL,WHITE OAK AV,0,NA,Y,A,-,N,NA,NA,NA,NA,NA,NA,NA,NA,NA,N,3,0,1,2,A,-,09,21801,A,N,B,C,A,A,H,-,C,A,0,NA,NA,NA,NA,Y,NA,A,01,0,1,0,0,0,0,0,0,0,-,-,NA,NA,LOS ANGELES,LOS ANGELES,-118.51849002,34.18662007
6438042,2014,2014-07-21,1942,2014-02-17,0145,40643,1586,1,5,7,1942,0,0,0,O,0,9T57,LANKERSHIM BL,VALLEYHEART DR,0,NA,Y,A,-,N,NA,NA,NA,NA,NA,NA,NA,NA,NA,Y,4,0,3,2,A,-,09,21801,A,N,D,C,A,A,H,-,C,A,0,NA,NA,NA,NA,Y,NA,A,01,0,0,3,0,0,0,0,0,0,-,-,NA,NA,LOS ANGELES,LOS ANGELES,-118.36097002,34.14187001
6438045,2014,2014-07-22,1942,2014-02-18,1125,39085,1065,2,5,7,1942,0,0,0,J,0,21TL66,YARMOUTH AV,VENTURA BL,0,NA,Y,A,-,N,NA,NA,NA,NA,NA,NA,NA,NA,NA,Y,4,0,3,3,A,-,09,21802,A,N,D,C,A,A,H,-,A,A,0,NA,NA,NA,NA,Y,NA,A,01,0,0,3,0,0,0,0,0,0,-,-,NA,NA,LOS ANGELES,LOS ANGELES,-118.52025005,34.16289009
6438046,2014,2015-03-12,1942,2014-02-03,1540,26319,1523,1,5,7,1942,0,0,0,O,0,19TL74,COLDWATER CANYON AV,SYLVAN ST,44,S,N,A,-,N,NA,NA,NA,NA,NA,NA,NA,NA,NA,Y,4,0,2,3,A,-,03,22350,NA,N,C,C,A,A,H,-,A,A,0,NA,NA,NA,NA,Y,NA,A,01,0,0,2,0,0,0,0,0,0,-,-,NA,NA,LOS ANGELES,LOS ANGELES,-118.41379,34.18474932
6438049,2014,2014-07-22,1942,2014-02-18,1450,33700,1015,2,5,7,1942,0,0,0,J,0,35M53,VALERIO ST,NESTLE AV,0,NA,Y,B,-,N,NA,NA,NA,NA,NA,NA,NA,NA,NA,Y,3,0,3,2,A,-,09,21802,A,N,D,C,A,A,H,-,A,A,0,NA,NA,NA,NA,Y,NA,A,01,0,1,2,0,0,0,0,0,0,-,-,NA,NA,LOS ANGELES,LOS ANGELES,-118.53060007,34.20477008
6438050,2014,2016-04-16,1942,2014-02-15,1935,37569,1547,6,5,7,1942,0,0,0,O,0,16TL23,MAGNOLIA BL,RT 170,75,W,N,A,-,Y,LA,7,170,-,R,15.262,R,4,S,Y,4,0,2,2,A,-,03,22350,NA,N,C,C,A,A,H,-,C,A,0,NA,NA,NA,NA,Y,NA,A,07,0,0,2,0,0,0,0,0,0,-,-,NA,NA,LOS ANGELES,LOS ANGELES,-118.38217345,34.16343042
6438053,2014,2014-07-22,1942,2014-02-17,1350,39085,1078,1,5,7,1942,0,0,0,J,0,21TL66,BALBOA BL,MAGNOLIA BL,42,S,N,A,-,N,NA,NA,NA,NA,NA,NA,NA,NA,NA,Y,3,0,1,2,A,-,04,21703,NA,N,C,C,A,A,H,-,A,A,0,NA,NA,Y,NA,Y,NA,C,02,0,1,0,0,0,0,0,0,1,-,-,NA,NA,LOS ANGELES,LOS ANGELES,-118.50109,34.16483479
6438054,2014,2014-07-21,1942,2014-02-19,0045,37304,1566,3,5,7,1942,0,0,0,O,0,10T73,VINELAND AV,RIVERSIDE DR,0,NA,Y,A,-,N,NA,NA,NA,NA,NA,NA,NA,NA,NA,Y,4,0,1,2,A,-,09,21801,A,N,B,C,A,A,H,-,C,A,0,NA,NA,NA,NA,Y,NA,A,01,0,0,1,0,0,0,0,0,0,-,-,NA,NA,LOS ANGELES,LOS ANGELES,-118.37033007,34.15241004
6438056,2014,2014-06-27,1942,2014-02-13,0900,30452,1545,4,5,7,1942,0,0,0,O,0,9TL53,CHANDLER BL,LAUREL CANYON BL,15,E,N,A,-,N,NA,NA,NA,NA,NA,NA,NA,NA,NA,N,3,0,1,2,A,-,11,21950,B,N,G,B,B,A,H,-,A,A,0,Y,NA,NA,NA,Y,NA,N,60,0,1,0,0,1,0,0,0,0,-,-,NA,NA,LOS ANGELES,LOS ANGELES,-118.39645051,34.16866044
6438058,2014,2014-07-21,1942,2014-02-03,1640,39096,1559,1,5,7,1942,0,0,0,O,0,10TL34,STROHM AV,MAGNOLIA BL,0,NA,Y,A,-,N,NA,NA,NA,NA,NA,NA,NA,NA,NA,Y,4,0,1,2,A,-,09,21802,A,N,D,C,A,A,H,-,A,-,0,NA,NA,NA,NA,Y,NA,A,01,0,0,1,0,0,0,0,0,0,-,-,NA,NA,LOS ANGELES,LOS ANGELES,-118.35938013,34.16491001
6438060,2014,2014-06-27,1942,2014-02-10,1425,39085,1548,1,5,7,1942,0,0,0,O,0,21TL66,LANKERSHIM BL,CHANDLER BL,0,NA,Y,A,-,N,NA,NA,NA,NA,NA,NA,NA,NA,NA,Y,4,0,3,2,A,-,09,21801,A,N,A,C,A,A,H,-,A,A,0,NA,NA,NA,NA,Y,NA,A,07,0,0,3,0,0,0,0,0,0,-,-,NA,NA,LOS ANGELES,LOS ANGELES,-118.37707007,34.16890011
6438061,2014,2014-07-22,1942,2014-02-16,0105,40315,0647,7,5,7,1942,0,0,0,F,0,6T7,WILCOX AV,HOLLYWOOD BL,0,NA,Y,A,-,N,NA,NA,NA,NA,NA,NA,NA,NA,NA,Y,3,0,1,2,A,-,01,23152,A,N,D,C,A,A,H,-,C,A,0,NA,NA,Y,NA,Y,Y,A,01,0,1,0,0,0,0,0,0,1,-,-,NA,NA,LOS ANGELES,LOS ANGELES,-118.33105003,34.10159005
6438062,2014,2014-07-21,1942,2014-02-16,1420,39096,1545,7,5,7,1942,0,0,0,O,0,10TL34,COLFAX AV,CHANDLER BL,20,S,N,A,-,N,NA,NA,NA,NA,NA,NA,NA,NA,NA,N,4,0,3,2,A,-,03,22350,NA,N,C,C,A,A,H,-,A,A,0,NA,NA,NA,NA,Y,NA,A,07,0,0,3,0,0,0,0,0,0,-,-,NA,NA,LOS ANGELES,LOS ANGELES,-118.38776,34.16859514
6438064,2014,2014-06-27,1942,2014-02-09,1515,25194,1555,7,5,7,1942,0,0,0,O,0,15A67,VINELAND AV,MAGNOLIA BL,0,NA,Y,B,-,N,NA,NA,NA,NA,NA,NA,NA,NA,NA,N,4,0,3,2,A,-,09,21801,A,N,D,C,A,A,H,-,A,A,0,NA,NA,NA,NA,Y,NA,A,01,0,0,3,0,0,0,0,0,0,-,-,NA,NA,LOS ANGELES,LOS ANGELES,-118.37046002,34.16487004
6438065,2014,2014-07-22,1942,2014-02-19,0055,38406,0625,3,5,7,1942,0,0,0,NA,0,6T7,FRANKLIN,HIGHLAND,30,W,N,A,-,N,NA,NA,NA,NA,NA,NA,NA,NA,NA,N,4,0,1,2,A,-,01,23152,A,M,C,C,A,A,H,-,C,A,0,NA,NA,NA,NA,Y,Y,A,01,0,0,1,0,0,0,0,0,0,-,-,NA,NA,LOS ANGELES,LOS ANGELES,-118.33843869,34.10415452
6438066,2014,2014-07-18,1942,2014-02-18,1340,39217,1553,2,5,7,1942,0,0,0,O,0,17TL12,CARPENTER AV,RIVERSIDE DR,0,NA,Y,A,-,N,NA,NA,NA,NA,NA,NA,NA,NA,NA,N,3,0,2,2,A,-,09,21802,A,N,D,C,A,A,H,-,A,A,0,NA,NA,NA,NA,Y,NA,A,07,0,2,0,0,0,0,0,0,0,-,-,NA,NA,LOS ANGELES,LOS ANGELES,-118.39108001,34.1576301
6438068,2014,2015-08-14,1942,2014-02-06,1655,36336,1566,4,5,7,1942,0,0,0,O,0,9TL54,VINELAND AV,RIVERSIDE DR,0,NA,Y,C,-,N,NA,NA,NA,NA,NA,NA,NA,NA,NA,Y,3,0,2,2,A,-,09,21801,A,N,A,C,A,B,H,-,A,A,0,NA,NA,NA,NA,Y,NA,A,07,0,2,0,0,0,0,0,0,0,-,-,NA,NA,LOS ANGELES,LOS ANGELES,-118.37033007,34.15241004
6438069,2014,2014-07-22,1942,2014-02-14,2315,40841,2015,5,5,7,1942,0,0,0,NA,0,20T59,NORMANDIE AV,1ST ST,112,N,N,A,-,N,NA,NA,NA,NA,NA,NA,NA,NA,NA,Y,4,0,1,2,A,-,01,23152,A,F,C,C,A,A,H,-,C,D,0,NA,NA,NA,NA,Y,Y,A,01,0,0,1,0,0,0,0,0,0,-,-,NA,NA,LOS ANGELES,LOS ANGELES,-118.30040256,34.07404716
6438070,2014,2014-07-21,1942,2014-02-14,1845,37287,1523,5,5,7,1942,0,0,0,O,0,NA,VICTORY BL,WHITSETT AV,0,NA,Y,A,-,N,NA,NA,NA,NA,NA,NA,NA,NA,NA,Y,3,0,2,3,A,-,08,22107,NA,N,D,C,A,A,H,-,C,A,0,NA,NA,NA,NA,Y,NA,A,01,0,1,1,0,0,0,0,0,0,-,-,NA,NA,LOS ANGELES,LOS ANGELES,-118.40526011,34.18668004
6438072,2014,2014-06-27,1942,2014-02-18,1720,40398,1551,2,5,7,1942,0,0,0,O,0,15TL42,RIVERSIDE DR,LAUREL CANYON BL,150,E,N,B,-,N,NA,NA,NA,NA,NA,NA,NA,NA,NA,Y,3,0,2,2,A,-,07,21658,A,N,D,C,A,A,H,-,B,D,0,NA,NA,NA,NA,Y,NA,A,01,0,1,1,0,0,0,0,0,0,-,-,NA,NA,LOS ANGELES,LOS ANGELES,-118.3959951,34.15762
6438073,2014,2014-07-23,1942,2014-02-10,1515,40690,1413,1,5,7,1942,0,0,0,N,0,14QL19,LINCOLN BL,ROSE AV,0,S,N,A,-,N,NA,NA,NA,NA,NA,NA,NA,NA,NA,N,4,0,2,2,A,-,04,21703,NA,F,C,C,A,A,H,-,A,A,0,NA,NA,NA,NA,Y,NA,-,99,0,0,2,0,0,0,0,0,0,-,-,NA,NA,LOS ANGELES,LOS ANGELES,-118.46785012,34.00135008
6438074,2014,2014-07-18,1942,2014-02-14,1255,37737,1503,5,5,7,1942,0,0,0,O,0,10TL32,SHERMAN WY,LAUREL CANYON BL,446,W,N,A,-,N,NA,NA,NA,NA,NA,NA,NA,NA,NA,Y,2,0,1,2,A,-,09,21801,A,N,D,C,A,A,H,-,A,D,0,NA,NA,Y,NA,Y,NA,A,01,1,0,0,0,0,0,0,0,1,-,-,NA,NA,LOS ANGELES,LOS ANGELES,-118.3979516,34.20090836
6438076,2014,2014-06-27,1942,2014-02-13,0550,41263,909,4,5,7,1942,0,0,0,NA,0,9A41,WOODMAN AV,VALERIO ST,0,NA,Y,A,-,N,NA,NA,NA,NA,NA,NA,NA,NA,NA,N,3,0,1,2,A,-,10,21950,A,F,G,B,B,A,H,-,-,A,0,Y,NA,NA,NA,Y,NA,-,99,0,1,0,0,1,0,0,0,0,-,-,NA,NA,LOS ANGELES,LOS ANGELES,-118.43125013,34.20482004
6438077,2014,2014-07-22,1942,2014-02-10,1630,31573,2056,1,5,7,1942,0,0,0,NA,0,34MQ09,VERMONT AV,JAMES M WOOD,0,NA,Y,A,-,N,NA,NA,NA,NA,NA,NA,NA,NA,NA,N,4,0,1,2,A,-,04,21703,NA,F,C,C,A,A,H,-,A,A,0,NA,NA,NA,NA,Y,NA,-,99,0,0,1,0,0,0,0,0,0,-,-,NA,NA,LOS ANGELES,LOS ANGELES,-118.29163,34.05594
6438078,2014,2014-07-18,1942,2014-02-01,1535,38850,1513,6,5,7,1942,0,0,0,O,0,16TL26,VANOWEN ST,WHITSETT AV,0,NA,Y,A,-,N,NA,NA,NA,NA,NA,NA,NA,NA,NA,Y,4,0,1,2,A,-,09,21801,A,N,D,C,A,A,H,-,A,A,0,NA,NA,NA,NA,Y,NA,A,01,0,0,1,0,0,0,0,0,0,-,-,NA,NA,LOS ANGELES,LOS ANGELES,-118.40528011,34.19395001
6438080,2014,2014-06-27,1942,2014-02-14,0050,34561,1031,5,5,7,1942,0,0,0,J,0,15Y45,CORBIN AV,FRIAR ST,0,NA,Y,A,-,N,NA,NA,NA,NA,NA,NA,NA,NA,NA,Y,3,0,4,2,A,-,01,23152,A,N,D,C,A,A,H,-,C,A,0,NA,NA,NA,NA,Y,Y,A,01,0,3,1,0,0,0,0,0,0,-,-,NA,NA,LOS ANGELES,LOS ANGELES,-118.56220001,34.18565002
6438081,2014,2014-07-07,1942,2014-02-15,1110,40460,1403,6,5,7,1942,0,0,0,N,0,14TL49,NATIONAL BL,KELTON AV,3,E,N,A,-,N,NA,NA,NA,NA,NA,NA,NA,NA,NA,N,4,0,2,2,A,-,03,22350,NA,N,C,C,A,A,H,-,A,D,0,NA,NA,NA,NA,Y,NA,A,01,0,0,2,0,0,0,0,0,0,-,-,NA,NA,LOS ANGELES,LOS ANGELES,-118.42261119,34.02972373
6438082,2014,2014-07-02,1942,2014-02-17,0210,37854,645,1,5,7,1942,0,0,0,NA,0,6FB38,HOLLYWOOD BL,HIGHLAND AV,20,W,N,A,-,N,NA,NA,NA,NA,NA,NA,NA,NA,NA,N,3,0,1,2,A,-,11,21456,B,F,B,B,D,A,H,-,C,A,0,Y,NA,NA,NA,Y,Y,N,60,0,1,0,0,1,0,0,0,0,-,-,NA,NA,LOS ANGELES,LOS ANGELES,-118.33875594,34.10155
6438083,2014,2014-07-08,1942,2014-02-07,1330,36810,0701,5,5,7,1942,0,0,0,G,0,8TL26,ROMAINE ST,CRESCENT HEIGHTS BL,0,NA,Y,B,-,N,NA,NA,NA,NA,NA,NA,NA,NA,NA,Y,4,0,1,2,A,-,09,21802,A,N,D,C,A,A,H,-,A,A,0,NA,NA,NA,NA,Y,NA,A,01,0,0,1,0,0,0,0,0,0,-,-,NA,NA,LOS ANGELES,LOS ANGELES,-118.36591006,34.08873006
6438085,2014,2014-07-07,1942,2014-02-13,1700,37700,2074,4,5,7,1942,0,0,0,NA,0,6T2,WASHINGTON BL,HARVARD BL,4,W,N,A,-,N,NA,NA,NA,NA,NA,NA,NA,NA,NA,N,4,0,1,2,A,-,09,21453,B,N,G,B,B,A,H,-,A,A,0,Y,NA,NA,NA,Y,NA,A,01,0,0,1,0,1,0,0,0,0,-,-,NA,NA,LOS ANGELES,LOS ANGELES,-118.30432318,34.03997
6438086,2014,2014-07-02,1942,2014-02-24,1955,38017,2126,1,5,7,1942,0,0,0,NA,0,19T75W,ROSCOE BL,DEERING AV,175,E,N,A,-,N,NA,NA,NA,NA,NA,NA,NA,NA,NA,N,4,0,1,2,A,-,09,21804,A,F,B,C,A,A,H,-,C,D,0,NA,NA,NA,NA,Y,NA,-,99,0,0,1,0,0,0,0,0,0,-,-,NA,NA,LOS ANGELES,LOS ANGELES,-118.59452234,34.21987357
6438087,2014,2014-07-08,1942,2014-02-14,1625,37903,1438,5,5,7,1942,0,0,0,N,0,14T52,VENICE BL,GIRARD AV,40,W,N,A,-,N,NA,NA,NA,NA,NA,NA,NA,NA,NA,Y,4,0,2,3,A,-,03,22350,NA,N,C,C,A,A,H,-,A,A,0,NA,NA,NA,NA,Y,NA,A,01,0,0,2,0,0,0,0,0,0,-,-,NA,NA,LOS ANGELES,LOS ANGELES,-118.4110091,34.01636849
6438089,2014,2014-07-07,1942,2014-02-12,0840,31667,0711,3,5,7,1942,0,0,0,G,0,8T83,BEVERLY BL,ALFRED ST,0,NA,Y,A,-,N,NA,NA,NA,NA,NA,NA,NA,NA,NA,Y,4,0,1,2,A,-,09,21801,A,N,D,C,A,A,H,-,A,D,0,NA,NA,NA,NA,Y,NA,A,01,0,0,1,0,0,0,0,0,0,-,-,NA,NA,LOS ANGELES,LOS ANGELES,-118.37533003,34.07606008
6438090,2014,2014-07-02,1942,2014-02-07,2245,25495,0745,5,5,7,1942,0,0,0,G,0,7T123,OLYMPIC BL,RIDGELEY DR,52,W,N,A,-,N,NA,NA,NA,NA,NA,NA,NA,NA,NA,Y,4,0,1,1,A,-,01,23152,A,N,E,I,A,A,H,-,C,A,0,NA,NA,NA,NA,Y,Y,A,01,0,0,1,0,0,0,0,0,0,-,-,NA,NA,LOS ANGELES,LOS ANGELES,-118.35267129,34.05738381
6438091,2014,2014-07-08,1942,2014-02-13,0800,37575,0747,4,5,7,1942,0,0,0,G,0,7TL71,HUDSON AV,12TH ST,0,NA,Y,A,-,N,NA,NA,NA,NA,NA,NA,NA,NA,NA,Y,3,0,2,2,A,-,09,21802,A,N,D,C,A,A,H,-,A,A,0,NA,NA,NA,NA,Y,NA,A,07,0,1,1,0,0,0,0,0,0,-,-,NA,NA,LOS ANGELES,LOS ANGELES,-118.33664001,34.05287003
6438093,2014,2014-07-07,1942,2014-02-11,1515,39993,0735,2,5,7,1942,0,0,0,G,0,7TL72,WILSHIRE BL,DETROIT ST,35,W,N,A,-,N,NA,NA,NA,NA,NA,NA,NA,NA,NA,N,4,0,2,2,A,-,03,22350,NA,N,C,C,A,A,H,-,A,A,0,NA,NA,NA,NA,Y,NA,A,01,0,0,2,0,0,0,0,0,0,-,-,NA,NA,LOS ANGELES,LOS ANGELES,-118.34527527,34.06224329