CASE_ID,ACCIDENT_YEAR,PROC_DATE,JURIS,COLLISION_DATE,COLLISION_TIME,OFFICER_ID,REPORTING_DISTRICT,DAY_OF_WEEK,CHP_SHIFT,POPULATION,CNTY_CITY_LOC,SPECIAL_COND,BEAT_TYPE,CHP_BEAT_TYPE,CITY_DIVISION_LAPD,CHP_BEAT_CLASS,BEAT_NUMBER,PRIMARY_RD,SECONDARY_RD,DISTANCE,DIRECTION,INTERSECTION,WEATHER_1,WEATHER_2,STATE_HWY_IND,CALTRANS_COUNTY,CALTRANS_DISTRICT,STATE_ROUTE,ROUTE_SUFFIX,POSTMILE_PREFIX,POSTMILE,LOCATION_TYPE,RAMP_INTERSECTION,SIDE_OF_HWY,TOW_AWAY,COLLISION_SEVERITY,NUMBER_KILLED,NUMBER_INJURED,PARTY_COUNT,PRIMARY_COLL_FACTOR,PCF_CODE_OF_VIOL,PCF_VIOL_CATEGORY,PCF_VIOLATION,PCF_VIOL_SUBSECTION,HIT_AND_RUN,TYPE_OF_COLLISION,MVIW,PED_ACTION,ROAD_SURFACE,ROAD_COND_1,ROAD_COND_2,LIGHTING,CONTROL_DEVICE,CHP_ROAD_TYPE,PEDESTRIAN_ACCIDENT,BICYCLE_ACCIDENT,MOTORCYCLE_ACCIDENT,TRUCK_ACCIDENT,NOT_PRIVATE_PROPERTY,ALCOHOL_INVOLVED,STWD_VEHTYPE_AT_FAULT,CHP_VEHTYPE_AT_FAULT,COUNT_SEVERE_INJ,COUNT_VISIBLE_INJ,COUNT_COMPLAINT_PAIN,COUNT_PED_KILLED,COUNT_PED_INJURED,COUNT_BICYCLIST_KILLED,COUNT_BICYCLIST_INJURED,COUNT_MC_KILLED,COUNT_MC_INJURED,PRIMARY_RAMP,SECONDARY_RAMP,LATITUDE,LONGITUDE,COUNTY,CITY,POINT_X,POINT_Y
6438164,2014,2014-07-01,1942,2014-02-27,1110,38503,1267,4,5,7,1942,0,0,0,L,0,12T41,BROADWAY,85TH ST,11,S,N,A,-,N,NA,NA,NA,NA,NA,NA,NA,NA,NA,N,4,0,1,2,A,-,03,22350,NA,N,C,C,A,A,H,-,A,A,0,NA,NA,NA,NA,Y,NA,A,01,0,0,1,0,0,0,0,0,0,-,-,NA,NA,LOS ANGELES,LOS ANGELES,-118.278299,33.961502
6438165,2014,2014-06-30,1942,2014-02-18,0950,31668,2019,2,5,7,1942,0,0,0,NA,0,34QL23,3RD ST,COMMONWEALTH AV,45,W,N,A,-,N,NA,NA,NA,NA,NA,NA,NA,NA,NA,Y,4,0,4,3,A,-,03,22350,NA,N,C,C,A,A,H,-,A,D,0,NA,NA,NA,NA,Y,NA,A,01,0,0,4,0,0,0,0,0,0,-,-,NA,NA,LOS ANGELES,LOS ANGELES,-118.28586826,34.06896275
6438168,2014,2014-07-01,1942,2014-02-27,1150,37437,1218,4,5,7,1942,0,0,0,L,0,5T21,VERMONT AV,55TH ST,0,NA,Y,B,-,N,NA,NA,NA,NA,NA,NA,NA,NA,NA,Y,4,0,2,2,A,-,09,21801,A,N,D,C,A,A,H,-,A,D,0,NA,NA,NA,NA,Y,NA,A,01,0,0,2,0,0,0,0,0,0,-,-,NA,NA,LOS ANGELES,LOS ANGELES,-118.2915,33.9923
6438169,2014,2014-07-01,1942,2014-02-21,1505,38850,1735,5,5,7,1942,0,0,0,Q,0,16TL26,WHITE OAK AV,CHATSWORTH ST,0,NA,Y,A,-,N,NA,NA,NA,NA,NA,NA,NA,NA,NA,Y,3,0,2,2,A,-,12,21453,A,N,D,C,A,A,H,-,A,A,0,NA,NA,NA,NA,Y,NA,A,01,0,1,1,0,0,0,0,0,0,-,-,NA,NA,LOS ANGELES,LOS ANGELES,-118.51977002,34.26487004
6438173,2014,2014-07-01,1942,2014-02-21,0750,39473,1759,5,5,7,1942,0,0,0,Q,0,16TL25,HASKELL AV,LEMARSH ST,0,NA,Y,A,-,N,NA,NA,NA,NA,NA,NA,NA,NA,NA,Y,4,0,2,2,A,-,09,21802,A,N,D,C,A,A,H,-,A,A,0,NA,NA,NA,NA,Y,NA,A,01,0,0,2,0,0,0,0,0,0,-,-,NA,NA,LOS ANGELES,LOS ANGELES,-118.47613002,34.25550008
6438177,2014,2014-07-01,1942,2014-02-21,1120,38413,1792,5,5,7,1942,0,0,0,Q,0,35ZL20,ROSCOE BL,CORBIN AV,19,E,N,A,-,N,NA,NA,NA,NA,NA,NA,NA,NA,NA,Y,4,0,1,2,A,-,04,21703,NA,N,C,C,A,A,H,-,A,A,0,NA,NA,NA,NA,Y,NA,A,07,0,0,1,0,0,0,0,0,0,-,-,NA,NA,LOS ANGELES,LOS ANGELES,-118.56222726,34.22035
6438180,2014,2015-08-14,1900,2014-02-11,2105,284926,1515,2,5,5,1954,0,0,0,NA,0,151T3,ROSEMEAD AV,WASHINGTON BL,191,S,N,A,-,N,NA,NA,NA,NA,NA,NA,NA,NA,NA,Y,4,0,2,2,A,-,01,23152,A,N,D,C,A,A,H,-,C,A,0,NA,NA,NA,NA,Y,Y,A,01,0,0,2,0,0,0,0,0,0,-,-,NA,NA,LOS ANGELES,PICO RIVERA,-118.09748535,33.98277189
6438181,2014,2014-06-30,1942,2014-02-20,1005,39476,1794,4,5,7,1942,0,0,0,Q,0,21TL61,MALDEN ST,RESEDA BL,339,W,N,A,-,N,NA,NA,NA,NA,NA,NA,NA,NA,NA,N,4,0,2,2,A,-,21,22106,NA,N,B,C,A,A,H,-,A,D,0,NA,NA,NA,NA,Y,NA,A,01,0,0,2,0,0,0,0,0,0,-,-,NA,NA,LOS ANGELES,LOS ANGELES,-118.53719905,34.22551308
6438184,2014,2014-07-01,1900,2014-02-16,1650,471346,1519,7,5,5,1954,0,0,0,NA,0,151T2,SONGFEST DR,HAMDEN ST,134,N,N,A,-,N,NA,NA,NA,NA,NA,NA,NA,NA,NA,N,4,0,1,2,A,-,09,21804,A,N,D,G,A,A,H,-,A,D,0,NA,Y,NA,NA,Y,NA,L,04,0,0,1,0,0,0,1,0,0,-,-,NA,NA,LOS ANGELES,PICO RIVERA,-118.09791405,33.95593316
6438185,2014,2014-06-30,1942,2014-02-12,2110,39971,1798,3,5,7,1942,0,0,0,Q,0,9T55,GLORIA AV,NORDHOFF ST,25,N,N,A,-,N,NA,NA,NA,NA,NA,NA,NA,NA,NA,N,4,0,3,2,A,-,03,22350,NA,N,C,C,A,A,H,-,C,A,0,NA,NA,NA,NA,Y,NA,A,01,0,0,3,0,0,0,0,0,0,-,-,NA,NA,LOS ANGELES,LOS ANGELES,-118.48071134,34.23566857
6438188,2014,2014-07-01,1942,2014-02-27,0735,36461,1231,4,5,7,1942,0,0,0,L,0,3T5,VERDUN AV,SLAUSON AV,0,NA,Y,B,-,N,NA,NA,NA,NA,NA,NA,NA,NA,NA,Y,4,0,1,2,A,-,09,21802,A,N,D,C,A,B,H,-,A,D,0,NA,NA,NA,NA,Y,NA,A,07,0,0,1,0,0,0,0,0,0,-,-,NA,NA,LOS ANGELES,LOS ANGELES,-118.3461401,33.98893011
6438189,2014,2014-07-01,1942,2014-02-23,1300,40398,2177,7,5,7,1942,0,0,0,NA,0,13TL42,OXNARD ST,VARIEL AV,0,NA,Y,A,-,N,NA,NA,NA,NA,NA,NA,NA,NA,NA,N,4,0,1,2,A,-,03,22350,NA,N,C,C,A,A,H,-,A,D,0,NA,NA,NA,NA,Y,NA,A,01,0,0,1,0,0,0,0,0,0,-,-,NA,NA,LOS ANGELES,LOS ANGELES,-118.59280008,34.17925003
6438193,2014,2014-07-01,1942,2014-02-22,1520,35481,2145,6,5,7,1942,0,0,0,NA,0,21TL62,VICTORY BL,GLADE AV,75,W,N,A,-,N,NA,NA,NA,NA,NA,NA,NA,NA,NA,Y,4,0,1,4,A,-,08,22107,NA,N,C,E,A,A,H,-,A,D,0,NA,NA,NA,NA,Y,NA,A,07,0,0,1,0,0,0,0,0,0,-,-,NA,NA,LOS ANGELES,LOS ANGELES,-118.60796508,34.18651192
6438194,2014,2014-06-30,1942,2014-02-15,1835,40059,1283,6,5,7,1942,0,0,0,L,0,5T25,WESTERN AV,98TH ST,65,N,N,A,-,N,NA,NA,NA,NA,NA,NA,NA,NA,NA,Y,4,0,3,2,A,-,07,21658,A,N,B,C,A,A,H,-,C,A,0,NA,NA,NA,NA,Y,NA,A,01,0,0,3,0,0,0,0,0,0,-,-,NA,NA,LOS ANGELES,LOS ANGELES,-118.309029,33.947011
6438197,2014,2014-07-01,1942,2014-02-18,2120,Y,1676,2,5,7,1942,0,0,0,P,0,9T53,GLENOAKS AV,LANARK,20,N,N,A,-,N,NA,NA,NA,NA,NA,NA,NA,NA,NA,Y,4,0,1,2,A,-,03,22350,NA,F,C,D,A,A,H,-,C,A,0,NA,NA,NA,NA,Y,Y,-,99,0,0,1,0,0,0,0,0,0,-,-,NA,NA,LOS ANGELES,LOS ANGELES,-118.35458797,34.21839488
6438198,2014,2014-06-30,1942,2014-02-17,1425,26101,1207,1,5,7,1942,0,0,0,L,0,18T23,VERMONT AV,48TH ST,4,S,N,A,-,N,NA,NA,NA,NA,NA,NA,NA,NA,NA,N,3,0,2,3,A,-,-,NA,NA,N,A,B,B,A,H,-,A,A,0,Y,NA,NA,NA,Y,NA,A,01,0,1,1,0,2,0,0,0,0,-,-,NA,NA,LOS ANGELES,LOS ANGELES,-118.291538,33.999599
6438201,2014,2014-07-01,1942,2014-02-22,1300,38850,2134,6,5,7,1942,0,0,0,NA,0,16TL26,VALERIO ST,SHOUP AV,8,E,N,A,-,N,NA,NA,NA,NA,NA,NA,NA,NA,NA,N,4,0,1,2,A,-,03,22350,NA,N,D,C,A,A,H,-,A,A,0,NA,NA,NA,NA,Y,NA,A,01,0,0,1,0,0,0,0,0,0,-,-,NA,NA,LOS ANGELES,LOS ANGELES,-118.61465359,34.20462954
6438202,2014,2014-06-30,1942,2014-02-18,0745,38503,1269,2,5,7,1942,0,0,0,L,0,18T23,MANCHESTER AV,STANFORD AV,0,NA,Y,B,-,N,NA,NA,NA,NA,NA,NA,NA,NA,NA,Y,3,0,4,2,A,-,09,21801,A,N,D,C,A,A,H,-,A,A,0,NA,NA,NA,NA,Y,NA,A,01,0,1,3,0,0,0,0,0,0,-,-,NA,NA,LOS ANGELES,LOS ANGELES,-118.26294004,33.96013008
6438205,2014,2014-06-30,1942,2014-02-22,2255,38956,1636,6,5,7,1942,0,0,0,P,0,10T37,SUNLAND BL,NOHLES DR,671,W,N,A,-,N,NA,NA,NA,NA,NA,NA,NA,NA,NA,Y,3,0,1,1,A,-,01,23152,A,N,A,I,A,A,H,-,C,D,0,NA,NA,NA,NA,Y,Y,A,07,0,1,0,0,0,0,0,0,0,-,-,NA,NA,LOS ANGELES,LOS ANGELES,-118.33627637,34.26005787
6438209,2014,2014-07-01,1942,2014-02-18,1835,37820,2055,2,5,7,1942,0,0,0,NA,0,20A88,11TH ST,FEDORA ST,0,NA,Y,B,-,N,NA,NA,NA,NA,NA,NA,NA,NA,NA,N,2,0,1,2,A,-,10,21950,A,N,G,B,B,-,H,-,C,A,0,Y,NA,NA,NA,Y,NA,A,07,1,0,0,0,1,0,0,0,0,-,-,NA,NA,LOS ANGELES,LOS ANGELES,-118.29790005,34.0508901
6438213,2014,2014-07-01,1942,2014-02-19,1620,37700,2022,3,5,7,1942,0,0,0,NA,0,6TL2,4TH ST,SAINT ANDREWS PL,15,W,N,A,-,N,NA,NA,NA,NA,NA,NA,NA,NA,NA,N,3,0,1,2,A,-,10,21950,A,N,G,B,B,A,H,-,A,A,0,Y,NA,NA,NA,Y,NA,A,01,0,1,0,0,1,0,0,0,0,-,-,NA,NA,LOS ANGELES,LOS ANGELES,-118.31164943,34.0671496
6438217,2014,2014-07-01,1953,2014-02-18,1025,7724,LA CO,2,5,6,1953,0,0,0,NA,0,001,COLORADO BL,ORANGE GROVE BL,0,NA,Y,A,-,N,NA,NA,NA,NA,NA,NA,NA,NA,NA,Y,3,0,1,2,A,-,09,21801,A,N,D,C,A,A,H,-,A,A,0,NA,NA,NA,NA,Y,NA,A,07,0,1,0,0,0,0,0,0,0,-,-,NA,NA,LOS ANGELES,PASADENA,-118.16069012,34.14574002
6438223,2014,2014-07-01,1942,2014-02-26,1700,36752,1255,3,5,7,1942,0,0,0,L,0,12T73,NORMANDIE,76TH ST,0,NA,Y,A,-,N,NA,NA,NA,NA,NA,NA,NA,NA,NA,N,4,0,2,2,A,-,12,21453,A,N,D,C,A,A,H,-,A,A,0,NA,NA,NA,NA,Y,NA,A,01,0,0,2,0,0,0,0,0,0,-,-,NA,NA,LOS ANGELES,LOS ANGELES,-118.30031001,33.97098005
6438227,2014,2014-07-01,1942,2014-02-26,1525,36571,1207,3,5,7,1942,0,0,0,L,0,12T73,VERMONT AV,50TH PL,0,N,N,A,-,N,NA,NA,NA,NA,NA,NA,NA,NA,NA,N,4,0,1,2,A,-,03,22350,NA,N,C,C,A,A,H,-,A,A,0,NA,NA,NA,NA,Y,NA,A,01,0,0,1,0,0,0,0,0,0,-,-,NA,NA,LOS ANGELES,LOS ANGELES,-118.29153008,33.99696007
6438228,2014,2014-07-01,1942,2014-02-21,1240,38850,1991,5,5,7,1942,0,0,0,NA,0,16TL26,LANGDON AV,ROSCOE BL,300,S,N,A,-,N,NA,NA,NA,NA,NA,NA,NA,NA,NA,N,4,0,1,2,A,-,21,22106,NA,F,H,B,E,A,H,-,A,D,0,Y,NA,NA,NA,Y,NA,-,99,0,0,1,0,1,0,0,0,0,-,-,NA,NA,LOS ANGELES,LOS ANGELES,-118.46992297,34.22056713
6438231,2014,2014-07-01,1942,2014-02-26,0900,39028,1283,3,5,7,1942,0,0,0,L,0,12TL41,92ND ST,NORMANDIE AV,0,NA,Y,B,-,N,NA,NA,NA,NA,NA,NA,NA,NA,NA,N,4,0,1,2,A,-,05,21650,1,N,D,G,A,A,H,-,A,A,0,NA,Y,NA,NA,Y,NA,L,04,0,0,1,0,0,0,1,0,0,-,-,NA,NA,LOS ANGELES,LOS ANGELES,-118.30027005,33.95273011
6438232,2014,2014-07-01,1942,2014-02-21,1220,26319,1989,5,5,7,1942,0,0,0,NA,0,1989,SHELDON ST,ROSCOE BL,0,NA,Y,A,-,N,NA,NA,NA,NA,NA,NA,NA,NA,NA,Y,3,0,2,3,A,-,12,21453,A,N,B,C,A,A,H,-,A,A,0,NA,NA,NA,NA,Y,NA,A,01,0,1,1,0,0,0,0,0,0,-,-,NA,NA,LOS ANGELES,LOS ANGELES,-118.41441006,34.22168001
6438235,2014,2014-07-01,1942,2014-02-26,2100,39119,1263,3,5,7,1942,0,0,0,L,0,12X55,VAN NESS,83RD ST,0,NA,Y,B,-,N,NA,NA,NA,NA,NA,NA,NA,NA,NA,N,3,0,1,2,A,-,08,22107,NA,N,B,C,A,A,H,-,C,D,0,NA,NA,Y,NA,Y,NA,C,02,0,1,0,0,0,0,0,0,1,-,-,NA,NA,LOS ANGELES,LOS ANGELES,-118.3177601,33.96366011
6438236,2014,2014-07-01,1942,2014-02-22,1955,39192,1991,6,5,7,1942,0,0,0,NA,0,9T53W3,ROSCOE BL,LANGDON AV,0,NA,Y,A,-,N,NA,NA,NA,NA,NA,NA,NA,NA,NA,Y,4,0,2,2,A,-,12,21453,A,N,D,C,A,A,H,-,C,A,0,NA,NA,NA,NA,Y,NA,A,01,0,0,2,0,0,0,0,0,0,-,-,NA,NA,LOS ANGELES,LOS ANGELES,-118.46993009,34.22139007
6438239,2014,2014-07-01,1942,2014-02-26,1910,40705,1215,3,5,7,1942,0,0,0,L,0,3T5,57TH ST,BUDLONG AV,0,NA,Y,A,-,N,NA,NA,NA,NA,NA,NA,NA,NA,NA,Y,4,0,4,2,A,-,09,21802,A,F,D,C,A,A,H,-,C,D,0,NA,NA,NA,NA,Y,NA,-,99,0,0,4,0,0,0,0,0,0,-,-,NA,NA,LOS ANGELES,LOS ANGELES,-118.29586004,33.99094006
6438240,2014,2014-07-01,1942,2014-02-23,1150,39096,1977,7,5,7,1942,0,0,0,NA,0,10TL34,WOODMAN AV,CHASE ST,250,N,N,A,-,N,NA,NA,NA,NA,NA,NA,NA,NA,NA,N,4,0,1,2,A,-,09,21804,A,N,D,C,A,A,H,-,A,D,0,NA,NA,NA,NA,Y,NA,A,01,0,0,1,0,0,0,0,0,0,-,-,NA,NA,LOS ANGELES,LOS ANGELES,-118.43493883,34.22846225
6438241,2014,2015-12-29,9540,2014-02-28,0405,19716,NA,5,3,6,1985,0,1,1,NA,2,506,RT 5,VALENCIA BL,2640,S,N,C,-,Y,LA,7,5,-,R,51.97,H,-,N,Y,3,0,1,1,A,-,03,22350,NA,N,E,I,A,B,H,-,C,D,1,NA,NA,NA,NA,Y,NA,A,01,0,1,0,0,0,0,0,0,0,-,-,34.40191,-118.57338,LOS ANGELES,SANTA CLARITA,-118.5731719,34.4016047
6438244,2014,2014-07-03,1942,2014-02-14,1800,37797,1827,5,5,7,1942,0,0,0,R,0,18A26,ANZAC AV,95TH ST,0,NA,Y,A,-,N,NA,NA,NA,NA,NA,NA,NA,NA,NA,N,4,0,1,2,A,-,12,22450,NA,F,D,C,A,A,H,-,C,A,0,NA,NA,NA,NA,Y,NA,-,99,0,0,1,0,0,0,0,0,0,-,-,NA,NA,LOS ANGELES,LOS ANGELES,-118.2374601,33.95055012
6438245,2014,2014-06-30,1942,2014-02-27,1120,31816,1151,4,5,7,1942,0,0,0,K,0,4TL43,FOUNTAIN AV,EDGEMONT ST,100,W,N,A,-,N,NA,NA,NA,NA,NA,NA,NA,NA,NA,N,4,0,1,1,A,-,03,22350,NA,N,H,-,A,A,H,-,A,D,0,NA,NA,Y,NA,Y,NA,C,02,0,0,1,0,0,0,0,0,1,-,-,NA,NA,LOS ANGELES,LOS ANGELES,-118.29646958,34.09537378
6438249,2014,2016-03-05,9590,2014-02-23,0225,20470,NA,7,3,7,1942,0,1,1,NA,2,010,RT 110,TUNNEL #4,205,N,N,A,-,Y,LA,7,110,-,-,25.488,R,3,N,Y,2,0,4,1,A,-,01,23152,A,N,E,I,A,A,H,-,C,D,1,NA,NA,NA,NA,Y,Y,A,01,1,2,1,0,0,0,0,0,0,TO,-,34.08202,-118.22406,LOS ANGELES,LOS ANGELES,-118.2268416,34.07951051
6438252,2014,2014-07-03,1942,2014-02-28,2140,38531,1802,5,5,7,1942,0,0,0,R,0,5T21,89TH ST,GRAND AV,150,E,N,B,-,N,NA,NA,NA,NA,NA,NA,NA,NA,NA,N,4,0,1,3,A,-,05,21650,NA,F,B,C,A,A,H,-,C,D,0,NA,NA,NA,NA,Y,NA,A,01,0,0,1,0,0,0,0,0,0,-,-,NA,NA,LOS ANGELES,LOS ANGELES,-118.27985633,33.95602
6438256,2014,2014-07-03,1942,2014-02-25,1520,38846,1826,2,5,7,1942,0,0,0,R,0,18A26,COMPTON AV,99TH ST,0,NA,Y,A,-,N,NA,NA,NA,NA,NA,NA,NA,NA,NA,Y,4,0,5,4,A,-,04,21703,NA,F,C,C,A,A,H,-,A,D,0,NA,NA,NA,NA,Y,NA,-,99,0,0,5,0,0,0,0,0,0,-,-,NA,NA,LOS ANGELES,LOS ANGELES,-118.24625008,33.94697007
6438258,2014,2014-06-30,1961,2014-02-27,1845,10281,1961,4,5,3,1961,0,0,0,NA,0,002,GLENOAKS BL,NEWTON ST,0,NA,N,-,-,N,NA,NA,NA,NA,NA,NA,NA,NA,NA,NA,4,0,2,2,A,-,03,22350,NA,N,C,C,A,-,-,-,-,D,0,NA,NA,NA,NA,Y,Y,A,01,0,0,2,0,0,0,0,0,0,-,-,NA,NA,LOS ANGELES,SAN FERNANDO,-118.4281801,34.28925009
6438260,2014,2014-07-03,1942,2014-02-25,0900,40681,RD203,2,5,7,1942,0,0,0,NA,0,2103,HARVARD AV,VERNON AV,0,NA,Y,A,-,N,NA,NA,NA,NA,NA,NA,NA,NA,NA,N,4,0,1,2,A,-,03,22350,NA,F,C,C,A,A,H,-,A,A,0,NA,NA,NA,NA,Y,NA,-,99,0,0,1,0,0,0,0,0,0,-,-,NA,NA,LOS ANGELES,LOS ANGELES,-118.30675011,34.00372001
6438262,2014,2014-06-30,1961,2014-02-25,1130,3060,1961,2,5,3,1961,0,0,0,NA,0,1L27,FOX ST,ILEX ST,29,E,N,-,-,N,NA,NA,NA,NA,NA,NA,NA,NA,NA,NA,4,0,2,2,A,-,09,21802,A,N,D,C,A,-,-,-,-,A,0,NA,NA,NA,NA,Y,NA,-,NA,0,0,2,0,0,0,0,0,0,-,-,NA,NA,LOS ANGELES,SAN FERNANDO,-118.43683,34.27834
6438265,2014,2014-06-30,1941,2014-03-26,0638,6321,NA,3,5,7,1941,0,0,0,NA,0,NA,PACIFIC COAST HWY,ROSE AV,0,NA,Y,A,-,N,NA,NA,NA,NA,NA,NA,NA,NA,NA,Y,4,0,1,3,A,-,12,22450,A,N,D,C,A,A,H,-,A,A,0,NA,NA,NA,NA,Y,Y,A,NA,0,0,1,0,0,0,0,0,0,-,-,NA,NA,LOS ANGELES,LONG BEACH,-118.16986001,33.78986003
6438266,2014,2014-06-30,1961,2014-02-22,2255,10054,1961,6,5,3,1961,0,0,0,NA,0,002,GLENOAKS BL,ORANGE GROVE AV,0,NA,Y,-,-,N,NA,NA,NA,NA,NA,NA,NA,NA,NA,NA,4,0,3,2,A,-,01,23152,A,N,C,C,A,-,-,-,-,A,0,NA,NA,NA,NA,Y,Y,A,01,0,0,3,0,0,0,0,0,0,-,-,NA,NA,LOS ANGELES,SAN FERNANDO,-118.43614005,34.29676005
6438269,2014,2014-06-30,1941,2014-03-25,1252,5685,NA,2,5,7,1941,0,0,0,NA,0,NA,CLARK AV,ATHERTON ST,0,NA,Y,B,-,N,NA,NA,NA,NA,NA,NA,NA,NA,NA,Y,3,0,1,2,A,-,09,21801,A,N,A,C,A,A,H,-,A,A,0,NA,NA,Y,NA,Y,NA,A,NA,0,1,0,0,0,0,0,0,1,-,-,NA,NA,LOS ANGELES,LONG BEACH,-118.13404003,33.78981003
6438270,2014,2014-06-30,1961,2014-02-20,0544,10241,1961,4,5,3,1961,0,0,0,NA,0,002,HUBBARD ST,FRANK MODUGNO DR,0,NA,Y,A,-,N,NA,NA,NA,NA,NA,NA,NA,NA,NA,N,3,0,1,2,A,-,09,21800,A,N,-,-,A,A,-,-,C,-,0,NA,Y,NA,NA,Y,NA,L,04,0,1,0,0,0,0,1,0,0,-,-,NA,NA,LOS ANGELES,SAN FERNANDO,-118.44795011,34.29169005
6438274,2014,2014-07-16,1961,2014-02-12,0835,7240,1961,3,5,3,1961,0,0,0,NA,0,003,WOLFSKILL ST,SAN FERNANDO RD,84,S,N,A,-,N,NA,NA,NA,NA,NA,NA,NA,NA,NA,N,4,0,1,2,A,-,17,22517,NA,N,B,G,A,A,H,-,A,D,0,NA,Y,NA,NA,Y,NA,A,01,0,0,1,0,0,0,1,0,0,-,-,NA,NA,LOS ANGELES,SAN FERNANDO,-118.43824641,34.27934596
6438276,2014,2016-03-23,1942,2014-02-16,1840,37414,1213,7,5,7,1942,0,0,0,L,0,NA,54TH ST,VAN NESS AV,0,NA,Y,A,-,N,NA,NA,NA,NA,NA,NA,NA,NA,NA,Y,3,0,6,3,A,-,09,21802,A,N,D,C,A,A,H,-,C,D,0,NA,NA,NA,NA,Y,NA,A,07,0,4,2,0,0,0,0,0,0,-,-,NA,NA,LOS ANGELES,LOS ANGELES,-118.31766012,33.99320004
6438278,2014,2014-06-30,1961,2014-02-12,1847,10160,1961,3,5,3,1961,0,0,0,NA,0,001,DE GARMO ST,NORTH MACLAY AV,0,NA,Y,A,-,N,NA,NA,NA,NA,NA,NA,NA,NA,NA,Y,4,0,1,3,A,-,09,21801,A,N,D,C,A,A,H,-,C,A,0,NA,NA,NA,NA,Y,NA,-,NA,0,0,1,0,0,0,0,0,0,-,-,NA,NA,LOS ANGELES,SAN FERNANDO,-118.43212011,34.29002002
6438280,2014,2014-07-10,1942,2014-02-21,0830,41384,1232,5,5,7,1942,0,0,0,L,0,12A45,60TH ST,3RD AV,0,NA,Y,A,-,N,NA,NA,NA,NA,NA,NA,NA,NA,NA,N,4,0,1,2,A,-,12,22450,NA,N,D,C,A,A,H,-,A,A,0,NA,NA,NA,NA,Y,NA,-,-,0,0,1,0,0,0,0,0,0,-,-,NA,NA,LOS ANGELES,LOS ANGELES,-118.32061009,33.98548006
6438284,2014,2014-07-03,1942,2014-02-24,1725,40243,LOSAN,1,5,7,1942,0,0,0,NA,0,1203,48TH ST,WESTERN AV,180,W,N,A,-,N,NA,NA,NA,NA,NA,NA,NA,NA,NA,Y,3,0,1,2,A,-,11,21954,A,N,G,B,D,A,-,-,A,A,0,Y,NA,NA,NA,Y,NA,N,60,0,1,0,0,1,0,0,0,0,-,-,NA,NA,LOS ANGELES,LOS ANGELES,-118.30952273,34.00006
6438385,2014,2015-11-10,1942,2014-03-21,1950,35471,0941,5,5,7,1942,0,0,0,I,0,10T35,BURBANK BL,SEPULVEDA BL,400,W,N,A,-,Y,LA,7,405,-,-,40.171,R,4,N,Y,4,0,1,2,A,-,12,21453,A,M,B,C,A,A,H,-,C,A,0,NA,NA,NA,NA,Y,NA,A,01,0,0,1,0,0,0,0,0,0,-,-,NA,NA,LOS ANGELES,LOS ANGELES,-118.46758188,34.17043992
6438417,2014,2015-01-13,1942,2014-01-29,1935,41057,2062,3,5,7,1942,0,0,0,NA,0,20A34,ARLINGTON AV,OLYMPIC BL,90,S,N,A,-,N,NA,NA,NA,NA,NA,NA,NA,NA,NA,N,4,0,1,2,A,-,03,22350,NA,N,F,C,A,A,H,-,C,A,0,NA,NA,NA,NA,Y,NA,A,01,0,0,1,0,0,0,0,0,0,-,-,NA,NA,LOS ANGELES,LOS ANGELES,-118.31522902,34.05234718
6438421,2014,2015-01-13,1942,2014-01-16,1950,41057,2035,4,5,7,1942,0,0,0,NA,0,20A88,8TH ST,MARIPOSA AV,0,NA,Y,A,-,N,NA,NA,NA,NA,NA,NA,NA,NA,NA,N,3,0,1,2,A,-,09,21801,A,N,A,C,A,A,H,-,C,A,0,NA,NA,NA,NA,Y,NA,A,01,0,1,0,0,0,0,0,0,0,-,-,NA,NA,LOS ANGELES,LOS ANGELES,-118.29873011,34.05772004
6439286,2014,2015-08-14,1922,2014-03-10,1655,504708,0560,1,5,6,1922,0,0,0,NA,0,55T1PM,GARVEY AV,LEE AV,151,E,Y,A,-,N,NA,NA,NA,NA,NA,NA,NA,NA,NA,N,3,0,1,2,A,-,05,21650,1,N,H,G,A,A,H,-,A,A,0,NA,Y,NA,NA,Y,NA,L,04,0,1,0,0,0,0,1,0,0,-,-,NA,NA,LOS ANGELES,EL MONTE,-118.06635252,34.06272
6439287,2014,2014-06-30,1922,2014-03-17,1717,515591,0560,1,5,6,1922,0,0,0,NA,0,55PM,GARVEY AV,LASHBROOK AV,132,E,N,A,-,N,NA,NA,NA,NA,NA,NA,NA,NA,NA,Y,4,0,1,3,A,-,09,21804,A,N,D,C,A,A,H,-,A,A,0,NA,NA,Y,NA,Y,NA,D,22,0,0,1,0,0,0,0,0,1,-,-,NA,NA,LOS ANGELES,EL MONTE,-118.06271512,34.06274
6439309,2014,2014-06-30,1942,2014-03-18,1420,36571,0511,2,5,7,1942,0,0,0,E,0,18T39,254TH ST,BELLE PORTE AV,0,NA,Y,A,-,N,NA,NA,NA,NA,NA,NA,NA,NA,NA,N,3,0,1,2,A,-,09,21802,A,N,D,C,A,A,H,-,A,A,0,NA,NA,NA,NA,Y,NA,A,01,0,1,0,0,0,0,0,0,0,-,-,NA,NA,LOS ANGELES,LOS ANGELES,-118.30118007,33.79377005