CASE_ID,ACCIDENT_YEAR,PROC_DATE,JURIS,COLLISION_DATE,COLLISION_TIME,OFFICER_ID,REPORTING_DISTRICT,DAY_OF_WEEK,CHP_SHIFT,POPULATION,CNTY_CITY_LOC,SPECIAL_COND,BEAT_TYPE,CHP_BEAT_TYPE,CITY_DIVISION_LAPD,CHP_BEAT_CLASS,BEAT_NUMBER,PRIMARY_RD,SECONDARY_RD,DISTANCE,DIRECTION,INTERSECTION,WEATHER_1,WEATHER_2,STATE_HWY_IND,CALTRANS_COUNTY,CALTRANS_DISTRICT,STATE_ROUTE,ROUTE_SUFFIX,POSTMILE_PREFIX,POSTMILE,LOCATION_TYPE,RAMP_INTERSECTION,SIDE_OF_HWY,TOW_AWAY,COLLISION_SEVERITY,NUMBER_KILLED,NUMBER_INJURED,PARTY_COUNT,PRIMARY_COLL_FACTOR,PCF_CODE_OF_VIOL,PCF_VIOL_CATEGORY,PCF_VIOLATION,PCF_VIOL_SUBSECTION,HIT_AND_RUN,TYPE_OF_COLLISION,MVIW,PED_ACTION,ROAD_SURFACE,ROAD_COND_1,ROAD_COND_2,LIGHTING,CONTROL_DEVICE,CHP_ROAD_TYPE,PEDESTRIAN_ACCIDENT,BICYCLE_ACCIDENT,MOTORCYCLE_ACCIDENT,TRUCK_ACCIDENT,NOT_PRIVATE_PROPERTY,ALCOHOL_INVOLVED,STWD_VEHTYPE_AT_FAULT,CHP_VEHTYPE_AT_FAULT,COUNT_SEVERE_INJ,COUNT_VISIBLE_INJ,COUNT_COMPLAINT_PAIN,COUNT_PED_KILLED,COUNT_PED_INJURED,COUNT_BICYCLIST_KILLED,COUNT_BICYCLIST_INJURED,COUNT_MC_KILLED,COUNT_MC_INJURED,PRIMARY_RAMP,SECONDARY_RAMP,LATITUDE,LONGITUDE,COUNTY,CITY,POINT_X,POINT_Y
6440366,2014,2014-06-20,1912,2014-03-24,2014,11832,NA,1,5,6,1912,0,0,0,NA,0,NA,MAGNOLIA BL,VICTORY BL,25,E,N,A,-,N,NA,NA,NA,NA,NA,NA,NA,NA,NA,N,4,0,1,2,A,-,08,22107,NA,N,B,C,A,A,H,-,C,A,0,NA,NA,NA,NA,Y,NA,A,01,0,0,1,0,0,0,0,0,0,-,-,34.1775,-118.3183,LOS ANGELES,BURBANK,-118.31834212,34.17750261
6440370,2014,2014-06-20,1912,2014-03-24,1830,12190,NA,1,5,6,1912,0,0,0,NA,0,NA,CORDOVA ST,CLARK AV,0,NA,Y,A,-,N,NA,NA,NA,NA,NA,NA,NA,NA,NA,N,3,0,1,2,A,-,12,22450,A,N,D,G,A,A,H,-,A,A,0,NA,Y,NA,NA,Y,NA,L,04,0,1,0,0,0,0,1,0,0,-,-,NA,NA,LOS ANGELES,BURBANK,-118.34433012,34.1647601
6440374,2014,2014-06-20,1912,2014-03-20,1500,8017,NA,4,5,6,1912,0,0,0,NA,0,00G,VERDUGO AV,TOLUCA PARK DR,0,NA,Y,A,-,N,NA,NA,NA,NA,NA,NA,NA,NA,NA,Y,4,0,2,2,A,-,09,21802,A,N,D,C,A,-,A,H,A,A,0,NA,NA,NA,NA,Y,NA,A,01,0,0,2,0,0,0,0,0,0,-,-,NA,NA,LOS ANGELES,BURBANK,-118.34964008,34.15901002
6440378,2014,2014-06-20,1912,2014-03-19,1455,9542,NA,3,5,6,1912,0,0,0,NA,0,00G,BUENA VISTA ST,ALAMEDA AV,700,S,N,A,-,N,NA,NA,NA,NA,NA,NA,NA,NA,NA,Y,4,0,2,4,A,-,03,22350,NA,N,C,C,A,A,H,-,A,A,0,NA,NA,NA,NA,Y,NA,A,01,0,0,2,0,0,0,0,0,0,-,-,NA,NA,LOS ANGELES,BURBANK,-118.32726176,34.1564244
6440380,2014,2016-05-20,1929,2014-03-18,1209,175,NA,2,5,3,1929,0,0,0,NA,0,003,PACIFIC COAST HWY,15TH PL,0,NA,Y,A,-,Y,LA,7,1,-,-,21.381,I,5,S,Y,4,0,1,2,A,-,09,21801,A,N,D,C,A,A,H,-,A,A,0,NA,NA,NA,NA,Y,NA,A,01,0,0,1,0,0,0,0,0,0,-,-,NA,NA,LOS ANGELES,HERMOSA BEACH,-118.39333584,33.86554341
6440382,2014,2014-06-20,1912,2014-03-25,1325,9542,NA,2,5,6,1912,0,0,0,NA,0,00B,SCOTT RD,SAN FERNANDO BL,50,N,N,B,-,N,NA,NA,NA,NA,NA,NA,NA,NA,NA,N,3,0,1,2,A,-,11,21954,A,N,G,-,D,A,H,-,A,D,0,Y,NA,NA,NA,Y,NA,N,60,0,1,0,0,1,0,0,0,0,-,-,NA,NA,LOS ANGELES,BURBANK,-118.32158003,34.19036067
6440648,2014,2014-06-25,1918,2014-02-25,1847,779,NA,2,5,4,1918,0,0,0,NA,0,2M6,SEPULVEDA BL,SAWTELLE BL,0,NA,Y,B,-,N,NA,NA,NA,NA,NA,NA,NA,NA,NA,Y,4,0,2,2,A,-,12,21453,A,N,A,C,A,A,H,-,C,A,0,NA,NA,NA,NA,Y,NA,A,01,0,0,2,0,0,0,0,0,0,-,-,33.59425,-118.23432,LOS ANGELES,CULVER CITY,-118.39541,33.99511001
6440652,2014,2014-06-25,1918,2014-02-16,1649,1114,111,7,5,4,1918,0,0,0,NA,0,PATROL,FARRAGUT DR,JASMINE AV,131,W,N,A,-,N,NA,NA,NA,NA,NA,NA,NA,NA,NA,N,4,0,1,2,A,-,06,21750,NA,N,G,G,A,A,H,-,A,D,0,NA,Y,NA,NA,Y,NA,L,04,0,0,1,0,0,0,1,0,0,-,-,34.00303,-118.40391,LOS ANGELES,CULVER CITY,-118.39530488,34.01360335
6440656,2014,2014-06-24,1918,2014-02-16,1327,WELLS,370,7,5,4,1918,0,0,0,NA,0,PATROL,WASHINGTON BL,COOLIDGE AV,20,W,N,A,-,N,NA,NA,NA,NA,NA,NA,NA,NA,NA,Y,3,0,4,5,A,-,01,23152,A,N,D,C,A,A,H,-,A,D,0,NA,NA,NA,NA,Y,NA,A,07,0,2,2,0,0,0,0,0,0,-,-,34.00039,-118.41692,LOS ANGELES,CULVER CITY,-118.4169408,34.00046508
6440666,2014,2014-06-11,1972,2014-01-20,1018,17624,NA,1,5,6,1972,0,0,0,NA,0,NA,TORRANCE,EARL,5,W,N,A,-,N,NA,NA,NA,NA,NA,NA,NA,NA,NA,N,4,0,1,2,A,-,10,21950,A,F,G,B,B,A,H,-,A,A,0,Y,NA,NA,NA,Y,NA,A,NA,0,0,1,0,1,0,0,0,0,-,-,NA,NA,LOS ANGELES,TORRANCE,-118.35806643,33.83757
6440667,2014,2014-06-25,1972,2014-02-12,1516,18874,NA,3,5,6,1972,0,0,0,NA,0,NA,HAWTHORN BL,NEWTON ST,90,N,N,A,-,Y,NA,NA,NA,NA,NA,NA,NA,NA,NA,N,4,0,1,2,A,-,03,22350,NA,N,C,C,A,A,H,-,A,A,0,NA,NA,NA,NA,Y,NA,A,NA,0,0,1,0,0,0,0,0,0,-,-,NA,NA,LOS ANGELES,TORRANCE,NA,NA
6440670,2014,2014-06-11,1924,2014-01-30,0512,105094,38,4,5,5,1924,0,0,0,NA,0,8L6M,WESTERN AV,ARTESIA BL,671,N,N,A,-,N,NA,NA,NA,NA,NA,NA,NA,NA,NA,Y,4,0,1,2,A,-,09,21801,A,N,D,C,A,A,H,-,C,D,0,NA,NA,Y,NA,Y,NA,A,01,0,0,1,0,0,0,0,0,1,-,-,NA,NA,LOS ANGELES,GARDENA,-118.30915857,33.87465003
6440674,2014,2014-06-11,1924,2014-01-31,1831,112035,G24,5,5,5,1924,0,0,0,NA,0,0G3,WESTERN AV,146TH ST,10,S,N,A,-,N,NA,NA,NA,NA,NA,NA,NA,NA,NA,N,4,0,1,2,A,-,10,21950,A,F,G,B,B,A,H,-,C,D,0,Y,NA,NA,NA,Y,Y,-,NA,0,0,1,0,1,0,0,0,0,-,-,NA,NA,LOS ANGELES,GARDENA,-118.30916,33.89897257
6440675,2014,2014-06-25,1924,2014-02-07,0419,112602,NA,5,5,5,1924,0,0,0,NA,0,8T3,WESTERN AV,145TH ST,95,S,N,C,-,N,NA,NA,NA,NA,NA,NA,NA,NA,NA,Y,4,0,1,4,A,-,01,23152,E,N,C,E,A,B,H,-,C,D,0,NA,NA,NA,NA,Y,NA,A,01,0,0,1,0,0,0,0,0,0,-,-,NA,NA,LOS ANGELES,GARDENA,-118.30915,33.89985945
6440679,2014,2014-06-25,1924,2014-02-06,1306,111229,16,4,5,5,1924,0,0,0,NA,0,8M1,WESTERN AV,144TH ST,15,N,N,B,-,N,NA,NA,NA,NA,NA,NA,NA,NA,NA,N,4,0,1,2,A,-,05,21650,NA,N,G,B,D,A,H,-,A,D,0,Y,NA,NA,NA,Y,NA,A,08,0,0,1,0,1,0,0,0,0,-,-,NA,NA,LOS ANGELES,GARDENA,-118.30914886,33.90103113
6440683,2014,2014-06-25,1924,2014-02-02,1847,108241,36,7,5,5,1924,0,0,0,NA,0,8L1M,WESTERN AV,162ND ST,9,S,N,C,-,N,NA,NA,NA,NA,NA,NA,NA,NA,NA,N,4,0,1,2,A,-,01,23152,A,N,G,-,B,B,H,-,C,A,0,Y,NA,NA,NA,Y,Y,A,07,0,0,1,0,1,0,0,0,0,-,-,NA,NA,LOS ANGELES,GARDENA,-118.30915961,33.88375532
6440687,2014,2014-06-25,1924,2014-02-01,0104,111165,20,6,5,5,1924,0,0,0,NA,0,1924,ROSECRANS AV,VAN NESS AV,100,W,N,A,-,N,NA,NA,NA,NA,NA,NA,NA,NA,NA,Y,4,0,1,2,A,-,01,23152,A,M,B,C,A,A,H,-,C,D,0,NA,NA,NA,NA,Y,Y,A,01,0,0,1,0,0,0,0,0,0,-,-,NA,NA,LOS ANGELES,GARDENA,-118.31819892,33.90192
6440718,2014,2015-01-20,1924,2014-01-31,1018,111229,41,5,5,5,1924,0,0,0,NA,0,8M1,NORMANDIE AV,GARDENA BL,0,NA,Y,B,-,N,NA,NA,NA,NA,NA,NA,NA,NA,NA,Y,4,0,1,3,A,-,09,21804,A,N,D,C,A,A,H,-,A,A,0,NA,NA,NA,NA,Y,NA,A,01,0,0,1,0,0,0,0,0,0,-,-,NA,NA,LOS ANGELES,GARDENA,-118.29976006,33.88136011
6440726,2014,2014-07-22,1941,2014-04-01,0932,6122,NA,2,5,7,1941,0,0,0,NA,0,NA,E WARDLOW RD,LONG BEACH BL,28,W,N,A,-,N,NA,NA,NA,NA,NA,NA,NA,NA,NA,N,4,0,1,2,A,-,03,22350,NA,N,C,C,A,A,H,-,A,A,0,NA,NA,NA,NA,Y,NA,A,NA,0,0,1,0,0,0,0,0,0,-,-,NA,NA,LOS ANGELES,LONG BEACH,-118.189432,33.81894
6440730,2014,2014-07-31,1941,2014-04-01,2313,6311,NA,2,5,7,1941,0,0,0,NA,0,NA,LONG BEACH BL,MOUNTAIN VIEW ST,0,NA,Y,A,-,N,NA,NA,NA,NA,NA,NA,NA,NA,NA,N,4,0,1,2,-,-,-,NA,NA,N,D,G,A,A,H,-,C,D,0,NA,Y,NA,NA,Y,NA,-,-,0,0,1,0,0,0,1,0,0,-,-,NA,NA,LOS ANGELES,LONG BEACH,-118.19567007,33.85171004
6440734,2014,2014-07-22,1912,2014-04-01,1115,9542,NA,2,5,6,1912,0,0,0,NA,0,00C,PALM AV,SAN FERNANDO BL,150,E,N,A,-,N,NA,NA,NA,NA,NA,NA,NA,NA,NA,Y,4,0,1,2,A,-,08,22107,NA,N,D,C,A,A,H,-,A,D,0,NA,NA,NA,NA,Y,NA,A,01,0,0,1,0,0,0,0,0,0,-,-,NA,NA,LOS ANGELES,BURBANK,-118.31039735,34.18265199
6440738,2014,2014-07-22,1912,2014-04-01,0708,12104,NA,2,5,6,1912,0,0,0,NA,0,NA,HOLLYWOOD WY,JEFFRIES AV,10,S,N,A,-,N,NA,NA,NA,NA,NA,NA,NA,NA,NA,N,3,0,1,2,A,-,05,21650,1,N,D,-,A,A,H,-,A,A,0,NA,Y,NA,NA,Y,NA,L,04,0,1,0,0,0,0,1,0,0,-,-,NA,NA,LOS ANGELES,BURBANK,-118.34923131,34.1810526
6440785,2014,2014-07-22,1965,2014-04-03,1120,3112,SANTA,4,5,5,1965,0,0,0,NA,0,082E,PICO BL,DORCHESTER,197,W,N,A,-,N,NA,NA,NA,NA,NA,NA,NA,NA,NA,Y,2,0,1,2,A,-,05,21651,A,N,D,C,A,A,H,-,A,-,0,NA,NA,Y,NA,Y,NA,A,01,1,0,0,0,0,0,0,0,1,-,-,NA,NA,LOS ANGELES,SANTA MONICA,-118.45899498,34.02504987
6440793,2014,2016-04-16,9575,2014-04-01,1501,20283,NA,2,2,6,1925,0,1,3,NA,2,090,RT 2,MOUNTAIN AV,15,W,N,A,-,Y,LA,7,2,-,R,19.801,R,1,E,Y,4,0,1,2,A,-,03,22350,NA,N,C,C,A,A,H,-,A,D,1,NA,NA,NA,NA,Y,NA,A,01,0,0,1,0,0,0,0,0,0,TO,-,34.16447,-118.22544,LOS ANGELES,GLENDALE,-118.22548579,34.16125155
6440797,2014,2016-04-23,9575,2014-04-02,1630,15204,NA,3,2,5,1902,0,1,1,NA,2,065,RT 210,5TH AV,400,W,N,A,-,Y,LA,7,210,-,R,32.53,H,-,E,N,4,0,1,2,A,-,03,22350,NA,N,C,C,A,A,H,-,A,D,1,NA,NA,NA,NA,Y,NA,A,08,0,0,1,0,0,0,0,0,0,-,-,34.14451,-118.02459,LOS ANGELES,ARCADIA,-118.02193381,34.14330784
6440802,2014,2014-07-01,1942,2014-03-25,0820,38175,0236,2,5,7,1942,0,0,0,B,0,2A39,MOUNTAIN VIEW AV,COURT ST,50,N,N,B,-,N,NA,NA,NA,NA,NA,NA,NA,NA,NA,N,4,0,1,2,A,-,21,22106,NA,N,G,B,D,A,H,-,A,D,0,Y,NA,NA,NA,Y,NA,A,01,0,0,1,0,1,0,0,0,0,-,-,NA,NA,LOS ANGELES,LOS ANGELES,-118.26768272,34.06902111
6440803,2014,2014-07-16,1925,2014-03-30,1427,24112,248,7,5,6,1925,0,0,0,NA,0,003,BRAND BL,HARVARD ST,121,S,N,A,-,N,NA,NA,NA,NA,NA,NA,NA,NA,NA,N,4,0,4,2,A,-,03,22350,NA,N,C,C,A,A,H,-,A,A,0,NA,NA,NA,NA,Y,NA,-,-,0,0,4,0,0,0,0,0,0,-,-,NA,NA,LOS ANGELES,GLENDALE,-118.25494595,34.14408818
6440804,2014,2016-02-20,9575,2014-03-19,2350,17414,NA,3,3,7,1942,0,1,3,NA,2,044,RT 134,RIVERSIDE DR,350,E,N,A,-,Y,LA,7,134,-,-,3.11,H,-,E,Y,3,0,1,2,A,-,01,23152,A,N,B,C,A,A,H,-,C,D,1,NA,NA,NA,NA,Y,Y,A,01,0,1,0,0,0,0,0,0,0,-,-,34.1542,-118.3228,LOS ANGELES,LOS ANGELES,-118.32286018,34.15424768
6440806,2014,2014-07-01,1942,2014-03-28,1950,36023,0233,5,5,7,1942,0,0,0,B,0,2TL15,RAMPART BL,2ND ST,182,S,N,A,-,N,NA,NA,NA,NA,NA,NA,NA,NA,NA,N,3,0,1,2,A,-,09,21801,A,N,D,G,A,A,H,-,C,D,0,NA,Y,NA,NA,Y,NA,A,01,0,1,0,0,0,0,1,0,0,-,-,NA,NA,LOS ANGELES,LOS ANGELES,-118.27775833,34.06802786
6440807,2014,2015-11-12,1925,2014-03-29,1101,24112,119,6,5,6,1925,0,0,0,NA,0,005,PENNSYLVANIA AV,RT 210,144,N,N,A,-,Y,LA,7,210,-,R,17.003,R,4,E,N,4,0,2,3,A,-,03,22350,NA,N,C,C,A,A,H,-,A,A,0,NA,NA,NA,NA,Y,NA,A,NA,0,0,2,0,0,0,0,0,0,-,EO,NA,NA,LOS ANGELES,GLENDALE,-118.24563608,34.22135912
6440810,2014,2014-07-01,1942,2014-03-27,1150,31816,0111,4,5,7,1942,0,0,0,A,0,4TL13,N BROADWAY,ALPINE ST,182,N,N,A,-,N,NA,NA,NA,NA,NA,NA,NA,NA,NA,N,4,0,1,2,B,-,22,NA,NA,N,B,I,F,A,H,-,A,D,0,Y,NA,NA,NA,Y,NA,A,01,0,0,1,0,1,0,0,0,0,-,-,NA,NA,LOS ANGELES,LOS ANGELES,-118.23810341,34.06281863
6440811,2014,2015-11-09,1925,2014-03-27,0708,14089,150,4,5,6,1925,0,0,0,NA,0,004,MOUNTAIN ST,RT 2,450,W,N,A,-,Y,LA,7,2,-,R,20.188,R,4,W,Y,3,0,1,2,A,-,12,21453,A,N,D,C,A,A,H,-,A,A,0,NA,NA,NA,NA,Y,NA,-,-,0,1,0,0,0,0,0,0,0,-,SF,NA,NA,LOS ANGELES,GLENDALE,-118.22432414,34.16660832
6440813,2014,2014-07-01,1942,2014-03-24,1200,35643,1394,1,5,7,1942,0,0,0,M,0,18TL23,MAIN ST,FLORENCE AV,74,N,N,B,-,N,NA,NA,NA,NA,NA,NA,NA,NA,NA,Y,2,0,1,2,A,-,05,21651,B,N,A,G,A,A,H,-,A,D,0,NA,Y,NA,NA,Y,NA,L,04,1,0,0,0,0,0,1,0,0,-,-,NA,NA,LOS ANGELES,LOS ANGELES,-118.27394,33.97488295
6440814,2014,2014-07-01,1942,2014-03-28,0830,39759,0191,5,5,7,1942,0,0,0,A,0,4T43,WASHINGTON BL,CHERRY ST,0,NA,Y,A,-,N,NA,NA,NA,NA,NA,NA,NA,NA,NA,Y,3,0,1,2,A,-,08,22107,NA,N,D,C,A,A,H,-,A,D,0,NA,NA,NA,NA,Y,NA,A,01,0,1,0,0,0,0,0,0,0,-,-,NA,NA,LOS ANGELES,LOS ANGELES,-118.27585,34.03611008
6440815,2014,2016-01-08,9575,2014-03-27,1635,16325,NA,4,2,6,1953,0,1,1,NA,2,065,RT 210,MADRE ST,1056,E,N,A,-,Y,LA,7,210,-,R,29.53,H,-,W,N,4,0,1,2,A,-,03,22350,NA,N,C,C,A,A,H,-,A,D,1,NA,NA,NA,NA,Y,NA,A,01,0,0,1,0,0,0,0,0,0,-,-,34.14811,-118.07808,LOS ANGELES,PASADENA,-118.07280157,34.14861945
6440817,2014,2014-07-01,1942,2014-03-28,0820,40008,1343,5,5,7,1942,0,0,0,M,0,13T55,41ST PL,CENTRAL,30,W,N,A,-,N,NA,NA,NA,NA,NA,NA,NA,NA,NA,N,3,0,1,2,B,-,22,NA,NA,N,G,B,F,A,H,-,A,D,0,Y,NA,NA,NA,Y,NA,A,08,0,1,0,0,1,0,0,0,0,-,-,NA,NA,LOS ANGELES,LOS ANGELES,-118.25660877,34.00837152
6440818,2014,2014-07-01,1942,2014-03-28,1710,38357,0111,5,5,7,1942,0,0,0,A,0,13TL22,CESAR E CHAVEZ AV,BUNKER HILL AV,12,W,N,A,-,N,NA,NA,NA,NA,NA,NA,NA,NA,NA,Y,4,0,2,2,A,-,09,21801,A,N,D,C,A,A,H,-,A,D,0,NA,NA,NA,NA,Y,NA,A,01,0,0,2,0,0,0,0,0,0,-,-,NA,NA,LOS ANGELES,LOS ANGELES,-118.24467777,34.06128343
6440819,2014,2016-02-20,9575,2014-03-20,1910,20438,NA,4,2,6,1925,0,1,3,NA,2,042,RT 134,PACIFIC AV,150,W,N,A,-,Y,LA,7,134,-,R,6.476,R,2,E,Y,3,0,1,2,A,-,03,22350,NA,N,C,C,A,A,H,-,B,D,1,NA,NA,Y,NA,Y,NA,A,01,0,1,0,0,0,0,0,0,1,TO,-,34.15565,-118.26588,LOS ANGELES,GLENDALE,-118.26618517,34.15583379
6440821,2014,2014-07-01,1942,2014-03-25,0820,32597,1127,2,5,7,1942,0,0,0,K,0,11A25,FIGUEROA ST,MYOSOTIS ST,0,NA,Y,B,-,N,NA,NA,NA,NA,NA,NA,NA,NA,NA,Y,3,0,2,2,A,-,09,21801,NA,N,D,C,A,A,H,-,A,A,0,NA,NA,NA,NA,Y,NA,-,NA,0,1,1,0,0,0,0,0,0,-,-,NA,NA,LOS ANGELES,LOS ANGELES,-118.18461005,34.12208008
6440822,2014,2014-07-01,1942,2014-03-28,1430,34458,0118,5,5,7,1942,0,0,0,A,0,4TL4,MAIN ST,BLOOM ST,35,S,N,A,-,N,NA,NA,NA,NA,NA,NA,NA,NA,NA,Y,4,0,1,3,A,-,03,22350,NA,N,C,C,A,A,H,-,A,D,0,NA,NA,NA,NA,Y,NA,A,07,0,0,1,0,0,0,0,0,0,-,-,NA,NA,LOS ANGELES,LOS ANGELES,-118.230734,34.06516439
6440823,2014,2015-11-09,9575,2014-03-27,1155,20691,NA,4,1,6,1925,0,1,3,NA,2,090,RT 2,RT 134,0,W,N,A,-,Y,LA,7,134,-,R,8.387,R,2,W,Y,3,0,1,2,A,-,07,21658,A,N,B,C,A,A,G,-,A,D,1,NA,NA,NA,NA,Y,NA,A,07,0,1,0,0,0,0,0,0,0,TO,-,34.14937,-118.23127,LOS ANGELES,GLENDALE,-118.23474676,34.15109376
6440825,2014,2014-07-01,1942,2014-03-25,1140,35225,LOS A,2,5,7,1942,0,0,0,NA,0,1109,LA LOMA RD,COLORADO,15,S,N,B,-,N,NA,NA,NA,NA,NA,NA,NA,NA,NA,N,4,0,1,1,A,-,08,22107,NA,N,H,J,A,A,H,-,A,A,0,NA,NA,NA,NA,Y,NA,-,NA,0,0,1,0,0,0,0,0,0,-,-,NA,NA,LOS ANGELES,LOS ANGELES,-118.18965339,34.13730125
6440826,2014,2014-07-01,1942,2014-03-29,1005,37952,0192,6,5,7,1942,0,0,0,A,0,1T11,OLIVE ST,VENICE BL,0,NA,Y,A,-,N,NA,NA,NA,NA,NA,NA,NA,NA,NA,N,4,0,1,2,A,-,08,22107,NA,N,B,C,A,A,H,-,A,D,0,NA,NA,NA,NA,Y,NA,A,08,0,0,1,0,0,0,0,0,0,-,-,NA,NA,LOS ANGELES,LOS ANGELES,-118.26541012,34.03522003
6440827,2014,2015-11-09,9575,2014-03-16,1310,020393,NA,7,1,9,1900,0,1,3,NA,2,302,RT 2,UPPER BIG TUJUNGA CANYON RD,21120,W,N,A,-,Y,LA,7,2,-,-,24.635,H,-,E,Y,3,0,1,1,A,-,08,22107,NA,N,E,I,A,A,H,-,A,D,0,NA,NA,Y,NA,Y,NA,C,02,0,1,0,0,0,0,0,0,1,-,-,33.28892,-117.99512,LOS ANGELES,UNINCORPORATED,-118.20008119,34.20919288
6440829,2014,2014-07-01,1942,2014-03-25,1225,39125,1123,2,5,7,1942,0,0,0,K,0,11A1,LOS FELIZ BL,SENECA AV,100,S,N,A,-,N,NA,NA,NA,NA,NA,NA,NA,NA,NA,N,4,0,1,2,A,-,03,22350,NA,N,C,C,A,A,-,-,A,A,0,NA,NA,NA,NA,Y,NA,-,NA,0,0,1,0,0,0,0,0,0,-,-,NA,NA,LOS ANGELES,LOS ANGELES,-118.26315109,34.12630659
6440830,2014,2014-07-01,1942,2014-03-19,1805,40514,RD133,3,5,7,1942,0,0,0,NA,0,13A93,BROADWAY,ADAMS,0,NA,Y,A,-,N,NA,NA,NA,NA,NA,NA,NA,NA,NA,Y,2,0,1,2,A,-,09,21801,A,N,B,C,A,A,H,-,B,A,0,NA,NA,Y,NA,Y,NA,A,01,1,0,0,0,0,0,0,0,1,-,-,NA,NA,LOS ANGELES,LOS ANGELES,-118.26978008,34.02535012
6440831,2014,2016-02-03,9575,2014-03-28,0310,019669,NA,5,3,6,1925,0,1,1,NA,2,050,RT 5,WESTERN AV,200,S,N,A,-,Y,LA,7,5,-,-,27.79,H,-,N,Y,3,0,1,1,A,-,01,23152,A,N,E,J,A,A,H,-,C,D,1,NA,NA,NA,NA,Y,Y,A,01,0,1,0,0,0,0,0,0,0,-,-,34.16203,-118.2935,LOS ANGELES,GLENDALE,-118.29575268,34.16415749
6440833,2014,2014-07-01,1942,2014-03-26,1215,32996,1118,3,5,7,1942,0,0,0,K,0,2TL15,AVE 57,BUCHANAN ST,0,NA,Y,A,-,N,NA,NA,NA,NA,NA,NA,NA,NA,NA,Y,4,0,2,2,A,-,09,21802,A,N,D,C,A,A,H,-,A,A,0,NA,NA,NA,NA,Y,NA,A,01,0,0,2,0,0,0,0,0,0,-,-,NA,NA,LOS ANGELES,LOS ANGELES,-118.19400001,34.117840030000004
6440834,2014,2014-07-01,1942,2014-03-29,1345,38357,1331,6,5,7,1942,0,0,0,M,0,13TL22,BROADWAY,ADAMS BL,22,S,N,A,-,N,NA,NA,NA,NA,NA,NA,NA,NA,NA,N,3,0,1,2,C,-,18,NA,NA,F,G,B,-,A,H,-,A,D,0,Y,NA,NA,NA,Y,NA,-,-,0,1,0,0,1,0,0,0,0,-,-,NA,NA,LOS ANGELES,LOS ANGELES,-118.26981373,34.0252966
6440835,2014,2016-02-20,9575,2014-03-18,0830,20393,NA,2,1,7,1942,0,1,3,NA,2,043,RT 134,RT 5,0,S,N,A,-,Y,LA,7,134,-,R,5.968,R,2,W,Y,3,0,1,3,A,-,07,21658,A,N,B,C,A,A,H,-,A,D,1,NA,NA,Y,NA,Y,NA,A,01,0,1,0,0,0,0,0,0,1,TO,-,34.15089,-118.28137,LOS ANGELES,LOS ANGELES,-118.27476362,34.15408671
6440837,2014,2014-07-01,1942,2014-03-27,1635,34426,1133,4,5,7,1942,0,0,0,K,0,2TL28,LARGA AV,GLENDALE BL,250,S,N,A,-,N,NA,NA,NA,NA,NA,NA,NA,NA,NA,N,4,0,1,2,A,-,21,22106,NA,N,G,B,F,A,H,-,A,D,0,Y,NA,NA,NA,Y,NA,A,01,0,0,1,0,1,0,0,0,0,-,-,NA,NA,LOS ANGELES,LOS ANGELES,-118.26001032,34.11782451
6440839,2014,2016-02-20,9575,2014-03-19,1720,019824,NA,3,2,7,1942,0,1,3,NA,2,043,RT 134,FOREST LAWN DR,850,E,N,A,-,Y,LA,7,134,-,-,4.03,H,-,E,Y,4,0,1,3,A,-,06,21750,NA,N,B,C,A,A,H,-,A,D,1,NA,NA,Y,NA,Y,NA,C,02,0,0,1,0,0,0,0,0,1,-,-,34.15587,-118.30663,LOS ANGELES,LOS ANGELES,-118.3072722,34.15572017
6440841,2014,2014-07-01,1942,2014-03-28,2035,38233,1162,5,5,7,1942,0,0,0,K,0,13T53,VIRGIL AV,FOUNTAIN AV,0,NA,Y,A,-,N,NA,NA,NA,NA,NA,NA,NA,NA,NA,N,4,0,1,2,D,-,00,NA,NA,N,G,B,B,A,H,-,C,A,0,Y,NA,NA,NA,Y,Y,-,-,0,0,1,0,1,0,0,0,0,-,-,NA,NA,LOS ANGELES,LOS ANGELES,-118.28673008,34.09571009
6440843,2014,2015-12-29,9575,2014-03-26,0655,18762,NA,3,1,6,1953,0,1,1,NA,2,064,RT 134,FAIR OAKS AV,1056,W,N,B,-,Y,LA,7,210,-,R,25.14,R,1,W,Y,4,0,1,2,A,-,03,22350,NA,N,C,C,A,B,H,-,A,A,1,NA,NA,NA,NA,Y,NA,A,01,0,0,1,0,0,0,0,0,0,-,-,34.15148,-118.1525,LOS ANGELES,PASADENA,-118.1529441,34.1510661
6440845,2014,2014-07-01,1942,2014-03-29,0915,33452,1171,6,5,7,1942,0,0,0,K,0,2T15,MALTMAN AV,EFFIE ST,95,E,N,A,-,N,NA,NA,NA,NA,NA,NA,NA,NA,NA,Y,3,0,1,3,A,-,01,23152,A,N,A,E,A,A,H,-,C,D,0,NA,NA,NA,NA,Y,Y,A,01,0,1,0,0,0,0,0,0,0,-,-,NA,NA,LOS ANGELES,LOS ANGELES,-118.27525,34.09243
6440847,2014,2016-01-08,9575,2014-03-14,1430,16543,NA,5,2,6,1953,0,1,1,NA,2,064,RT 210,WILSON AV,80,E,N,A,-,Y,LA,7,210,-,R,26.69,H,-,W,Y,4,0,1,4,A,-,03,22350,NA,M,C,C,A,A,H,-,A,D,1,NA,NA,NA,NA,Y,NA,A,01,0,0,1,0,0,0,0,0,0,-,-,34.15117,-118.12909,LOS ANGELES,PASADENA,-118.126068,34.15213648