CASE_ID,ACCIDENT_YEAR,PROC_DATE,JURIS,COLLISION_DATE,COLLISION_TIME,OFFICER_ID,REPORTING_DISTRICT,DAY_OF_WEEK,CHP_SHIFT,POPULATION,CNTY_CITY_LOC,SPECIAL_COND,BEAT_TYPE,CHP_BEAT_TYPE,CITY_DIVISION_LAPD,CHP_BEAT_CLASS,BEAT_NUMBER,PRIMARY_RD,SECONDARY_RD,DISTANCE,DIRECTION,INTERSECTION,WEATHER_1,WEATHER_2,STATE_HWY_IND,CALTRANS_COUNTY,CALTRANS_DISTRICT,STATE_ROUTE,ROUTE_SUFFIX,POSTMILE_PREFIX,POSTMILE,LOCATION_TYPE,RAMP_INTERSECTION,SIDE_OF_HWY,TOW_AWAY,COLLISION_SEVERITY,NUMBER_KILLED,NUMBER_INJURED,PARTY_COUNT,PRIMARY_COLL_FACTOR,PCF_CODE_OF_VIOL,PCF_VIOL_CATEGORY,PCF_VIOLATION,PCF_VIOL_SUBSECTION,HIT_AND_RUN,TYPE_OF_COLLISION,MVIW,PED_ACTION,ROAD_SURFACE,ROAD_COND_1,ROAD_COND_2,LIGHTING,CONTROL_DEVICE,CHP_ROAD_TYPE,PEDESTRIAN_ACCIDENT,BICYCLE_ACCIDENT,MOTORCYCLE_ACCIDENT,TRUCK_ACCIDENT,NOT_PRIVATE_PROPERTY,ALCOHOL_INVOLVED,STWD_VEHTYPE_AT_FAULT,CHP_VEHTYPE_AT_FAULT,COUNT_SEVERE_INJ,COUNT_VISIBLE_INJ,COUNT_COMPLAINT_PAIN,COUNT_PED_KILLED,COUNT_PED_INJURED,COUNT_BICYCLIST_KILLED,COUNT_BICYCLIST_INJURED,COUNT_MC_KILLED,COUNT_MC_INJURED,PRIMARY_RAMP,SECONDARY_RAMP,LATITUDE,LONGITUDE,COUNTY,CITY,POINT_X,POINT_Y
6449848,2014,2015-11-17,9590,2014-03-28,0825,20617,NA,5,1,7,1942,0,1,1,NA,2,061,RT 10,LA BREA AV,10,E,N,A,-,Y,LA,7,10,-,R,10.47,H,-,W,Y,3,0,2,3,A,-,07,21658,A,N,B,C,A,A,H,-,A,D,1,NA,NA,NA,NA,Y,NA,A,07,0,1,1,0,0,0,0,0,0,-,-,34.03436,-118.35048,LOS ANGELES,LOS ANGELES,-118.34974143,34.03440187
6449851,2014,2015-11-07,9590,2014-03-22,1720,20524,NA,6,2,7,1942,0,1,2,NA,2,072,RT 101,ODIN ST,90,S,N,A,-,Y,LA,7,101,-,-,7.62,H,-,N,Y,4,0,1,2,A,-,03,22350,NA,N,C,C,A,A,H,-,A,D,1,NA,NA,NA,NA,Y,NA,A,07,0,0,1,0,0,0,0,0,0,-,-,34.11002,-118.33398,LOS ANGELES,LOS ANGELES,-118.33299221,34.10938386
6449852,2014,2015-11-10,9590,2014-03-28,1745,20436,NA,5,2,7,1942,0,1,1,NA,2,052,RT 110,FLOWER ST,40,N,N,A,-,Y,LA,7,110,-,-,20.77,H,-,N,Y,3,0,2,5,A,-,01,23152,A,N,B,C,A,A,H,-,A,D,1,NA,NA,NA,NA,Y,Y,A,01,0,2,0,0,0,0,0,0,0,-,-,34.02857,-118.72423,LOS ANGELES,LOS ANGELES,-118.27428407,34.02851878
6449855,2014,2016-03-05,9590,2014-03-23,0255,20081,NA,7,3,7,1942,0,1,1,NA,2,011,RT 110,YALE ST,700,N,N,A,-,Y,LA,7,110,-,-,24.5,H,-,S,Y,3,0,1,1,A,-,01,23152,A,N,E,I,A,A,H,-,C,D,1,NA,NA,NA,NA,Y,Y,A,01,0,1,0,0,0,0,0,0,0,-,-,34.06899,-118.23683,LOS ANGELES,LOS ANGELES,-118.23751819,34.06831386
6449879,2014,2015-11-07,9590,2014-03-30,0330,20629,NA,7,3,7,1942,0,1,2,NA,2,073,RT 101,PILGRIMAGE BRIDGE,300,S,N,A,-,Y,LA,7,101,-,-,7.98,H,-,S,N,4,0,1,2,A,-,03,22350,NA,N,C,C,A,A,H,-,C,D,1,NA,NA,NA,NA,Y,NA,A,07,0,0,1,0,0,0,0,0,0,-,-,34.12715,-118.3456,LOS ANGELES,LOS ANGELES,-118.33640802,34.11347805
6449883,2014,2016-03-05,9590,2014-03-27,0630,16642,NA,4,1,7,1942,0,1,1,NA,2,014,RT 110,FREMONT AV,75,N,N,A,-,Y,LA,7,110,-,-,31.02,H,-,N,Y,4,0,2,2,A,-,07,21658,A,N,B,C,A,A,H,-,A,D,1,NA,NA,NA,NA,Y,NA,A,01,0,0,2,0,0,0,0,0,0,-,-,34.11923,-118.15075,LOS ANGELES,LOS ANGELES,-118.15293743,34.11908923
6449887,2014,2016-03-05,9590,2014-03-21,1542,19353,NA,5,2,7,1942,0,1,1,NA,2,012,RT 110,YORK BL,200,N,N,A,-,Y,LA,7,110,-,-,29.54,H,-,N,Y,4,0,1,2,A,-,07,21658,A,F,B,C,A,A,H,-,A,D,1,NA,NA,NA,NA,Y,NA,-,99,0,0,1,0,0,0,0,0,0,-,-,34.11813,-118.16907,LOS ANGELES,LOS ANGELES,-118.17624418,34.11331787
6449891,2014,2015-11-17,9590,2014-03-25,1850,18345,NA,2,2,7,1942,0,1,1,NA,2,061,RT 10,CRENSHAW BL,500,E,N,A,-,Y,LA,7,10,-,R,11.68,H,-,W,Y,4,0,1,4,A,-,03,22350,NA,N,C,C,A,A,H,-,A,D,1,NA,NA,NA,NA,Y,NA,A,01,0,0,1,0,0,0,0,0,0,-,-,34.03512,-118.33261,LOS ANGELES,LOS ANGELES,-118.3287236,34.03541329
6449895,2014,2016-03-05,9590,2014-03-26,2325,20095,NA,3,3,7,1942,0,1,1,NA,2,052,RT 110,7TH ST,50,S,N,A,-,Y,LA,7,110,-,-,22.55,H,-,N,N,3,0,1,2,A,-,03,22350,NA,N,C,C,A,A,H,-,C,D,1,NA,NA,NA,NA,Y,NA,A,01,0,1,0,0,0,0,0,0,0,-,-,34.03462,-118.45873,LOS ANGELES,LOS ANGELES,-118.26266572,34.05022144
6449899,2014,2015-11-07,9590,2014-03-27,1550,15918,NA,4,2,7,1942,0,1,2,NA,2,073,RT 101,BARHAM BL,50,S,N,A,-,Y,LA,7,101,-,-,9.21,H,-,N,N,4,0,1,2,A,-,03,22350,NA,N,C,C,A,A,H,-,A,D,1,NA,NA,NA,NA,Y,NA,A,01,0,0,1,0,0,0,0,0,0,-,-,34.12877,-118.34682,LOS ANGELES,LOS ANGELES,-118.34677074,34.12872602
6449903,2014,2016-03-05,9590,2014-03-31,1605,13435,NA,1,2,7,1942,0,1,1,NA,2,052,RT 710,TEMPLE ST,200,S,N,B,-,Y,LA,7,110,-,-,23.57,H,-,N,Y,3,0,1,2,D,-,00,NA,NA,N,C,C,A,A,H,-,A,D,1,NA,NA,Y,NA,Y,NA,-,-,0,1,0,0,0,0,0,0,1,-,-,34.06107,-118.25051,LOS ANGELES,LOS ANGELES,-118.25045191,34.0610926
6449907,2014,2016-01-13,9590,2014-03-29,1150,20617,NA,6,1,7,1942,0,1,1,NA,2,061,RT 10,ARLINGTON AV,77,E,N,A,-,Y,LA,7,10,-,R,12.473,R,2,W,Y,4,0,1,2,A,-,01,23152,A,N,C,C,A,A,H,-,A,A,1,NA,NA,NA,NA,Y,Y,A,01,0,0,1,0,0,0,0,0,0,TO,-,34.03712,-118.31752,LOS ANGELES,LOS ANGELES,-118.31504188,34.03709298
6449911,2014,2015-11-13,9590,2014-03-29,1658,20682,NA,6,2,7,1942,0,1,1,NA,2,083,RT 5,RIVERDALE AV,200,S,N,A,-,Y,LA,7,5,-,-,21.33,H,-,S,N,4,0,1,2,A,-,03,22350,NA,N,C,C,A,A,H,-,A,D,1,NA,NA,NA,NA,Y,NA,A,01,0,0,1,0,0,0,0,0,0,-,-,34.08748,-118.23474,LOS ANGELES,LOS ANGELES,-118.23684209,34.08862155
6449915,2014,2016-03-05,9590,2014-03-28,1245,17878,NA,5,1,7,1942,0,1,1,NA,2,052,RT 110,7TH ST,200,S,N,B,-,Y,LA,7,110,-,-,22.375,R,2,N,Y,4,0,1,2,A,-,07,21658,A,N,B,C,A,A,H,-,A,D,1,NA,NA,Y,NA,Y,NA,A,01,0,0,1,0,0,0,0,0,1,-,-,34.16211,-118.24617,LOS ANGELES,LOS ANGELES,-118.26507885,34.04875811
6449919,2014,2015-12-30,9590,2014-03-29,1220,20402,NA,6,1,7,1942,0,1,3,NA,2,095,RT 2,RIPPLE ST,50,E,N,A,-,Y,LA,7,2,-,-,15.503,R,1,W,Y,4,0,2,2,A,-,03,22350,NA,N,C,C,A,A,H,-,A,D,1,NA,NA,NA,NA,Y,NA,A,01,0,0,2,0,0,0,0,0,0,-,-,34.10566,-118.25042,LOS ANGELES,LOS ANGELES,-118.24977419,34.10817686
6449921,2014,2016-02-22,9525,2014-03-17,0515,12820,NA,1,3,4,1913,0,1,1,NA,2,219,RT 210,MOUNTAIN AV,400,E,N,A,-,Y,LA,7,210,-,R,50.04,H,-,W,Y,4,0,1,2,A,-,07,21658,A,N,C,C,A,A,H,-,D,D,1,NA,NA,Y,NA,Y,NA,A,08,0,0,1,0,0,0,0,0,1,-,-,34.12053,-117.73258,LOS ANGELES,CLAREMONT,-117.72764109,34.120334
6449922,2014,2016-02-04,9525,2014-03-20,2108,20532,NA,4,2,1,1934,0,1,1,NA,2,651,RT 605,ARROW HWY,2112,N,N,A,-,Y,LA,7,605,-,-,24.36,H,-,S,Y,4,0,1,2,A,-,07,21658,A,N,B,C,A,A,H,-,D,D,1,NA,NA,NA,NA,Y,NA,A,01,0,0,1,0,0,0,0,0,0,-,-,34.11903,-117.97222,LOS ANGELES,IRWINDALE,-117.97284337,34.11864219
6449923,2014,2014-07-07,1976,2014-03-19,1513,297,NA,3,5,5,1976,0,0,0,NA,0,002,PAINTER AV,DITTMAR DR,106,S,N,A,-,N,NA,NA,NA,NA,NA,NA,NA,NA,NA,N,3,0,1,2,A,-,17,21451,A,N,H,G,A,A,H,-,A,A,0,NA,Y,NA,NA,Y,NA,A,01,0,1,0,0,0,0,1,0,0,-,-,NA,NA,LOS ANGELES,WHITTIER,-118.03715199,33.95902297
6449925,2014,2014-07-10,9525,2014-03-17,1215,12772,NA,1,1,9,1900,0,3,5,NA,2,004,AMAR RD,VINELAND AV,10,E,N,A,-,N,NA,NA,NA,NA,NA,NA,NA,NA,NA,N,4,0,1,2,A,-,03,22350,NA,N,C,C,A,A,H,-,A,B,0,NA,NA,NA,NA,Y,NA,A,08,0,0,1,0,0,0,0,0,0,-,-,34.05821,-117.9834,LOS ANGELES,UNINCORPORATED,-117.98293404,34.05776313
6449926,2014,2015-11-14,9525,2014-03-21,1040,13274,NA,5,1,6,1975,0,1,1,NA,2,105,RT 10,HOLT AV,528,E,N,B,-,Y,LA,7,10,-,-,39.24,H,-,W,N,4,0,1,2,A,-,03,22350,NA,N,C,C,A,A,H,-,A,D,1,NA,NA,NA,NA,Y,NA,A,01,0,0,1,0,0,0,0,0,0,-,-,34.06825,-117.85879,LOS ANGELES,WEST COVINA,-117.8606236,34.06851922
6449927,2014,2016-01-21,1976,2014-03-20,1413,550,NA,4,5,5,1976,0,0,0,NA,0,004,WHITTIER BL,SCOTT AV,50,W,N,A,-,Y,LA,7,72,-,-,1.51,H,-,N,N,4,0,1,2,A,-,10,21952,NA,N,G,B,F,A,H,-,A,D,0,Y,NA,NA,NA,Y,NA,A,08,0,0,1,0,1,0,0,0,0,-,-,NA,NA,LOS ANGELES,WHITTIER,-118.00089407,33.94711518
6449929,2014,2016-02-18,9525,2014-03-07,1600,19941,NA,5,2,1,1934,0,1,1,NA,2,204,RT 210,IRWINDALE AV,480,E,N,A,-,Y,LA,7,210,-,R,27.95,H,-,E,Y,3,0,1,3,A,-,07,21658,A,F,B,C,A,A,H,-,A,D,0,NA,NA,Y,NA,Y,NA,A,08,0,1,0,0,0,0,0,0,0,-,-,34.13073,-117.92825,LOS ANGELES,IRWINDALE,-118.10407862,34.15236165
6449930,2014,2014-07-11,9525,2014-03-23,1315,19854,NA,7,1,9,1900,0,3,5,NA,2,005,GLENDORA MOUNTAIN RD,GLENDORA RIDGE RD,21120,W,N,A,-,N,NA,NA,NA,NA,NA,NA,NA,NA,NA,N,3,0,1,1,A,-,03,22350,NA,N,E,I,A,A,H,-,A,D,0,NA,NA,Y,NA,Y,NA,C,02,0,1,0,0,0,0,0,0,1,-,-,34.20994,-117.8009,LOS ANGELES,UNINCORPORATED,-117.84356304,34.18561747
6449931,2014,2014-07-07,1976,2014-03-22,1545,856,NA,6,5,5,1976,0,0,0,NA,0,003,LAMBERT RD,CALMADA AV,0,NA,Y,A,-,N,NA,NA,NA,NA,NA,NA,NA,NA,NA,Y,3,0,1,3,A,-,12,21453,A,N,D,C,A,A,H,-,A,A,0,NA,NA,NA,NA,Y,NA,A,01,0,1,0,0,0,0,0,0,0,-,-,NA,NA,LOS ANGELES,WHITTIER,-118.02899012,33.9519601
6449933,2014,2014-07-10,9525,2014-03-09,0800,18357,NA,7,1,9,1900,0,3,5,NA,2,005,MOUNT BALDY RD,SHINN RD,9504,N,N,A,-,N,NA,NA,NA,NA,NA,NA,NA,NA,NA,Y,2,0,1,1,A,-,03,22350,NA,N,E,I,A,A,H,-,A,D,0,NA,NA,NA,NA,Y,NA,A,01,1,0,0,0,0,0,0,0,0,-,-,34.20034,-117.67559,LOS ANGELES,UNINCORPORATED,-117.67586178,34.19989762
6449934,2014,2015-11-14,9525,2014-03-21,1520,20034,NA,5,2,6,1975,0,1,1,NA,2,103,RT 10,PACIFIC AV,400,W,N,A,-,Y,LA,7,10,-,-,34.64,H,-,W,Y,4,0,1,4,A,-,03,22350,NA,N,C,C,A,A,H,-,A,D,1,NA,NA,NA,NA,Y,NA,A,07,0,0,1,0,0,0,0,0,0,-,-,34.07233,-117.94407,LOS ANGELES,WEST COVINA,-117.93992982,34.07253809
6449937,2014,2015-11-14,9525,2014-03-13,0635,13274,NA,4,1,6,1975,0,1,1,NA,2,105,RT 10,CITRUS AV,528,E,N,A,-,Y,LA,7,10,-,-,37.75,H,-,W,Y,3,0,1,2,A,-,-,NA,NA,N,B,C,A,A,H,-,B,D,1,NA,NA,Y,NA,Y,NA,C,02,0,1,0,0,0,0,0,0,1,-,-,34.07215,-117.88857,LOS ANGELES,WEST COVINA,-117.8857803,34.07203295
6449938,2014,2014-07-11,9525,2014-03-20,1825,18164,NA,4,2,9,1900,0,3,5,NA,2,002,ENID AV,CRAGMONT ST,105,S,N,A,-,N,NA,NA,NA,NA,NA,NA,NA,NA,NA,Y,4,0,1,2,A,-,03,22350,NA,N,C,C,A,A,H,-,A,D,0,NA,NA,NA,NA,Y,NA,A,01,0,0,1,0,0,0,0,0,0,-,-,34.10457,-117.91438,LOS ANGELES,UNINCORPORATED,-117.914393,34.10448
6449942,2014,2014-07-11,9525,2014-03-09,1448,19941,NA,7,2,9,1900,0,3,5,NA,2,004,SUNSET AV,AMAR RD,0,NA,Y,A,-,N,NA,NA,NA,NA,NA,NA,NA,NA,NA,Y,3,0,3,2,A,-,09,21801,A,N,D,C,A,A,H,-,A,A,0,NA,NA,NA,NA,Y,NA,A,01,0,2,1,0,0,0,0,0,0,-,-,34.04539,-117.96311,LOS ANGELES,UNINCORPORATED,-117.96314012,34.04534003
6449943,2014,2016-01-19,9580,2014-03-16,1655,19930,NA,7,2,7,1942,0,1,2,NA,2,104,RT 101,RESEDA BL,1000,S,N,A,-,Y,LA,7,101,-,-,21.46,H,-,N,Y,4,0,1,2,A,-,08,22107,NA,N,D,C,A,A,H,-,A,D,1,NA,NA,NA,NA,Y,NA,A,07,0,0,1,0,0,0,0,0,0,-,-,34.17344,-118.53931,LOS ANGELES,LOS ANGELES,-118.53946763,34.17345961
6449946,2014,2014-07-11,9525,2014-03-14,1340,18536,NA,5,1,9,1900,0,3,5,NA,2,003,FRANCISQUITO AV,LARK ELLEN AV,0,NA,Y,A,-,N,NA,NA,NA,NA,NA,NA,NA,NA,NA,Y,4,0,2,2,A,-,12,21453,A,N,D,C,A,A,H,-,A,A,0,NA,NA,NA,NA,Y,NA,A,01,0,0,2,0,0,0,0,0,0,-,-,34.05003,-117.91693,LOS ANGELES,UNINCORPORATED,-117.91688004,34.05028005
6449947,2014,2016-01-19,9580,2014-03-17,1052,16349,NA,1,1,7,1942,0,1,2,NA,2,104,RT 101,WINNETKA AV,2640,N,N,A,-,Y,LA,7,101,-,-,23.79,H,-,S,Y,4,0,2,2,A,-,08,22107,NA,N,B,C,A,A,H,-,A,D,1,NA,NA,NA,NA,Y,NA,A,01,0,0,2,0,0,0,0,0,0,-,-,34.16973,-118.57705,LOS ANGELES,LOS ANGELES,-118.57920854,34.16900694
6449950,2014,2015-11-14,9525,2014-03-17,0203,020102,NA,1,3,6,1975,0,1,1,NA,2,103,RT 10,PACIFIC AV,125,W,N,A,-,Y,LA,7,10,-,-,34.423,R,2,E,Y,3,0,1,1,A,-,01,23152,A,M,E,I,A,A,H,-,C,D,1,NA,NA,NA,NA,Y,Y,A,01,0,1,0,0,0,0,0,0,0,-,-,34.07253,-117.94428,LOS ANGELES,WEST COVINA,-117.94379083,34.07198243
6449951,2014,2015-11-10,9580,2014-03-18,0855,19679,NA,2,1,7,1942,0,1,1,NA,2,405,RT 405,VICTORY BL,300,S,N,A,-,Y,LA,7,405,-,-,41.3,H,-,S,Y,3,0,1,2,D,-,00,NA,NA,F,B,C,A,A,H,-,A,D,1,NA,NA,Y,NA,Y,NA,-,-,0,1,0,0,0,0,0,0,1,-,-,34.1837,-118.4732,LOS ANGELES,LOS ANGELES,-118.47403391,34.18554782
6449954,2014,2015-12-28,9525,2014-03-19,1520,17408,NA,3,2,5,1990,0,1,3,NA,2,602,RT 60,BREA CANYON RD,2500,W,N,A,-,Y,LA,7,60,-,R,22.5,H,-,E,Y,4,0,1,3,A,-,03,22350,NA,N,C,C,A,A,H,-,A,D,1,NA,NA,NA,NA,Y,NA,A,01,0,0,1,0,0,0,0,0,0,-,-,33.99913,-117.8515,LOS ANGELES,DIAMOND BAR,-117.85307908,33.99898923
6449956,2014,2016-01-14,9580,2014-03-30,1500,20003,NA,7,2,7,1942,0,1,1,NA,2,404,RT 405,VENTURA BL,200,S,N,A,-,Y,LA,7,405,-,-,38.96,H,-,N,N,4,0,3,3,A,-,03,22350,NA,N,C,C,A,A,H,-,A,D,1,NA,NA,NA,NA,Y,NA,A,01,0,0,3,0,0,0,0,0,0,-,-,34.15141,-118.86737,LOS ANGELES,LOS ANGELES,-118.46792542,34.15333591
6449957,2014,2016-02-06,9525,2014-03-19,0825,14444,NA,3,1,1,1934,0,1,1,NA,2,651,RT 605,RAMONA BL,200,S,N,A,-,Y,LA,7,605,-,-,21.03,H,-,S,Y,3,0,1,3,A,-,03,22350,NA,F,C,C,A,A,H,-,A,D,1,NA,NA,NA,NA,Y,NA,A,01,0,1,0,0,0,0,0,0,0,-,-,34.07655,-117.9983,LOS ANGELES,IRWINDALE,-117.99830762,34.07699506
6449958,2014,2015-11-10,9580,2014-03-19,0845,18862,NA,3,1,7,1942,0,1,1,NA,2,405,RT 405,VICTORY BL,2640,S,N,A,-,Y,LA,7,405,-,-,40.86,H,-,S,N,4,0,1,2,D,-,00,NA,NA,N,C,C,A,A,H,-,A,D,1,NA,NA,NA,NA,Y,NA,-,-,0,0,1,0,0,0,0,0,0,-,-,34.17996,-118.47033,LOS ANGELES,LOS ANGELES,-118.47035439,34.17998287
6449960,2014,2016-01-19,9580,2014-03-31,1540,19122,NA,1,2,7,1942,0,1,2,NA,2,103,RT 101,HASKELL AV,1056,N,N,A,-,Y,LA,7,101,-,-,17.74,H,-,S,Y,4,0,3,3,A,-,03,22350,NA,N,C,C,A,A,H,-,A,D,1,NA,NA,NA,NA,Y,NA,A,01,0,0,3,0,0,0,0,0,0,-,-,34.16531,-118.47759,LOS ANGELES,LOS ANGELES,-118.4771979,34.16527282
6449961,2014,2016-02-04,9525,2014-03-18,0910,13274,NA,2,1,1,1934,0,1,1,NA,2,651,RT 605,LIVE OAK AV,1584,S,N,B,-,Y,LA,7,605,-,-,23.22,H,-,S,Y,4,0,1,3,A,-,03,22350,NA,N,C,C,A,A,H,-,A,D,1,NA,NA,NA,NA,Y,NA,A,01,0,0,1,0,0,0,0,0,0,-,-,34.10591,-117.98302,LOS ANGELES,IRWINDALE,-117.98321636,34.1051426
6449962,2014,2015-11-10,9580,2014-03-19,1536,19930,NA,3,2,7,1942,0,1,1,NA,2,404,RT 405,SHERMAN WAY,2640,S,N,A,-,Y,LA,7,405,-,-,41.86,H,-,S,Y,4,0,1,4,A,-,03,22350,NA,N,C,C,A,A,H,-,A,D,1,NA,NA,NA,NA,Y,NA,A,01,0,0,1,0,0,0,0,0,0,-,-,34.19374,-118.47396,LOS ANGELES,LOS ANGELES,-118.47441219,34.19366345
6449964,2014,2014-07-25,1925,2014-03-28,1317,18890,216,5,5,6,1925,0,0,0,NA,0,002,PACIFIC AV,PIONEER DR,0,NA,Y,A,-,N,NA,NA,NA,NA,NA,NA,NA,NA,NA,Y,4,0,2,2,A,-,09,21801,A,N,D,C,A,A,H,-,A,B,0,NA,NA,NA,NA,Y,NA,A,01,0,0,2,0,0,0,0,0,0,-,-,NA,NA,LOS ANGELES,GLENDALE,-118.2646101,34.15522005
6449965,2014,2015-11-14,9525,2014-03-11,1219,13390,NA,2,1,5,1906,0,1,1,NA,2,104,RT 10,FRANCISQUITO AV,200,W,N,B,-,Y,LA,7,10,-,-,32.6,H,-,E,Y,4,0,2,2,A,-,03,22350,NA,N,C,C,A,A,H,-,A,D,1,NA,NA,NA,NA,Y,NA,A,01,0,0,2,0,0,0,0,0,0,-,-,34.06426,-117.9542,LOS ANGELES,BALDWIN PARK,-117.97528883,34.06830393
6449966,2014,2016-03-26,9580,2014-03-20,2312,19876,NA,4,3,7,1942,0,1,2,NA,2,104,RT 101,CORBIN AV,500,S,N,A,-,Y,LA,7,101,-,-,22.67,H,-,N,Y,4,0,1,3,A,-,03,22350,NA,N,C,C,A,A,H,-,D,D,1,NA,NA,NA,NA,Y,NA,A,01,0,0,1,0,0,0,0,0,0,-,-,34.17348,-118.55738,LOS ANGELES,LOS ANGELES,-118.56053476,34.17366824
6449969,2014,2014-07-11,9525,2014-03-19,0740,10888,NA,3,1,9,1900,0,3,5,NA,2,003,ECHELON AV,MONTBROOK ST,2,S,N,A,-,N,NA,NA,NA,NA,NA,NA,NA,NA,NA,N,4,0,1,2,A,-,11,21954,A,N,G,B,D,A,H,-,A,A,0,Y,NA,NA,NA,Y,NA,N,60,0,0,1,0,1,0,0,0,0,-,-,34.03474,-117.9347,LOS ANGELES,UNINCORPORATED,-117.93475032,34.03448452
6449970,2014,2016-01-14,9580,2014-03-22,1154,19451,NA,6,1,7,1942,0,1,1,NA,2,405,RT 405,VENTURA BL,528,N,N,A,-,Y,LA,7,405,-,-,39.13,H,-,S,Y,4,0,2,3,A,-,03,22350,NA,N,C,C,A,A,H,-,A,D,1,NA,NA,NA,NA,Y,NA,A,01,0,0,2,0,0,0,0,0,0,-,-,34.15598,-118.46841,LOS ANGELES,LOS ANGELES,-118.46866977,34.15578042
6449973,2014,2014-07-11,9525,2014-03-19,1104,10888,NA,3,1,9,1900,0,3,5,NA,2,004,FRANCISQUITO AV,SUNSET AV,40,W,N,A,-,N,NA,NA,NA,NA,NA,NA,NA,NA,NA,N,4,0,2,2,A,-,03,22350,NA,N,C,C,A,A,H,-,A,A,0,NA,NA,NA,NA,Y,NA,A,07,0,0,2,0,0,0,0,0,0,-,-,34.05466,-117.95553,LOS ANGELES,UNINCORPORATED,-117.95424748,34.05394377
6449974,2014,2016-01-19,9580,2014-03-23,0203,020076,NA,7,3,7,1942,0,1,2,NA,2,102,RT 101,RT 405,50,S,N,A,-,Y,LA,7,101,-,-,17.14,H,-,N,Y,2,0,1,1,A,-,08,22107,NA,N,E,I,A,A,H,-,C,D,1,NA,NA,NA,NA,Y,NA,A,01,1,0,0,0,0,0,0,0,0,-,-,34.16075,-118.46897,LOS ANGELES,LOS ANGELES,-118.46917611,34.16077992
6449977,2014,2014-07-11,9525,2014-03-19,1215,10888,NA,3,1,9,1900,0,3,5,NA,2,004,FRANCISQUITO AV,CALIFORNIA AV,528,E,N,A,-,N,NA,NA,NA,NA,NA,NA,NA,NA,NA,N,4,0,1,2,A,-,09,21802,A,N,D,C,A,A,H,-,A,D,0,NA,NA,NA,NA,Y,NA,A,01,0,0,1,0,0,0,0,0,0,-,-,34.0502,-117.94925,LOS ANGELES,UNINCORPORATED,-117.94806353,34.04942395
6449978,2014,2016-03-22,9580,2014-03-23,1505,18588,NA,7,2,9,1900,0,1,3,NA,1,270,RT 27,VIEWRIDGE RD,75,N,N,A,-,Y,LA,7,27,-,-,8.98,H,-,S,N,3,0,1,1,A,-,03,22350,NA,N,F,A,A,A,H,-,A,D,0,NA,Y,NA,NA,Y,NA,L,04,0,1,0,0,0,0,1,0,0,-,-,34.1359,-118.5989,LOS ANGELES,UNINCORPORATED,-118.59890156,34.13583419
6449979,2014,2014-07-07,1976,2014-03-23,1940,266,NA,7,5,5,1976,0,0,0,NA,0,NA,PAINTER AV,HADLEY ST,108,N,N,A,-,N,NA,NA,NA,NA,NA,NA,NA,NA,NA,Y,3,0,1,3,A,-,01,23152,A,N,C,E,A,A,H,-,C,D,0,NA,NA,NA,NA,Y,Y,A,01,0,1,0,0,0,0,0,0,0,-,-,NA,NA,LOS ANGELES,WHITTIER,-118.03266,33.98300612
6449981,2014,2014-07-11,9525,2014-03-06,1235,16940,NA,4,1,9,1900,0,3,5,NA,2,004,VAN WIG AV,SNOWDALE ST,35,N,N,A,-,N,NA,NA,NA,NA,NA,NA,NA,NA,NA,Y,3,0,1,2,A,-,01,23152,NA,N,C,E,A,A,H,-,A,D,0,NA,NA,NA,NA,Y,Y,A,01,0,1,0,0,0,0,0,0,0,-,-,34.06511,-117.96997,LOS ANGELES,UNINCORPORATED,-117.97056542,34.06453318
6449982,2014,2016-03-26,9580,2014-03-23,1555,18588,NA,7,2,7,1942,0,1,2,NA,2,105,RT 101,TAMPA AV,2640,S,N,A,-,Y,LA,7,101,-,-,21.72,H,-,S,N,4,0,1,2,A,-,03,22350,NA,M,C,C,A,A,H,-,A,D,1,NA,NA,NA,NA,Y,NA,-,99,0,0,1,0,0,0,0,0,0,-,-,34.1729,-118.5439,LOS ANGELES,LOS ANGELES,-118.54398283,34.17331158
6449983,2014,2014-07-07,1976,2014-03-05,1215,274,NA,3,5,5,1976,0,0,0,NA,0,NA,LAMBERT RD,HYDRO DR,60,E,N,A,-,N,NA,NA,NA,NA,NA,NA,NA,NA,NA,N,4,0,1,2,A,-,10,21952,NA,N,G,B,F,A,H,-,A,D,0,Y,NA,NA,NA,Y,NA,A,01,0,0,1,0,1,0,0,0,0,-,-,NA,NA,LOS ANGELES,WHITTIER,-118.04664134,33.96499301
6449985,2014,2015-11-14,9525,2014-03-18,2045,18232,NA,2,2,5,1906,0,1,1,NA,2,104,RT 10,DALEWOOD ST,73,W,N,A,-,Y,LA,7,10,-,-,32.254,R,2,E,Y,4,0,1,1,A,-,03,22350,NA,N,E,I,A,A,H,-,C,D,1,NA,NA,NA,NA,Y,NA,A,01,0,0,1,0,0,0,0,0,0,-,-,34.06721,-117.9812,LOS ANGELES,BALDWIN PARK,-117.98123207,34.06755321