CASE_ID,ACCIDENT_YEAR,PROC_DATE,JURIS,COLLISION_DATE,COLLISION_TIME,OFFICER_ID,REPORTING_DISTRICT,DAY_OF_WEEK,CHP_SHIFT,POPULATION,CNTY_CITY_LOC,SPECIAL_COND,BEAT_TYPE,CHP_BEAT_TYPE,CITY_DIVISION_LAPD,CHP_BEAT_CLASS,BEAT_NUMBER,PRIMARY_RD,SECONDARY_RD,DISTANCE,DIRECTION,INTERSECTION,WEATHER_1,WEATHER_2,STATE_HWY_IND,CALTRANS_COUNTY,CALTRANS_DISTRICT,STATE_ROUTE,ROUTE_SUFFIX,POSTMILE_PREFIX,POSTMILE,LOCATION_TYPE,RAMP_INTERSECTION,SIDE_OF_HWY,TOW_AWAY,COLLISION_SEVERITY,NUMBER_KILLED,NUMBER_INJURED,PARTY_COUNT,PRIMARY_COLL_FACTOR,PCF_CODE_OF_VIOL,PCF_VIOL_CATEGORY,PCF_VIOLATION,PCF_VIOL_SUBSECTION,HIT_AND_RUN,TYPE_OF_COLLISION,MVIW,PED_ACTION,ROAD_SURFACE,ROAD_COND_1,ROAD_COND_2,LIGHTING,CONTROL_DEVICE,CHP_ROAD_TYPE,PEDESTRIAN_ACCIDENT,BICYCLE_ACCIDENT,MOTORCYCLE_ACCIDENT,TRUCK_ACCIDENT,NOT_PRIVATE_PROPERTY,ALCOHOL_INVOLVED,STWD_VEHTYPE_AT_FAULT,CHP_VEHTYPE_AT_FAULT,COUNT_SEVERE_INJ,COUNT_VISIBLE_INJ,COUNT_COMPLAINT_PAIN,COUNT_PED_KILLED,COUNT_PED_INJURED,COUNT_BICYCLIST_KILLED,COUNT_BICYCLIST_INJURED,COUNT_MC_KILLED,COUNT_MC_INJURED,PRIMARY_RAMP,SECONDARY_RAMP,LATITUDE,LONGITUDE,COUNTY,CITY,POINT_X,POINT_Y
6450148,2014,2014-07-07,1942,2014-03-24,1020,37505,0159,1,5,7,1942,0,0,0,A,0,1TL11W,4TH ST,MATEO ST,0,NA,Y,A,-,N,NA,NA,NA,NA,NA,NA,NA,NA,NA,N,4,0,1,2,A,-,09,21801,A,N,D,C,A,A,H,-,A,A,0,NA,NA,NA,NA,Y,NA,A,01,0,0,1,0,0,0,0,0,0,-,-,NA,NA,LOS ANGELES,LOS ANGELES,-118.23317001,34.04142009
6450150,2014,2014-07-03,1942,2014-03-25,1510,34458,1159,2,5,7,1942,0,0,0,K,0,4TL4,FIGUEROA ST,WOODSIDE DR,250,N,N,A,-,N,NA,NA,NA,NA,NA,NA,NA,NA,NA,N,4,0,2,2,A,-,03,22350,NA,F,C,C,A,A,H,-,A,D,0,NA,NA,NA,NA,Y,NA,-,99,0,0,2,0,0,0,0,0,0,-,-,NA,NA,LOS ANGELES,LOS ANGELES,-118.20479932,34.09849793
6450151,2014,2014-07-07,1942,2014-03-23,1612,37410,1544,7,5,7,1942,0,0,0,O,0,15A85,WHITSETT,HUSTON,0,NA,Y,A,-,N,NA,NA,NA,NA,NA,NA,NA,NA,NA,Y,4,0,2,2,A,-,09,21804,A,N,D,C,A,A,H,-,A,D,0,NA,NA,NA,NA,Y,NA,A,01,0,0,2,0,0,0,0,0,0,-,-,NA,NA,LOS ANGELES,LOS ANGELES,-118.40524012,34.15943001
6450152,2014,2014-07-07,1942,2014-03-24,1945,40874,0171,1,5,7,1942,0,0,0,A,0,1T11,OLYMPIC BL,GEORGIA ST,0,NA,Y,A,-,N,NA,NA,NA,NA,NA,NA,NA,NA,NA,Y,4,0,2,2,A,-,09,21801,A,N,D,C,A,A,H,-,C,A,0,NA,NA,NA,NA,Y,NA,A,01,0,0,2,0,0,0,0,0,0,-,-,NA,NA,LOS ANGELES,LOS ANGELES,-118.26689006,34.04591006
6450154,2014,2014-07-07,1942,2014-03-26,1230,38357,1129,3,5,7,1942,0,0,0,K,0,2TL28,AVENUE 64,GARVANZA AV,6,N,N,A,-,N,NA,NA,NA,NA,NA,NA,NA,NA,NA,N,4,0,2,2,A,-,09,21802,A,N,D,C,A,A,H,-,A,A,0,NA,NA,NA,NA,Y,NA,A,01,0,0,2,0,0,0,0,0,0,-,-,NA,NA,LOS ANGELES,LOS ANGELES,-118.18088158,34.11541489
6450155,2014,2014-07-07,1942,2014-03-26,1700,38356,2133,3,5,7,1942,0,0,0,NA,0,16TL28,BALMORAL LN,SHERMAN WY,5,N,N,B,-,N,NA,NA,NA,NA,NA,NA,NA,NA,NA,N,4,0,1,2,A,-,03,22350,NA,F,G,B,B,A,H,-,A,A,0,Y,NA,NA,NA,Y,NA,-,99,0,0,1,0,1,0,0,0,0,-,-,NA,NA,LOS ANGELES,LOS ANGELES,-118.6352546,34.19744317
6450156,2014,2014-07-07,1942,2014-03-26,0035,39349,0174,3,5,7,1942,0,0,0,A,0,4T43,W 8TH ST,S SPRING ST,0,NA,Y,A,-,N,NA,NA,NA,NA,NA,NA,NA,NA,NA,Y,4,0,1,2,A,-,12,21453,A,N,D,C,A,C,A,H,A,A,0,NA,NA,NA,NA,Y,NA,A,01,0,0,1,0,0,0,0,0,0,-,-,NA,NA,LOS ANGELES,LOS ANGELES,-118.25369008,34.04307005
6450159,2014,2014-07-07,1942,2014-03-27,1115,40735,1989,4,5,7,1942,0,0,0,NA,0,10TL35,ROSCOE BL,NAGLE AV,330,E,N,A,-,N,NA,NA,NA,NA,NA,NA,NA,NA,NA,N,3,0,1,2,A,-,07,21658,A,F,C,G,A,A,H,-,A,D,0,NA,Y,NA,NA,Y,NA,A,01,0,1,0,0,0,0,1,0,0,-,-,NA,NA,LOS ANGELES,LOS ANGELES,-118.42115036,34.22168
6450248,2014,2014-07-08,1942,2014-03-30,0530,36754,NA,7,5,7,1942,0,0,0,NA,0,5T21,LA BREA AV,JEFFERSON BL,71,S,N,A,-,N,NA,NA,NA,NA,NA,NA,NA,NA,NA,Y,3,0,5,2,A,-,01,23153,A,N,C,C,A,A,H,-,A,A,0,NA,NA,NA,NA,Y,Y,D,22,0,1,4,0,0,0,0,0,0,-,-,NA,NA,LOS ANGELES,LOS ANGELES,-118.35494111,34.02533449
6450252,2014,2014-07-07,1942,2014-03-11,1320,39317,0396,2,5,7,1942,0,0,0,C,0,18T23,VERNON AV,MENLO AV,0,NA,Y,A,-,N,NA,NA,NA,NA,NA,NA,NA,NA,NA,N,2,0,1,2,A,-,10,21950,A,N,G,B,B,A,H,-,A,A,0,Y,NA,NA,NA,Y,NA,D,22,1,0,0,0,1,0,0,0,0,-,-,NA,NA,LOS ANGELES,LOS ANGELES,-118.29003009,34.00369011
6450256,2014,2016-02-03,1942,2014-03-18,0220,36738,0514,2,5,7,1942,0,0,0,E,0,18T23,PACIFIC COAST HWY,WILMINGTON BL,60,W,N,A,-,Y,LA,7,1,-,-,11.22,H,-,S,Y,4,0,1,5,A,-,01,23152,A,N,C,C,A,A,H,-,C,D,0,NA,NA,NA,NA,Y,Y,A,07,0,0,1,0,0,0,0,0,0,-,-,NA,NA,LOS ANGELES,LOS ANGELES,-118.27530465,33.79047258
6450281,2014,2014-07-07,1922,2014-03-29,1429,651,NA,6,5,6,1922,0,0,0,NA,0,004,DURFEE AV,VALLEY BL,50,S,N,A,-,N,NA,NA,NA,NA,NA,NA,NA,NA,NA,N,4,0,1,2,A,-,08,22107,NA,F,C,C,A,A,H,-,A,D,0,NA,NA,NA,Y,Y,NA,F,26,0,0,1,0,0,0,0,0,0,-,-,NA,NA,LOS ANGELES,EL MONTE,-118.01331328,34.05960343
6450283,2014,2014-07-09,1942,2014-04-16,0900,39281,1972,3,5,7,1942,0,0,0,NA,0,21TL61,NORDHOFF ST,NOBLE AV,0,NA,Y,A,-,N,NA,NA,NA,NA,NA,NA,NA,NA,NA,Y,4,0,2,4,A,-,12,21453,A,N,D,C,A,A,H,-,A,A,0,NA,NA,NA,NA,Y,NA,A,07,0,0,2,0,0,0,0,0,0,-,-,NA,NA,LOS ANGELES,LOS ANGELES,-118.46097004,34.2354801
6450295,2014,2014-07-09,1942,2014-04-14,1420,39217,1954,1,5,7,1942,0,0,0,NA,0,17TL12,ROMAR ST,NORWICH AV,69,E,N,A,-,N,NA,NA,NA,NA,NA,NA,NA,NA,NA,N,2,0,1,3,A,-,05,21650,NA,N,B,C,A,A,H,-,A,D,0,NA,NA,Y,NA,Y,NA,C,02,1,0,0,0,0,0,0,0,1,-,-,NA,NA,LOS ANGELES,LOS ANGELES,-118.45957208,34.254418
6450307,2014,2014-07-09,1942,2014-04-14,1755,38687,1642,1,5,7,1942,0,0,0,P,0,35Z202,VAN NUYS BL,ONEIDA AV,18,E,N,A,-,N,NA,NA,NA,NA,NA,NA,NA,NA,NA,N,4,0,1,2,A,-,12,22450,A,F,D,C,A,A,H,-,A,A,0,NA,NA,NA,NA,Y,NA,-,99,0,0,1,0,0,0,0,0,0,-,-,NA,NA,LOS ANGELES,LOS ANGELES,-118.42798517,34.26181243
6450311,2014,2014-07-09,1942,2014-04-14,2055,36153,1969,1,5,7,1942,0,0,0,NA,0,15T43,OSBORNE ST,ARLETA AV,0,NA,Y,A,-,N,NA,NA,NA,NA,NA,NA,NA,NA,NA,Y,4,0,1,3,A,-,12,21453,A,N,D,C,A,A,H,-,C,A,0,NA,NA,NA,NA,Y,NA,A,01,0,0,1,0,0,0,0,0,0,-,-,NA,NA,LOS ANGELES,LOS ANGELES,-118.42611012,34.24208003
6450315,2014,2014-07-22,1942,2014-04-11,0558,30596,1921,5,5,7,1942,0,0,0,NA,0,17TL17,ENCINITAS AV,ROXFORD ST,166,S,N,A,-,N,NA,NA,NA,NA,NA,NA,NA,NA,NA,Y,4,0,1,2,A,-,08,22107,NA,N,C,E,A,A,H,-,C,D,0,NA,NA,NA,Y,Y,NA,A,01,0,0,1,0,0,0,0,0,0,-,-,NA,NA,LOS ANGELES,LOS ANGELES,-118.4784674,34.30351192
6450403,2014,2014-07-12,9530,2014-04-12,1340,20787,NA,6,1,9,1900,0,3,5,NA,2,002,COMPTON BL,BROADWAY ST,0,NA,Y,A,-,N,NA,NA,NA,NA,NA,NA,NA,NA,NA,Y,4,0,1,2,A,-,12,21453,A,N,D,C,A,A,H,-,A,A,0,NA,NA,NA,NA,Y,NA,A,01,0,0,1,0,0,0,0,0,0,-,-,33.8942,-118.2787,LOS ANGELES,UNINCORPORATED,-118.27865003,33.89482005
6450407,2014,2014-07-12,9530,2014-04-13,1200,20787,NA,7,1,9,1900,0,3,5,NA,2,001,NADEAU ST,HOOPER AV,0,NA,Y,A,-,N,NA,NA,NA,NA,NA,NA,NA,NA,NA,Y,3,0,4,2,A,-,09,21801,A,N,A,C,A,A,H,-,A,A,0,NA,NA,NA,NA,Y,NA,A,08,0,2,2,0,0,0,0,0,0,-,-,33.9673,-118.252,LOS ANGELES,UNINCORPORATED,-118.25206005,33.96746002
6450411,2014,2016-02-05,9530,2014-04-15,0545,020665,NA,2,3,5,1977,0,1,1,NA,2,410,RT 405,MAIN ST,950,S,N,A,-,Y,LA,7,405,-,-,21.42,H,-,N,N,4,0,2,2,A,-,03,22350,NA,N,C,C,A,A,H,-,D,D,0,NA,NA,NA,NA,Y,NA,A,01,0,0,2,0,0,0,0,0,0,-,-,33.51514,-118.16402,LOS ANGELES,CARSON,-118.36828834,33.93357233
6450415,2014,2014-07-12,1956,2014-04-15,0700,1192,38,2,5,5,1956,0,0,0,NA,0,003,AVIATION BL,FORD AV,45,E,N,A,-,N,NA,NA,NA,NA,NA,NA,NA,NA,NA,N,4,0,1,2,A,-,03,22350,NA,N,C,C,A,A,H,-,A,A,0,NA,NA,NA,NA,Y,NA,A,01,0,0,1,0,0,0,0,0,0,-,-,NA,NA,LOS ANGELES,REDONDO BEACH,-118.38397441,33.86724706
6450419,2014,2014-07-12,9540,2014-04-02,1430,018202,NA,3,2,9,1900,0,2,4,NA,2,010,THE OLD RD,PICO CANYON RD,0,NA,Y,B,C,N,NA,NA,NA,NA,NA,NA,NA,NA,NA,N,4,0,1,2,A,-,09,21453,C,N,D,C,A,B,H,-,A,A,0,NA,NA,NA,NA,Y,NA,A,07,0,0,1,0,0,0,0,0,0,-,-,34.38123,-118.57089,LOS ANGELES,UNINCORPORATED,-118.5708701,34.38107003
6450423,2014,2016-04-21,9530,2014-04-11,0845,20699,NA,5,1,7,1942,0,1,1,NA,2,110,RT 110,CENTURY BL,0,NA,N,A,-,Y,LA,7,110,-,-,14.97,H,-,N,Y,4,0,1,2,A,-,03,22350,NA,N,C,C,A,A,H,-,A,D,1,NA,NA,NA,NA,Y,NA,A,07,0,0,1,0,0,0,0,0,0,-,-,33.94559,-118.27971,LOS ANGELES,LOS ANGELES,-118.27956363,33.94559098
6450427,2014,2016-02-05,9530,2014-04-09,1038,20744,NA,3,1,7,1941,0,1,1,NA,2,430,RT 405,STUDEBAKER RD,830,N,N,A,-,Y,LA,7,405,-,-,0.62,H,-,N,Y,4,0,2,4,A,-,03,22350,NA,N,C,C,A,A,H,-,A,D,1,NA,NA,NA,NA,Y,NA,A,01,0,0,2,0,0,0,0,0,0,-,-,33.79205,-118.81009,LOS ANGELES,LONG BEACH,-118.10119409,33.79201588
6450431,2014,2014-07-12,9530,2014-04-05,1555,020406,NA,6,2,9,1900,0,3,5,NA,2,001,FLORENCE AV,HOLMES AV,85,E,N,A,-,N,NA,NA,NA,NA,NA,NA,NA,NA,NA,N,3,0,1,1,B,-,22,NA,NA,N,F,A,A,A,H,-,A,D,0,NA,NA,Y,NA,Y,NA,C,02,0,1,0,0,0,0,0,0,1,-,-,33.9747,-118.2407,LOS ANGELES,UNINCORPORATED,-118.2409802,33.97473
6450435,2014,2016-04-21,9530,2014-04-05,1545,20793,NA,6,2,9,1900,0,2,4,NA,1,020,RT 105,RT 110,5,W,N,A,-,Y,LA,7,105,-,R,7.26,H,-,E,Y,4,0,2,3,A,-,03,22350,NA,N,C,C,A,A,H,-,A,D,1,NA,NA,NA,NA,Y,NA,-,-,0,0,2,0,0,0,0,0,0,-,-,33.92844,-118.2808,LOS ANGELES,UNINCORPORATED,-118.28279352,33.92850092
6450439,2014,2014-07-12,9530,2014-04-15,2010,20231,NA,2,2,9,1900,0,3,5,NA,2,002,AVALON BL,ROSECRANS AV,0,NA,Y,A,-,N,NA,NA,NA,NA,NA,NA,NA,NA,NA,Y,4,0,2,4,A,-,12,21453,A,N,D,C,A,A,H,-,C,A,0,NA,NA,NA,NA,Y,NA,A,08,0,0,2,0,0,0,0,0,0,-,-,33.90211,-118.26534,LOS ANGELES,UNINCORPORATED,-118.26528002,33.90214004
6450467,2014,2014-07-12,1922,2014-04-03,1752,505,NA,4,5,6,1922,0,0,0,NA,0,NA,TYLER AV,VALLEY MALL,10,S,N,A,-,N,NA,NA,NA,NA,NA,NA,NA,NA,NA,N,3,0,1,2,A,-,11,21456,B,N,G,B,B,A,H,-,A,A,0,Y,NA,NA,NA,Y,NA,N,60,0,1,0,0,1,0,0,0,0,-,-,NA,NA,LOS ANGELES,EL MONTE,-118.03551187,34.07392442
6450471,2014,2014-07-31,1922,2014-04-02,1030,582,NA,3,5,6,1922,0,0,0,NA,0,NA,VALLEY,ARDEN,0,NA,Y,A,-,N,NA,NA,NA,NA,NA,NA,NA,NA,NA,Y,3,0,1,2,A,-,08,22107,NA,N,C,C,A,A,H,-,A,-,0,NA,NA,NA,NA,Y,NA,-,NA,0,1,0,0,0,0,0,0,0,-,-,NA,NA,LOS ANGELES,EL MONTE,-118.04623003,34.07658004
6450475,2014,2014-07-12,1922,2014-04-05,1637,640,NA,6,5,6,1922,0,0,0,NA,0,004,GARVEY AV,MOUNTAIN VIEW RD,250,E,N,A,-,N,NA,NA,NA,NA,NA,NA,NA,NA,NA,N,4,0,2,2,A,-,09,21804,A,N,D,C,A,A,H,-,A,D,0,NA,NA,NA,NA,Y,NA,A,01,0,0,2,0,0,0,0,0,0,-,-,NA,NA,LOS ANGELES,EL MONTE,-118.02093418,34.06277
6450479,2014,2014-07-12,1922,2014-04-01,1410,594,NA,2,5,6,1922,0,0,0,NA,0,NA,VALLEY BL,VALLEY BL 10489,150,W,N,A,-,N,NA,NA,NA,NA,NA,NA,NA,NA,NA,N,4,0,1,2,A,-,05,21202,A,N,H,G,A,A,H,-,A,D,0,NA,Y,NA,NA,Y,NA,L,04,0,0,1,0,0,0,1,0,0,-,-,NA,NA,LOS ANGELES,EL MONTE,NA,NA
6450659,2014,2014-06-25,1942,2014-03-23,0225,20439,0391,7,5,7,1942,0,0,0,C,0,901,LA BREA AV,STOCKER ST,20,N,N,A,-,N,NA,NA,NA,NA,NA,NA,NA,NA,NA,N,4,0,1,2,A,-,03,22350,NA,F,C,C,A,A,H,-,C,D,0,NA,NA,NA,NA,Y,NA,-,99,0,0,1,0,0,0,0,0,0,-,-,33.9972,-118.3582,LOS ANGELES,LOS ANGELES,-118.35791944,33.99725429
6450670,2014,2014-06-24,1942,2014-04-08,2209,00001,NA,2,5,7,1942,0,0,0,NA,0,NA,FIELDS DR,DONALD O'CONNOR DR,34,S,N,A,-,N,NA,NA,NA,NA,NA,NA,NA,NA,NA,Y,4,0,2,2,A,-,01,23152,A,N,C,C,A,A,H,-,C,D,0,NA,NA,NA,NA,Y,Y,A,01,0,0,2,0,0,0,0,0,0,-,-,34.1325,-118.34987,LOS ANGELES,LOS ANGELES,-118.3501,34.13265
6450678,2014,2014-06-24,1972,2014-04-18,1500,15615,NA,5,5,6,1972,0,0,0,NA,0,NA,WESTERN AV,220TH ST,10,S,N,A,-,N,NA,NA,213,NA,NA,NA,NA,NA,NA,Y,4,0,1,3,A,-,03,22350,NA,N,C,C,A,A,H,-,A,D,0,NA,NA,NA,NA,Y,NA,A,01,0,0,1,0,0,0,0,0,0,-,-,33.8278,-118.30903,LOS ANGELES,TORRANCE,-118.3090575,33.82779967
6450725,2014,2014-06-12,9565,2014-01-22,1200,019362,NA,3,1,9,1900,0,3,5,NA,2,002,CENTURY BL,NORMANDIE AV,150,W,N,A,-,N,NA,NA,NA,NA,NA,NA,NA,NA,NA,N,4,0,1,3,A,-,17,23114,A,N,E,I,F,A,H,-,A,D,0,Y,NA,NA,Y,Y,NA,F,26,0,0,1,0,1,0,0,0,0,-,-,33.56438,-118.18311,LOS ANGELES,UNINCORPORATED,-118.30077355,33.94548333
6450769,2014,2016-04-22,1976,2014-04-02,1619,485,NA,3,5,5,1976,0,0,0,NA,0,003,WHITTIER BL,LAUREL AV,45,W,N,A,-,Y,LA,7,72,-,-,3.41,H,-,N,Y,4,0,3,3,A,-,03,22350,NA,N,C,C,A,A,H,-,A,D,0,NA,NA,NA,NA,Y,NA,A,01,0,0,3,0,0,0,0,0,0,-,-,NA,NA,LOS ANGELES,WHITTIER,-118.0292156,33.961155840000004
6450792,2014,2014-07-17,1942,2014-03-30,0510,31114,1273,7,5,7,1942,0,0,0,L,0,12X59,WESTERN AV,92ND ST,250,N,N,A,-,N,NA,NA,NA,NA,NA,NA,NA,NA,NA,Y,4,0,1,3,A,-,03,22350,NA,N,C,E,A,A,H,-,C,D,0,NA,NA,NA,NA,Y,NA,A,01,0,0,1,0,0,0,0,0,0,-,-,NA,NA,LOS ANGELES,LOS ANGELES,-118.309016,33.953395
6450793,2014,2014-07-18,1942,2014-03-29,1945,40440,1259,6,5,7,1942,0,0,0,L,0,12773,AVALON BL,79TH ST,0,NA,Y,A,-,N,NA,NA,NA,NA,NA,NA,NA,NA,NA,Y,2,0,5,3,A,-,09,21801,A,N,D,C,A,A,H,-,C,A,0,NA,NA,Y,NA,Y,NA,A,07,1,1,3,0,0,0,0,0,1,-,-,NA,NA,LOS ANGELES,LOS ANGELES,-118.26516003,33.96739011
6450794,2014,2014-07-08,1942,2014-03-26,1800,37146,1249,3,5,7,1942,0,0,0,L,0,18T39,GAGE AV,HOOVER ST,0,NA,Y,A,-,N,NA,NA,NA,NA,NA,NA,NA,NA,NA,N,3,0,2,2,A,-,09,21801,A,N,D,C,A,A,H,-,A,A,0,NA,NA,NA,NA,Y,NA,A,01,0,1,1,0,0,0,0,0,0,-,-,NA,NA,LOS ANGELES,LOS ANGELES,-118.28708003,33.9825101
6450797,2014,2014-07-07,1942,2014-03-22,2300,36738,1283,6,5,7,1942,0,0,0,L,0,18T23,WESTERN AV,96TH ST,180,N,N,A,-,N,NA,NA,NA,NA,NA,NA,NA,NA,NA,N,3,0,1,2,A,-,11,21954,A,N,G,B,D,A,H,-,C,D,0,Y,NA,NA,NA,Y,NA,N,60,0,1,0,0,1,0,0,0,0,-,-,NA,NA,LOS ANGELES,LOS ANGELES,-118.309,33.949158
6450808,2014,2015-12-29,9530,2014-03-27,1025,020430,NA,4,1,7,1941,0,1,1,NA,2,430,RT 405,TEMPLE AV,965,S,N,A,-,Y,LA,7,405,-,-,4.15,H,-,N,Y,3,0,2,3,A,-,07,21658,A,N,B,C,A,A,H,-,A,D,1,NA,NA,NA,NA,Y,NA,D,22,0,1,1,0,0,0,0,0,0,-,-,33.80944,-118.15736,LOS ANGELES,LONG BEACH,-118.15641317,33.80880071
6450880,2014,2014-07-03,1942,2014-03-14,1940,40325,0423,5,5,7,1942,0,0,0,D,0,11T21,GRIFFIN AV,DARWIN AV,0,NA,Y,A,-,N,NA,NA,NA,NA,NA,NA,NA,NA,NA,N,4,0,1,2,A,-,10,21950,A,F,G,B,B,A,H,-,C,A,0,Y,NA,NA,NA,Y,NA,A,01,0,0,1,0,1,0,0,0,0,-,-,NA,NA,LOS ANGELES,LOS ANGELES,-118.21161007,34.06758006
6450881,2014,2014-07-07,1942,2014-03-21,1819,41372,1113,5,5,7,1942,0,0,0,K,0,11A26,BROADWAY,EL VERANO,126,W,N,A,-,N,NA,NA,NA,NA,NA,NA,NA,NA,NA,Y,3,0,3,2,A,-,09,21801,A,N,A,C,A,A,H,-,A,D,0,NA,NA,NA,NA,Y,NA,-,NA,0,1,2,0,0,0,0,0,0,-,-,NA,NA,LOS ANGELES,LOS ANGELES,-118.22599936,34.14393802
6450882,2014,2014-07-07,1942,2014-03-17,0940,37952,0205,1,5,7,1942,0,0,0,B,0,4TL43,SUNSET BL,BENTON WY,0,NA,Y,A,-,N,NA,NA,NA,NA,NA,NA,NA,NA,NA,Y,3,0,1,2,A,-,09,21801,A,N,D,C,A,A,H,-,A,A,0,NA,NA,NA,NA,Y,NA,A,07,0,1,0,0,0,0,0,0,0,-,-,NA,NA,LOS ANGELES,LOS ANGELES,-118.27040009,34.08055002
6450883,2014,2014-07-07,1942,2014-03-21,2325,36906,2A17,5,5,7,1942,0,0,0,NA,0,0256,W 6TH ST,UNION AV,80,W,N,A,-,N,NA,NA,NA,NA,NA,NA,NA,NA,NA,N,4,0,2,2,A,-,01,23152,A,N,C,C,A,A,H,-,C,A,0,NA,NA,NA,NA,Y,Y,A,01,0,0,2,0,0,0,0,0,0,-,-,NA,NA,LOS ANGELES,LOS ANGELES,-118.27010105,34.05741562
6450884,2014,2014-07-07,1942,2014-03-19,0930,26540,0212,3,5,7,1942,0,0,0,B,0,2A15,HOOVER ST,CLINTON ST,0,NA,Y,A,-,N,NA,NA,NA,NA,NA,NA,NA,NA,NA,N,4,0,1,2,A,-,04,21703,NA,N,C,C,A,A,H,-,A,D,0,NA,NA,NA,NA,Y,NA,-,NA,0,0,1,0,0,0,0,0,0,-,-,NA,NA,LOS ANGELES,LOS ANGELES,-118.28445011,34.08176004
6450886,2014,2014-07-07,1942,2014-03-26,1715,34458,0218,3,5,7,1942,0,0,0,B,0,4TL4,BELLEVUE AV,W EDGEWARE RD,25,W,N,A,-,N,NA,NA,NA,NA,NA,NA,NA,NA,NA,N,4,0,1,2,A,-,03,22350,NA,N,C,C,A,A,H,-,A,A,0,NA,NA,Y,NA,Y,NA,C,02,0,0,1,0,0,0,0,0,1,-,-,NA,NA,LOS ANGELES,LOS ANGELES,-118.2579238,34.06911048
6450887,2014,2014-07-07,1942,2014-03-26,1000,32996,0279,3,5,7,1942,0,0,0,B,0,2TL15,OLYMPIC BL,ALBANY ST,35,E,N,A,-,N,NA,NA,NA,NA,NA,NA,NA,NA,NA,N,4,0,2,2,A,-,04,21703,NA,N,C,C,A,A,H,-,A,D,0,NA,NA,NA,NA,Y,NA,A,01,0,0,2,0,0,0,0,0,0,-,-,NA,NA,LOS ANGELES,LOS ANGELES,-118.27103914999999,34.04777345
6450888,2014,2014-07-07,1942,2014-03-26,1940,39349,0236,3,5,7,1942,0,0,0,B,0,11T21,W TEMPLE ST,N BURLINGAME AV,0,NA,Y,B,-,N,NA,NA,NA,NA,NA,NA,NA,NA,NA,N,4,0,1,2,A,-,09,21804,A,N,D,G,A,A,H,-,C,A,0,NA,Y,NA,NA,Y,NA,L,04,0,0,1,0,0,0,1,0,0,-,-,NA,NA,LOS ANGELES,LOS ANGELES,NA,NA
6450889,2014,2014-07-07,1942,2014-03-20,1910,30211,0427,4,5,7,1942,0,0,0,D,0,4A6,EASTERN AV,TWINING AV,160,N,N,A,-,N,NA,NA,NA,NA,NA,NA,NA,NA,NA,N,4,0,1,2,A,-,08,22102,NA,N,D,C,A,A,H,-,A,D,0,NA,NA,NA,NA,Y,NA,-,NA,0,0,1,0,0,0,0,0,0,-,-,NA,NA,LOS ANGELES,LOS ANGELES,-118.17805174,34.08403874
6450890,2014,2014-07-07,1942,2014-03-22,1255,30715,0455,6,5,7,1942,0,0,0,D,0,4A97,BAILEY ST,BRITTANIA ST,0,NA,Y,A,-,N,NA,NA,NA,NA,NA,NA,NA,NA,NA,N,4,0,2,2,A,-,09,21802,A,N,D,C,A,A,H,-,A,A,0,NA,NA,NA,NA,Y,NA,A,01,0,0,2,0,0,0,0,0,0,-,-,NA,NA,LOS ANGELES,LOS ANGELES,-118.21162001,34.05191007
6450891,2014,2016-02-03,1942,2014-03-21,1130,39417,412,5,5,7,1942,0,0,0,NA,0,4A72,PASADENA AV,RT 5,10,W,N,A,-,Y,LA,7,5,-,-,20.025,R,4,N,Y,4,0,2,2,A,-,12,21453,A,N,D,C,A,A,-,-,C,A,0,NA,NA,NA,NA,Y,NA,-,-,0,0,2,0,0,0,0,0,0,-,NO,NA,NA,LOS ANGELES,LOS ANGELES,-118.21931032,34.07741259
6450892,2014,2015-12-28,1942,2014-03-19,1935,40325,0443,3,5,7,1942,0,0,0,D,0,4T43,SOTO ST,CHARLOTTE ST,0,NA,Y,A,-,Y,LA,7,10,-,-,18.988,R,4,W,N,3,0,1,2,A,-,09,21801,A,N,D,G,A,A,H,-,C,A,0,NA,Y,NA,NA,Y,NA,A,01,0,1,0,0,0,0,1,0,0,-,-,NA,NA,LOS ANGELES,LOS ANGELES,-118.20411951,34.05414137
6450893,2014,2014-07-07,1942,2014-03-19,1815,38610,0497,3,5,7,1942,0,0,0,D,0,4A97,ORME AV,OLYMPIC BL,0,NA,Y,A,-,N,NA,NA,NA,NA,NA,NA,NA,NA,NA,Y,3,0,2,2,A,-,09,21802,A,N,D,C,A,A,H,-,A,A,0,NA,NA,NA,NA,Y,NA,-,NA,0,1,1,0,0,0,0,0,0,-,-,NA,NA,LOS ANGELES,LOS ANGELES,-118.21775004,34.02338006
6450894,2014,2014-07-07,1942,2014-03-23,1810,40063,0471,7,5,7,1942,0,0,0,D,0,4T43,JESSE ST,CLARENCE ST,0,NA,Y,A,-,N,NA,NA,NA,NA,NA,NA,NA,NA,NA,Y,4,0,1,1,A,-,03,22350,NA,N,F,J,A,A,H,-,A,D,0,NA,NA,Y,NA,Y,NA,C,02,0,0,1,0,0,0,0,0,1,-,-,NA,NA,LOS ANGELES,LOS ANGELES,-118.22215005,34.03680004
6450895,2014,2014-07-07,1942,2014-03-14,1610,39428,0471,5,5,7,1942,0,0,0,D,0,4A72,GLESS ST,4TH ST,200,S,N,A,-,N,NA,NA,NA,NA,NA,NA,NA,NA,NA,N,4,0,1,2,B,-,22,NA,NA,N,A,G,A,A,H,-,A,D,0,NA,Y,NA,NA,Y,NA,A,01,0,0,1,0,0,0,1,0,0,-,-,NA,NA,LOS ANGELES,LOS ANGELES,-118.2226614,34.0423777