CASE_ID,ACCIDENT_YEAR,PROC_DATE,JURIS,COLLISION_DATE,COLLISION_TIME,OFFICER_ID,REPORTING_DISTRICT,DAY_OF_WEEK,CHP_SHIFT,POPULATION,CNTY_CITY_LOC,SPECIAL_COND,BEAT_TYPE,CHP_BEAT_TYPE,CITY_DIVISION_LAPD,CHP_BEAT_CLASS,BEAT_NUMBER,PRIMARY_RD,SECONDARY_RD,DISTANCE,DIRECTION,INTERSECTION,WEATHER_1,WEATHER_2,STATE_HWY_IND,CALTRANS_COUNTY,CALTRANS_DISTRICT,STATE_ROUTE,ROUTE_SUFFIX,POSTMILE_PREFIX,POSTMILE,LOCATION_TYPE,RAMP_INTERSECTION,SIDE_OF_HWY,TOW_AWAY,COLLISION_SEVERITY,NUMBER_KILLED,NUMBER_INJURED,PARTY_COUNT,PRIMARY_COLL_FACTOR,PCF_CODE_OF_VIOL,PCF_VIOL_CATEGORY,PCF_VIOLATION,PCF_VIOL_SUBSECTION,HIT_AND_RUN,TYPE_OF_COLLISION,MVIW,PED_ACTION,ROAD_SURFACE,ROAD_COND_1,ROAD_COND_2,LIGHTING,CONTROL_DEVICE,CHP_ROAD_TYPE,PEDESTRIAN_ACCIDENT,BICYCLE_ACCIDENT,MOTORCYCLE_ACCIDENT,TRUCK_ACCIDENT,NOT_PRIVATE_PROPERTY,ALCOHOL_INVOLVED,STWD_VEHTYPE_AT_FAULT,CHP_VEHTYPE_AT_FAULT,COUNT_SEVERE_INJ,COUNT_VISIBLE_INJ,COUNT_COMPLAINT_PAIN,COUNT_PED_KILLED,COUNT_PED_INJURED,COUNT_BICYCLIST_KILLED,COUNT_BICYCLIST_INJURED,COUNT_MC_KILLED,COUNT_MC_INJURED,PRIMARY_RAMP,SECONDARY_RAMP,LATITUDE,LONGITUDE,COUNTY,CITY,POINT_X,POINT_Y
6452052,2014,2014-07-25,9540,2014-04-12,0750,17983,NA,6,1,9,1900,0,2,4,NA,1,204,BOUQUET CANYON RD,BLUE CLOUD RD,342,N,N,B,-,N,NA,NA,NA,NA,NA,NA,NA,NA,NA,Y,4,0,2,2,A,-,03,22350,NA,N,D,C,A,A,H,-,A,D,0,NA,NA,NA,NA,Y,NA,D,22,0,0,2,0,0,0,0,0,0,-,-,34.46408,-118.48134,LOS ANGELES,UNINCORPORATED,-118.48169094,34.4638526
6452057,2014,2014-07-25,1900,2014-04-07,1110,528221,1192,1,5,6,1992,0,0,0,NA,0,111T2,AVENUE L,25TH ST WEST,2,E,N,A,-,N,NA,NA,NA,NA,NA,NA,NA,NA,NA,Y,4,0,2,2,A,-,04,21703,NA,N,C,C,A,A,H,-,A,A,0,NA,NA,NA,NA,Y,NA,A,01,0,0,2,0,0,0,0,0,0,-,-,NA,NA,LOS ANGELES,LANCASTER,-118.17456336,34.66033
6452061,2014,2014-07-25,1900,2014-04-05,2006,527065,1192,6,5,6,1992,0,0,0,NA,0,111T1,AVENUE K,32ND ST WEST,0,NA,Y,A,-,N,NA,NA,NA,NA,NA,NA,NA,NA,NA,Y,3,0,6,2,A,-,07,21658,A,N,B,C,A,A,H,-,C,A,0,NA,NA,NA,NA,Y,NA,A,01,0,1,5,0,0,0,0,0,0,-,-,NA,NA,LOS ANGELES,LANCASTER,-118.18809013,34.67479008
6452074,2014,2014-07-23,1942,2014-04-18,1550,38850,1998,5,5,7,1942,0,0,0,NA,0,16TL26,ROSCOE BL,HAZELTINE AV,15,E,N,A,-,N,NA,NA,NA,NA,NA,NA,NA,NA,NA,Y,4,0,2,5,A,-,03,22350,NA,N,C,C,A,A,H,-,A,D,0,NA,NA,NA,NA,Y,NA,A,08,0,0,2,0,0,0,0,0,0,-,-,NA,NA,LOS ANGELES,LOS ANGELES,-118.44038047,34.22162
6452076,2014,2016-04-19,9540,2014-04-09,1338,14299,NA,3,1,7,1942,0,1,1,NA,2,406,RT 405,ROXFORD ST,4224,S,N,A,-,Y,LA,7,5,-,-,41.85,H,-,S,Y,3,0,2,2,D,-,00,NA,NA,N,B,C,A,A,H,-,A,D,1,NA,NA,NA,Y,Y,NA,-,-,0,1,1,0,0,0,0,0,0,-,-,34.29468,-118.4705,LOS ANGELES,LOS ANGELES,-118.47078393,34.2941747
6452078,2014,2014-07-16,1942,2014-04-18,0610,30452,1989,5,5,7,1942,0,0,0,NA,0,9TL53,ARLETA AV,SHELDON ST,25,N,N,B,-,N,NA,NA,NA,NA,NA,NA,NA,NA,NA,Y,3,0,3,3,A,-,08,22107,NA,N,D,C,A,A,H,-,B,D,0,NA,NA,NA,Y,Y,NA,D,22,0,2,1,0,0,0,0,0,0,-,-,NA,NA,LOS ANGELES,LOS ANGELES,-118.41123975,34.22754472
6452083,2014,2014-07-05,1942,2014-02-22,1715,R2138,1432,6,5,7,1942,0,0,0,N,0,34TF34,VENICE BL,OAKWOOD AV,270,E,N,A,-,N,NA,NA,NA,NA,NA,NA,NA,NA,NA,N,4,0,1,2,A,-,03,22350,NA,N,C,C,A,A,H,-,A,D,0,NA,NA,NA,NA,Y,NA,A,01,0,0,1,0,0,0,0,0,0,-,-,NA,NA,LOS ANGELES,LOS ANGELES,-118.45649108,33.99225584
6452084,2014,2014-07-05,1942,2014-02-27,0245,24475,637,4,5,7,1942,0,0,0,NA,0,6T7,HOLLYWOOD BL,BRONSON AV,100,W,N,C,-,N,NA,NA,NA,NA,NA,NA,NA,NA,NA,N,4,0,1,2,A,-,03,22350,NA,F,C,C,A,B,H,-,C,D,0,NA,NA,NA,NA,Y,NA,-,99,0,0,1,0,0,0,0,0,0,-,-,NA,NA,LOS ANGELES,LOS ANGELES,-118.31831969,34.10167
6452088,2014,2014-07-05,1942,2014-02-23,0155,35154,1424,7,5,7,1942,0,0,0,N,0,14A25,BARRINGTON AV,NAVY ST,0,NA,Y,B,E,N,NA,NA,NA,NA,NA,NA,NA,NA,NA,N,3,0,1,2,A,-,08,22102,NA,F,H,A,A,A,H,-,C,D,0,NA,NA,Y,NA,Y,NA,-,99,0,1,0,0,0,0,0,0,0,-,-,NA,NA,LOS ANGELES,LOS ANGELES,-118.43731009,34.02096001
6452092,2014,2014-07-05,1942,2014-02-14,0920,40605,0759,5,5,7,1942,0,0,0,G,0,6TL11,BRONSON AV,PICO BL,4,N,N,A,-,N,NA,NA,NA,NA,NA,NA,NA,NA,NA,N,4,0,1,2,A,-,05,21650,1,N,H,G,A,A,H,-,A,A,0,NA,Y,NA,NA,Y,NA,L,04,0,0,1,0,0,0,1,0,0,-,-,NA,NA,LOS ANGELES,LOS ANGELES,-118.32553,34.04772
6452096,2014,2014-07-05,1942,2014-02-27,1135,37715,0857,4,5,7,1942,0,0,0,H,0,14T49,GLENVILLE DR,PICO BL,10,N,N,A,-,N,NA,NA,NA,NA,NA,NA,NA,NA,NA,N,3,0,1,2,A,-,11,21956,A,N,G,B,B,A,H,-,A,A,0,Y,NA,NA,NA,Y,NA,N,60,0,1,0,0,1,0,0,0,0,-,-,NA,NA,LOS ANGELES,LOS ANGELES,-118.39322,34.05529
6452100,2014,2014-07-05,1942,2014-02-19,1700,37705,1401,3,5,7,1942,0,0,0,N,0,14X56,GATEWAY BL,STONER AV,0,NA,Y,A,-,N,NA,NA,NA,NA,NA,NA,NA,NA,NA,N,3,0,1,2,A,-,09,21802,A,N,D,C,A,A,H,-,A,D,0,NA,NA,Y,NA,Y,NA,A,01,0,1,0,0,0,0,0,0,1,-,-,NA,NA,LOS ANGELES,LOS ANGELES,-118.44366013,34.02739003
6452101,2014,2015-11-10,9590,2014-01-25,2211,020409,NA,6,3,7,1942,0,1,1,NA,2,052,75RT 110,ADAMS BL,75,S,N,A,-,Y,LA,7,110,-,-,20.7,H,-,N,Y,2,0,3,2,A,-,03,22350,NA,N,A,E,A,A,H,-,C,D,1,NA,NA,NA,NA,Y,NA,A,01,2,1,0,0,0,0,0,0,0,-,-,34.02719,-118.27455,LOS ANGELES,LOS ANGELES,-118.27448028,34.02749399
6452102,2014,2014-06-28,1942,2014-02-27,1650,38380,0849,4,5,7,1942,0,0,0,H,0,8TL28,OLYMPIC BL,SHENANDOAH ST,35,E,N,A,-,N,NA,NA,NA,NA,NA,NA,NA,NA,NA,Y,4,0,3,2,A,-,03,22350,NA,N,C,C,A,A,H,-,A,A,0,NA,NA,NA,NA,Y,NA,A,01,0,0,3,0,0,0,0,0,0,-,-,NA,NA,LOS ANGELES,LOS ANGELES,-118.38131466,34.05936
6452104,2014,2014-07-05,1942,2014-02-22,1125,37715,1402,6,5,7,1942,0,0,0,N,0,14T47,NATIONA BL,BUTLER AV,0,NA,Y,A,-,N,NA,NA,NA,NA,NA,NA,NA,NA,NA,Y,4,0,1,2,A,-,09,21801,A,N,D,C,A,A,H,-,A,A,0,NA,NA,NA,NA,Y,NA,A,01,0,0,1,0,0,0,0,0,0,-,-,NA,NA,LOS ANGELES,LOS ANGELES,-118.43411012,34.02492005
6452105,2014,2015-11-10,9590,2014-01-25,2210,020409,NA,6,3,7,1942,0,1,1,NA,2,052,RT 110,ADAMS BL,100,S,N,A,-,Y,LA,7,110,-,-,20.69,H,-,N,Y,2,0,6,5,A,-,01,23152,A,N,B,C,A,A,H,-,C,D,1,NA,NA,NA,NA,Y,NA,A,01,2,0,4,0,0,0,0,0,0,-,-,34.02719,-118.27455,LOS ANGELES,LOS ANGELES,-118.27452774,34.02735399
6452106,2014,2014-06-28,1942,2014-02-27,1830,38380,0817,4,5,7,1942,0,0,0,H,0,8TL28,HILGARD AV,WEYBURN AV,50,N,N,A,-,N,NA,NA,NA,NA,NA,NA,NA,NA,NA,N,4,0,1,2,A,-,03,22350,NA,N,C,C,A,A,H,-,C,A,0,NA,NA,NA,NA,Y,NA,A,01,0,0,1,0,0,0,0,0,0,-,-,NA,NA,LOS ANGELES,LOS ANGELES,-118.44158503,34.06175556
6452108,2014,2014-07-05,1942,2014-02-13,0005,34532,1431,4,5,7,1942,0,0,0,N,0,14FB1,PACIFIC AV,WINDWARD AV,0,NA,Y,A,-,N,NA,NA,NA,NA,NA,NA,NA,NA,NA,Y,4,0,1,2,A,-,12,21453,A,N,H,G,A,A,H,-,C,A,0,NA,Y,NA,NA,Y,NA,A,01,0,0,1,0,0,0,1,0,0,-,-,NA,NA,LOS ANGELES,LOS ANGELES,-118.47228012,33.98772002
6452110,2014,2014-06-28,1942,2014-02-27,1500,41415,0882,4,5,7,1942,0,0,0,H,0,8X48,BUTLER AV,OLYMPIC BL,6,N,N,A,-,N,NA,NA,NA,NA,NA,NA,NA,NA,NA,N,4,0,1,2,A,-,-,NA,NA,N,B,C,A,A,H,-,A,A,0,NA,NA,NA,NA,Y,NA,A,07,0,0,1,0,0,0,0,0,0,-,-,NA,NA,LOS ANGELES,LOS ANGELES,-118.44409185,34.03648317
6452112,2014,2014-07-05,1942,2014-02-23,1350,31387,1414,7,5,7,1942,0,0,0,N,0,6TL2,7TH AV,ROSE CT,0,NA,Y,A,-,N,NA,NA,NA,NA,NA,NA,NA,NA,NA,N,3,0,1,2,A,-,09,21804,A,N,D,C,A,A,H,-,A,D,0,NA,NA,Y,NA,Y,NA,A,07,0,1,0,0,0,0,0,0,1,-,-,NA,NA,LOS ANGELES,LOS ANGELES,-118.4694001,33.99990008
6452113,2014,2015-11-10,9590,2014-01-25,2209,020409,NA,6,3,7,1942,0,1,1,NA,2,052,RT 110,ADAMS BL,120,S,N,A,-,Y,LA,7,110,-,-,20.69,H,-,N,Y,2,0,3,2,A,-,01,23152,A,N,B,C,A,A,H,-,C,D,1,NA,NA,NA,NA,Y,NA,A,01,2,1,0,0,0,0,0,0,0,-,-,34.02719,-118.27455,LOS ANGELES,LOS ANGELES,-118.27452774,34.02735399
6452114,2014,2014-06-28,1942,2014-02-27,1600,38380,0884,4,5,7,1942,0,0,0,H,0,8TL28,OVERLAND AV,CUSHDON AV,15,S,N,A,-,N,NA,NA,NA,NA,NA,NA,NA,NA,NA,N,4,0,2,2,A,-,03,22350,NA,N,C,C,A,A,H,-,A,A,0,NA,NA,NA,NA,Y,NA,A,01,0,0,2,0,0,0,0,0,0,-,-,NA,NA,LOS ANGELES,LOS ANGELES,-118.42313305,34.03959551
6452116,2014,2014-07-05,1942,2014-02-13,1825,39746,1401,4,5,7,1942,0,0,0,N,0,7X58,BARRINGTON AV,RICHLAND DR,0,NA,Y,A,-,N,NA,NA,NA,NA,NA,NA,NA,NA,NA,N,4,0,1,2,A,-,21,22106,NA,N,G,B,E,A,H,-,D,-,0,Y,NA,NA,NA,Y,NA,A,01,0,0,1,0,1,0,0,0,0,-,-,NA,NA,LOS ANGELES,LOS ANGELES,-118.44246008,34.02747012
6452118,2014,2014-06-28,1942,2014-02-02,2130,38471,1555,7,5,7,1942,0,0,0,O,0,1942,RIVERSIDE DR,TUJUNGA AV,53,W,N,A,-,N,NA,NA,NA,NA,NA,NA,NA,NA,NA,N,4,0,2,2,A,-,03,22350,NA,F,C,C,A,A,H,-,C,A,0,NA,NA,NA,NA,Y,Y,-,99,0,0,2,0,0,0,0,0,0,-,-,NA,NA,LOS ANGELES,LOS ANGELES,-118.37920486,34.15765
6452120,2014,2014-07-05,1942,2014-02-13,1000,37575,1472,4,5,7,1942,0,0,0,N,0,7TL71,VISTA DEL MAR LN,CULVER BL,0,NA,Y,A,-,N,NA,NA,NA,NA,NA,NA,NA,NA,NA,N,3,0,2,3,A,-,10,21950,A,N,G,B,B,A,H,-,A,A,0,Y,NA,NA,NA,Y,NA,A,01,0,1,1,0,2,0,0,0,0,-,-,NA,NA,LOS ANGELES,LOS ANGELES,-118.44839,33.9589201
6452124,2014,2014-07-05,1942,2014-02-26,1930,38158,1449,3,5,7,1942,0,0,0,N,0,1449,MCLAUGHLIN AV,MATTESON AV,10,N,N,C,-,N,NA,NA,NA,NA,NA,NA,NA,NA,NA,N,3,0,1,2,A,-,17,22517,NA,N,H,G,A,B,H,-,C,D,0,NA,Y,NA,NA,Y,NA,A,07,0,1,0,0,0,0,1,0,0,-,-,NA,NA,LOS ANGELES,LOS ANGELES,-118.42326822,34.00698285
6452128,2014,2016-02-03,1942,2014-02-25,0945,27141,1494,2,5,7,1942,0,0,0,N,0,14FBLB,SEPULVEDA BL,CENTURY BL,300,S,N,A,-,Y,LA,7,1,-,-,26.9,H,-,N,Y,4,0,2,3,A,-,04,21703,NA,N,C,C,A,A,-,-,A,-,0,NA,NA,NA,NA,Y,NA,A,08,0,0,2,0,0,0,0,0,0,-,-,NA,NA,LOS ANGELES,LOS ANGELES,-118.39612589,33.9445682
6452130,2014,2014-06-28,1900,2014-02-16,1646,522458,0331,7,5,4,1939,0,0,0,NA,0,35T1,HAWTHORNE BL,153RD ST,169,N,N,A,-,N,NA,NA,NA,NA,NA,NA,NA,NA,NA,N,4,0,1,2,A,-,07,21658,A,N,C,C,A,A,H,-,A,D,0,NA,NA,NA,NA,Y,NA,A,07,0,0,1,0,0,0,0,0,0,-,-,NA,NA,LOS ANGELES,LAWNDALE,-118.35274,33.89282353
6452132,2014,2014-07-05,1942,2014-02-25,1115,36629,1454,2,5,7,1942,0,0,0,N,0,14A45,GLENCOE,MINDANAO WY,450,S,N,A,-,N,NA,NA,NA,NA,NA,NA,NA,NA,NA,N,4,0,1,2,A,-,04,21703,NA,N,C,C,A,A,H,-,A,D,0,NA,NA,NA,NA,Y,NA,A,01,0,0,1,0,0,0,0,0,0,-,-,NA,NA,LOS ANGELES,LOS ANGELES,-118.43589476,33.98508204
6452135,2014,2014-07-05,1969,2014-02-28,0650,10097,PATRO,5,5,5,1969,0,0,0,NA,0,A-3,FIRESTONE BL,OTIS ST,0,NA,Y,C,-,N,NA,NA,NA,NA,NA,NA,NA,NA,NA,Y,4,0,1,3,A,-,09,21801,A,N,D,C,A,B,H,-,A,A,0,NA,NA,NA,NA,Y,NA,A,07,0,0,1,0,0,0,0,0,0,-,-,NA,NA,LOS ANGELES,SOUTH GATE,-118.19652012,33.9532601
6452136,2014,2014-07-05,1942,2014-02-24,1000,40462,1405,1,5,7,1942,0,0,0,N,0,14TL47,NATIONA BL,VALPARAISO ST,130,N,N,A,-,N,NA,NA,NA,NA,NA,NA,NA,NA,NA,Y,4,0,1,3,A,-,03,22350,NA,N,C,E,A,A,H,-,A,D,0,NA,NA,NA,NA,Y,NA,A,08,0,0,1,0,0,0,0,0,0,-,-,NA,NA,LOS ANGELES,LOS ANGELES,-118.41373998,34.03057272
6452139,2014,2014-07-05,1969,2014-02-26,1811,10114,PATRO,3,5,5,1969,0,0,0,NA,0,005,FIRESTONE BL,GARFIELD AV,150,W,N,A,-,N,NA,NA,NA,NA,NA,NA,NA,NA,NA,Y,4,0,2,4,A,-,03,22350,NA,N,C,C,A,A,-,-,C,A,0,NA,NA,NA,NA,Y,NA,A,01,0,0,2,0,0,0,0,0,0,-,-,NA,NA,LOS ANGELES,SOUTH GATE,-118.16573848,33.94914896
6452140,2014,2014-07-05,1942,2014-02-24,1030,38897,1494,1,5,7,1942,0,0,0,N,0,207L55,CENTURY BL,AVION DR,0,NA,Y,A,-,N,NA,NA,NA,NA,NA,NA,NA,NA,NA,N,4,0,1,4,A,-,12,21453,A,N,D,C,A,A,H,-,A,A,0,NA,NA,NA,NA,Y,NA,A,01,0,0,1,0,0,0,0,0,0,-,-,NA,NA,LOS ANGELES,LOS ANGELES,-118.39014012,33.94558004
6452143,2014,2014-07-05,1969,2014-02-24,1658,10130,PATRO,1,5,5,1969,0,0,0,NA,0,002,VIRGINIA AV,MISSOURI AV,0,NA,Y,A,-,N,NA,NA,NA,NA,NA,NA,NA,NA,NA,N,4,0,1,2,A,-,09,21802,A,N,D,C,A,A,H,-,A,A,0,NA,NA,NA,NA,Y,NA,-,-,0,0,1,0,0,0,0,0,0,-,-,NA,NA,LOS ANGELES,SOUTH GATE,-118.20836008,33.94670007
6452144,2014,2014-07-05,1942,2014-02-26,1835,36589,1444,3,5,7,1942,0,0,0,N,0,14TL52,LINCOLN BL,JEFFERSON WY,20,S,N,A,-,N,NA,NA,NA,NA,NA,NA,NA,NA,NA,Y,4,0,2,2,A,-,03,22350,NA,N,C,C,A,A,H,-,C,A,0,NA,NA,NA,NA,Y,NA,A,07,0,0,2,0,0,0,0,0,0,-,-,NA,NA,LOS ANGELES,LOS ANGELES,-118.4455295,33.98804674
6452148,2014,2014-07-05,1942,2014-02-27,1920,37511,0842,4,5,7,1942,0,0,0,H,0,14TL47,WILSHIRE,WESTGATE,0,NA,Y,B,-,N,NA,NA,NA,NA,NA,NA,NA,NA,NA,Y,3,0,1,2,A,-,09,21802,A,N,D,C,A,A,H,-,C,A,0,NA,NA,NA,NA,Y,NA,A,01,0,1,0,0,0,0,0,0,0,-,-,NA,NA,LOS ANGELES,LOS ANGELES,-118.46392002,34.04698011
6452152,2014,2014-07-05,1942,2014-02-27,0745,35945,0807,4,5,7,1942,0,0,0,H,0,8T83,MULHOLLAND DR,NICADA DR,136,W,N,A,-,N,NA,NA,NA,NA,NA,NA,NA,NA,NA,Y,4,0,1,2,A,-,05,21752,A,N,A,C,A,A,H,-,A,A,0,NA,NA,NA,NA,Y,NA,A,07,0,0,1,0,0,0,0,0,0,-,-,NA,NA,LOS ANGELES,LOS ANGELES,-118.44910294,34.1317708
6452156,2014,2014-07-05,1942,2014-02-28,1910,41268,805,5,5,7,1942,0,0,0,NA,0,8A59,MULHOLLAND DR,ROSCOMARE RD,0,NA,Y,C,-,N,NA,NA,NA,NA,NA,NA,NA,NA,NA,N,4,0,1,2,A,-,12,21453,A,N,D,C,A,B,H,-,C,A,0,NA,NA,NA,NA,Y,NA,A,07,0,0,1,0,0,0,0,0,0,-,-,NA,NA,LOS ANGELES,LOS ANGELES,-118.46816013,34.12951006
6452160,2014,2014-07-05,1942,2014-02-28,1630,41348,0819,5,5,7,1942,0,0,0,H,0,8A12,SUNSET BL,LA DERA DR,0,NA,Y,C,-,N,NA,NA,NA,NA,NA,NA,NA,NA,NA,N,4,0,2,3,A,-,03,22350,NA,N,C,C,A,B,-,-,B,D,0,NA,NA,NA,NA,Y,NA,A,01,0,0,2,0,0,0,0,0,0,-,-,NA,NA,LOS ANGELES,LOS ANGELES,-118.42299002,34.07988003
6452660,2014,2014-07-09,1965,2014-04-03,1306,2539,0B3B,4,5,5,1965,0,0,0,NA,0,B003,20TH ST,SANTA MONICA BL,49,S,N,A,-,N,NA,NA,NA,NA,NA,NA,NA,NA,NA,Y,4,0,1,2,A,-,08,22107,NA,N,B,C,A,A,H,-,A,D,0,NA,NA,NA,NA,Y,NA,A,01,0,0,1,0,0,0,0,0,0,-,-,NA,NA,LOS ANGELES,SANTA MONICA,-118.47989693,34.02856406
6452664,2014,2014-07-25,1965,2014-04-11,0427,3754,0B1J,5,5,5,1965,0,0,0,NA,0,001,LINCOLN BL,SANTA MONICA BL,43,N,N,A,-,N,NA,NA,NA,NA,NA,NA,NA,NA,NA,Y,4,0,1,2,A,-,12,21453,A,N,D,C,A,A,H,-,C,A,0,NA,NA,NA,NA,Y,NA,D,22,0,0,1,0,0,0,0,0,0,-,-,NA,NA,LOS ANGELES,SANTA MONICA,-118.49150895,34.0196244
6452668,2014,2014-07-10,1965,2014-04-11,1338,3764,0B3B,5,5,5,1965,0,0,0,NA,0,B003,SANTA MONICA BL,LINCOLN,53,E,N,A,-,N,NA,NA,NA,NA,NA,NA,NA,NA,NA,N,3,0,1,2,A,-,10,21952,NA,N,G,B,F,A,H,-,A,D,0,Y,NA,NA,NA,Y,NA,D,22,0,1,0,0,1,0,0,0,0,-,-,NA,NA,LOS ANGELES,SANTA MONICA,-118.49128175,34.01963865
6452675,2014,2014-07-09,1942,2014-04-04,1435,34458,0221,5,5,7,1942,0,0,0,B,0,4TL4,VERMONT AV,ROSEWOOD AV,0,NA,-,A,-,N,NA,NA,NA,NA,NA,NA,NA,NA,NA,N,3,0,1,2,A,-,09,21804,A,N,B,G,A,A,H,-,A,A,0,NA,Y,NA,NA,Y,NA,L,04,0,1,0,0,0,0,1,0,0,-,-,NA,NA,LOS ANGELES,LOS ANGELES,-118.2917,34.0790401
6452680,2014,2014-07-09,1901,2014-04-03,1028,249,11,4,5,5,1901,0,0,0,NA,0,002,GARFIELD AV,PARK ST,324,S,N,A,-,N,NA,NA,NA,NA,NA,NA,NA,NA,NA,Y,4,0,1,2,A,-,03,22350,NA,N,C,C,A,A,H,-,A,A,0,NA,NA,NA,NA,Y,NA,A,01,0,0,1,0,0,0,0,0,0,-,-,NA,NA,LOS ANGELES,ALHAMBRA,-118.12306939,34.08822168
6452692,2014,2014-07-09,1901,2014-04-01,0653,180,29,2,5,5,1901,0,0,0,NA,0,003,MISSION RD,WESTMINSTER AV,165,W,N,A,-,N,NA,NA,NA,NA,NA,NA,NA,NA,NA,Y,3,0,2,2,A,-,03,22350,NA,N,C,C,A,A,H,-,A,A,0,NA,NA,NA,NA,Y,NA,D,22,0,2,0,0,0,0,0,0,0,-,-,NA,NA,LOS ANGELES,ALHAMBRA,-118.15623965,34.07886453
6452801,2014,2014-07-10,1942,2014-04-03,1610,39177,1871,4,5,7,1942,0,0,0,R,0,3TL5,VERMONT,ROSECRANS,255,S,N,A,-,N,NA,NA,NA,NA,NA,NA,NA,NA,NA,N,4,0,1,2,A,-,03,22350,NA,F,C,C,A,A,H,-,A,D,0,NA,NA,NA,NA,Y,NA,-,99,0,0,1,0,0,0,0,0,0,-,-,NA,NA,LOS ANGELES,LOS ANGELES,-118.2916022,33.90119071
6452802,2014,2014-07-10,1942,2014-04-01,2310,36646,1871,2,5,7,1942,0,0,0,R,0,18T23,VERMONT AV,ROSECRANS AV,0,NA,Y,B,-,N,NA,NA,NA,NA,NA,NA,NA,NA,NA,Y,4,0,1,2,A,-,12,21453,A,F,-,C,A,A,H,-,C,A,0,NA,NA,NA,NA,Y,NA,-,99,0,0,1,0,0,0,0,0,0,-,-,NA,NA,LOS ANGELES,LOS ANGELES,-118.29159004,33.90189004
6452803,2014,2014-07-10,1942,2014-04-02,0705,38707,1838,3,5,7,1942,0,0,0,R,0,18T23,105TH ST,CROESUS AV,3,E,N,A,-,N,NA,NA,NA,NA,NA,NA,NA,NA,NA,N,3,0,2,3,A,-,11,21950,B,N,G,B,B,A,H,-,B,A,0,Y,NA,NA,NA,Y,NA,N,60,0,2,0,0,2,0,0,0,0,-,-,NA,NA,LOS ANGELES,LOS ANGELES,-118.23381013,33.94058
6452804,2014,2015-09-25,1942,2014-04-01,0800,36754,1842,2,5,7,1942,0,0,0,R,0,18T23N,IMPERIAL HWY,BROADWAY,25,S,N,A,-,N,NA,NA,NA,NA,NA,NA,NA,NA,NA,N,4,0,2,3,A,-,03,22350,NA,N,C,C,A,A,H,-,A,D,0,NA,NA,NA,NA,Y,NA,-,99,0,0,2,0,0,0,0,0,0,-,-,NA,NA,LOS ANGELES,LOS ANGELES,-118.27846,33.93101
6452805,2014,2014-07-10,1942,2014-04-01,1220,36754,1802,2,5,7,1942,0,0,0,R,0,18T23W,MAIN ST,91ST ST,0,NA,Y,A,-,N,NA,NA,NA,NA,NA,NA,NA,NA,NA,Y,2,0,3,3,C,-,18,NA,NA,N,A,C,A,A,H,-,A,A,0,NA,NA,NA,NA,Y,NA,-,-,2,0,1,0,0,0,0,0,0,-,-,NA,NA,LOS ANGELES,LOS ANGELES,-118.27388013,33.95373002
6452806,2014,2016-04-21,9530,2014-04-19,1830,020448,NA,6,2,7,1942,0,1,1,NA,2,200,RT 105,CENTRAL AV,300,W,N,A,-,Y,LA,7,105,-,R,8.84,H,-,E,Y,3,0,1,2,A,-,01,23152,A,F,C,C,A,A,H,-,A,D,1,NA,NA,NA,NA,Y,Y,A,01,0,1,0,0,0,0,0,0,0,-,-,33.9273,-118.26013,LOS ANGELES,LOS ANGELES,-118.25537615,33.9277801
6452807,2014,2014-07-10,9530,2014-04-21,1420,20744,NA,1,2,9,1900,0,3,5,NA,2,002,REDONDO BEACH BL,BROADWAY,150,W,N,A,-,N,NA,NA,NA,NA,NA,NA,NA,NA,NA,Y,4,0,1,2,A,-,03,22350,NA,N,C,C,A,A,H,-,A,D,0,NA,NA,NA,NA,Y,NA,A,01,0,0,1,0,0,0,0,0,0,-,-,33.89295,-118.27927,LOS ANGELES,UNINCORPORATED,-118.27915263,33.89283875
6452808,2014,2015-09-25,9530,2014-04-18,1030,020718,NA,5,1,9,1900,0,3,5,NA,2,001,WALNUT ST,SEVILLE AV,0,NA,Y,A,-,N,NA,NA,NA,NA,NA,NA,NA,NA,NA,N,4,0,1,2,A,-,12,22450,A,N,D,C,A,A,H,-,A,D,0,NA,NA,NA,NA,Y,NA,A,01,0,0,1,0,0,0,0,0,0,-,-,33.973,-118.2223,LOS ANGELES,UNINCORPORATED,-118.22245003,33.97303002
6452809,2014,2014-07-10,9530,2014-04-09,1510,20678,NA,3,2,9,1900,0,3,5,NA,2,001,FIR AV,KEY WY,0,NA,Y,A,-,N,NA,NA,NA,NA,NA,NA,NA,NA,NA,N,3,0,1,2,A,-,09,21800,B,N,D,C,A,A,H,-,A,D,0,NA,NA,NA,NA,Y,NA,A,01,0,1,0,0,0,0,0,0,0,-,-,33.95532,-118.23731,LOS ANGELES,UNINCORPORATED,-118.237398,33.955272
6452810,2014,2016-04-21,9530,2014-04-18,2130,020583,NA,5,2,9,1900,0,1,1,NA,2,210,RT 105,WILMINGTON AV,300,W,N,A,-,Y,LA,7,105,-,R,9.72,H,-,W,Y,4,0,3,3,A,-,03,22350,NA,F,C,C,A,A,H,-,D,D,0,NA,NA,NA,NA,Y,NA,A,01,0,0,3,0,0,0,0,0,0,-,-,33.9287,-118.2421,LOS ANGELES,UNINCORPORATED,-118.24026177,33.92856951
6452811,2014,2016-04-22,9530,2014-04-09,1750,20707,NA,3,2,7,1942,0,1,3,NA,2,310,RT 91,RT 110,75,W,N,A,-,Y,LA,7,91,-,-,6.345,H,-,W,Y,4,0,1,2,A,-,07,21658,A,N,C,C,A,A,H,-,A,D,1,NA,NA,NA,NA,Y,NA,A,01,0,0,1,0,0,0,0,0,0,-,-,33.8729,-118.28584,LOS ANGELES,LOS ANGELES,-118.28514163,33.87283426