CASE_ID,ACCIDENT_YEAR,PROC_DATE,JURIS,COLLISION_DATE,COLLISION_TIME,OFFICER_ID,REPORTING_DISTRICT,DAY_OF_WEEK,CHP_SHIFT,POPULATION,CNTY_CITY_LOC,SPECIAL_COND,BEAT_TYPE,CHP_BEAT_TYPE,CITY_DIVISION_LAPD,CHP_BEAT_CLASS,BEAT_NUMBER,PRIMARY_RD,SECONDARY_RD,DISTANCE,DIRECTION,INTERSECTION,WEATHER_1,WEATHER_2,STATE_HWY_IND,CALTRANS_COUNTY,CALTRANS_DISTRICT,STATE_ROUTE,ROUTE_SUFFIX,POSTMILE_PREFIX,POSTMILE,LOCATION_TYPE,RAMP_INTERSECTION,SIDE_OF_HWY,TOW_AWAY,COLLISION_SEVERITY,NUMBER_KILLED,NUMBER_INJURED,PARTY_COUNT,PRIMARY_COLL_FACTOR,PCF_CODE_OF_VIOL,PCF_VIOL_CATEGORY,PCF_VIOLATION,PCF_VIOL_SUBSECTION,HIT_AND_RUN,TYPE_OF_COLLISION,MVIW,PED_ACTION,ROAD_SURFACE,ROAD_COND_1,ROAD_COND_2,LIGHTING,CONTROL_DEVICE,CHP_ROAD_TYPE,PEDESTRIAN_ACCIDENT,BICYCLE_ACCIDENT,MOTORCYCLE_ACCIDENT,TRUCK_ACCIDENT,NOT_PRIVATE_PROPERTY,ALCOHOL_INVOLVED,STWD_VEHTYPE_AT_FAULT,CHP_VEHTYPE_AT_FAULT,COUNT_SEVERE_INJ,COUNT_VISIBLE_INJ,COUNT_COMPLAINT_PAIN,COUNT_PED_KILLED,COUNT_PED_INJURED,COUNT_BICYCLIST_KILLED,COUNT_BICYCLIST_INJURED,COUNT_MC_KILLED,COUNT_MC_INJURED,PRIMARY_RAMP,SECONDARY_RAMP,LATITUDE,LONGITUDE,COUNTY,CITY,POINT_X,POINT_Y
6454218,2014,2016-04-21,9590,2014-04-08,1045,15918,NA,2,1,7,1942,0,1,1,NA,2,050,RT 110,76TH ST,100,N,N,A,-,Y,LA,7,110,-,-,17.32,H,-,N,Y,4,0,1,3,A,-,03,22350,NA,N,C,C,A,A,H,-,A,D,1,NA,NA,NA,NA,Y,NA,A,01,0,0,1,0,0,0,0,0,0,-,-,33.97117,-118.28054,LOS ANGELES,LOS ANGELES,-118.28071755,33.9796618
6454219,2014,2016-04-21,9590,2014-04-02,2000,19379,NA,3,2,7,1942,0,1,2,NA,2,042,RT 101,WHITTIER BL,2,N,N,A,-,Y,LA,7,101,-,S,0.2,H,-,N,Y,4,0,2,3,A,-,07,21658,A,N,B,C,A,A,H,-,D,D,1,NA,NA,NA,NA,Y,NA,D,22,0,0,2,0,0,0,0,0,0,-,-,34.03671,-118.22159,LOS ANGELES,LOS ANGELES,-118.22156549,34.03684871
6454221,2014,2016-04-16,9590,2014-04-09,1615,17520,NA,3,2,7,1942,0,1,3,NA,2,095,RT 2,SAN FERNANDO RD,200,S,N,A,-,Y,LA,7,2,-,-,15.97,H,-,W,Y,3,0,3,3,A,-,-,NA,NA,F,C,C,A,A,H,-,A,D,1,NA,NA,NA,Y,Y,NA,D,22,0,2,1,0,0,0,0,0,0,-,-,34.11341,-118.2446,LOS ANGELES,LOS ANGELES,-118.24457851,34.11315538
6454223,2014,2016-02-04,9530,2014-03-28,1505,10000,NA,5,2,7,1942,0,1,1,NA,2,200,RT 105,111TH ST,200,S,N,A,-,Y,LA,7,110,-,-,14.517,R,1,N,N,4,0,1,2,D,-,00,NA,NA,N,B,C,A,A,H,-,A,A,1,NA,NA,NA,Y,Y,NA,-,-,0,0,1,0,0,0,0,0,0,-,-,34.32169,-118.32166,LOS ANGELES,LOS ANGELES,-118.27980899,33.9389924
6454226,2014,2015-12-29,9565,2014-01-13,1650,16943,NA,1,2,9,1900,0,1,1,NA,2,060,RT 405,EL SEGUNDO BL,300,N,N,A,-,Y,LA,7,405,-,-,20.36,H,-,S,Y,4,0,1,3,A,-,03,22350,NA,N,C,C,A,A,H,-,A,D,1,NA,NA,NA,NA,Y,NA,D,22,0,0,1,0,0,0,0,0,0,-,-,33.92074,-118.36955,LOS ANGELES,UNINCORPORATED,-118.36991561,33.91829434
6454228,2014,2015-08-12,9565,2014-01-21,2055,020173,NA,2,2,9,1900,0,3,5,NA,2,003,57TH ST,KENISTON AV,20,E,N,A,-,N,NA,NA,NA,NA,NA,NA,NA,NA,NA,Y,4,0,1,3,A,-,08,22107,NA,N,C,E,A,A,H,-,C,C,0,NA,NA,NA,NA,Y,NA,A,01,0,0,1,0,0,0,0,0,0,-,-,39.9071,-118.34198,LOS ANGELES,UNINCORPORATED,-118.34195415,33.99078063
6454230,2014,2016-03-26,9565,2014-01-21,1215,14952,NA,2,1,6,1933,0,1,1,NA,2,060,RT 405,ARBOR VITAE ST,21,N,N,B,-,Y,LA,7,405,-,-,22.72,H,-,S,Y,4,0,1,2,A,-,03,22350,NA,N,C,C,A,A,H,-,A,D,1,NA,NA,NA,NA,Y,NA,A,01,0,0,1,0,0,0,0,0,0,-,-,33.95293,-118.36938,LOS ANGELES,INGLEWOOD,-118.36936588,33.95238723
6454231,2014,2016-02-04,9565,2014-01-11,0415,020173,NA,6,3,5,1928,0,1,1,NA,2,010,RT 105,PRAIRIE AV,200,E,N,E,-,Y,LA,7,105,-,R,3.66,H,-,W,Y,4,0,1,2,A,-,03,22350,NA,N,C,C,A,A,H,-,C,D,1,NA,NA,NA,NA,Y,NA,A,07,0,0,1,0,0,0,0,0,0,-,-,33.98008,-118.39237,LOS ANGELES,HAWTHORNE,-118.34342794,33.92988628
6454252,2014,2014-07-09,1942,2014-04-09,1320,39395,158,3,5,7,1942,0,0,0,O,0,1A85,6TH ST,CERES AV,0,NA,Y,A,-,N,NA,NA,NA,NA,NA,NA,NA,NA,NA,N,4,0,1,2,A,-,09,21802,A,N,D,C,A,A,H,-,A,A,0,NA,NA,NA,NA,Y,NA,D,22,0,0,1,0,0,0,0,0,0,-,-,NA,NA,LOS ANGELES,LOS ANGELES,-118.24135013,34.03984004
6454256,2014,2014-07-09,1942,2014-04-06,1245,31476,0128,7,5,7,1942,0,0,0,A,0,2T15,2ND ST,ALAMEDA ST,174,NA,N,A,-,N,NA,NA,NA,NA,NA,NA,NA,NA,NA,N,3,0,1,2,A,-,-,NA,NA,N,B,G,A,A,H,-,A,D,0,NA,Y,NA,NA,Y,NA,L,04,0,1,0,0,0,0,1,0,0,-,-,NA,NA,LOS ANGELES,LOS ANGELES,-118.23811012,34.04715003
6454260,2014,2014-07-18,1942,2014-04-06,1920,39889,0157,7,5,7,1942,0,0,0,A,0,1TL24,6TH ST,SAN PEDRO ST,35,W,N,A,-,N,NA,NA,NA,NA,NA,NA,NA,NA,NA,N,3,0,1,2,A,-,05,21202,A,N,B,G,A,A,H,-,C,A,0,NA,Y,NA,NA,Y,NA,L,04,0,1,0,0,0,0,1,0,0,-,-,NA,NA,LOS ANGELES,LOS ANGELES,-118.24536097,34.04231898
6454268,2014,2014-07-25,1942,2014-04-07,1655,27435,0182,1,5,7,1942,0,0,0,A,0,2A56,OLYMPIC BL,FIGUEROA ST,15,E,N,A,-,N,NA,NA,NA,NA,NA,NA,NA,NA,NA,Y,4,0,4,2,-,-,-,NA,NA,N,D,C,A,A,H,-,A,A,0,NA,NA,NA,NA,Y,NA,-,-,0,0,4,0,0,0,0,0,0,-,-,NA,NA,LOS ANGELES,LOS ANGELES,-118.26393494,34.0449531
6454272,2014,2014-07-10,1942,2014-04-05,1525,34426,0164,6,5,7,1942,0,0,0,A,0,2TL28,SPRING ST,6TH ST,0,NA,Y,A,-,N,NA,NA,NA,NA,NA,NA,NA,NA,NA,N,3,0,1,2,A,-,10,21950,A,N,G,B,B,A,H,-,A,A,0,Y,NA,NA,NA,Y,NA,D,22,0,1,0,0,1,0,0,0,0,-,-,NA,NA,LOS ANGELES,LOS ANGELES,-118.25099012,34.04596009
6454276,2014,2015-03-09,1942,2014-04-05,0730,37952,0174,6,5,7,1942,0,0,0,A,0,4T43,SPRING ST,8TH ST,20,N,N,A,-,N,NA,NA,NA,NA,NA,NA,NA,NA,NA,N,4,0,1,2,A,-,03,22350,NA,N,C,C,A,A,H,-,A,D,0,NA,NA,NA,NA,Y,NA,I,20,0,0,1,0,0,0,0,0,0,-,-,NA,NA,LOS ANGELES,LOS ANGELES,-118.25364921,34.04311308
6454280,2014,2015-09-28,1942,2014-04-04,1850,34426,0111,5,5,7,1942,0,0,0,A,0,2T28,CESAR E CHAVEZ AV,ALAMEDA ST,50,E,N,A,-,N,NA,NA,NA,NA,NA,NA,NA,NA,NA,N,4,0,1,2,A,-,08,22107,NA,N,A,C,A,A,H,-,A,D,0,NA,NA,Y,NA,Y,NA,C,03,0,0,1,0,0,0,0,0,1,-,-,NA,NA,LOS ANGELES,LOS ANGELES,-118.23693436,34.05804504
6454288,2014,2015-03-16,1942,2014-04-02,1110,32996,0195,3,5,7,1942,0,0,0,A,0,13TL53,MAIN ST,18TH ST,0,NA,Y,A,-,N,NA,NA,NA,NA,NA,NA,NA,NA,NA,N,4,0,3,3,A,-,12,21453,A,N,D,D,A,A,H,-,A,A,0,NA,NA,Y,NA,Y,NA,D,22,0,0,3,0,0,0,0,0,1,-,-,NA,NA,LOS ANGELES,LOS ANGELES,-118.26369004,34.03218001
6454291,2014,2016-04-21,9590,2014-04-12,0925,20788,NA,6,1,7,1942,0,1,1,NA,2,065,RT 10,LOS ANGELES RV,350,W,N,A,-,Y,LA,7,10,-,-,17.91,H,-,W,Y,4,0,2,4,A,-,03,22350,NA,N,C,C,A,A,H,-,A,D,1,NA,NA,NA,NA,Y,NA,A,01,0,0,2,0,0,0,0,0,0,-,-,34.02859,-118.22934,LOS ANGELES,LOS ANGELES,-118.22813107,34.0289541
6454300,2014,2014-07-18,1942,2014-04-12,0220,30083,0195,6,5,7,1942,0,0,0,A,0,11T21,LOS ANGELES ST,16TH ST,0,NA,Y,A,-,N,NA,NA,NA,NA,NA,NA,NA,NA,NA,Y,3,0,3,2,A,-,12,21453,A,F,D,C,A,A,H,-,C,A,0,NA,NA,NA,NA,Y,NA,-,99,0,1,2,0,0,0,0,0,0,-,-,NA,NA,LOS ANGELES,LOS ANGELES,-118.26155,34.03304
6454311,2014,2016-04-22,9590,2014-04-08,1700,20462,NA,2,2,7,1942,0,1,1,NA,2,021,RT 10,SOTO ST,75,E,N,A,-,Y,LA,7,10,-,-,19.08,H,-,W,Y,3,0,1,2,A,-,03,22350,NA,N,C,C,A,A,H,-,A,D,1,NA,NA,NA,Y,Y,NA,A,01,0,1,0,0,0,0,0,0,0,-,-,34.31812,-118.12812,LOS ANGELES,LOS ANGELES,-118.2026395,34.0546539
6454314,2014,2015-11-20,9590,2014-04-04,1025,20470,NA,5,1,7,1942,0,1,3,NA,2,031,RT 60,INDIANA ST,500,W,N,A,-,Y,LA,7,60,-,R,1.82,H,-,W,Y,4,0,2,7,A,-,03,22350,NA,N,C,C,A,A,H,-,A,D,1,NA,NA,NA,Y,Y,NA,A,01,0,0,2,0,0,0,0,0,0,-,-,34.02357,-118.20097,LOS ANGELES,LOS ANGELES,-118.19426511,34.03089495
6454315,2014,2016-04-16,9590,2014-04-02,1702,20462,NA,3,2,7,1942,0,1,1,NA,2,041,RT 5,BOYLE AV,50,S,N,A,-,Y,LA,7,5,-,-,16.701,R,2,S,Y,4,0,2,4,A,-,03,22350,NA,N,C,C,A,A,H,-,A,D,1,NA,NA,NA,NA,Y,NA,A,01,0,0,2,0,0,0,0,0,0,-,-,34.03128,-118.21967,LOS ANGELES,LOS ANGELES,-118.21919986,34.03171041
6454316,2014,2014-07-10,1942,2014-04-09,0130,40874,0236,3,5,7,1942,0,0,0,B,0,4T43,ALVARADO BL,BEVERLY BL,65,S,N,A,-,N,NA,NA,NA,NA,NA,NA,NA,NA,NA,Y,3,0,2,2,A,-,03,22350,NA,N,D,C,A,A,H,-,C,D,0,NA,NA,NA,NA,Y,NA,A,01,0,2,0,0,0,0,0,0,0,-,-,NA,NA,LOS ANGELES,LOS ANGELES,-118.27042295,34.06651367
6454322,2014,2014-07-11,1942,2014-04-11,0745,36238,1134,5,5,7,1942,0,0,0,K,0,11T21,ESTARA ST,BUSHWICK ST,205,S,N,A,-,N,NA,NA,NA,NA,NA,NA,NA,NA,NA,N,3,0,1,2,A,-,08,22107,NA,F,D,G,A,A,H,-,A,D,0,NA,Y,NA,NA,Y,NA,L,04,0,1,0,0,0,0,1,0,0,-,-,NA,NA,LOS ANGELES,LOS ANGELES,-118.23818546,34.11519658
6454326,2014,2014-07-11,1942,2014-04-11,1620,38171,1176,5,5,7,1942,0,0,0,K,0,11TL32,CRYSTAL ST,SHOREDALE AV,0,NA,Y,A,-,N,NA,NA,NA,NA,NA,NA,NA,NA,NA,N,4,0,1,2,A,-,09,21802,A,N,D,C,A,A,H,-,A,A,0,NA,NA,NA,NA,Y,NA,A,07,0,0,1,0,0,0,0,0,0,-,-,NA,NA,LOS ANGELES,LOS ANGELES,-118.23260004,34.09056004
6454330,2014,2014-07-11,1942,2014-04-11,1450,38171,NA,5,5,7,1942,0,0,0,NA,0,11TL32,FIGUEROA AV,AVENUE 22,0,NA,Y,A,-,N,NA,NA,NA,NA,NA,NA,NA,NA,NA,N,4,0,1,2,A,-,10,21950,A,N,G,B,B,A,H,-,A,A,0,Y,NA,NA,NA,Y,NA,A,07,0,0,1,0,1,0,0,0,0,-,-,NA,NA,LOS ANGELES,LOS ANGELES,-118.22389011,34.08273002
6454339,2014,2014-07-24,1931,2014-04-22,1238,5167,1931,2,5,5,1931,0,0,0,NA,0,004,STATE ST,GRAND AV,0,NA,Y,A,-,N,NA,NA,NA,NA,NA,NA,NA,NA,NA,Y,4,0,1,2,A,-,09,21802,A,N,A,C,A,A,H,-,A,A,0,NA,NA,NA,NA,Y,NA,D,22,0,0,1,0,0,0,0,0,0,-,-,NA,NA,LOS ANGELES,HUNTINGTON PARK,-118.21029005,33.96760006
6454383,2014,2016-04-22,9530,2014-04-11,1655,20751,NA,5,2,5,1977,0,1,3,NA,2,310,RT 91,MAIN ST,600,E,N,A,-,Y,LA,7,91,-,R,7.18,H,-,W,Y,3,0,1,3,A,-,07,21658,A,N,C,C,A,A,H,-,A,D,1,NA,NA,NA,NA,Y,NA,D,22,0,1,0,0,0,0,0,0,0,-,-,33.8725,-118.2744,LOS ANGELES,CARSON,-118.2704671,33.87272586
6454515,2014,2015-03-14,1953,2014-04-07,0945,4830,1953,1,5,6,1953,0,0,0,NA,0,003,MENTOR AV,SHOPPERS LN,0,NA,Y,A,-,N,NA,NA,NA,NA,NA,NA,NA,NA,NA,N,4,0,1,2,A,-,12,22450,A,N,G,B,D,A,H,-,A,D,0,Y,NA,NA,NA,Y,NA,A,01,0,0,1,0,1,0,0,0,0,-,-,NA,NA,LOS ANGELES,PASADENA,-118.13083003,34.14396004
6454519,2014,2015-03-14,1953,2014-04-07,1106,3191,1953,1,5,6,1953,0,0,0,NA,0,004,SEARS WY,MICHILLINDA AV,200,W,N,A,-,N,NA,NA,NA,NA,NA,NA,NA,NA,NA,N,4,0,1,2,A,-,04,21703,NA,N,C,C,A,A,H,-,A,D,0,NA,NA,NA,NA,Y,NA,A,01,0,0,1,0,0,0,0,0,0,-,-,NA,NA,LOS ANGELES,PASADENA,-118.06853957,34.15195636
6454577,2014,2014-07-08,1970,2014-03-26,1636,169,1,3,5,4,1970,0,0,0,NA,0,001,MONTEREY RD,ORANGE GROVE AV,0,NA,Y,B,-,N,NA,NA,NA,NA,NA,NA,NA,NA,NA,Y,4,0,1,2,A,-,09,21802,A,N,D,C,A,A,H,-,A,A,0,NA,NA,Y,NA,Y,NA,D,22,0,0,1,0,0,0,0,0,1,-,-,NA,NA,LOS ANGELES,SOUTH PASADENA,-118.16126012,34.11201004
6454581,2014,2014-07-08,1970,2014-03-06,2252,189,4,4,5,4,1970,0,0,0,NA,0,004,FREMONT AV,LAUREL ST,114,S,N,A,-,N,NA,NA,NA,NA,NA,NA,NA,NA,NA,Y,4,0,1,3,A,-,08,22107,NA,N,C,E,A,A,H,-,C,D,0,NA,NA,NA,Y,Y,NA,A,01,0,0,1,0,0,0,0,0,0,-,-,NA,NA,LOS ANGELES,SOUTH PASADENA,-118.15290478,34.10628079
6454585,2014,2014-06-20,1970,2014-02-04,1844,169,2,2,5,4,1970,0,0,0,NA,0,002,FAIR OAKS AV,COLUMBIA ST,0,NA,Y,A,-,N,NA,NA,NA,NA,NA,NA,NA,NA,NA,Y,4,0,1,2,A,-,09,21801,A,N,D,C,A,A,H,-,C,A,0,NA,NA,NA,NA,Y,NA,A,01,0,0,1,0,0,0,0,0,0,-,-,NA,NA,LOS ANGELES,SOUTH PASADENA,-118.15028006,34.12402002
6454589,2014,2014-06-17,1970,2014-01-31,1223,169,4,5,5,4,1970,0,0,0,NA,0,004,HUNTINGTON DR,FLETCHER AV,51,W,N,A,-,N,NA,NA,NA,NA,NA,NA,NA,NA,NA,N,4,0,2,2,A,-,03,22350,NA,N,C,C,A,A,H,-,A,A,0,NA,NA,NA,NA,Y,NA,A,01,0,0,2,0,0,0,0,0,0,-,-,NA,NA,LOS ANGELES,SOUTH PASADENA,-118.14263812,34.10425
6454590,2014,2016-02-05,1920,2014-04-16,2033,12035,NA,3,5,6,1920,0,0,0,NA,0,005,PARAMOUNT BL,RT 5,175,S,N,A,-,Y,LA,7,5,-,-,8.94,R,4,N,N,4,0,1,2,A,-,07,21658,A,N,D,C,A,A,H,-,C,D,0,NA,NA,Y,NA,Y,NA,D,NA,0,0,1,0,0,0,0,0,1,-,-,NA,NA,LOS ANGELES,DOWNEY,-118.11985935,33.96409445
6454593,2014,2014-06-17,1970,2014-01-27,1623,201,4,1,5,4,1970,0,0,0,NA,0,001,HUNTINGTON DR,GARFIELD AV,3,W,N,A,-,N,NA,NA,NA,NA,NA,NA,NA,NA,NA,Y,2,0,1,2,A,-,01,23153,A,N,G,B,B,A,H,-,A,A,0,Y,NA,NA,NA,Y,Y,D,22,1,0,0,0,1,0,0,0,0,-,-,NA,NA,LOS ANGELES,SOUTH PASADENA,-118.13535805,34.10650522
6454597,2014,2014-06-17,1970,2014-01-11,1045,169,2,6,5,4,1970,0,0,0,NA,0,002,FAIR OAKS AV,HOPE ST,144,S,N,A,-,N,NA,NA,NA,NA,NA,NA,NA,NA,NA,N,3,0,1,2,A,-,08,22107,NA,N,B,G,A,A,H,-,A,D,0,NA,Y,NA,NA,Y,NA,D,22,0,1,0,0,0,0,1,0,0,-,-,NA,NA,LOS ANGELES,SOUTH PASADENA,-118.15034023,34.11645522
6454602,2014,2014-07-24,1920,2014-04-18,1545,11992,NA,5,5,6,1920,0,0,0,NA,0,006,FIRESTONE BL,MARBEL AV,200,W,N,A,-,N,NA,NA,NA,NA,NA,NA,NA,NA,NA,N,4,0,1,2,A,-,04,21703,NA,N,C,C,A,A,H,-,A,D,0,NA,NA,NA,NA,Y,NA,D,NA,0,0,1,0,0,0,0,0,0,-,-,NA,NA,LOS ANGELES,DOWNEY,-118.12598878,33.93648568
6454616,2014,2014-07-02,1900,2014-02-16,1720,523036,0467,7,5,4,1936,0,0,0,NA,0,46K4,BEACH BL,HILLSBOROUGH DR,132,S,N,A,-,N,NA,NA,NA,NA,NA,NA,NA,NA,NA,N,4,0,1,2,A,-,03,22350,NA,M,C,C,A,A,H,-,B,D,0,NA,NA,NA,NA,Y,NA,D,22,0,0,1,0,0,0,0,0,0,-,-,NA,NA,LOS ANGELES,LA MIRADA,-117.97818661,33.90831811
6454644,2014,2014-06-17,1970,2014-01-18,1324,189,NA,6,5,4,1970,0,0,0,NA,0,NA,HUNTINGTON DR,BUSHNELL AV,54,W,N,A,-,N,NA,NA,NA,NA,NA,NA,NA,NA,NA,N,3,0,1,2,A,-,09,21802,A,F,H,A,A,A,H,-,A,A,0,NA,NA,Y,NA,Y,NA,A,01,0,1,0,0,0,0,0,0,1,-,-,NA,NA,LOS ANGELES,SOUTH PASADENA,-118.14138793,34.10427571
6454648,2014,2014-06-17,1970,2014-01-24,1750,830,1970,5,5,4,1970,0,0,0,NA,0,004,HUNTINGTON DR,MAPLE ST,0,NA,Y,A,-,N,NA,NA,NA,NA,NA,NA,NA,NA,NA,N,2,0,1,2,A,-,10,21950,A,N,G,B,B,A,H,-,C,A,0,Y,NA,NA,NA,Y,NA,-,NA,1,0,0,0,1,0,0,0,0,-,-,NA,NA,LOS ANGELES,SOUTH PASADENA,-118.15530003,34.10138011
6454652,2014,2014-06-17,1970,2014-01-25,0102,831,1970,6,5,4,1970,0,0,0,NA,0,002,MISSION ST,FREMONT AV,123,W,N,A,-,N,NA,NA,NA,NA,NA,NA,NA,NA,NA,N,2,0,1,1,A,-,08,22107,NA,N,H,A,A,A,H,-,C,D,0,NA,Y,NA,NA,Y,NA,L,04,1,0,0,0,0,0,1,0,0,-,-,NA,NA,LOS ANGELES,SOUTH PASADENA,-118.1535255,34.11577848
6454676,2014,2014-06-19,1900,2014-02-16,2141,523036,0461,7,5,4,1936,0,0,0,NA,0,46K4,VALLEY VIEW BL,IMPERIAL HWY,0,S,N,A,-,N,NA,NA,NA,NA,NA,NA,NA,NA,NA,Y,4,0,2,3,A,-,07,21658,A,N,B,C,A,A,H,-,C,A,0,NA,NA,NA,NA,Y,NA,A,01,0,0,2,0,0,0,0,0,0,-,-,NA,NA,LOS ANGELES,LA MIRADA,-118.02938005,33.91703006
6454680,2014,2014-06-19,1900,2014-02-16,1915,514341,0455,7,5,6,1949,0,0,0,NA,0,45T1,EXCELSIOR DR,JERSEY AV,0,NA,Y,A,-,N,NA,NA,NA,NA,NA,NA,NA,NA,NA,Y,4,0,1,2,A,-,09,21801,A,N,D,C,A,A,H,-,C,A,0,NA,NA,NA,NA,Y,NA,A,07,0,0,1,0,0,0,0,0,0,-,-,NA,NA,LOS ANGELES,NORWALK,-118.08693003,33.89487001
6454681,2014,2015-03-13,9530,2014-04-09,1844,20293,NA,3,2,9,1900,0,3,5,NA,2,001,96TH ST,PACE AV,0,NA,Y,A,-,N,NA,NA,NA,NA,NA,NA,NA,NA,NA,N,3,0,1,2,A,-,09,21802,A,N,D,C,A,A,H,-,A,A,0,NA,NA,Y,NA,Y,NA,A,01,0,1,0,0,0,0,0,0,1,-,-,33.94933,-118.25299,LOS ANGELES,UNINCORPORATED,-118.25305,33.94927011
6454684,2014,2015-08-14,1900,2014-02-18,0720,506197,0451,2,5,6,1949,0,0,0,NA,0,4317,PIONEER BL,IMPERIAL HWY,18,N,N,A,-,N,NA,NA,NA,NA,NA,NA,NA,NA,NA,N,4,0,1,2,A,-,21,22106,NA,N,C,C,A,A,H,-,A,A,0,NA,NA,NA,NA,Y,NA,-,-,0,0,1,0,0,0,0,0,0,-,-,NA,NA,LOS ANGELES,NORWALK,-118.08189985,33.91713936
6454688,2014,2014-06-19,1900,2014-02-17,0640,503271,0453,1,5,6,1949,0,0,0,NA,0,43T2,IMPERIAL HWY,STUDEBAKER RD,0,NA,Y,A,-,N,NA,NA,NA,NA,NA,NA,NA,NA,NA,N,3,0,1,2,A,-,12,21453,A,N,D,C,A,A,H,-,A,A,0,NA,NA,NA,NA,Y,NA,A,01,0,1,0,0,0,0,0,0,0,-,-,NA,NA,LOS ANGELES,NORWALK,-118.09931002,33.917180020000004
6454692,2014,2014-06-19,1900,2014-02-22,0235,506199,0764,6,5,4,1936,0,0,0,NA,0,78B,SANTA GERTRUDES AV,LA MIRADA BL,21,E,N,A,-,N,NA,NA,NA,NA,NA,NA,NA,NA,NA,Y,4,0,1,1,A,-,08,22107,NA,N,E,I,A,A,H,-,C,D,0,NA,NA,NA,NA,Y,NA,A,01,0,0,1,0,0,0,0,0,0,-,-,NA,NA,LOS ANGELES,LA MIRADA,-118.00200243,33.89095831
6454696,2014,2014-06-19,1900,2014-02-21,2111,507740,0456,5,5,6,1949,0,0,0,NA,0,45T1P,EXCELSIOR DR,ARLEE AV,45,W,N,A,-,N,NA,NA,NA,NA,NA,NA,NA,NA,NA,N,3,0,1,2,A,-,-,NA,NA,N,G,B,D,A,H,-,C,D,0,Y,NA,NA,NA,Y,NA,N,60,0,1,0,0,1,0,0,0,0,-,-,NA,NA,LOS ANGELES,NORWALK,-118.08167791,33.89489348
6454700,2014,2014-06-19,1900,2014-02-15,1120,442391,0463,6,5,4,1936,0,0,0,NA,0,46T1,SANTA GERTRUDES AV,IMPERIAL HWY,44,N,N,A,-,N,NA,NA,NA,NA,NA,NA,NA,NA,NA,N,3,0,1,2,A,-,08,22107,NA,N,E,I,A,A,H,-,A,D,0,NA,NA,Y,NA,Y,NA,C,02,0,1,0,0,0,0,0,0,1,-,-,NA,NA,LOS ANGELES,LA MIRADA,-117.99436,33.91740064
6454707,2014,2014-06-17,1970,2014-01-06,1006,137,3,1,5,4,1970,0,0,0,NA,0,003,MONTEREY RD,VIA DEL REY,0,NA,Y,A,-,N,NA,NA,NA,NA,NA,NA,NA,NA,NA,Y,4,0,2,2,A,-,12,21453,A,N,D,C,A,A,H,-,A,A,0,NA,NA,NA,NA,Y,NA,-,NA,0,0,2,0,0,0,0,0,0,-,-,NA,NA,LOS ANGELES,SOUTH PASADENA,-118.16018007,34.11194002
6454711,2014,2014-06-17,1970,2014-01-08,1804,183,NA,3,5,4,1970,0,0,0,NA,0,001,MISSION ST,ADELAINE AV,0,NA,Y,A,-,N,NA,NA,NA,NA,NA,NA,NA,NA,NA,Y,4,0,2,2,A,-,09,21802,A,N,D,C,A,A,H,-,B,A,0,NA,NA,NA,NA,Y,NA,A,01,0,0,2,0,0,0,0,0,0,-,-,NA,NA,LOS ANGELES,SOUTH PASADENA,-118.16245012,34.11571012
6454712,2014,2016-01-20,1970,2014-02-01,2028,831,1970,6,5,4,1970,0,0,0,NA,0,002,FAIR OAKS AV,STATE ST,45,N,N,A,-,Y,LA,7,110,-,-,31.105,R,4,S,N,4,0,1,2,A,-,04,21703,NA,N,C,D,A,A,H,-,C,A,0,NA,NA,NA,NA,Y,NA,A,07,0,0,1,0,0,0,0,0,0,-,-,NA,NA,LOS ANGELES,SOUTH PASADENA,-118.15162986,34.11918931
6454715,2014,2014-06-17,1970,2014-01-16,1529,169,2,4,5,4,1970,0,0,0,NA,0,002,FAIR OAKS AV,OXLEY ST,10,S,N,A,-,N,NA,NA,NA,NA,NA,NA,NA,NA,NA,N,3,0,1,2,A,-,10,21950,A,N,G,B,B,A,H,-,A,A,0,Y,NA,NA,NA,Y,NA,A,01,0,1,0,0,1,0,0,0,0,-,-,NA,NA,LOS ANGELES,SOUTH PASADENA,-118.15037,34.11378258
6454716,2014,2014-06-19,1970,2014-02-03,0859,164,NA,1,5,4,1970,0,0,0,NA,0,002,HOPE ST,FREMONT AV,0,NA,Y,A,-,N,NA,NA,NA,NA,NA,NA,NA,NA,NA,Y,4,0,1,3,A,-,09,21802,A,N,D,C,A,A,H,-,A,A,0,NA,NA,NA,NA,Y,NA,A,01,0,0,1,0,0,0,0,0,0,-,-,NA,NA,LOS ANGELES,SOUTH PASADENA,-118.15310001,34.11675005
6454719,2014,2014-06-17,1970,2014-01-16,1700,169,4,4,5,4,1970,0,0,0,NA,0,004,FREMONT AV,OXLEY ST,30,S,N,A,-,N,NA,NA,NA,NA,NA,NA,NA,NA,NA,N,4,0,1,2,A,-,03,22350,NA,N,C,C,A,A,H,-,C,D,0,NA,NA,NA,NA,Y,NA,A,01,0,0,1,0,0,0,0,0,0,-,-,NA,NA,LOS ANGELES,SOUTH PASADENA,-118.15312,34.11362774