CASE_ID,ACCIDENT_YEAR,PROC_DATE,JURIS,COLLISION_DATE,COLLISION_TIME,OFFICER_ID,REPORTING_DISTRICT,DAY_OF_WEEK,CHP_SHIFT,POPULATION,CNTY_CITY_LOC,SPECIAL_COND,BEAT_TYPE,CHP_BEAT_TYPE,CITY_DIVISION_LAPD,CHP_BEAT_CLASS,BEAT_NUMBER,PRIMARY_RD,SECONDARY_RD,DISTANCE,DIRECTION,INTERSECTION,WEATHER_1,WEATHER_2,STATE_HWY_IND,CALTRANS_COUNTY,CALTRANS_DISTRICT,STATE_ROUTE,ROUTE_SUFFIX,POSTMILE_PREFIX,POSTMILE,LOCATION_TYPE,RAMP_INTERSECTION,SIDE_OF_HWY,TOW_AWAY,COLLISION_SEVERITY,NUMBER_KILLED,NUMBER_INJURED,PARTY_COUNT,PRIMARY_COLL_FACTOR,PCF_CODE_OF_VIOL,PCF_VIOL_CATEGORY,PCF_VIOLATION,PCF_VIOL_SUBSECTION,HIT_AND_RUN,TYPE_OF_COLLISION,MVIW,PED_ACTION,ROAD_SURFACE,ROAD_COND_1,ROAD_COND_2,LIGHTING,CONTROL_DEVICE,CHP_ROAD_TYPE,PEDESTRIAN_ACCIDENT,BICYCLE_ACCIDENT,MOTORCYCLE_ACCIDENT,TRUCK_ACCIDENT,NOT_PRIVATE_PROPERTY,ALCOHOL_INVOLVED,STWD_VEHTYPE_AT_FAULT,CHP_VEHTYPE_AT_FAULT,COUNT_SEVERE_INJ,COUNT_VISIBLE_INJ,COUNT_COMPLAINT_PAIN,COUNT_PED_KILLED,COUNT_PED_INJURED,COUNT_BICYCLIST_KILLED,COUNT_BICYCLIST_INJURED,COUNT_MC_KILLED,COUNT_MC_INJURED,PRIMARY_RAMP,SECONDARY_RAMP,LATITUDE,LONGITUDE,COUNTY,CITY,POINT_X,POINT_Y
6457767,2014,2014-07-10,1900,2014-04-16,1310,450416,0641,3,5,6,1985,0,0,0,NA,0,64T1,BOUQUET CANYON RD,HASKELL CANYON RD,12,S,N,A,-,N,NA,NA,NA,NA,NA,NA,NA,NA,NA,Y,4,0,1,2,A,-,03,22350,NA,N,C,C,A,A,H,-,A,D,0,NA,NA,NA,NA,Y,NA,D,22,0,0,1,0,0,0,0,0,0,-,-,NA,NA,LOS ANGELES,SANTA CLARITA,-118.51234331,34.44264206
6457787,2014,2014-07-09,1900,2014-04-26,0825,472724,0617,6,5,6,1985,0,0,0,NA,0,61T1,VIA PRINCESSA,LOST CANYON RD,0,NA,Y,A,-,N,NA,NA,NA,NA,NA,NA,NA,NA,NA,Y,4,0,2,2,A,-,12,21453,A,N,D,C,A,A,H,-,A,A,0,NA,NA,NA,NA,Y,NA,D,22,0,0,2,0,0,0,0,0,0,-,-,NA,NA,LOS ANGELES,SANTA CLARITA,-118.45303001,34.40094005
6457791,2014,2014-07-09,1900,2014-04-21,1525,523421,0612,1,5,6,1985,0,0,0,NA,0,61T1,WHITE CANYON RD,STILLMORE ST,200,N,N,A,-,N,NA,NA,NA,NA,NA,NA,NA,NA,NA,N,4,0,1,3,A,-,03,22350,NA,N,C,C,A,A,H,-,A,D,0,NA,NA,NA,NA,Y,NA,D,22,0,0,1,0,0,0,0,0,0,-,-,NA,NA,LOS ANGELES,SANTA CLARITA,-118.47217834,34.41890851
6457795,2014,2014-07-09,1900,2014-04-21,1630,523421,0631,1,5,6,1985,0,0,0,NA,0,61T1,SIERRA HWY,SOLEDAD CANYON RD,850,S,N,A,-,N,NA,NA,NA,NA,NA,NA,NA,NA,NA,Y,4,0,1,2,A,-,09,21804,A,N,D,C,A,A,H,-,A,D,0,NA,NA,NA,NA,Y,NA,A,01,0,0,1,0,0,0,0,0,0,-,-,NA,NA,LOS ANGELES,SANTA CLARITA,-118.45697497,34.41418801
6457807,2014,2014-07-16,1900,2014-04-17,1825,509580,0644,4,5,6,1985,0,0,0,NA,0,64T1,MAGIC MOUNTAIN PKWY,TOWN CENTER DR,40,W,N,A,-,N,NA,NA,NA,NA,NA,NA,NA,NA,NA,Y,3,0,2,2,A,-,04,21703,NA,N,C,C,A,A,H,-,A,A,0,NA,NA,NA,NA,Y,NA,A,01,0,1,1,0,0,0,0,0,0,-,-,NA,NA,LOS ANGELES,SANTA CLARITA,-118.56539031,34.42058583
6457815,2014,2014-07-10,1900,2014-02-12,0900,516689,0453,3,5,6,1949,0,0,0,NA,0,43T1,STUDEBAKER RD,ROSECRANS AV,45,N,N,A,-,N,NA,NA,NA,NA,NA,NA,NA,NA,NA,NA,4,0,2,2,A,-,09,21804,A,N,D,C,A,A,H,-,A,D,0,NA,NA,NA,NA,Y,Y,-,-,0,0,2,0,0,0,0,0,0,-,-,NA,NA,LOS ANGELES,NORWALK,-118.10010179,33.9021632
6457823,2014,2014-07-10,1900,2014-04-22,1250,273453,0645,2,5,6,1985,0,0,0,NA,0,64T1,NEWHALL RANCH RD,GATEWAY VILLAGE,10,W,N,A,-,N,NA,NA,NA,NA,NA,NA,NA,NA,NA,Y,4,0,1,3,A,-,01,23152,A,N,C,C,A,A,H,-,A,A,0,NA,NA,NA,NA,Y,Y,D,22,0,0,1,0,0,0,0,0,0,-,-,NA,NA,LOS ANGELES,SANTA CLARITA,-118.57910203,34.44291305
6457831,2014,2014-07-10,1900,2014-04-23,1225,407364,0625,3,5,6,1985,0,0,0,NA,0,64T1D,NEWHALL AV,14TH ST,2210,N,N,A,-,N,NA,NA,NA,NA,NA,NA,NA,NA,NA,Y,4,0,1,4,A,-,03,22350,NA,N,C,C,A,A,H,-,A,D,0,NA,NA,NA,NA,Y,NA,A,01,0,0,1,0,0,0,0,0,0,-,-,NA,NA,LOS ANGELES,SANTA CLARITA,-118.54003393,34.38883848
6457864,2014,2014-06-27,1900,2014-02-21,0215,467502,0462,5,5,4,1936,0,0,0,NA,0,46T1,FAIRVILLA DR,BIOLA AV,116,E,N,A,-,N,NA,NA,NA,NA,NA,NA,NA,NA,NA,Y,3,0,1,2,A,-,08,22107,NA,N,C,C,A,A,H,-,C,D,0,NA,NA,NA,NA,Y,NA,A,01,0,1,0,0,0,0,0,0,0,-,-,NA,NA,LOS ANGELES,LA MIRADA,-118.0197235,33.91044318
6457871,2014,2014-07-24,1900,2014-04-04,1420,514341,0459,5,5,6,1949,0,0,0,NA,0,45T1,CARMENITA RD,PUMICE ST,0,NA,Y,A,-,N,NA,NA,NA,NA,NA,NA,NA,NA,NA,Y,4,0,1,2,A,-,09,21801,A,N,D,C,A,A,E,-,A,D,0,NA,NA,NA,NA,Y,NA,A,07,0,0,1,0,0,0,0,0,0,-,-,NA,NA,LOS ANGELES,NORWALK,-118.04660004,33.89757006
6457876,2014,2014-07-09,1900,2014-03-01,2210,483167,0463,6,5,4,1936,0,0,0,NA,0,46T2,IMPERIAL HWY,SANTA GERTRUDES AV,231,E,N,C,-,N,NA,NA,NA,NA,NA,NA,NA,NA,NA,Y,3,0,4,1,A,-,03,22350,NA,N,A,I,A,B,H,-,C,D,0,NA,NA,NA,NA,Y,NA,D,22,0,1,3,0,0,0,0,0,0,-,-,NA,NA,LOS ANGELES,LA MIRADA,-117.99360038,33.91728817
6457879,2014,2014-07-23,1900,2014-04-23,1445,523421,0613,3,5,6,1985,0,0,0,NA,0,61T1,SOLEDAD CANYON RD,CROSSGLADE AV,260,W,N,A,-,N,NA,NA,NA,NA,NA,NA,NA,NA,NA,N,4,0,1,3,A,-,03,22350,NA,N,C,C,A,A,H,-,A,D,0,NA,NA,NA,NA,Y,NA,A,01,0,0,1,0,0,0,0,0,0,-,-,NA,NA,LOS ANGELES,SANTA CLARITA,-118.46723985,34.41565193
6457883,2014,2014-07-24,1900,2014-04-07,2100,530057,0642,1,5,6,1985,0,0,0,NA,0,62A,MCBEAN PKWY,BAYWOOD LN,10,N,N,A,-,N,NA,NA,NA,NA,NA,NA,NA,NA,NA,Y,3,0,1,2,A,-,04,21703,NA,N,C,C,A,A,H,-,C,A,0,NA,NA,Y,NA,Y,NA,A,01,0,1,0,0,0,0,0,0,1,-,-,NA,NA,LOS ANGELES,SANTA CLARITA,-118.55925021,34.42962199
6457889,2014,2016-04-26,1900,2014-04-09,1555,530045,1017,3,5,3,1995,0,0,0,NA,0,101T4,RT 1,TUNA CANYON RD,317,W,N,A,-,Y,LA,7,1,-,-,41.42,H,-,S,Y,4,0,1,3,A,-,04,21703,NA,N,B,C,A,A,H,-,A,D,0,NA,NA,NA,NA,Y,NA,A,01,0,0,1,0,0,0,0,0,0,-,-,NA,NA,LOS ANGELES,MALIBU,-118.59043829,34.03960169
6457891,2014,2014-07-24,1900,2014-04-12,0120,507884,0631,6,5,6,1985,0,0,0,NA,0,61T1/E,JAKES WY,CANYON PARK BL,15,N,N,A,-,N,NA,NA,NA,NA,NA,NA,NA,NA,NA,Y,4,0,1,2,D,-,00,NA,NA,N,B,C,A,A,H,-,C,D,0,NA,NA,NA,NA,Y,NA,-,-,0,0,1,0,0,0,0,0,0,-,-,NA,NA,LOS ANGELES,SANTA CLARITA,-118.457007,34.40954056
6457893,2014,2016-04-26,1900,2014-04-18,1721,527438,1015,5,5,3,1995,0,0,0,NA,0,225A,PACIFIC COAST HWY,CROSS CREEK RD,1149,E,N,A,-,Y,LA,7,1,-,-,46.87,H,-,N,Y,4,0,1,3,A,-,04,21703,NA,N,C,C,A,A,H,-,A,D,0,NA,NA,NA,NA,Y,NA,A,01,0,0,1,0,0,0,0,0,0,-,-,NA,NA,LOS ANGELES,MALIBU,-118.68183711,34.03475266
6457895,2014,2014-07-24,1900,2014-04-21,2120,509580,0628,1,5,6,1985,0,0,0,NA,0,64T1,LYONS AV,AVENIDA DORENA,1200,W,N,A,-,N,NA,NA,NA,NA,NA,NA,NA,NA,NA,Y,3,0,1,2,A,-,09,21804,A,N,F,A,A,A,H,-,C,A,0,NA,NA,Y,NA,Y,NA,A,01,0,1,0,0,0,0,0,0,1,-,-,NA,NA,LOS ANGELES,SANTA CLARITA,-118.56501177,34.37862006
6457897,2014,2016-04-26,1900,2014-04-02,1907,527456,1016,3,5,3,1995,0,0,0,NA,0,101AK,PACIFIC COAST HWY,RAMBLA VISTA,528,E,N,A,-,Y,LA,7,1,-,-,44.72,H,-,N,Y,3,0,2,2,A,-,09,21804,A,N,D,C,A,A,H,-,A,D,0,NA,NA,Y,NA,Y,NA,C,02,0,1,1,0,0,0,0,0,2,-,-,NA,NA,LOS ANGELES,MALIBU,-118.64599195,34.03869165
6457899,2014,2014-07-24,1900,2014-04-18,1640,520084,0621,5,5,6,1985,0,0,0,NA,0,62T1,VALENCIA BL,ROCKWELL CYN RD,31,E,N,A,-,N,NA,NA,NA,NA,NA,NA,NA,NA,NA,Y,3,0,1,1,A,-,08,22107,NA,N,E,I,A,A,H,-,A,A,0,NA,NA,NA,NA,Y,NA,A,07,0,1,0,0,0,0,0,0,0,-,-,NA,NA,LOS ANGELES,SANTA CLARITA,-118.56785997,34.40879893
6457901,2014,2016-04-26,1900,2014-04-04,1215,272541,1014,5,5,3,1995,0,0,0,NA,0,101T1,RT 1,W MALIBU RD,3,E,N,A,-,Y,LA,7,1,-,-,49.731,I,5,N,Y,4,0,1,3,A,-,11,21954,A,N,C,C,E,A,H,-,A,D,0,Y,NA,Y,NA,Y,NA,N,60,0,0,1,0,0,0,0,0,1,-,-,NA,NA,LOS ANGELES,MALIBU,-118.73109561,34.03357858
6457903,2014,2014-07-24,1900,2014-04-12,1055,524504,0629,6,5,6,1985,0,0,0,NA,0,62T1,LYONS AV,WILEY CANYON RD,0,NA,Y,A,-,N,NA,NA,NA,NA,NA,NA,NA,NA,NA,Y,3,0,2,2,A,-,12,21453,A,N,D,C,A,A,H,-,A,D,0,NA,NA,NA,NA,Y,NA,A,01,0,1,1,0,0,0,0,0,0,-,-,NA,NA,LOS ANGELES,SANTA CLARITA,-118.55839007,34.37881008
6457905,2014,2016-04-26,1900,2014-04-02,1955,516547,1018,3,5,3,1995,0,0,0,NA,0,101T7P,PACIFIC COAST HWY,TUNA CANYON RD,1056,W,N,A,-,Y,LA,7,1,-,-,41.56,H,-,N,Y,3,0,2,2,A,-,07,21658,A,N,A,C,A,A,-,-,C,D,0,NA,NA,NA,NA,Y,NA,A,01,0,1,1,0,0,0,0,0,0,-,-,NA,NA,LOS ANGELES,MALIBU,-118.5927773,34.03997817
6457907,2014,2014-07-24,1900,2014-04-21,0800,472724,0617,1,5,6,1985,0,0,0,NA,0,61T1,CANYON TERRACE WY,VIA PRINCESSA,5,S,N,A,-,N,NA,NA,NA,NA,NA,NA,NA,NA,NA,N,3,0,1,2,A,-,05,21650,1,N,H,G,A,A,H,-,A,D,0,NA,Y,NA,NA,Y,NA,L,04,0,1,0,0,0,0,1,0,0,-,-,NA,NA,LOS ANGELES,SANTA CLARITA,-118.47711076,34.4095763
6457909,2014,2014-07-23,1900,2014-04-17,0820,258432,1012,4,5,3,1995,0,0,0,NA,0,101T1,KANAN DUME RD,CAVALLERI RD,2112,N,N,B,-,N,NA,NA,NA,NA,NA,NA,NA,NA,NA,Y,3,0,2,2,A,-,05,21460,A,N,A,C,A,A,H,-,A,D,0,NA,NA,NA,NA,Y,NA,A,01,0,2,0,0,0,0,0,0,0,-,-,34.03581,-118.80045,LOS ANGELES,MALIBU,-118.7995881,34.03750303
6457911,2014,2014-07-23,1900,2014-04-04,1525,523834,0608,5,5,6,1985,0,0,0,NA,0,62T1/P,MAGIC MOUNTAIN PKWY,CITRUS ST,300,E,N,A,-,N,NA,NA,NA,NA,NA,NA,NA,NA,NA,N,4,0,3,3,A,-,03,22350,NA,N,C,C,A,A,H,-,A,D,0,NA,NA,NA,NA,Y,NA,A,01,0,0,3,0,0,0,0,0,0,-,-,NA,NA,LOS ANGELES,SANTA CLARITA,-118.55207747,34.41661719
6457913,2014,2014-07-25,1900,2014-04-19,1415,533198,2221,6,5,3,1994,0,0,0,NA,0,222T2,MEADOW VISTA WY,QUAIL RUN DR,1056,S,N,A,-,N,NA,NA,NA,NA,NA,NA,NA,NA,NA,NA,3,0,1,2,A,-,08,22107,NA,N,B,E,A,A,H,-,A,D,0,NA,NA,NA,NA,Y,NA,A,01,0,1,0,0,0,0,0,0,0,-,-,NA,NA,LOS ANGELES,AGOURA HILLS,-118.76775483,34.15116678
6457915,2014,2014-07-24,1900,2014-04-13,1645,523421,0613,7,5,6,1985,0,0,0,NA,0,61T1,SIERRA HWY,SOLEDAD CANYON RD,36,S,N,A,-,N,NA,NA,NA,NA,NA,NA,NA,NA,NA,N,4,0,1,2,A,-,21,22106,NA,N,C,C,A,A,H,-,A,D,0,NA,NA,NA,NA,Y,NA,A,01,0,0,1,0,0,0,0,0,0,-,-,NA,NA,LOS ANGELES,SANTA CLARITA,-118.45606163,34.41628748
6457917,2014,2014-07-23,1900,2014-04-21,0940,506653,2221,1,5,3,1994,0,0,0,NA,0,222,KANAN RD,CANWOOD ST,1056,N,N,A,-,N,NA,NA,NA,NA,NA,NA,NA,NA,NA,Y,3,0,3,3,A,-,03,22350,NA,N,C,C,A,A,H,-,A,A,0,NA,NA,NA,NA,Y,NA,A,01,0,1,2,0,0,0,0,0,0,-,-,NA,NA,LOS ANGELES,AGOURA HILLS,-118.75989696,34.14965814
6457919,2014,2014-07-24,1900,2014-04-14,1315,428354,0641,1,5,6,1985,0,0,0,NA,0,64T1,COPPERHILL DR,BROOKVIEW TERRACE,0,NA,Y,A,-,N,NA,NA,NA,NA,NA,NA,NA,NA,NA,Y,4,0,2,2,A,-,09,21802,A,N,D,C,A,A,H,-,A,A,0,NA,NA,NA,NA,Y,NA,A,07,0,0,2,0,0,0,0,0,0,-,-,NA,NA,LOS ANGELES,SANTA CLARITA,-118.50803004,34.46054009
6457921,2014,2016-04-21,9580,2014-04-09,1848,20003,NA,3,2,7,1942,0,1,2,NA,2,102,RT 101,VAN NUYS BL,300,N,N,A,-,Y,LA,7,101,-,-,16,H,-,N,Y,4,0,2,3,A,-,03,22350,NA,N,C,C,A,A,H,-,A,D,1,NA,NA,NA,NA,Y,NA,A,01,0,0,2,0,0,0,0,0,0,-,-,34.15811,-118.45486,LOS ANGELES,LOS ANGELES,-118.44987479,34.15741442
6457924,2014,2016-04-23,9580,2014-04-12,1410,019715,NA,6,2,7,1942,0,1,2,NA,2,103,RT 101,HAVEN HURST AV,3168,S,N,A,-,Y,LA,7,101,-,-,18.31,H,-,S,N,4,0,1,2,A,-,03,22350,NA,N,C,C,A,A,H,-,A,D,1,NA,NA,NA,NA,Y,NA,A,07,0,0,1,0,0,0,0,0,0,-,-,34.16509,-118.4845,LOS ANGELES,LOS ANGELES,-118.48706495,34.16514026
6457925,2014,2016-04-23,9580,2014-04-10,1750,20003,NA,4,2,7,1942,0,1,3,NA,2,171,RT 101,VICTORY BL,200,S,N,A,-,Y,LA,7,170,-,R,17.21,H,-,S,Y,4,0,1,2,A,-,03,22350,NA,N,C,C,A,A,H,-,A,D,1,NA,NA,NA,NA,Y,NA,A,01,0,0,1,0,0,0,0,0,0,-,-,34.18213,-118.39743,LOS ANGELES,LOS ANGELES,-118.40132759,34.18615029
6457928,2014,2016-04-25,9580,2014-04-13,0404,20396,NA,7,3,7,1942,0,1,3,NA,2,117,RT 118,RESEDA BL,298,W,N,A,-,Y,LA,7,118,-,R,5.74,H,-,W,Y,3,0,1,1,A,-,08,22107,NA,N,E,I,A,A,H,-,C,D,1,NA,NA,NA,NA,Y,NA,A,01,0,1,0,0,0,0,0,0,0,-,-,34.27496,-118.53705,LOS ANGELES,LOS ANGELES,-118.53738808,34.27491252
6457929,2014,2016-04-20,9580,2014-04-11,1220,020728,NA,5,1,3,1989,0,1,2,NA,2,107,RT 101,KANAN RD,1000,S,N,A,-,Y,LA,7,101,-,-,34.85,H,-,S,Y,3,0,1,1,A,-,08,22107,NA,N,E,I,A,A,H,-,A,D,1,NA,NA,NA,NA,Y,NA,A,01,0,1,0,0,0,0,0,0,0,-,-,34.14395,-118.74853,LOS ANGELES,CALABASAS,-118.75805956,34.14554036
6457933,2014,2016-04-23,9580,2014-04-09,1825,019326,NA,3,2,7,1942,0,1,2,NA,2,103,RT 101,HAZELTINE AV,504,N,N,A,-,Y,LA,7,101,-,-,15.58,H,-,S,N,4,0,1,2,A,-,03,22350,NA,N,C,C,A,A,H,-,A,D,1,NA,NA,NA,NA,Y,NA,A,01,0,0,1,0,0,0,0,0,0,-,-,34.1552,-118.44172,LOS ANGELES,LOS ANGELES,-118.44300404,34.15509305
6457936,2014,2016-04-19,9580,2014-04-11,2045,16695,NA,5,2,7,1942,0,1,2,NA,2,105,RT 101,TAMPA AV,1320,N,N,A,-,Y,LA,7,101,-,-,22.53,H,-,S,Y,3,0,1,3,A,-,03,22350,NA,N,C,C,A,A,H,-,C,D,1,NA,NA,NA,NA,Y,NA,A,07,0,1,0,0,0,0,0,0,0,-,-,34.17323,-118.56076,LOS ANGELES,LOS ANGELES,-118.55809479,34.17353908
6457937,2014,2016-04-21,9580,2014-04-11,1756,019715,NA,5,2,7,1942,0,1,2,NA,2,102,RT 101,VAN NUYS BL,100,S,N,A,-,Y,LA,7,101,-,-,15.89,H,-,N,Y,4,0,1,2,A,-,03,22350,NA,N,C,C,A,A,H,-,A,D,1,NA,NA,NA,NA,Y,NA,A,01,0,0,1,0,0,0,0,0,0,-,-,34.22063,-118.47343,LOS ANGELES,LOS ANGELES,-118.44825123,34.15693086
6457941,2014,2016-04-25,9580,2014-04-11,1825,19319,NA,5,2,7,1942,0,1,1,NA,2,407,RT 405,ROSCOE BL,528,S,N,A,-,Y,LA,7,405,-,-,43.66,H,-,N,Y,4,0,4,3,A,-,03,22350,NA,N,C,C,A,A,H,-,A,D,1,NA,NA,NA,NA,Y,NA,A,01,0,0,4,0,0,0,0,0,0,-,-,34.2199,-118.47307,LOS ANGELES,LOS ANGELES,-118.47310381,34.21973997
6457945,2014,2014-07-10,1942,2014-04-15,1710,35599,1151,2,5,7,1942,0,0,0,K,0,2A18,SUNSET BL,NEW HAMPSHIRE AV,115,E,N,A,-,N,NA,NA,NA,NA,NA,NA,NA,NA,NA,N,4,0,1,2,A,-,03,22350,NA,N,C,C,A,A,H,-,A,D,0,NA,NA,NA,NA,Y,NA,-,NA,0,0,1,0,0,0,0,0,0,-,-,NA,NA,LOS ANGELES,LOS ANGELES,-118.29254088,34.09815
6457948,2014,2016-04-25,9580,2014-04-13,0406,20396,NA,7,3,7,1942,0,1,3,NA,2,117,RT 118,RESEDA BL,430,W,N,A,-,Y,LA,7,118,-,R,5.72,H,-,W,Y,4,0,1,2,A,-,03,22350,NA,N,A,C,A,A,H,-,C,D,1,NA,NA,NA,NA,Y,NA,A,01,0,0,1,0,0,0,0,0,0,-,-,34.27496,-118.53705,LOS ANGELES,LOS ANGELES,-118.53773137,34.27484906
6457949,2014,2014-07-10,1942,2014-04-08,0715,36754,0331,2,5,7,1942,0,0,0,C,0,3T5,JEFFERSON BL,LA BREA,77,E,N,A,-,N,NA,NA,NA,NA,NA,NA,NA,NA,NA,N,3,0,1,2,A,-,05,21650,1,N,H,G,A,A,H,-,A,D,0,NA,Y,NA,NA,Y,NA,L,04,0,1,0,0,0,0,1,0,0,-,-,NA,NA,LOS ANGELES,LOS ANGELES,-118.35461636,34.02552
6457951,2014,2016-04-23,9545,2014-04-11,1640,017305,NA,5,2,9,1900,0,1,3,NA,2,031,RT 14,SIERRA HWY,1848,S,N,A,-,Y,LA,7,14,-,R,52.52,H,-,S,Y,3,0,5,2,A,-,08,22107,NA,N,F,A,A,A,H,-,A,D,1,NA,NA,NA,NA,Y,NA,A,01,0,2,3,0,0,0,0,0,0,-,-,34.48598,-118.1463,LOS ANGELES,UNINCORPORATED,-118.13535052,34.49037752
6457952,2014,2016-04-23,9580,2014-04-15,0950,020791,NA,2,1,7,1942,0,1,2,NA,2,101,RT 101,COLDWATER CANYON AV,800,N,N,A,-,Y,LA,7,101,-,-,14.05,H,-,S,N,4,0,2,2,A,-,03,22350,NA,F,C,C,A,A,H,-,A,D,1,NA,NA,NA,NA,Y,NA,-,NA,0,0,2,0,0,0,0,0,0,-,-,34.0924,-118.2508,LOS ANGELES,LOS ANGELES,-118.41664325,34.15665255
6457953,2014,2014-07-10,1942,2014-04-20,0045,38233,0437,7,5,7,1942,0,0,0,D,0,12T53W,N EASTERN AV,NORELLE ST,124,S,N,A,-,N,NA,NA,NA,NA,NA,NA,NA,NA,NA,Y,3,0,1,1,A,-,03,22350,NA,N,E,I,A,A,H,-,C,D,0,NA,NA,NA,NA,Y,Y,A,01,0,1,0,0,0,0,0,0,0,-,-,NA,NA,LOS ANGELES,LOS ANGELES,-118.18043757,34.07247074
6457956,2014,2016-04-21,9580,2014-04-14,2000,018185,NA,1,2,7,1942,0,1,1,NA,2,406,RT 405,LASSEN AV,528,S,N,A,-,Y,LA,7,405,-,-,45.64,H,-,N,Y,4,0,1,2,A,-,07,21658,A,N,B,C,A,A,H,-,D,D,1,NA,NA,NA,NA,Y,NA,-,-,0,0,1,0,0,0,0,0,0,-,-,34.2465,-118.47262,LOS ANGELES,LOS ANGELES,-118.47227848,34.24843156
6457959,2014,2016-04-23,9545,2014-04-08,0400,019963,NA,2,3,9,1900,0,1,3,NA,2,011,RT 14,AVE A,1609,S,N,A,-,Y,LA,7,14,-,R,76.71,H,-,S,Y,3,0,1,1,A,-,01,23152,A,N,F,A,A,A,H,-,C,D,1,NA,NA,NA,NA,Y,Y,A,07,0,1,0,0,0,0,0,0,0,-,-,34.81513,-118.17087,LOS ANGELES,UNINCORPORATED,-118.17077621,34.81616818
6457960,2014,2016-04-21,9580,2014-04-13,1555,019715,NA,7,2,7,1942,0,1,2,NA,2,102,RT 101,WOODMAN AV,400,N,N,A,-,Y,LA,7,101,-,-,14.98,H,-,N,N,4,0,1,3,A,-,03,22350,NA,N,C,C,A,A,H,-,A,D,1,NA,NA,NA,NA,Y,NA,A,01,0,0,1,0,0,0,0,0,0,-,-,34.15585,-118.43403,LOS ANGELES,LOS ANGELES,-118.4327703,34.15573127
6457963,2014,2016-04-20,9545,2014-04-08,0900,012250,NA,2,1,9,1900,0,1,3,NA,1,042,RT 138,233RD ST,10032,E,N,A,-,Y,LA,7,138,-,-,73.32,H,-,W,Y,4,0,1,1,A,-,08,22107,NA,N,F,A,A,A,H,-,A,D,0,NA,NA,NA,NA,Y,NA,A,01,0,0,1,0,0,0,0,0,0,-,-,34.46677,-117.68539,LOS ANGELES,UNINCORPORATED,-117.68710484,34.46790664
6457964,2014,2016-04-23,9580,2014-04-14,1630,019715,NA,1,2,7,1942,0,1,2,NA,2,105,RT 101,RESEDA AV,2112,N,N,A,-,Y,LA,7,101,-,-,21.67,H,-,S,Y,4,0,2,4,A,-,03,22350,NA,N,C,C,A,A,H,-,A,D,1,NA,NA,NA,NA,Y,NA,A,07,0,0,2,0,0,0,0,0,0,-,-,34.17325,-118.54284,LOS ANGELES,LOS ANGELES,-118.54311389,34.17329729
6457968,2014,2016-04-22,9580,2014-04-15,1740,16003,NA,2,2,7,1942,0,1,1,NA,2,405,RT 405,BURBANK BL,75,S,N,A,-,Y,LA,7,405,-,-,40.081,R,1,S,Y,4,0,1,2,A,-,03,22350,NA,N,C,C,A,A,H,-,A,A,1,NA,NA,NA,NA,Y,NA,A,01,0,0,1,0,0,0,0,0,0,-,-,34.17107,-118.46807,LOS ANGELES,LOS ANGELES,-118.4681945,34.16920388
6457972,2014,2016-04-23,9580,2014-04-15,2040,020619,NA,2,2,7,1942,0,1,2,NA,2,100,RT 101,LAUREL CANYON BL,2640,S,N,A,-,Y,LA,7,101,-,-,12.35,H,-,N,Y,4,0,2,2,A,-,03,22350,NA,N,C,C,A,A,H,-,E,D,1,NA,NA,NA,NA,Y,NA,A,01,0,0,2,0,0,0,0,0,0,-,-,34.15464,-118.3888,LOS ANGELES,LOS ANGELES,-118.38755987,34.1545536
6457978,2014,2016-04-19,9580,2014-04-04,1118,18491,NA,5,1,7,1942,0,1,2,NA,2,105,RT 101,VENTURA BL,100,N,N,A,-,Y,LA,7,101,-,-,25.084,H,-,S,Y,4,0,1,4,A,-,03,22350,NA,N,C,C,A,A,H,-,A,D,1,NA,NA,NA,NA,Y,NA,A,01,0,0,1,0,0,0,0,0,0,-,-,34.16876,-118.6128,LOS ANGELES,LOS ANGELES,-118.60128941,34.16994861
6457979,2014,2014-07-22,9545,2014-04-05,1700,019006,NA,6,2,9,1900,0,3,5,NA,2,004,85TH ST E,AVE T,1584,S,N,A,-,N,NA,NA,NA,NA,NA,NA,NA,NA,NA,Y,4,0,1,1,A,-,08,22107,NA,N,E,I,A,A,H,-,A,D,0,NA,NA,NA,NA,Y,NA,A,08,0,0,1,0,0,0,0,0,0,-,-,34.54071,-117.97938,LOS ANGELES,UNINCORPORATED,-117.97929912,34.53855741
6457982,2014,2014-07-10,1942,2014-04-01,0600,35393,1215,2,5,7,1942,0,0,0,L,0,12T41,NORMANDIE AV,56TH ST,0,NA,Y,A,-,N,NA,NA,NA,NA,NA,NA,NA,NA,NA,N,4,0,1,2,A,-,10,21950,A,F,G,B,B,A,H,-,B,-,0,Y,NA,NA,NA,Y,Y,-,99,0,0,1,0,1,0,0,0,0,-,-,NA,NA,LOS ANGELES,LOS ANGELES,-118.30021001,33.99156