CASE_ID,ACCIDENT_YEAR,PROC_DATE,JURIS,COLLISION_DATE,COLLISION_TIME,OFFICER_ID,REPORTING_DISTRICT,DAY_OF_WEEK,CHP_SHIFT,POPULATION,CNTY_CITY_LOC,SPECIAL_COND,BEAT_TYPE,CHP_BEAT_TYPE,CITY_DIVISION_LAPD,CHP_BEAT_CLASS,BEAT_NUMBER,PRIMARY_RD,SECONDARY_RD,DISTANCE,DIRECTION,INTERSECTION,WEATHER_1,WEATHER_2,STATE_HWY_IND,CALTRANS_COUNTY,CALTRANS_DISTRICT,STATE_ROUTE,ROUTE_SUFFIX,POSTMILE_PREFIX,POSTMILE,LOCATION_TYPE,RAMP_INTERSECTION,SIDE_OF_HWY,TOW_AWAY,COLLISION_SEVERITY,NUMBER_KILLED,NUMBER_INJURED,PARTY_COUNT,PRIMARY_COLL_FACTOR,PCF_CODE_OF_VIOL,PCF_VIOL_CATEGORY,PCF_VIOLATION,PCF_VIOL_SUBSECTION,HIT_AND_RUN,TYPE_OF_COLLISION,MVIW,PED_ACTION,ROAD_SURFACE,ROAD_COND_1,ROAD_COND_2,LIGHTING,CONTROL_DEVICE,CHP_ROAD_TYPE,PEDESTRIAN_ACCIDENT,BICYCLE_ACCIDENT,MOTORCYCLE_ACCIDENT,TRUCK_ACCIDENT,NOT_PRIVATE_PROPERTY,ALCOHOL_INVOLVED,STWD_VEHTYPE_AT_FAULT,CHP_VEHTYPE_AT_FAULT,COUNT_SEVERE_INJ,COUNT_VISIBLE_INJ,COUNT_COMPLAINT_PAIN,COUNT_PED_KILLED,COUNT_PED_INJURED,COUNT_BICYCLIST_KILLED,COUNT_BICYCLIST_INJURED,COUNT_MC_KILLED,COUNT_MC_INJURED,PRIMARY_RAMP,SECONDARY_RAMP,LATITUDE,LONGITUDE,COUNTY,CITY,POINT_X,POINT_Y
6458904,2014,2014-07-17,1900,2014-04-30,1730,520666,BELLF,3,5,3,1927,0,0,0,NA,0,135A,CARSON ST,NORWALK BL,36,W,N,A,-,N,NA,NA,NA,NA,NA,NA,NA,NA,NA,N,4,0,1,3,A,-,03,22350,NA,N,C,C,A,A,H,-,A,A,0,NA,NA,NA,NA,Y,NA,A,NA,0,0,1,0,0,0,0,0,0,-,-,NA,NA,LOS ANGELES,HAWAIIAN GARDENS,-118.07219828,33.83142
6458909,2014,2014-07-21,9530,2014-04-28,0705,20665,NA,1,1,9,1900,0,3,5,NA,2,001,FLORENCE AV,CONVERSE AV,200,E,N,A,-,N,NA,NA,NA,NA,NA,NA,NA,NA,NA,N,4,0,1,3,A,-,03,22350,NA,F,C,C,A,A,H,-,A,D,0,NA,NA,NA,NA,Y,NA,-,99,0,0,1,0,0,0,0,0,0,-,-,33.97503,-118.24411,LOS ANGELES,UNINCORPORATED,-118.24343211,33.97468149
6458918,2014,2014-07-28,1953,2014-05-08,1834,7201,1953,4,5,6,1953,0,0,0,NA,0,NA,MARENGO AV,VILLA ST,0,NA,Y,-,-,N,NA,NA,NA,NA,NA,NA,NA,NA,NA,N,3,0,1,2,A,-,-,NA,NA,N,A,G,A,A,H,-,A,A,0,NA,Y,NA,NA,Y,NA,D,22,0,1,0,0,0,0,1,0,0,-,-,NA,NA,LOS ANGELES,PASADENA,-118.14600011,34.15414001
6458933,2014,2014-07-21,9530,2014-04-29,0800,20676,NA,2,1,9,1900,0,3,5,NA,2,001,GRAHAM AV,FIRESTONE BL,20,N,N,A,-,N,NA,NA,NA,NA,NA,NA,NA,NA,NA,N,4,0,1,2,A,-,03,22350,NA,N,C,C,A,A,H,-,A,D,0,NA,NA,NA,NA,Y,NA,D,22,0,0,1,0,0,0,0,0,0,-,-,33.57388,-118.14359,LOS ANGELES,UNINCORPORATED,-118.2431,33.96020485
6458941,2014,2014-07-21,9530,2014-04-23,1852,20300,NA,3,2,9,1900,0,3,5,NA,2,001,FIRESTONE BL,GRAHAM AV,0,NA,Y,A,-,N,NA,NA,NA,NA,NA,NA,NA,NA,NA,N,3,0,1,2,A,-,11,21950,B,N,G,B,D,A,H,-,A,A,0,Y,NA,NA,NA,Y,NA,N,60,0,1,0,0,1,0,0,0,0,-,-,33.96902,-118.24311,LOS ANGELES,UNINCORPORATED,-118.2431001,33.96015008
6458961,2014,2016-04-22,1900,2014-04-22,0600,467510,2611,2,5,6,1950,0,0,0,NA,0,262T1,6TH ST EAST,RT 138,0,NA,Y,A,-,Y,LA,7,138,-,-,44.329,I,6,E,Y,4,0,2,2,A,-,03,22350,NA,N,C,C,A,A,H,-,A,A,0,NA,NA,NA,NA,Y,NA,A,01,0,0,2,0,0,0,0,0,0,-,-,NA,NA,LOS ANGELES,PALMDALE,-118.11820721,34.57948992
6458963,2014,2014-07-09,1900,2014-03-22,1350,516551,0470,6,5,4,1936,0,0,0,NA,0,46K1,ROSECRANS AV,JALON RD,0,NA,Y,A,-,N,NA,NA,NA,NA,NA,NA,NA,NA,NA,Y,3,0,2,2,A,-,09,21801,A,N,A,C,A,A,H,-,A,A,0,NA,NA,NA,NA,Y,NA,A,01,0,1,1,0,0,0,0,0,0,-,-,NA,NA,LOS ANGELES,LA MIRADA,-118.0071901,33.89877001
6458964,2014,2014-07-09,1900,2014-03-21,1925,514341,0455,5,5,6,1949,0,0,0,NA,0,4571,ROSECRANS AV,PIONEER BL,84,W,N,A,-,N,NA,NA,NA,NA,NA,NA,NA,NA,NA,N,4,0,2,3,A,-,21,22106,NA,N,C,C,A,A,H,-,C,A,0,NA,NA,NA,NA,Y,NA,A,07,0,0,2,0,0,0,0,0,0,-,-,NA,NA,LOS ANGELES,NORWALK,-118.08285623,33.90225
6458965,2014,2014-07-11,1900,2014-04-30,1800,530043,NORTH,3,5,6,1950,0,0,0,NA,0,264T1,45TH ST EAST,WRIGHTWOOD WY,115,N,N,A,-,N,NA,NA,NA,NA,NA,NA,NA,NA,NA,Y,3,0,1,2,A,-,09,21804,A,N,D,C,A,A,H,-,A,D,0,NA,NA,NA,NA,Y,NA,A,01,0,1,0,0,0,0,0,0,0,-,-,NA,NA,LOS ANGELES,PALMDALE,-118.04944124,34.57100522
6458967,2014,2014-07-18,1900,2014-03-30,0954,427517,0454,7,5,6,1949,0,0,0,NA,0,43T1,SAN ANTONIO DR,UNION ST,0,NA,Y,A,-,N,NA,NA,NA,NA,NA,NA,NA,NA,NA,Y,3,0,2,2,A,-,12,21453,A,N,D,C,A,A,H,-,A,A,0,NA,NA,NA,NA,Y,NA,-,-,0,1,1,0,0,0,0,0,0,-,-,NA,NA,LOS ANGELES,NORWALK,-118.074065,33.911876
6458968,2014,2014-07-09,1900,2014-03-26,2315,531270,1368,3,5,5,1952,0,0,0,NA,0,136B,GEORGIA AV,JEFFERSON ST,300,N,N,B,-,N,NA,NA,NA,NA,NA,NA,NA,NA,NA,N,4,0,1,2,A,-,08,22107,NA,M,G,B,E,B,H,-,C,D,0,Y,NA,NA,NA,Y,NA,-,99,0,0,1,0,1,0,0,0,0,-,-,NA,NA,LOS ANGELES,PARAMOUNT,-118.15613,33.89380267
6458969,2014,2014-07-11,1906,2014-04-29,0928,4404,1906,2,5,5,1906,0,0,0,NA,0,002,RAMONA BL,BALDWIN PARK BL,0,NA,Y,A,-,N,NA,NA,NA,NA,NA,NA,NA,NA,NA,Y,3,0,2,2,A,-,12,21453,A,N,-,C,A,A,H,-,A,A,0,NA,NA,NA,NA,Y,NA,A,01,0,1,1,0,0,0,0,0,0,-,-,NA,NA,LOS ANGELES,BALDWIN PARK,-117.96488007,34.08548003
6458970,2014,2014-07-14,1900,2014-04-21,1410,521389,0334,1,5,4,1939,0,0,0,NA,0,35T1,HAWTHORNE BL,169TH ST,40,N,N,A,-,N,NA,NA,NA,NA,NA,NA,NA,NA,NA,N,4,0,1,2,A,-,04,21703,NA,N,C,C,A,A,H,-,A,D,0,NA,NA,NA,NA,Y,NA,A,01,0,0,1,0,0,0,0,0,0,-,-,NA,NA,LOS ANGELES,LAWNDALE,-118.35271,33.87767971
6458971,2014,2015-08-12,1900,2014-03-31,0740,442391,0463,1,5,4,1936,0,0,0,NA,0,46T1,IMPERIAL HWY,OXFORD DR,0,NA,Y,A,-,N,NA,NA,NA,NA,NA,NA,NA,NA,NA,Y,4,0,1,2,A,-,12,21453,A,N,A,C,A,A,H,-,A,A,0,NA,NA,NA,NA,Y,NA,A,01,0,0,1,0,0,0,0,0,0,-,-,NA,NA,LOS ANGELES,LA MIRADA,-117.99899008,33.91719003
6458972,2014,2014-07-09,1900,2014-03-28,0740,438096,1324,5,5,5,1935,0,0,0,NA,0,132T1D,HARVEY WY,CONQUISTA AV,0,NA,Y,A,-,N,NA,NA,NA,NA,NA,NA,NA,NA,NA,Y,4,0,1,2,A,-,09,21802,A,N,D,C,A,A,H,-,A,A,0,NA,NA,NA,NA,Y,NA,A,NA,0,0,1,0,0,0,0,0,0,-,-,NA,NA,LOS ANGELES,LAKEWOOD,-118.10886001,33.83600001
6458973,2014,2014-07-14,1900,2014-04-25,0718,253807,26078,5,5,6,1950,0,0,0,NA,0,261T1,70TH ST EAST,AVE R,0,NA,Y,A,-,N,NA,NA,NA,NA,NA,NA,NA,NA,NA,N,4,0,2,3,A,-,03,22350,NA,N,C,C,A,A,H,-,A,A,0,NA,NA,NA,NA,Y,NA,A,01,0,0,2,0,0,0,0,0,0,-,-,NA,NA,LOS ANGELES,PALMDALE,-118.0049401,34.57222006
6458974,2014,2014-07-14,1900,2014-04-18,1831,515395,0331,5,5,4,1939,0,0,0,NA,0,35T1,MARINE AV,OSAGE AV,24,E,N,A,-,N,NA,NA,NA,NA,NA,NA,NA,NA,NA,N,4,0,1,2,A,-,03,22350,NA,N,C,C,A,A,H,-,A,D,0,NA,NA,NA,NA,Y,NA,A,01,0,0,1,0,0,0,0,0,0,-,-,NA,NA,LOS ANGELES,LAWNDALE,-118.34609106,33.89465
6458975,2014,2015-08-12,1900,2014-03-24,1447,507740,0451,1,5,6,1949,0,0,0,NA,0,45TIP,IMPERIAL HWY,CURTIS AND KING RD,160,E,N,B,-,N,NA,NA,NA,NA,NA,NA,NA,NA,NA,N,4,0,1,2,A,-,05,21650,1,N,D,G,A,A,H,-,A,D,0,NA,Y,NA,NA,Y,NA,L,04,0,0,1,0,0,0,1,0,0,-,-,NA,NA,LOS ANGELES,NORWALK,-118.108,33.91726
6458976,2014,2014-07-09,1900,2014-03-30,0730,526288,1332,7,5,5,1908,0,0,0,NA,0,133T1,HANWELL AV,DALBERG ST,0,NA,Y,A,-,N,NA,NA,NA,NA,NA,NA,NA,NA,NA,N,3,0,1,2,A,-,12,22450,A,N,D,G,A,A,H,-,A,A,0,NA,Y,NA,NA,Y,NA,L,04,0,1,0,0,0,0,1,0,0,-,-,NA,NA,LOS ANGELES,BELLFLOWER,-118.13927002,33.90795
6458977,2014,2014-07-14,1900,2014-04-24,0715,546528,2607,4,5,6,1950,0,0,0,NA,0,263T1,AVE S,57TH ST EAST,0,NA,Y,A,-,N,NA,NA,NA,NA,NA,NA,NA,NA,NA,Y,4,0,1,2,A,-,09,21801,A,N,D,C,A,A,H,-,A,D,0,NA,NA,NA,NA,Y,NA,A,01,0,0,1,0,0,0,0,0,0,-,-,NA,NA,LOS ANGELES,PALMDALE,-118.02815004,34.55799002
6458980,2014,2015-08-12,1900,2014-03-26,1927,509582,1324,3,5,5,1935,0,0,0,NA,0,132T2,DELAMO BL,RADNOR AV,100,E,N,A,-,N,NA,NA,NA,NA,NA,NA,NA,NA,NA,Y,4,0,1,2,A,-,03,22350,NA,N,C,C,A,A,H,-,C,D,0,NA,NA,NA,NA,Y,NA,A,NA,0,0,1,0,0,0,0,0,0,-,-,NA,NA,LOS ANGELES,LAKEWOOD,-118.11794148,33.8468573
6458981,2014,2014-07-11,1906,2014-04-25,0850,4405,1906,5,5,5,1906,0,0,0,NA,0,002,PARK ADELFA,PHELAN AV,0,NA,Y,A,-,N,NA,NA,NA,NA,NA,NA,NA,NA,NA,Y,3,0,4,2,A,-,12,22450,A,N,D,C,A,A,H,-,A,D,0,NA,NA,NA,NA,Y,NA,-,NA,0,1,3,0,0,0,0,0,0,-,-,NA,NA,LOS ANGELES,BALDWIN PARK,NA,NA
6458983,2014,2015-12-30,1942,2014-03-21,0756,32921,0854,5,5,7,1942,0,0,0,H,0,8MQ72,COTNER,SANTA MONICA,0,NA,Y,B,-,Y,LA,7,2,-,-,3.682,I,5,E,N,4,0,1,2,A,-,08,22107,NA,F,H,G,A,A,H,-,A,A,0,NA,Y,NA,NA,Y,NA,-,99,0,0,1,0,0,0,1,0,0,-,-,NA,NA,LOS ANGELES,LOS ANGELES,-118.44606899,34.04714237
6458984,2014,2014-07-09,1900,2014-03-01,1120,526288,1334,6,5,5,1908,0,0,0,NA,0,133T1,BELLFLOWER BL,FLOWER ST,0,NA,Y,C,-,N,NA,NA,NA,NA,NA,NA,NA,NA,NA,Y,4,0,1,2,A,-,09,21801,A,N,A,C,A,B,H,-,A,A,0,NA,NA,NA,NA,Y,NA,A,NA,0,0,1,0,0,0,0,0,0,-,-,NA,NA,LOS ANGELES,BELLFLOWER,-118.12528004,33.8820601
6458985,2014,2015-09-28,1900,2014-04-27,2308,522365,2619,7,5,6,1950,0,0,0,NA,0,263T1,SIERRA HWY,RANCHO VISTA BL,816,N,N,A,-,N,NA,NA,NA,NA,NA,NA,NA,NA,NA,Y,3,0,2,1,A,-,01,23152,A,N,F,A,A,A,H,-,C,D,0,NA,NA,NA,NA,Y,Y,A,07,0,2,0,0,0,0,0,0,0,-,-,NA,NA,LOS ANGELES,PALMDALE,-118.121686,34.604088
6458986,2014,2016-04-21,1956,2014-04-29,2029,1290,09,2,5,5,1956,0,0,0,NA,0,001,RT 1,AVE A,38,N,N,A,-,Y,LA,7,1,-,-,18.81,H,-,S,Y,4,0,1,2,A,-,03,22350,NA,N,A,C,A,A,H,-,C,D,0,NA,NA,NA,NA,Y,NA,A,01,0,0,1,0,0,0,0,0,0,-,-,NA,NA,LOS ANGELES,REDONDO BEACH,-118.38569637,33.82796856
6458988,2014,2014-07-09,1900,2014-03-07,2200,527451,1334,5,5,5,1908,0,0,0,NA,0,133BPM,LOS ANGELES ST,ARDMORE AV,450,W,N,A,-,N,NA,NA,NA,NA,NA,NA,NA,NA,NA,N,3,0,1,2,A,-,11,21954,A,F,B,B,E,A,H,-,C,D,0,Y,NA,NA,NA,Y,NA,N,60,0,1,0,0,1,0,0,0,0,-,-,NA,NA,LOS ANGELES,BELLFLOWER,-118.13064959,33.88719695
6458989,2014,2014-07-11,1900,2014-04-24,0645,457217,2608,4,5,6,1950,0,0,0,NA,0,DESK,AVE Q,25TH ST EAST,0,NA,Y,A,-,N,NA,NA,NA,NA,NA,NA,NA,NA,NA,N,4,0,2,2,A,-,03,22350,NA,M,C,C,A,A,H,-,A,A,0,NA,NA,NA,NA,Y,NA,-,NA,0,0,2,0,0,0,0,0,0,-,-,NA,NA,LOS ANGELES,PALMDALE,-118.08527008,34.58742001
6458990,2014,2014-07-14,1956,2014-04-30,1129,1257,10,3,5,5,1956,0,0,0,NA,0,001,S GERTRUDA AV,KNOB HILL,640,N,N,A,-,N,NA,NA,NA,NA,NA,NA,NA,NA,NA,N,4,0,1,2,A,-,08,22107,NA,N,D,C,A,A,H,-,A,D,0,NA,NA,NA,NA,Y,NA,-,NA,0,0,1,0,0,0,0,0,0,-,-,NA,NA,LOS ANGELES,REDONDO BEACH,-118.38390272,33.83033883
6458992,2014,2014-07-09,1900,2014-03-21,1300,523107,NA,5,5,5,1952,0,0,0,NA,0,NA,SOMERSET BL,DOWNEY AV,0,NA,Y,A,-,N,NA,NA,NA,NA,NA,NA,NA,NA,NA,NA,4,0,1,2,A,-,12,21453,A,N,A,C,A,A,H,-,A,A,0,NA,NA,NA,NA,Y,NA,A,NA,0,0,1,0,0,0,0,0,0,-,-,NA,NA,LOS ANGELES,PARAMOUNT,-118.15150009,33.89651007
6458993,2014,2014-07-26,1900,2014-04-19,1218,491337,2612,6,5,6,1950,0,0,0,NA,0,262T1,RANCHO VISTA BL,SEVILLE AV,333,E,N,A,-,N,NA,NA,NA,NA,NA,NA,NA,NA,NA,N,3,0,1,2,A,-,-,NA,NA,N,H,G,A,A,H,-,A,A,0,NA,Y,NA,NA,Y,NA,L,04,0,1,0,0,0,0,1,0,0,-,-,NA,NA,LOS ANGELES,PALMDALE,-118.18703136,34.60291934
6458995,2014,2016-03-26,9565,2014-03-01,2225,20495,NA,6,3,9,1900,0,1,1,NA,2,063,RT 405,WILSHIRE BL,200,N,N,B,-,Y,LA,7,405,-,-,31.426,R,2,N,Y,4,0,2,1,A,-,08,22107,NA,N,E,I,A,A,H,-,C,D,1,NA,NA,NA,NA,Y,NA,A,01,0,0,2,0,0,0,0,0,0,TO,-,34.05653,-118.45162,LOS ANGELES,UNINCORPORATED,-118.4507035,34.05425752
6458996,2014,2015-08-12,1900,2014-03-26,1210,427517,0452,3,5,6,1949,0,0,0,NA,0,43T1,IMPERIAL HWY,VOLUNTEER AV,18,W,N,A,-,N,NA,NA,NA,NA,NA,NA,NA,NA,NA,N,3,0,1,2,A,-,10,21950,A,N,G,B,B,-,A,H,A,A,0,Y,NA,NA,NA,Y,NA,A,01,0,1,0,0,1,0,0,0,0,-,-,NA,NA,LOS ANGELES,NORWALK,-118.0687492,33.9172
6459000,2014,2014-07-09,1900,2014-03-24,1927,526721,1334,1,5,5,1908,0,0,0,NA,0,133T2,ALONDRA BL,VIRGINIA AV,40,W,N,A,-,N,NA,NA,NA,NA,NA,NA,NA,NA,NA,N,4,0,1,2,A,-,04,21703,NA,N,C,C,A,A,H,-,B,D,0,NA,NA,NA,NA,Y,NA,-,NA,0,0,1,0,0,0,0,0,0,-,-,NA,NA,LOS ANGELES,BELLFLOWER,-118.13848152,33.88928
6459001,2014,2014-07-29,1900,2014-04-29,0910,467510,2610,2,5,6,1950,0,0,0,NA,0,262T1,AVE Q,12TH ST EAST,0,NA,Y,A,-,N,NA,NA,NA,NA,NA,NA,NA,NA,NA,Y,4,0,1,2,A,-,03,22350,NA,N,C,C,A,A,H,-,A,D,0,NA,NA,NA,NA,Y,NA,A,01,0,0,1,0,0,0,0,0,0,-,-,NA,NA,LOS ANGELES,PALMDALE,-118.10762007,34.58734004
6459004,2014,2014-07-09,1900,2014-03-19,0730,520269,1333,3,5,5,1908,0,0,0,NA,0,133T2,WOODRUFF PL,FAYWOOD ST,0,NA,Y,A,-,N,NA,NA,NA,NA,NA,NA,NA,NA,NA,N,4,0,1,2,A,-,09,21802,A,N,D,G,A,A,H,-,A,A,0,NA,Y,NA,NA,Y,NA,-,NA,0,0,1,0,0,0,1,0,0,-,-,NA,NA,LOS ANGELES,BELLFLOWER,-118.11753006000001,33.89717002
6459008,2014,2014-07-09,1900,2014-03-18,1640,101944,0451,2,5,6,1949,0,0,0,NA,0,43T11P,STUDEBAKER RD,NANCE ST,28,N,N,A,-,N,NA,NA,NA,NA,NA,NA,NA,NA,NA,Y,3,0,3,3,A,-,03,22350,NA,N,C,C,A,A,H,-,A,A,0,NA,NA,NA,NA,Y,NA,A,07,0,1,2,0,0,0,0,0,0,-,-,NA,NA,LOS ANGELES,NORWALK,-118.09932,33.92106678
6459012,2014,2014-07-09,1900,2014-03-19,1755,507740,0454,3,5,6,1949,0,0,0,NA,0,43T1P,FIRESTONE BL,FUNSTON AV,24,E,N,A,-,N,NA,NA,NA,NA,NA,NA,NA,NA,NA,N,3,0,1,2,A,-,11,21950,B,N,A,B,C,A,H,-,A,D,0,Y,NA,NA,NA,Y,NA,N,60,0,1,0,0,1,0,0,0,0,-,-,NA,NA,LOS ANGELES,NORWALK,-118.07280383,33.90780413
6459013,2014,2014-08-02,1900,2014-04-25,0841,253807,2612,5,5,6,1950,0,0,0,NA,0,261T1,30TH ST WEST,AVE 0-8,0,NA,Y,A,-,N,NA,NA,NA,NA,NA,NA,NA,NA,NA,Y,3,0,2,2,A,-,09,21802,A,N,D,C,A,A,H,-,A,A,0,NA,NA,NA,NA,Y,NA,A,07,0,2,0,0,0,0,0,0,0,-,-,NA,NA,LOS ANGELES,PALMDALE,-118.183439,34.609073
6459016,2014,2014-07-09,1900,2014-03-20,1608,499036,0453,4,5,6,1949,0,0,0,NA,0,43T1,FOSTER RD,GRIDLEY RD,163,E,N,A,-,N,NA,NA,NA,NA,NA,NA,NA,NA,NA,Y,4,0,2,2,A,-,07,21658,A,N,B,C,A,A,H,-,A,D,0,NA,NA,NA,NA,Y,NA,A,01,0,0,2,0,0,0,0,0,0,-,-,NA,NA,LOS ANGELES,NORWALK,-118.09071396,33.91001394
6459017,2014,2014-07-11,1900,2014-04-25,0735,467578,2607,5,5,6,1950,0,0,0,NA,0,260T1,AVE R,KIDD WY,0,NA,Y,A,-,N,NA,NA,NA,NA,NA,NA,NA,NA,NA,Y,4,0,1,1,A,-,08,22107,NA,N,E,I,A,A,H,-,A,A,0,NA,NA,NA,NA,Y,NA,A,07,0,0,1,0,0,0,0,0,0,-,-,NA,NA,LOS ANGELES,PALMDALE,-118.00729002,34.5722601
6459019,2014,2014-07-09,9565,2014-03-01,1130,17060,NA,6,1,9,1900,0,2,4,NA,2,021,VERMONT AV,103RD ST,10,N,N,B,C,N,NA,NA,NA,NA,NA,NA,NA,NA,NA,N,4,0,1,2,A,-,10,21950,A,F,G,B,B,B,H,-,A,D,0,Y,NA,NA,NA,Y,NA,A,01,0,0,1,0,1,0,0,0,0,-,-,33.5881,-118.52294,LOS ANGELES,UNINCORPORATED,-118.29191,33.94322743
6459020,2014,2014-07-09,1900,2014-03-18,2150,478963,0451,2,5,6,1949,0,0,0,NA,0,43T1E,PIONEER BL,TINA ST,0,NA,Y,A,-,N,NA,NA,NA,NA,NA,NA,NA,NA,NA,N,4,0,1,2,A,-,09,21801,A,N,D,C,A,A,H,-,C,D,0,NA,NA,NA,NA,Y,NA,A,01,0,0,1,0,0,0,0,0,0,-,-,NA,NA,LOS ANGELES,NORWALK,-118.08188012,33.92563004
6459021,2014,2014-07-11,1900,2014-04-18,1451,491337,2608,5,5,6,1950,0,0,0,NA,0,262T1,AVE R,26TH ST EAST,0,NA,Y,A,-,N,NA,NA,NA,NA,NA,NA,NA,NA,NA,N,3,0,2,2,A,-,04,21703,NA,N,C,C,A,A,H,-,A,D,0,NA,NA,NA,NA,Y,NA,A,01,0,1,1,0,0,0,0,0,0,-,-,NA,NA,LOS ANGELES,PALMDALE,-118.08352006,34.57274011
6459023,2014,2016-03-26,9565,2014-03-04,1640,19595,NA,2,2,7,1942,0,1,1,NA,2,062,RT 450,PALMS BL,50,S,N,A,-,Y,LA,7,405,-,-,28.24,H,-,S,Y,4,0,1,2,A,-,03,22350,NA,N,C,C,A,A,H,-,A,D,1,NA,NA,NA,NA,Y,NA,A,01,0,0,1,0,0,0,0,0,0,-,-,34.01858,-118.42385,LOS ANGELES,LOS ANGELES,-118.42122796,34.01552009
6459024,2014,2014-07-09,1900,2014-03-19,0710,427517,0454,3,5,6,1949,0,0,0,NA,0,43T1,PINE ST,NORWALK BL,5,W,N,A,-,N,NA,NA,NA,NA,NA,NA,NA,NA,NA,N,4,0,1,2,A,-,10,21950,A,N,G,B,B,A,H,-,A,A,0,Y,NA,NA,NA,Y,NA,A,01,0,0,1,0,1,0,0,0,0,-,-,NA,NA,LOS ANGELES,NORWALK,-118.07300644,33.90406
6459025,2014,2014-07-11,1900,2014-04-18,1158,253807,2619,5,5,6,1950,0,0,0,NA,0,261T1,RANCHO VISTA BL,SIERRA HWY,376,W,N,A,-,N,NA,NA,NA,NA,NA,NA,NA,NA,NA,N,3,0,1,2,A,-,03,22350,NA,N,C,C,A,A,H,-,A,D,0,NA,NA,NA,NA,Y,NA,A,08,0,1,0,0,0,0,0,0,0,-,-,NA,NA,LOS ANGELES,PALMDALE,-118.122544,34.601792
6459027,2014,2015-08-12,9565,2014-03-02,1115,19859,NA,7,1,9,1900,0,3,5,NA,2,002,RAYMOND AV,IMPERIAL HWY,25,N,N,B,-,N,NA,NA,NA,NA,NA,NA,NA,NA,NA,N,3,0,2,3,A,-,11,21954,A,N,G,B,D,A,H,-,A,D,0,Y,NA,NA,NA,Y,NA,N,60,0,1,1,0,2,0,0,0,0,-,-,33.93115,-118.29791,LOS ANGELES,UNINCORPORATED,-118.29790962,33.93103856
6459028,2014,2014-07-09,1900,2014-03-15,1950,514341,0456,6,5,6,1949,0,0,0,NA,0,45T1,BLOOMFIELD AV,HAYFORD ST,57,S,N,A,-,N,NA,NA,NA,NA,NA,NA,NA,NA,NA,Y,3,0,1,2,A,-,09,21802,A,N,-,J,A,A,H,-,C,A,0,NA,NA,NA,NA,Y,NA,A,01,0,1,0,0,0,0,0,0,0,-,-,NA,NA,LOS ANGELES,NORWALK,-118.06434,33.88908
6459029,2014,2014-07-11,1900,2014-04-23,2002,530043,2608,3,5,6,1950,0,0,0,NA,0,264T1,AVE R,30TH ST EAST,292,W,N,A,-,N,NA,NA,NA,NA,NA,NA,NA,NA,NA,Y,3,0,1,1,A,-,01,23152,A,N,A,I,A,A,H,-,C,A,0,NA,NA,NA,NA,Y,Y,A,01,0,1,0,0,0,0,0,0,0,-,-,NA,NA,LOS ANGELES,PALMDALE,-118.07712746,34.57276802
6459031,2014,2016-03-26,9565,2014-03-01,1615,19859,NA,6,2,7,1942,0,1,1,NA,2,061,RT 405,JEFFERSON BL,10,S,N,B,C,Y,LA,7,405,-,-,25.659,R,1,N,Y,3,0,2,1,A,-,08,22107,NA,N,E,I,A,B,H,-,A,D,1,NA,NA,NA,NA,Y,NA,A,01,0,1,1,0,0,0,0,0,0,TO,-,33.98788,-118.39904,LOS ANGELES,LOS ANGELES,-118.39629236,33.98433532
6459032,2014,2014-07-09,1900,2014-03-18,0800,427517,0456,2,5,6,1949,0,0,0,NA,0,43T1,ROSECRANS AV,CAMEO AV,0,NA,Y,A,-,N,NA,NA,NA,NA,NA,NA,NA,NA,NA,Y,4,0,2,2,A,-,09,21801,A,N,D,C,A,A,H,-,A,A,0,NA,NA,NA,NA,Y,NA,A,01,0,0,2,0,0,0,0,0,0,-,-,NA,NA,LOS ANGELES,NORWALK,-118.06821008,33.90235006
6459033,2014,2014-07-11,1900,2014-04-10,1505,534594,2610,4,5,6,1950,0,0,0,NA,0,262T1,PALMDALE BL,15TH ST EAST,0,NA,Y,A,-,N,NA,NA,NA,NA,NA,NA,NA,NA,NA,N,4,0,1,2,A,-,05,21650,1,N,D,G,A,A,H,-,A,A,0,NA,Y,NA,NA,Y,NA,L,04,0,0,1,0,0,0,1,0,0,-,-,NA,NA,LOS ANGELES,PALMDALE,-118.10300001,34.57963009
6459034,2014,2014-07-11,1906,2014-04-29,0754,1852,1906,2,5,5,1906,0,0,0,NA,0,001,RAMONA BL,DURBIN ST,325,E,N,A,-,N,NA,NA,NA,NA,NA,NA,NA,NA,NA,N,3,0,1,2,A,-,06,21754,NA,N,D,C,A,A,H,-,A,D,0,NA,NA,NA,NA,Y,NA,-,NA,0,1,0,0,0,0,0,0,0,-,-,NA,NA,LOS ANGELES,BALDWIN PARK,-117.99225815,34.07902828
6459035,2014,2016-03-26,9565,2014-03-05,1600,20059,NA,3,2,7,1942,0,1,1,NA,2,063,RT 405,SANTA MONICA BL,300,N,N,A,-,Y,LA,7,405,-,-,30.94,H,-,S,N,4,0,1,3,A,-,03,22350,NA,N,C,C,A,A,D,-,A,D,1,NA,NA,NA,NA,Y,NA,A,07,0,0,1,0,0,0,0,0,0,-,-,34.04265,-118.44272,LOS ANGELES,LOS ANGELES,-118.44754846,34.04780757