CASE_ID,ACCIDENT_YEAR,PROC_DATE,JURIS,COLLISION_DATE,COLLISION_TIME,OFFICER_ID,REPORTING_DISTRICT,DAY_OF_WEEK,CHP_SHIFT,POPULATION,CNTY_CITY_LOC,SPECIAL_COND,BEAT_TYPE,CHP_BEAT_TYPE,CITY_DIVISION_LAPD,CHP_BEAT_CLASS,BEAT_NUMBER,PRIMARY_RD,SECONDARY_RD,DISTANCE,DIRECTION,INTERSECTION,WEATHER_1,WEATHER_2,STATE_HWY_IND,CALTRANS_COUNTY,CALTRANS_DISTRICT,STATE_ROUTE,ROUTE_SUFFIX,POSTMILE_PREFIX,POSTMILE,LOCATION_TYPE,RAMP_INTERSECTION,SIDE_OF_HWY,TOW_AWAY,COLLISION_SEVERITY,NUMBER_KILLED,NUMBER_INJURED,PARTY_COUNT,PRIMARY_COLL_FACTOR,PCF_CODE_OF_VIOL,PCF_VIOL_CATEGORY,PCF_VIOLATION,PCF_VIOL_SUBSECTION,HIT_AND_RUN,TYPE_OF_COLLISION,MVIW,PED_ACTION,ROAD_SURFACE,ROAD_COND_1,ROAD_COND_2,LIGHTING,CONTROL_DEVICE,CHP_ROAD_TYPE,PEDESTRIAN_ACCIDENT,BICYCLE_ACCIDENT,MOTORCYCLE_ACCIDENT,TRUCK_ACCIDENT,NOT_PRIVATE_PROPERTY,ALCOHOL_INVOLVED,STWD_VEHTYPE_AT_FAULT,CHP_VEHTYPE_AT_FAULT,COUNT_SEVERE_INJ,COUNT_VISIBLE_INJ,COUNT_COMPLAINT_PAIN,COUNT_PED_KILLED,COUNT_PED_INJURED,COUNT_BICYCLIST_KILLED,COUNT_BICYCLIST_INJURED,COUNT_MC_KILLED,COUNT_MC_INJURED,PRIMARY_RAMP,SECONDARY_RAMP,LATITUDE,LONGITUDE,COUNTY,CITY,POINT_X,POINT_Y
6459312,2014,2014-07-15,1942,2014-04-22,1220,38707,1269,2,5,7,1942,0,0,0,L,0,3T5,SAN PEDRO ST,84TH PL,110,N,N,A,-,N,NA,NA,NA,NA,NA,NA,NA,NA,NA,N,4,0,1,2,A,-,21,22106,NA,N,D,C,A,A,H,-,A,D,0,NA,NA,Y,NA,Y,NA,C,06,0,0,1,0,0,0,0,0,0,-,-,NA,NA,LOS ANGELES,LOS ANGELES,-118.26953,33.96223168
6459316,2014,2014-07-15,1942,2014-04-22,1400,36461,1259,2,5,7,1942,0,0,0,L,0,18T23,FLORENCE AV,MCKINLEY AV,0,NA,Y,A,-,N,NA,NA,NA,NA,NA,NA,NA,NA,NA,N,4,0,1,2,A,-,09,21804,A,N,A,G,A,A,H,-,A,D,0,NA,Y,NA,NA,Y,NA,L,04,0,0,1,0,0,0,1,0,0,-,-,NA,NA,LOS ANGELES,LOS ANGELES,-118.26141011,33.97474012
6459320,2014,2014-07-15,1942,2014-04-22,2120,40760,1265,2,5,7,1942,0,0,0,L,0,3T5,83RD ST,BUDLONG AV,10,W,N,A,-,N,NA,NA,NA,NA,NA,NA,NA,NA,NA,N,4,0,3,2,A,-,03,22350,NA,F,C,C,A,A,H,-,C,A,0,NA,NA,NA,NA,Y,NA,-,99,0,0,3,0,0,0,0,0,0,-,-,NA,NA,LOS ANGELES,LOS ANGELES,-118.29594291,33.96363056
6459324,2014,2014-07-15,1942,2014-04-23,0750,38503,1219,3,5,7,1942,0,0,0,L,0,12TL41,FIGUEROA ST,60TH ST,0,NA,Y,A,-,N,NA,NA,NA,NA,NA,NA,NA,NA,NA,Y,3,0,3,2,A,-,09,21801,A,N,A,C,A,A,H,-,A,A,0,NA,NA,NA,NA,Y,NA,A,01,0,1,2,0,0,0,0,0,0,-,-,NA,NA,LOS ANGELES,LOS ANGELES,-118.28270001,33.98508007
6459328,2014,2014-07-15,1942,2014-04-25,1340,40440,1211,5,5,7,1942,0,0,0,L,0,12T73,CRENSHAW BL,57TH ST,50,S,N,A,-,N,NA,NA,NA,NA,NA,NA,NA,NA,NA,N,4,0,2,2,A,-,03,22350,NA,N,C,C,A,A,H,-,A,D,0,NA,NA,NA,NA,Y,NA,A,01,0,0,2,0,0,0,0,0,0,-,-,NA,NA,LOS ANGELES,LOS ANGELES,-118.331037,33.990709
6459330,2014,2016-04-25,9580,2014-04-29,1220,018101,NA,2,1,7,1942,0,1,1,NA,2,405,RT 405,VENTURA BL,700,S,N,A,-,Y,LA,7,405,-,-,38.87,H,-,S,Y,3,0,1,2,A,-,07,21658,A,N,B,C,A,A,H,-,A,D,1,NA,NA,Y,NA,Y,NA,A,01,0,1,0,0,0,0,0,0,1,-,-,34.14774,-118.47017,LOS ANGELES,LOS ANGELES,-118.46820732,34.15197589
6459332,2014,2014-07-15,1942,2014-04-26,1940,40440,1263,6,5,7,1942,0,0,0,L,0,12T73,WESTERN AV,82ND ST,20,S,N,A,-,N,NA,NA,NA,NA,NA,NA,NA,NA,NA,Y,4,0,1,2,A,-,05,21650,NA,N,A,C,A,A,H,-,C,D,0,NA,NA,NA,NA,Y,NA,A,01,0,0,1,0,0,0,0,0,0,-,-,NA,NA,LOS ANGELES,LOS ANGELES,-118.30901,33.964501
6459333,2014,2014-07-11,1900,2014-04-17,1150,521389,033,4,5,4,1939,0,0,0,NA,0,35T1P,HAWTHORNE BL,162ND ST,0,NA,Y,A,-,N,NA,NA,NA,NA,NA,NA,NA,NA,NA,N,4,0,1,2,A,-,12,21453,A,N,H,G,A,A,H,-,A,A,0,NA,Y,NA,NA,Y,NA,L,04,0,0,1,0,0,0,1,0,0,-,-,NA,NA,LOS ANGELES,LAWNDALE,-118.35272001,33.88354007
6459334,2014,2016-04-23,9580,2014-04-28,1722,19122,NA,1,2,7,1942,0,1,2,NA,2,101,RT 101,LAUREL CYN BL,528,S,N,A,-,Y,LA,7,101,-,-,12.56,H,-,S,Y,4,0,1,2,A,-,03,22350,NA,N,C,C,A,A,H,-,A,D,1,NA,NA,NA,NA,Y,NA,A,01,0,0,1,0,0,0,0,0,0,-,-,34.15436,-118.39128,LOS ANGELES,LOS ANGELES,-118.39122088,34.1543542
6459336,2014,2014-07-15,1942,2014-04-24,0815,38385,1269,4,5,7,1942,0,0,0,L,0,3TL5,MANCHESTER AV,AVALON BL,244,E,N,A,-,N,NA,NA,NA,NA,NA,NA,NA,NA,NA,N,3,0,1,2,A,-,08,22107,NA,N,B,G,A,A,H,-,A,D,0,NA,Y,NA,NA,Y,NA,A,01,0,1,0,0,0,0,1,0,0,-,-,NA,NA,LOS ANGELES,LOS ANGELES,-118.26432694,33.96013
6459337,2014,2014-07-18,1900,2014-04-12,0748,510574,0331,6,5,4,1939,0,0,0,NA,0,35T1,MARINE AV,AVIS AV,0,NA,Y,A,-,N,NA,NA,NA,NA,NA,NA,NA,NA,NA,N,3,0,1,2,A,-,02,21656,NA,N,H,G,A,A,H,-,A,D,0,NA,Y,NA,NA,Y,NA,L,04,0,1,0,0,0,0,1,0,0,-,-,NA,NA,LOS ANGELES,LAWNDALE,-118.34500999,33.89465009
6459338,2014,2014-07-11,9530,2014-04-20,1230,20699,NA,7,1,9,1900,0,3,5,NA,2,001,HOOPER AV,88TH ST,0,NA,Y,A,-,N,NA,NA,NA,NA,NA,NA,NA,NA,NA,Y,3,0,2,3,A,-,09,21801,A,N,D,C,A,A,H,-,A,A,0,NA,NA,NA,NA,Y,NA,A,01,0,1,1,0,0,0,0,0,0,-,-,33.95695,-118.25349,LOS ANGELES,UNINCORPORATED,-118.25405005,33.95743011
6459340,2014,2015-09-28,1942,2014-04-24,1825,38688,1249,4,5,7,1942,0,0,0,L,0,12Y73,FIGUEROA,FLORENCE,0,NA,Y,A,-,N,NA,NA,NA,NA,NA,NA,NA,NA,NA,Y,4,0,3,2,A,-,09,21801,A,N,D,C,A,A,H,-,A,A,0,NA,NA,NA,NA,Y,NA,A,01,0,0,3,0,0,0,0,0,0,-,-,NA,NA,LOS ANGELES,LOS ANGELES,-118.28270003,33.97466006
6459342,2014,2016-04-25,9530,2014-04-20,1730,017860,NA,7,2,7,1941,0,1,1,NA,2,430,RT 405,LAKEWOOD BL,768,S,N,A,-,Y,LA,7,405,-,-,3.133,R,1,S,Y,3,0,1,2,A,-,03,22350,NA,N,C,C,A,A,H,-,A,D,1,NA,NA,NA,NA,Y,NA,A,01,0,1,0,0,0,0,0,0,0,FR,-,33.80392,-118.13922,LOS ANGELES,LONG BEACH,-118.1397332,33.80430669
6459349,2014,2014-07-11,1900,2014-04-21,1510,521384,0333,1,5,4,1939,0,0,0,NA,0,35T4,HAWTHORNE BL,162ND ST,0,NA,Y,A,-,N,NA,NA,NA,NA,NA,NA,NA,NA,NA,N,4,0,1,2,A,-,12,21453,A,N,B,G,A,A,H,-,A,A,0,NA,Y,NA,NA,Y,NA,A,01,0,0,1,0,0,0,1,0,0,-,-,NA,NA,LOS ANGELES,LAWNDALE,-118.35272001,33.88354007
6459350,2014,2016-04-22,9530,2014-04-25,1545,20751,NA,5,2,5,1977,0,1,3,NA,2,310,RT 91,CENTRAL AV,735,W,N,A,-,Y,LA,7,91,-,R,8.3,H,-,W,Y,3,0,2,3,A,-,03,22350,NA,N,C,C,A,A,H,-,A,D,1,NA,NA,NA,NA,Y,NA,A,01,0,1,1,0,0,0,0,0,0,-,-,33.8749,-118.2522,LOS ANGELES,CARSON,-118.25103486,33.87366524
6459353,2014,2014-07-11,1900,2014-04-09,1505,521389,0331,3,5,4,1939,0,0,0,NA,0,35T1P,ROSECRANS AV,AVIS AV,30,W,N,A,-,N,NA,NA,NA,NA,NA,NA,NA,NA,NA,N,4,0,1,2,A,-,21,22106,NA,N,C,C,A,A,H,-,A,D,0,NA,NA,NA,NA,Y,NA,A,01,0,0,1,0,0,0,0,0,0,-,-,NA,NA,LOS ANGELES,LAWNDALE,-118.34510868,33.90191
6459357,2014,2014-07-11,1900,2014-04-08,0840,484034,0334,2,5,4,1939,0,0,0,NA,0,35T1,160TH ST,FREEMAN AV,14,W,N,A,-,N,NA,NA,NA,NA,NA,NA,NA,NA,NA,Y,4,0,1,2,A,-,08,22107,NA,N,F,C,A,A,H,-,A,A,0,NA,NA,NA,NA,Y,NA,A,07,0,0,1,0,0,0,0,0,0,-,-,NA,NA,LOS ANGELES,LAWNDALE,-118.34896603,33.88549932
6459358,2014,2016-02-05,9530,2014-04-25,0305,020583,NA,5,3,7,1941,0,1,1,NA,2,071,RT 710,ATLANTIC AV,100,S,N,A,-,Y,LA,7,710,-,-,13.6,H,-,S,Y,4,0,1,2,A,-,07,21658,A,N,B,C,A,A,H,-,D,D,0,NA,NA,NA,NA,Y,NA,A,01,0,0,1,0,0,0,0,0,0,-,-,33.8846,-118.1909,LOS ANGELES,LONG BEACH,-118.19102946,33.88440622
6459365,2014,2014-08-06,1942,2014-05-01,1230,32565,2029,4,5,7,1942,0,0,0,NA,0,20TL56,SHATTO PL,5TH ST,61,N,N,A,-,N,NA,NA,NA,NA,NA,NA,NA,NA,NA,N,3,0,1,2,A,-,10,21950,A,F,D,B,E,A,H,-,A,A,0,Y,NA,NA,NA,Y,NA,N,60,0,1,0,0,1,0,0,0,0,-,-,NA,NA,LOS ANGELES,LOS ANGELES,-118.2899109,34.06532729
6459381,2014,2014-08-08,1942,2014-05-09,1430,25098,1538,5,5,7,1942,0,0,0,O,0,15X2,TIARA ST,VINELAND AV,2,E,N,A,-,N,NA,NA,NA,NA,NA,NA,NA,NA,NA,N,3,0,1,2,A,-,05,21650,1,N,D,G,A,A,H,-,A,D,0,NA,Y,NA,NA,Y,NA,L,04,0,1,0,0,0,0,1,0,0,-,-,NA,NA,LOS ANGELES,LOS ANGELES,-118.3703,34.17849
6459385,2014,2014-08-11,1942,2014-05-09,1750,35975,132,5,5,7,1942,0,0,0,M,0,15A39,VICTORY BL,WHITSETT AV,0,NA,Y,A,-,N,NA,NA,NA,NA,NA,NA,NA,NA,NA,Y,4,0,2,2,A,-,07,21658,A,N,B,C,A,A,H,-,A,A,0,NA,NA,NA,NA,Y,NA,A,01,0,0,2,0,0,0,0,0,0,-,-,NA,NA,LOS ANGELES,LOS ANGELES,-118.40526011,34.18668004
6459389,2014,2014-08-06,1942,2014-05-12,0925,30830,1515,1,5,7,1942,0,0,0,O,0,16TL23,VANOWEN ST,LANKERSHIM BL,0,NA,Y,A,-,N,NA,NA,NA,NA,NA,NA,NA,NA,NA,N,4,0,1,2,A,-,09,21801,A,N,D,C,A,A,H,-,A,A,0,NA,NA,NA,NA,Y,NA,A,01,0,0,1,0,0,0,0,0,0,-,-,NA,NA,LOS ANGELES,LOS ANGELES,-118.38780012,34.19394006
6459393,2014,2014-08-06,1942,2014-05-13,0140,40639,1555,2,5,7,1942,0,0,0,O,0,15T45,LANKERSHIM BL,HESBY ST,0,NA,Y,A,-,N,NA,NA,NA,NA,NA,NA,NA,NA,NA,Y,3,0,2,2,D,-,00,NA,NA,N,D,G,A,A,H,-,C,A,0,NA,Y,NA,NA,Y,Y,-,-,0,1,1,0,0,0,1,0,0,-,-,NA,NA,LOS ANGELES,LOS ANGELES,-118.37295002,34.16205011
6459397,2014,2014-08-06,1942,2014-05-12,0800,30830,1506,1,5,7,1942,0,0,0,O,0,16TL23,FAIR AV,WYANDOTTE ST,10,S,N,A,-,N,NA,NA,NA,NA,NA,NA,NA,NA,NA,N,4,0,2,3,A,-,10,21950,A,N,G,B,B,A,H,-,A,D,0,Y,NA,NA,NA,Y,NA,A,01,0,0,2,0,2,0,0,0,0,-,-,NA,NA,LOS ANGELES,LOS ANGELES,-118.3746997,34.20299257
6459400,2014,2014-07-31,1976,2014-05-10,1256,898,NA,6,5,3,1964,0,0,0,NA,0,001,WASHINGTON BL,BROADWAY,284,NA,N,A,-,N,NA,NA,NA,NA,NA,NA,NA,NA,NA,Y,4,0,1,2,A,-,03,22350,NA,N,C,C,A,A,H,-,A,D,0,NA,NA,NA,NA,Y,NA,A,01,0,0,1,0,0,0,0,0,0,-,-,NA,NA,LOS ANGELES,SANTA FE SPRINGS,-118.06890007,33.97135004
6459401,2014,2014-08-05,1942,2014-05-08,0930,34922,1569,4,5,7,1942,0,0,0,O,0,15A85,E CAHUENGA BL,VALLEY SPRING,800,S,N,A,-,N,NA,NA,NA,NA,NA,NA,NA,NA,NA,Y,4,0,2,2,A,-,09,21801,NA,N,D,C,A,A,H,-,A,D,0,NA,NA,NA,NA,Y,NA,A,01,0,0,2,0,0,0,0,0,0,-,-,NA,NA,LOS ANGELES,LOS ANGELES,-118.36146,34.14455583
6459404,2014,2014-07-31,1976,2014-05-03,1446,898,NA,6,5,3,1964,0,0,0,NA,0,001,JERSEY AV,CLAYMORE ST,24,S,N,A,-,N,NA,NA,NA,NA,NA,NA,NA,NA,NA,N,4,0,1,2,A,-,09,21804,A,N,D,C,A,A,H,-,A,D,0,NA,NA,NA,NA,Y,NA,A,01,0,0,1,0,0,0,0,0,0,-,-,NA,NA,LOS ANGELES,SANTA FE SPRINGS,-118.08536532,33.94795114
6459405,2014,2014-08-06,1942,2014-05-11,0920,41418,1541,7,5,7,1942,0,0,0,O,0,15A43,WHITSETT AV,S MAGNOLIA BL,39,N,N,A,-,N,NA,NA,NA,NA,NA,NA,NA,NA,NA,Y,4,0,3,2,A,-,12,21453,A,N,D,C,A,A,D,-,A,A,0,NA,NA,NA,NA,Y,NA,A,01,0,0,3,0,0,0,0,0,0,-,-,NA,NA,LOS ANGELES,LOS ANGELES,-118.40525,34.16498697
6459409,2014,2014-08-05,1942,2014-05-13,1230,40337,1526,2,5,7,1942,0,0,0,O,0,16T23,LANKERSHIM BL,SYLVAN AV,139,N,N,A,-,N,NA,NA,NA,NA,NA,NA,NA,NA,NA,Y,3,0,2,2,A,-,09,21804,A,N,D,C,A,A,H,-,A,D,0,NA,NA,NA,NA,Y,NA,A,08,0,1,1,0,0,0,0,0,0,-,-,NA,NA,LOS ANGELES,LOS ANGELES,-118.38694757,34.18527999
6459413,2014,2014-08-06,1942,2014-05-09,1245,39096,1504,5,5,7,1942,0,0,0,O,0,10TL34,SHERMAN WY,LANKERSHIM BL,150,E,N,A,-,N,NA,NA,NA,NA,NA,NA,NA,NA,NA,Y,4,0,2,4,A,-,03,22350,NA,F,C,C,A,A,H,-,A,D,0,NA,NA,NA,NA,Y,NA,A,07,0,0,2,0,0,0,0,0,0,-,-,NA,NA,LOS ANGELES,LOS ANGELES,-118.38728485,34.20119
6459417,2014,2016-04-16,1942,2014-05-15,2225,36153,1513,4,5,7,1942,0,0,0,O,0,15T43,SHERMAN WY,RT 170,0,NA,Y,A,-,Y,LA,7,170,-,R,18.454,R,4,S,Y,4,0,1,3,A,-,01,23152,A,F,B,C,A,A,H,-,C,A,0,NA,NA,NA,NA,Y,Y,A,01,0,0,1,0,0,0,0,0,0,-,-,NA,NA,LOS ANGELES,LOS ANGELES,-118.40492887,34.20362829
6459421,2014,2014-08-06,1942,2014-05-10,2030,38185,1759,6,5,7,1942,0,0,0,Q,0,19T75,HASKELL AV,LASSEN ST,0,NA,Y,A,-,N,NA,NA,NA,NA,NA,NA,NA,NA,NA,N,3,0,1,2,A,-,09,21453,B,F,G,B,B,A,H,-,C,A,0,Y,NA,NA,NA,Y,NA,-,99,0,1,0,0,1,0,0,0,0,-,-,NA,NA,LOS ANGELES,LOS ANGELES,-118.47617009,34.25010004
6459425,2014,2015-09-28,1942,2014-05-11,1630,36633,1001,7,5,7,1942,0,0,0,J,0,10A21,VANALDEN,LULL,25,S,N,A,-,N,NA,NA,NA,NA,NA,NA,NA,NA,NA,N,4,0,1,2,A,-,05,21650,NA,F,E,I,A,A,H,-,A,D,0,NA,NA,NA,NA,Y,NA,-,99,0,0,1,0,0,0,0,0,0,-,-,NA,NA,LOS ANGELES,LOS ANGELES,-118.54918,34.20924142
6459433,2014,2015-09-28,1942,2014-05-15,1410,30825,1985,4,5,7,1942,0,0,0,NA,0,15TL46,VAN NUYS BL,CHASE ST,375,N,N,A,-,N,NA,NA,NA,NA,NA,NA,NA,NA,NA,Y,4,0,1,2,B,-,22,NA,NA,F,B,E,A,A,H,-,A,D,0,NA,NA,NA,NA,Y,NA,A,01,0,0,1,0,0,0,0,0,0,-,-,NA,NA,LOS ANGELES,LOS ANGELES,-118.44919364,34.22570727
6459437,2014,2014-08-05,1942,2014-05-12,1840,34332,1601,1,5,7,1942,0,0,0,P,0,16T23,PAXTON ST,BORDEN AV,200,E,N,A,-,N,NA,NA,NA,NA,NA,NA,NA,NA,NA,N,4,0,1,2,A,-,03,22350,NA,F,C,C,A,A,H,-,A,D,0,NA,NA,NA,NA,Y,NA,-,99,0,0,1,0,0,0,0,0,0,-,-,NA,NA,LOS ANGELES,LOS ANGELES,-118.41422055,34.28240919
6459441,2014,2014-08-05,1942,2014-05-03,1750,38171,NA,6,5,7,1942,0,0,0,NA,0,NA,VALLEY BL,SOTO ST,590,W,N,A,-,N,NA,NA,NA,NA,NA,NA,NA,NA,NA,Y,4,0,2,2,A,-,03,22350,NA,N,B,D,A,A,H,-,A,D,0,NA,NA,NA,NA,Y,NA,A,01,0,0,2,0,0,0,0,0,0,-,-,NA,NA,LOS ANGELES,LOS ANGELES,-118.19891983,34.06491934
6459444,2014,2014-07-31,1942,2014-05-08,0830,36083,0765,4,5,7,1942,0,0,0,G,0,7TL23,SAN VICENTE BL,LA BREA AV,150,E,N,A,-,N,NA,NA,NA,NA,NA,NA,NA,NA,NA,N,4,0,1,2,A,-,03,22350,NA,F,C,C,A,A,H,-,A,D,0,NA,NA,NA,NA,Y,NA,-,99,0,0,1,0,0,0,0,0,0,-,-,NA,NA,LOS ANGELES,LOS ANGELES,-118.34376743,34.05018464
6459445,2014,2014-08-05,1942,2014-05-04,1445,40099,NA,7,5,7,1942,0,0,0,NA,0,NA,CESAR E CHAVEZ,ST LOUIS,0,NA,Y,A,-,N,NA,NA,NA,NA,NA,NA,NA,NA,NA,Y,4,0,1,2,A,-,09,21801,A,F,D,C,A,A,H,-,A,A,0,NA,NA,NA,NA,Y,NA,A,08,0,0,1,0,0,0,0,0,0,-,-,NA,NA,LOS ANGELES,LOS ANGELES,-118.21151002,34.0484801
6459448,2014,2014-07-31,1942,2014-05-02,1215,37700,0765,5,5,7,1942,0,0,0,G,0,14TL52,PICO BL,ORANGE DR,15,E,N,A,-,N,NA,NA,NA,NA,NA,NA,NA,NA,NA,N,4,0,1,2,A,-,04,21703,NA,F,C,C,A,A,H,-,A,D,0,NA,NA,NA,NA,Y,NA,-,99,0,0,1,0,0,0,0,0,0,-,-,NA,NA,LOS ANGELES,LOS ANGELES,-118.34697069,34.04781718
6459449,2014,2014-08-05,1942,2014-05-03,1645,34426,NA,6,5,7,1942,0,0,0,NA,0,NA,STADIUM WY,SCOTT AV,650,S,N,A,-,N,NA,NA,NA,NA,NA,NA,NA,NA,NA,N,3,0,3,3,A,-,03,22350,NA,N,C,E,A,A,H,-,A,D,0,NA,NA,NA,NA,Y,NA,A,01,0,1,2,0,0,0,0,0,0,-,-,NA,NA,LOS ANGELES,LOS ANGELES,-118.24853611,34.07556864
6459452,2014,2014-07-31,1942,2014-05-06,1435,31468,0771,2,5,7,1942,0,0,0,G,0,7A73,VENICE BL,12TH AV,0,NA,Y,A,-,N,NA,NA,NA,NA,NA,NA,NA,NA,NA,N,4,0,2,3,A,-,-,NA,NA,F,C,C,A,A,H,-,A,D,0,NA,NA,NA,NA,Y,Y,-,-,0,0,2,0,0,0,0,0,0,-,-,NA,NA,LOS ANGELES,LOS ANGELES,-118.32643001,34.04403006
6459453,2014,2014-08-04,1942,2014-05-03,0115,30083,NA,6,5,7,1942,0,0,0,NA,0,NA,ALAMEDA ST,24TH ST,60,S,N,A,-,N,NA,NA,NA,NA,NA,NA,NA,NA,NA,Y,3,0,1,1,A,-,03,22350,NA,N,E,I,A,A,H,-,C,D,0,NA,NA,NA,NA,Y,NA,A,01,0,1,0,0,0,0,0,0,0,-,-,NA,NA,LOS ANGELES,LOS ANGELES,-118.239648,34.014705
6459456,2014,2014-07-31,1942,2014-05-04,1400,32565,2025,7,5,7,1942,0,0,0,NA,0,20TL56,3RD ST,ALEXANDRIA AV,113,W,N,A,-,N,NA,NA,NA,NA,NA,NA,NA,NA,NA,N,4,0,1,2,A,-,05,21651,B,F,A,C,A,A,H,-,A,A,0,NA,NA,NA,NA,Y,NA,-,99,0,0,1,0,0,0,0,0,0,-,-,NA,NA,LOS ANGELES,LOS ANGELES,-118.29827234,34.06902452
6459457,2014,2014-08-04,1942,2014-05-01,1430,37611,NA,4,5,7,1942,0,0,0,NA,0,NA,SAN PEDRO ST,WASHINGTON BL,68,S,N,A,-,N,NA,NA,NA,NA,NA,NA,NA,NA,NA,N,4,0,1,2,A,-,21,22106,NA,F,C,C,A,A,H,-,A,D,0,NA,NA,NA,NA,Y,Y,-,99,0,0,1,0,0,0,0,0,0,-,-,NA,NA,LOS ANGELES,LOS ANGELES,-118.25755157,34.02745379
6459460,2014,2014-07-31,1942,2014-05-09,0950,39022,2019,5,5,7,1942,0,0,0,NA,0,14TL47,VERMONT,3RD ST,130,N,N,A,-,N,NA,NA,NA,NA,NA,NA,NA,NA,NA,N,4,0,1,2,A,-,04,21703,NA,F,C,C,A,A,H,-,A,D,0,NA,NA,NA,NA,Y,NA,-,99,0,0,1,0,0,0,0,0,0,-,-,NA,NA,LOS ANGELES,LOS ANGELES,-118.291662,34.069407
6459461,2014,2014-08-05,1942,2014-05-02,1054,39759,NA,5,5,7,1942,0,0,0,NA,0,NA,50TH ST,MAIN ST,0,NA,Y,A,-,N,NA,NA,NA,NA,NA,NA,NA,NA,NA,N,3,0,1,2,A,-,09,21801,A,N,A,C,A,A,H,-,A,D,0,NA,NA,NA,NA,Y,NA,A,01,0,1,0,0,0,0,0,0,0,-,-,NA,NA,LOS ANGELES,LOS ANGELES,-118.27398009,33.99741008
6459464,2014,2014-07-31,1942,2014-05-02,2125,33757,2088,5,5,7,1942,0,0,0,NA,0,20TL59,VERMONT AV,VENICE BL,250,S,N,A,-,N,NA,NA,NA,NA,NA,NA,NA,NA,NA,N,4,0,1,2,A,-,03,22350,NA,F,C,C,A,A,H,-,C,D,0,NA,NA,NA,NA,Y,NA,-,99,0,0,1,0,0,0,0,0,0,-,-,NA,NA,LOS ANGELES,LOS ANGELES,-118.29158842,34.04357443
6459465,2014,2014-08-05,1942,2014-05-01,1525,34426,NA,4,5,7,1942,0,0,0,NA,0,NA,MAIN ST,18TH ST,0,NA,Y,A,-,N,NA,NA,NA,NA,NA,NA,NA,NA,NA,Y,4,0,2,3,A,-,12,21453,A,N,D,C,A,A,H,-,A,A,0,NA,NA,NA,NA,Y,NA,A,01,0,0,2,0,0,0,0,0,0,-,-,NA,NA,LOS ANGELES,LOS ANGELES,-118.26369004,34.03218001
6459468,2014,2014-07-31,1942,2014-05-08,1255,24517,0735,4,5,7,1942,0,0,0,G,0,7TL38,LA BREA,OLYMPIC BL,300,S,N,A,-,N,NA,NA,NA,NA,NA,NA,NA,NA,NA,N,4,0,1,2,A,-,-,NA,NA,F,C,C,A,A,H,-,A,D,0,NA,NA,NA,NA,Y,NA,-,99,0,0,1,0,0,0,0,0,0,-,-,NA,NA,LOS ANGELES,LOS ANGELES,-118.34548138,34.05654029
6459473,2014,2014-11-20,1942,2014-05-03,0840,33452,NA,6,5,7,1942,0,0,0,NA,0,NA,JAMES M WOOD BL,FRANCISCO ST,0,NA,Y,A,-,N,NA,NA,NA,NA,NA,NA,NA,NA,NA,Y,3,0,1,2,A,-,08,22101,D,N,D,C,A,A,H,-,C,A,0,NA,NA,NA,NA,Y,NA,A,01,0,1,0,0,0,0,0,0,0,-,-,NA,NA,LOS ANGELES,LOS ANGELES,-118.2646801,34.04700009
6459481,2014,2014-08-04,1942,2014-05-01,1325,40099,NA,4,5,7,1942,0,0,0,NA,0,NA,MISSION RD,DALY ST,0,NA,Y,A,-,N,NA,NA,NA,NA,NA,NA,NA,NA,NA,Y,4,0,2,2,A,-,09,21801,A,N,D,C,A,A,H,-,A,A,0,NA,NA,NA,NA,Y,NA,A,01,0,0,2,0,0,0,0,0,0,-,-,NA,NA,LOS ANGELES,LOS ANGELES,-118.21442003,34.06062011
6459485,2014,2016-04-25,1942,2014-05-02,1535,35454,NA,5,5,7,1942,0,0,0,NA,0,NA,ALAMEDA ST,RT 101,6,N,N,A,-,Y,LA,7,101,-,-,0.91,R,4,N,N,4,0,1,2,A,-,08,22107,NA,N,D,C,A,A,H,-,A,A,0,NA,NA,Y,NA,Y,NA,A,01,0,0,1,0,0,0,0,0,0,-,-,NA,NA,LOS ANGELES,LOS ANGELES,-118.23995034,34.05551259
6459505,2014,2014-08-04,9530,2014-05-01,1950,020293,NA,4,2,9,1900,0,3,5,NA,2,002,PARMELEE AV,SLATER ST,250,S,N,A,-,N,NA,NA,NA,NA,NA,NA,NA,NA,NA,N,3,0,1,2,A,-,11,21954,A,F,G,B,D,A,H,-,C,D,0,Y,NA,NA,NA,Y,NA,N,60,0,1,0,0,1,0,0,0,0,-,-,33.92735,-118.25049,LOS ANGELES,UNINCORPORATED,-118.25048416,33.92721611
6459510,2014,2014-08-05,1942,2014-05-03,1515,34426,NA,6,5,7,1942,0,0,0,NA,0,NA,MARATHON ST,VIRGIL AV,0,NA,Y,A,-,N,NA,NA,NA,NA,NA,NA,NA,NA,NA,Y,4,0,3,3,A,-,09,21802,A,N,D,C,A,A,H,-,A,A,0,NA,NA,NA,NA,Y,NA,A,08,0,0,3,0,0,0,0,0,0,-,-,NA,NA,LOS ANGELES,LOS ANGELES,-118.28685012,34.08463002
6459513,2014,2014-08-04,1912,2014-05-05,0707,12451,NA,1,5,6,1912,0,0,0,NA,0,NA,THORNTON AV,NAOMI ST,0,NA,Y,A,-,N,NA,NA,NA,NA,NA,NA,NA,NA,NA,N,4,0,1,2,A,-,09,21802,A,N,D,C,A,A,H,-,A,A,0,NA,NA,NA,NA,Y,NA,A,01,0,0,1,0,0,0,0,0,0,-,-,NA,NA,LOS ANGELES,BURBANK,-118.34013003,34.19555007