CASE_ID,ACCIDENT_YEAR,PROC_DATE,JURIS,COLLISION_DATE,COLLISION_TIME,OFFICER_ID,REPORTING_DISTRICT,DAY_OF_WEEK,CHP_SHIFT,POPULATION,CNTY_CITY_LOC,SPECIAL_COND,BEAT_TYPE,CHP_BEAT_TYPE,CITY_DIVISION_LAPD,CHP_BEAT_CLASS,BEAT_NUMBER,PRIMARY_RD,SECONDARY_RD,DISTANCE,DIRECTION,INTERSECTION,WEATHER_1,WEATHER_2,STATE_HWY_IND,CALTRANS_COUNTY,CALTRANS_DISTRICT,STATE_ROUTE,ROUTE_SUFFIX,POSTMILE_PREFIX,POSTMILE,LOCATION_TYPE,RAMP_INTERSECTION,SIDE_OF_HWY,TOW_AWAY,COLLISION_SEVERITY,NUMBER_KILLED,NUMBER_INJURED,PARTY_COUNT,PRIMARY_COLL_FACTOR,PCF_CODE_OF_VIOL,PCF_VIOL_CATEGORY,PCF_VIOLATION,PCF_VIOL_SUBSECTION,HIT_AND_RUN,TYPE_OF_COLLISION,MVIW,PED_ACTION,ROAD_SURFACE,ROAD_COND_1,ROAD_COND_2,LIGHTING,CONTROL_DEVICE,CHP_ROAD_TYPE,PEDESTRIAN_ACCIDENT,BICYCLE_ACCIDENT,MOTORCYCLE_ACCIDENT,TRUCK_ACCIDENT,NOT_PRIVATE_PROPERTY,ALCOHOL_INVOLVED,STWD_VEHTYPE_AT_FAULT,CHP_VEHTYPE_AT_FAULT,COUNT_SEVERE_INJ,COUNT_VISIBLE_INJ,COUNT_COMPLAINT_PAIN,COUNT_PED_KILLED,COUNT_PED_INJURED,COUNT_BICYCLIST_KILLED,COUNT_BICYCLIST_INJURED,COUNT_MC_KILLED,COUNT_MC_INJURED,PRIMARY_RAMP,SECONDARY_RAMP,LATITUDE,LONGITUDE,COUNTY,CITY,POINT_X,POINT_Y
6459702,2014,2014-07-23,1942,2014-05-01,1615,30825,1566,4,5,7,1942,0,0,0,O,0,15T44,VINELAND AV,MOORPARK ST,40,S,N,A,-,N,NA,NA,NA,NA,NA,NA,NA,NA,NA,N,4,0,1,2,A,-,04,21703,NA,N,C,A,A,A,A,H,A,C,0,NA,NA,NA,NA,Y,NA,A,07,0,0,1,0,0,0,0,0,0,-,-,NA,NA,LOS ANGELES,LOS ANGELES,-118.37032,34.15025029
6459705,2014,2014-07-23,1942,2014-05-11,1535,38033,1653,7,5,7,1942,0,0,0,P,0,21T62,SAN FERNANDO RD,KAMLOOPS ST,0,NA,Y,A,-,N,NA,NA,NA,NA,NA,NA,NA,NA,NA,Y,3,0,1,2,A,-,09,21802,A,F,D,C,A,-,A,H,A,A,0,NA,NA,Y,NA,Y,NA,-,99,0,1,0,0,0,0,0,0,1,-,-,NA,NA,LOS ANGELES,LOS ANGELES,-118.41105,34.25566001
6459706,2014,2014-09-29,1942,2014-05-02,1900,31652,1524,5,5,7,1942,0,0,0,O,0,19T73,LAUREL CANYON BL,ERWIN ST,0,NA,Y,A,-,N,NA,NA,NA,NA,NA,NA,NA,NA,NA,Y,3,0,1,2,A,-,12,21453,A,N,D,C,A,A,H,-,A,A,0,NA,NA,NA,NA,Y,NA,-,-,0,1,0,0,0,0,0,0,0,-,-,NA,NA,LOS ANGELES,LOS ANGELES,-118.39653001,34.18310011
6459709,2014,2016-04-22,1942,2014-05-09,1715,38185,2133,5,5,7,1942,0,0,0,NA,0,15T43,TOPANGA CANYON BL,SHERMAN WY,150,S,N,A,-,Y,LA,7,27,-,-,14.49,H,-,N,N,2,0,1,2,A,-,11,21954,A,F,G,B,E,A,H,-,A,A,0,Y,NA,NA,NA,Y,NA,N,60,1,0,0,0,1,0,0,0,0,-,-,NA,NA,LOS ANGELES,LOS ANGELES,-118.60586014,34.20020787
6459710,2014,2014-07-23,1942,2014-05-08,1150,39192,2156,4,5,7,1942,0,0,0,NA,0,10TL36,CANOGA AV,VANOWEN ST,0,NA,Y,A,-,N,NA,NA,NA,NA,NA,NA,NA,NA,NA,Y,4,0,1,2,A,-,09,21801,A,N,A,C,A,A,H,-,A,A,0,NA,NA,NA,NA,Y,NA,A,01,0,0,1,0,0,0,0,0,0,-,-,NA,NA,LOS ANGELES,LOS ANGELES,-118.5974801,34.19375006
6459713,2014,2014-07-23,1942,2014-05-11,1430,38356,1606,7,5,7,1942,0,0,0,P,0,16TL28,OSBORNE ST,FOOTHILL BL,33,N,N,A,-,N,NA,NA,NA,NA,NA,NA,NA,NA,NA,N,4,0,1,2,A,-,01,23152,A,F,C,C,A,A,H,-,A,A,0,NA,NA,Y,NA,Y,Y,C,06,0,0,1,0,0,0,0,0,0,-,-,NA,NA,LOS ANGELES,LOS ANGELES,-118.39386,34.27357
6459714,2014,2014-07-23,1942,2014-05-08,0830,39281,1747,4,5,7,1942,0,0,0,Q,0,21TL61,DEVONSHIRE ST,HAYVENHURST AV,188,E,N,A,-,N,NA,NA,NA,NA,NA,NA,NA,NA,NA,N,2,0,1,3,A,-,07,21658,A,N,B,B,E,A,H,-,A,D,0,Y,NA,NA,NA,Y,NA,A,01,1,0,0,0,1,0,0,0,0,-,-,NA,NA,LOS ANGELES,LOS ANGELES,-118.49297893,34.25746
6459717,2014,2015-07-28,1942,2014-05-10,0715,40337,2146,6,5,7,1942,0,0,0,NA,0,9T53,SHERMAN WY,ETON AV,0,NA,Y,A,-,N,NA,NA,NA,NA,NA,NA,NA,NA,NA,N,4,0,1,2,A,-,09,21802,A,F,D,C,A,A,H,-,A,A,0,NA,NA,NA,NA,Y,NA,-,99,0,0,1,0,0,0,0,0,0,-,-,NA,NA,LOS ANGELES,LOS ANGELES,-118.59548004,34.20108009
6459718,2014,2014-07-23,1942,2014-05-07,0850,39281,1764,3,5,7,1942,0,0,0,Q,0,21TL61,CORBIN AV,NORDHOFF ST,24,N,N,A,-,N,NA,NA,NA,NA,NA,NA,NA,NA,NA,Y,4,0,2,2,A,-,12,21453,A,N,D,C,A,A,H,-,A,A,0,NA,NA,NA,NA,Y,NA,A,01,0,0,2,0,0,0,0,0,0,-,-,NA,NA,LOS ANGELES,LOS ANGELES,-118.5623,34.23554584
6459721,2014,2014-07-23,1942,2014-05-10,2250,35471,2187,6,5,7,1942,0,0,0,NA,0,19T75,DESOTO AV,VENTURA BL,0,NA,Y,A,-,N,NA,NA,NA,NA,NA,NA,NA,NA,NA,N,3,0,1,2,A,-,-,NA,NA,F,D,C,A,A,H,-,C,A,0,NA,Y,NA,NA,Y,NA,-,99,0,1,0,0,0,0,1,0,0,-,-,NA,NA,LOS ANGELES,LOS ANGELES,-118.58825009,34.16640006
6459722,2014,2014-09-29,1942,2014-05-06,1720,33779,1797,2,5,7,1942,0,0,0,Q,0,13TL44,PARTHENIA ST,HAYVENHURST AV,0,NA,Y,A,-,N,NA,NA,NA,NA,NA,NA,NA,NA,NA,Y,4,0,3,2,A,-,-,NA,NA,N,-,C,A,A,H,-,A,A,0,NA,NA,NA,NA,Y,NA,-,-,0,0,3,0,0,0,0,0,0,-,-,NA,NA,LOS ANGELES,LOS ANGELES,-118.49387009,34.22845002
6459725,2014,2016-03-08,1942,2014-05-09,1020,40119,1687,5,5,7,1942,0,0,0,P,0,16T23,RATNER ST,VINELAND AV,160,E,N,A,-,N,NA,NA,NA,NA,NA,NA,NA,NA,NA,N,4,0,1,2,A,-,09,21804,A,F,B,C,A,A,H,-,A,D,0,NA,NA,NA,NA,Y,NA,A,07,0,0,1,0,0,0,0,0,0,-,-,NA,NA,LOS ANGELES,LOS ANGELES,-118.36980212,34.2166465
6459726,2014,2015-09-28,1942,2014-05-02,2030,35444,1675,5,5,7,1942,0,0,0,P,0,A77,SUNLAND,GLENOAKS,0,NA,Y,A,-,N,NA,NA,NA,NA,NA,NA,NA,NA,NA,N,4,0,2,2,A,-,04,21703,NA,F,C,C,A,A,H,-,C,A,0,NA,NA,NA,NA,Y,Y,-,99,0,0,2,0,0,0,0,0,0,-,-,NA,NA,LOS ANGELES,LOS ANGELES,-118.36651008,34.22993002
6459729,2014,2015-09-28,1942,2014-05-01,1930,36542,1525,4,5,7,1942,0,0,0,O,0,15A21W,LAUREL CANYON BL,VICTORY BL,25,W,N,A,-,N,NA,NA,NA,NA,NA,NA,NA,NA,NA,N,4,0,1,2,A,-,08,22100,B,N,C,C,A,A,H,-,C,A,0,NA,NA,NA,NA,Y,NA,A,01,0,0,1,0,0,0,0,0,0,-,WO,NA,NA,LOS ANGELES,LOS ANGELES,-118.39651,34.18668
6459733,2014,2014-07-23,1942,2014-05-08,1755,39217,1569,4,5,7,1942,0,0,0,O,0,17TL12,CAHUENGA BL,RIVERSIDE DR,200,N,N,A,-,N,NA,NA,NA,NA,NA,NA,NA,NA,NA,N,3,0,1,2,A,-,09,21804,A,N,A,G,A,A,H,-,A,A,0,NA,Y,NA,NA,Y,NA,L,04,0,1,0,0,0,0,1,0,0,-,-,NA,NA,LOS ANGELES,LOS ANGELES,-118.36149,34.15273819
6459737,2014,2015-09-25,1942,2014-05-02,0810,39422,1566,5,5,7,1942,0,0,0,O,0,15A27,MOORPARK ST,MORSE AV,0,NA,Y,A,-,N,NA,NA,NA,NA,NA,NA,NA,NA,NA,Y,2,0,1,2,A,-,09,21801,A,N,D,C,A,A,H,-,A,D,0,NA,NA,Y,NA,Y,NA,A,08,1,0,0,0,0,0,0,0,1,-,-,NA,NA,LOS ANGELES,LOS ANGELES,-118.41604005,34.15036003
6459738,2014,2016-04-22,1942,2014-05-06,1555,39085,2125,2,5,7,1942,0,0,0,NA,0,10TL32,SATICOY ST,TOPANGA CANYON BL,143,E,N,A,-,Y,LA,7,27,-,-,15.041,I,6,N,N,4,0,1,2,A,-,04,21703,NA,N,C,C,A,A,H,-,A,D,0,NA,NA,NA,NA,Y,NA,A,07,0,0,1,0,0,0,0,0,0,-,-,NA,NA,LOS ANGELES,LOS ANGELES,-118.60588316,34.20829029
6459741,2014,2014-07-23,1942,2014-05-01,2140,35346,1513,4,5,7,1942,0,0,0,O,0,15X42,RIVERSIDE DR,VINELAND AV,500,W,N,A,-,N,NA,NA,NA,NA,NA,NA,NA,NA,NA,Y,4,0,1,2,B,-,22,NA,NA,N,D,C,A,A,H,-,C,D,0,NA,NA,NA,NA,Y,NA,A,07,0,0,1,0,0,0,0,0,0,-,-,NA,NA,LOS ANGELES,LOS ANGELES,-118.37197751,34.15243759
6459742,2014,2014-07-23,1942,2014-05-06,1200,40731,2187,2,5,7,1942,0,0,0,NA,0,19TL75,VENTURA BL,DON PIO DR,0,NA,Y,A,-,N,NA,NA,NA,NA,NA,NA,NA,NA,NA,Y,3,0,1,2,A,-,-,NA,NA,N,D,C,A,A,A,H,D,A,0,NA,NA,NA,NA,Y,NA,A,01,0,1,0,0,0,0,0,0,0,-,-,NA,NA,LOS ANGELES,LOS ANGELES,-118.60383007,34.16845008
6459745,2014,2014-07-23,1942,2014-05-03,0850,30830,1547,6,5,7,1942,0,0,0,O,0,16TL23,BURBANK BL,COLFAX AV,0,NA,Y,A,-,N,NA,NA,NA,NA,NA,NA,NA,NA,NA,Y,4,0,2,3,A,-,12,21453,A,N,D,C,A,A,H,-,A,A,0,NA,NA,NA,NA,Y,NA,A,01,0,0,2,0,0,0,0,0,0,-,-,NA,NA,LOS ANGELES,LOS ANGELES,-118.38777008,34.17216008
6459746,2014,2014-07-23,1942,2014-05-07,1330,39085,2173,3,5,7,1942,0,0,0,NA,0,10TL32,VENTURA BL,ROYER AV,13,W,N,A,-,N,NA,NA,NA,NA,NA,NA,NA,NA,NA,Y,4,0,2,2,A,-,09,21804,A,N,D,C,A,A,H,-,A,A,0,NA,NA,NA,NA,Y,NA,A,07,0,0,2,0,0,0,0,0,0,-,-,NA,NA,LOS ANGELES,LOS ANGELES,-118.62689619,34.16488084
6459749,2014,2014-07-23,1942,2014-05-10,2125,38185,1657,6,5,7,1942,0,0,0,P,0,19T75,PLAINVIEW AV,APPERSON ST,95,S,N,A,-,N,NA,NA,NA,NA,NA,NA,NA,NA,NA,N,4,0,1,2,A,-,21,22106,NA,F,C,E,A,A,H,-,C,A,0,NA,NA,NA,NA,Y,NA,-,99,0,0,1,0,0,0,0,0,0,-,-,NA,NA,LOS ANGELES,LOS ANGELES,-118.29793181,34.25571947
6459750,2014,2014-07-23,1942,2014-05-06,2020,40065,2136,2,5,7,1942,0,0,0,NA,0,21T61,ALABAMA AV,VALERIA ST,255,N,N,A,-,N,NA,NA,NA,NA,NA,NA,NA,NA,NA,N,3,0,1,2,B,-,22,NA,NA,N,G,B,F,A,H,-,C,D,0,Y,NA,NA,NA,Y,NA,N,60,0,1,0,0,1,0,0,0,0,-,-,NA,NA,LOS ANGELES,LOS ANGELES,-118.59902603,34.20534953
6459753,2014,2014-07-23,1942,2014-05-11,2125,37080,1025,7,5,7,1942,0,0,0,J,0,9T53,RESEDA BL,SHERMAN WY,30,S,N,A,-,N,NA,NA,NA,NA,NA,NA,NA,NA,NA,Y,4,0,2,2,A,-,03,22350,NA,F,C,C,A,A,H,-,C,A,0,NA,NA,NA,NA,Y,NA,A,01,0,0,2,0,0,0,0,0,0,-,-,NA,NA,LOS ANGELES,LOS ANGELES,-118.53604,34.20109771
6459763,2014,2014-07-24,1942,2014-05-12,1415,31152,1345,1,5,7,1942,0,0,0,M,0,11TL21,HOOPER AV,41ST ST,8,S,N,A,-,N,NA,NA,NA,NA,NA,NA,NA,NA,NA,N,3,0,1,2,A,-,10,21950,A,F,G,B,B,A,H,-,A,A,0,Y,Y,NA,NA,Y,NA,L,04,0,1,0,0,1,0,0,0,0,-,-,NA,NA,LOS ANGELES,LOS ANGELES,-118.25214,34.00925806
6459767,2014,2014-07-24,1942,2014-05-12,1830,39889,1347,1,5,7,1942,0,0,0,M,0,13TL22,VERNON AV,COMPTON AV,0,NA,Y,A,-,N,NA,NA,NA,NA,NA,NA,NA,NA,NA,N,4,0,1,2,A,-,05,21650,1,N,A,G,A,A,H,-,A,A,0,NA,Y,NA,NA,Y,NA,L,04,0,0,1,0,0,0,1,0,0,-,-,NA,NA,LOS ANGELES,LOS ANGELES,-118.24774007,34.00390007
6459771,2014,2015-09-28,1942,2014-05-10,1820,39889,0465,6,5,7,1942,0,0,0,D,0,1TL24,6TH ST,LORENA ST,130,W,N,A,-,N,NA,NA,NA,NA,NA,NA,NA,NA,NA,N,4,0,1,2,A,-,09,21801,A,N,D,C,A,A,H,-,A,D,0,NA,NA,NA,NA,Y,NA,A,01,0,0,1,0,0,0,0,0,0,-,-,NA,NA,LOS ANGELES,LOS ANGELES,-118.19933081,34.03105827
6459775,2014,2014-07-24,1942,2014-05-08,2305,41232,1381,4,5,7,1942,0,0,0,M,0,13A9,SLAUSON AV,OLIVE ST,0,NA,Y,A,-,N,NA,NA,NA,NA,NA,NA,NA,NA,NA,Y,3,0,2,2,A,-,09,21801,A,N,A,C,A,A,H,-,C,A,0,NA,NA,NA,NA,Y,NA,A,01,0,1,1,0,0,0,0,0,0,-,-,NA,NA,LOS ANGELES,LOS ANGELES,-118.27938003,33.98917009
6459779,2014,2014-07-24,1942,2014-05-12,0710,40726,1395,1,5,7,1942,0,0,0,M,0,1TL11,FLORENCE AV,AVALON BL,0,NA,Y,A,-,N,NA,NA,NA,NA,NA,NA,NA,NA,NA,Y,3,0,2,3,A,-,09,21801,A,N,D,C,A,A,H,-,A,A,0,NA,NA,NA,NA,Y,NA,A,01,0,1,1,0,0,0,0,0,0,-,-,NA,NA,LOS ANGELES,LOS ANGELES,-118.26518003,33.97471005
6459783,2014,2014-07-24,1942,2014-05-13,1515,38171,0204,2,5,7,1942,0,0,0,B,0,11TL32,SUNSET BL,EDGECLIFFE DR,90,W,N,A,-,N,NA,NA,NA,NA,NA,NA,NA,NA,NA,N,3,0,1,2,A,-,17,22517,NA,N,H,G,A,A,H,-,A,D,0,NA,Y,NA,NA,Y,NA,A,01,0,1,0,0,0,0,1,0,0,-,-,NA,NA,LOS ANGELES,LOS ANGELES,-118.2780328,34.090617
6459787,2014,2014-07-24,1942,2014-05-12,1705,37611,1321,1,5,7,1942,0,0,0,M,0,13TL22,HILL ST,23RD ST,12,S,N,A,-,N,NA,NA,NA,NA,NA,NA,NA,NA,NA,N,3,0,1,2,A,-,10,21950,A,N,G,B,B,A,H,-,A,A,0,Y,NA,NA,NA,Y,NA,A,08,0,1,0,0,1,0,0,0,0,-,-,NA,NA,LOS ANGELES,LOS ANGELES,-118.26908848,34.02850091
6459791,2014,2014-08-08,1942,2014-05-14,0840,39359,1372,3,5,7,1942,0,0,0,M,0,2TL15,SLAUSON AV,SAN PEDRO ST,0,NA,Y,A,-,N,NA,NA,NA,NA,NA,NA,NA,NA,NA,Y,3,0,1,2,A,-,-,NA,NA,N,D,C,A,A,H,-,A,A,0,NA,NA,NA,NA,Y,NA,-,-,0,1,0,0,0,0,0,0,0,-,-,NA,NA,LOS ANGELES,LOS ANGELES,-118.27011006,33.9892301
6459795,2014,2014-07-24,1942,2014-05-12,0940,31152,0118,1,5,7,1942,0,0,0,A,0,11TL21,NORTH MAIN ST,COLLEGE ST,0,NA,Y,A,-,N,NA,NA,NA,NA,NA,NA,NA,NA,NA,Y,4,0,1,2,A,-,09,21801,A,N,D,C,A,A,H,-,A,D,0,NA,NA,NA,NA,Y,NA,A,08,0,0,1,0,0,0,0,0,0,-,-,NA,NA,LOS ANGELES,LOS ANGELES,-118.23408004,34.06271003
6459799,2014,2014-07-24,1942,2014-05-14,0445,36814,1309,3,5,7,1942,0,0,0,M,0,1T11,ALAMEDA ST,WASHINGTON BL,200,S,N,A,-,N,NA,NA,NA,NA,NA,NA,NA,NA,NA,Y,3,0,1,2,A,-,09,21801,A,N,D,C,A,A,H,-,C,D,0,NA,NA,NA,NA,Y,NA,A,01,0,1,0,0,0,0,0,0,0,-,-,NA,NA,LOS ANGELES,LOS ANGELES,-118.23957842,34.01942245
6459803,2014,2015-09-28,1942,2014-05-13,1215,39359,1327,2,5,7,1942,0,0,0,M,0,2TL15,HOOPER AV,E 23RD ST,0,NA,Y,A,-,N,NA,NA,NA,NA,NA,NA,NA,NA,NA,Y,3,0,2,2,A,-,09,21801,A,N,D,C,A,A,H,-,A,D,0,NA,NA,NA,NA,Y,NA,A,01,0,1,1,0,0,0,0,0,0,-,-,NA,NA,LOS ANGELES,LOS ANGELES,-118.24880001,34.01812001
6459815,2014,2014-08-08,1942,2014-05-12,1645,31829,0111,1,5,7,1942,0,0,0,A,0,1FB48,NORTH SPRING ST,ARCADIA ST,0,NA,Y,A,-,N,NA,NA,NA,NA,NA,NA,NA,NA,NA,Y,3,0,2,2,A,-,12,21453,A,N,D,C,A,A,H,-,A,A,0,NA,NA,NA,NA,Y,NA,-,-,0,1,1,0,0,0,0,0,0,-,-,NA,NA,LOS ANGELES,LOS ANGELES,-118.24115006,34.05648005
6459816,2014,2014-07-24,1942,2014-05-14,1540,38357,0404,3,5,7,1942,0,0,0,D,0,4TL4,MONTEREY RD,TERRILL AV,28,N,N,A,-,N,NA,NA,NA,NA,NA,NA,NA,NA,NA,Y,4,0,1,4,A,-,03,22350,NA,N,C,E,A,A,H,-,A,D,0,NA,NA,NA,NA,Y,NA,A,01,0,0,1,0,0,0,0,0,0,-,-,NA,NA,LOS ANGELES,LOS ANGELES,-118.18772193,34.10055555
6459828,2014,2014-08-08,1942,2014-05-09,1705,38330,1341,5,5,7,1942,0,0,0,M,0,13A75,39TH,GRAND,0,NA,Y,A,-,N,NA,NA,NA,NA,NA,NA,NA,NA,NA,N,3,0,1,2,A,-,09,21802,A,F,B,G,A,A,H,-,A,D,0,NA,Y,NA,NA,Y,NA,-,-,0,1,0,0,0,0,1,0,0,-,-,NA,NA,LOS ANGELES,LOS ANGELES,-118.28033,34.01362006
6459832,2014,2014-07-24,1942,2014-05-13,0740,37505,1345,2,5,7,1942,0,0,0,M,0,13T53,ASCOT ST,43RD ST,0,NA,Y,A,-,N,NA,NA,NA,NA,NA,NA,NA,NA,NA,N,4,0,1,2,A,-,10,21950,A,F,G,B,B,A,H,-,A,A,0,Y,NA,NA,NA,Y,NA,-,99,0,0,1,0,1,0,0,0,0,-,-,NA,NA,LOS ANGELES,LOS ANGELES,-118.24980008,34.00558004
6459836,2014,2015-12-03,1942,2014-05-14,0830,39359,0195,3,5,7,1942,0,0,0,A,0,2TL15,BROADWAY,VENICE BL,0,NA,Y,A,-,N,NA,NA,NA,NA,NA,NA,NA,NA,NA,N,4,0,1,2,A,-,12,21453,A,F,D,G,A,A,H,-,A,A,0,NA,Y,NA,NA,Y,NA,-,99,0,0,1,0,0,0,1,0,0,-,-,NA,NA,LOS ANGELES,LOS ANGELES,-118.26357007,34.03418005
6459840,2014,2014-07-24,1942,2014-05-12,1700,40099,0203,1,5,7,1942,0,0,0,B,0,1TL24,MADISON AV,MONROE AV,20,E,N,A,-,N,NA,NA,NA,NA,NA,NA,NA,NA,NA,N,4,0,2,2,A,-,17,22517,NA,N,B,E,A,A,H,-,A,D,0,NA,NA,NA,NA,Y,NA,A,01,0,0,2,0,0,0,0,0,0,-,-,NA,NA,LOS ANGELES,LOS ANGELES,-118.28923,34.08561
6459847,2014,2014-07-10,1942,2014-04-13,0015,36607,0374,7,5,7,1942,0,0,0,C,0,3T5,ARLINGTON AV,39TH ST,240,N,N,A,-,N,NA,NA,NA,NA,NA,NA,NA,NA,NA,N,4,0,2,3,A,-,03,22350,NA,F,C,C,A,A,H,-,C,D,0,NA,NA,NA,NA,Y,NA,-,99,0,0,2,0,0,0,0,0,0,-,-,NA,NA,LOS ANGELES,LOS ANGELES,-118.31824400000001,34.015265
6459859,2014,2014-08-19,9545,2014-04-16,2342,19414,NA,3,3,9,1900,0,3,5,NA,2,003,ESCONDIDO CANYON RD,JONES CANYON RD,205,S,N,A,-,N,NA,NA,NA,NA,NA,NA,NA,NA,NA,Y,4,0,1,1,A,-,01,23152,E,N,E,I,A,A,H,-,C,D,0,NA,NA,NA,NA,Y,NA,D,22,0,0,1,0,0,0,0,0,0,-,-,34.48201,-118.21175,LOS ANGELES,UNINCORPORATED,-118.21178484000001,34.48207121
6459864,2014,2014-07-10,1942,2014-04-09,2030,39282,0526,3,5,7,1942,0,0,0,E,0,5TL21,FRIES AV,G ST,140,N,N,A,-,N,NA,NA,NA,NA,NA,NA,NA,NA,NA,Y,4,0,1,3,A,-,21,22106,NA,N,B,C,A,A,H,-,C,A,0,NA,NA,NA,NA,Y,NA,A,07,0,0,1,0,0,0,0,0,0,-,-,NA,NA,LOS ANGELES,LOS ANGELES,-118.2650033,33.77877295
6459875,2014,2014-07-09,1942,2014-03-21,1340,35643,0313,5,5,7,1942,0,0,0,C,0,12TL41,CRENSHAW BL,ADAMS BL,0,NA,Y,A,-,N,NA,NA,NA,NA,NA,NA,NA,NA,NA,N,3,0,1,2,A,-,09,21801,A,N,A,C,A,A,H,-,A,A,0,NA,NA,NA,NA,Y,NA,A,01,0,1,0,0,0,0,0,0,0,-,-,NA,NA,LOS ANGELES,LOS ANGELES,-118.33501013,34.03258012
6459879,2014,2014-07-05,1942,2014-03-21,2155,36646,0379,5,5,7,1942,0,0,0,C,0,3TL5,VERMONT AV,39TH ST,70,S,N,B,-,N,NA,NA,NA,NA,NA,NA,NA,NA,NA,Y,3,0,2,2,A,-,03,22350,NA,N,C,E,A,A,H,-,C,D,0,NA,NA,NA,NA,Y,NA,A,01,0,1,1,0,0,0,0,0,0,-,-,NA,NA,LOS ANGELES,LOS ANGELES,-118.291544,34.015281
6459882,2014,2014-07-10,1942,2014-04-08,1015,36754,0336,2,5,7,1942,0,0,0,C,0,3T5,ARLINGTON AV,JEFFERSON BL,0,NA,Y,A,-,N,NA,NA,NA,NA,NA,NA,NA,NA,NA,Y,4,0,1,2,A,-,09,21801,A,N,D,C,A,A,H,-,A,A,0,NA,NA,NA,NA,Y,NA,A,01,0,0,1,0,0,0,0,0,0,-,-,NA,NA,LOS ANGELES,LOS ANGELES,-118.31766013,34.02553001
6459883,2014,2014-07-09,1942,2014-03-27,1620,40476,0357,4,5,7,1942,0,0,0,C,0,12T73,37TH PL,CATALINA,220,W,N,A,-,N,NA,NA,NA,NA,NA,NA,NA,NA,NA,NA,4,0,1,2,A,-,21,22106,NA,N,H,C,A,A,H,-,A,D,0,NA,NA,NA,NA,Y,NA,D,22,0,0,1,0,0,0,0,0,0,-,-,NA,NA,LOS ANGELES,LOS ANGELES,-118.29512456,34.01995655
6459886,2014,2014-06-16,1942,2014-04-08,0750,38707,NA,2,5,7,1942,0,0,0,NA,0,NA,24TH ST,JULIET ST,0,NA,Y,A,-,N,NA,NA,NA,NA,NA,NA,NA,NA,NA,N,4,0,1,2,A,-,09,21802,A,N,D,C,A,A,H,-,A,A,0,NA,NA,Y,NA,Y,NA,D,22,0,0,1,0,0,0,0,0,1,-,-,NA,NA,LOS ANGELES,LOS ANGELES,-118.29535008,34.03455003
6459887,2014,2014-07-10,1942,2014-04-16,2225,38531,0541,3,5,7,1942,0,0,0,E,0,5T21,VIA SEBASTIAN,PARK WESTERN,5,N,N,A,-,N,NA,NA,NA,NA,NA,NA,NA,NA,NA,Y,3,0,1,3,A,-,01,23152,A,N,E,I,A,A,H,-,C,A,0,NA,NA,NA,NA,Y,Y,D,22,0,1,0,0,0,0,0,0,0,-,-,NA,NA,LOS ANGELES,LOS ANGELES,-118.30382,33.75518
6459888,2014,2014-07-10,9530,2014-04-14,0145,020548,NA,1,3,9,1900,0,3,5,NA,2,001,HOOPER AV,83RD ST,225,N,N,A,-,N,NA,NA,NA,NA,NA,NA,NA,NA,NA,Y,4,0,1,2,A,-,01,23152,A,N,B,C,A,A,H,-,C,D,0,NA,NA,NA,NA,Y,Y,A,07,0,0,1,0,0,0,0,0,0,-,-,33.9643,-118.25286,LOS ANGELES,UNINCORPORATED,-118.25295183,33.96419138
6459890,2014,2014-07-10,1942,2014-04-07,1730,39436,0396,1,5,7,1942,0,0,0,C,0,5TL25,VERNON AV,VERMONT AV,90,W,N,A,-,N,NA,NA,NA,NA,NA,NA,NA,NA,NA,Y,4,0,1,2,A,-,07,21658,A,N,B,C,A,A,H,-,A,D,0,NA,NA,NA,NA,Y,NA,D,22,0,0,1,0,0,0,0,0,0,-,-,NA,NA,LOS ANGELES,LOS ANGELES,-118.29186637,34.00368
6459891,2014,2014-07-24,1942,2014-04-15,2155,37740,0529,2,5,7,1942,0,0,0,E,0,5T21,ANAHEIM ST,MCFARLAND AV,40,W,N,A,-,N,NA,NA,NA,NA,NA,NA,NA,NA,NA,Y,3,0,1,2,A,-,01,23152,A,N,C,E,A,A,H,-,C,D,0,NA,NA,NA,NA,Y,NA,A,08,0,1,0,0,0,0,0,0,0,-,-,NA,NA,LOS ANGELES,LOS ANGELES,-118.25267094,33.78050112
6459898,2014,2014-11-18,1942,2014-03-15,0040,39762,0309,6,5,7,1942,0,0,0,C,0,3T5,FLOWER ST,ADAMS BL,0,NA,Y,A,-,N,NA,NA,NA,NA,NA,NA,NA,NA,NA,Y,3,0,5,3,A,-,12,21453,A,N,D,C,A,A,H,-,C,A,0,NA,NA,NA,Y,Y,NA,A,01,0,1,4,0,0,0,0,0,0,-,-,NA,NA,LOS ANGELES,LOS ANGELES,-118.2749201,34.02764008
6459902,2014,2014-07-10,1942,2014-04-05,0900,33599,0308,6,5,7,1942,0,0,0,C,0,3TL5,HOOVER ST,23RD ST,500,S,N,A,-,N,NA,NA,NA,NA,NA,NA,NA,NA,NA,N,4,0,2,2,A,-,03,22350,NA,N,C,C,A,A,H,-,A,D,0,NA,NA,NA,NA,Y,NA,A,01,0,0,2,0,0,0,0,0,0,-,-,NA,NA,LOS ANGELES,LOS ANGELES,-118.28399435,34.03379903