CASE_ID,ACCIDENT_YEAR,PROC_DATE,JURIS,COLLISION_DATE,COLLISION_TIME,OFFICER_ID,REPORTING_DISTRICT,DAY_OF_WEEK,CHP_SHIFT,POPULATION,CNTY_CITY_LOC,SPECIAL_COND,BEAT_TYPE,CHP_BEAT_TYPE,CITY_DIVISION_LAPD,CHP_BEAT_CLASS,BEAT_NUMBER,PRIMARY_RD,SECONDARY_RD,DISTANCE,DIRECTION,INTERSECTION,WEATHER_1,WEATHER_2,STATE_HWY_IND,CALTRANS_COUNTY,CALTRANS_DISTRICT,STATE_ROUTE,ROUTE_SUFFIX,POSTMILE_PREFIX,POSTMILE,LOCATION_TYPE,RAMP_INTERSECTION,SIDE_OF_HWY,TOW_AWAY,COLLISION_SEVERITY,NUMBER_KILLED,NUMBER_INJURED,PARTY_COUNT,PRIMARY_COLL_FACTOR,PCF_CODE_OF_VIOL,PCF_VIOL_CATEGORY,PCF_VIOLATION,PCF_VIOL_SUBSECTION,HIT_AND_RUN,TYPE_OF_COLLISION,MVIW,PED_ACTION,ROAD_SURFACE,ROAD_COND_1,ROAD_COND_2,LIGHTING,CONTROL_DEVICE,CHP_ROAD_TYPE,PEDESTRIAN_ACCIDENT,BICYCLE_ACCIDENT,MOTORCYCLE_ACCIDENT,TRUCK_ACCIDENT,NOT_PRIVATE_PROPERTY,ALCOHOL_INVOLVED,STWD_VEHTYPE_AT_FAULT,CHP_VEHTYPE_AT_FAULT,COUNT_SEVERE_INJ,COUNT_VISIBLE_INJ,COUNT_COMPLAINT_PAIN,COUNT_PED_KILLED,COUNT_PED_INJURED,COUNT_BICYCLIST_KILLED,COUNT_BICYCLIST_INJURED,COUNT_MC_KILLED,COUNT_MC_INJURED,PRIMARY_RAMP,SECONDARY_RAMP,LATITUDE,LONGITUDE,COUNTY,CITY,POINT_X,POINT_Y
6474989,2014,2016-04-21,9590,2014-04-12,0207,20443,NA,6,3,7,1942,0,1,2,NA,2,073,RT 101,VERMONT AV,367,S,N,A,-,Y,LA,7,101,-,-,4.484,R,2,S,Y,3,0,2,1,A,-,01,23152,A,N,E,I,A,A,H,-,C,D,1,NA,NA,NA,NA,Y,Y,A,01,0,2,0,0,0,0,0,0,0,TO,-,34.07956,-118.29281,LOS ANGELES,LOS ANGELES,-118.29339428,34.08028718
6474993,2014,2016-04-21,9590,2014-04-12,1532,20470,NA,6,2,7,1942,0,1,3,NA,2,031,RT 60,LORENA ST,600,W,N,A,-,Y,LA,7,60,-,R,1.37,H,-,W,Y,4,0,1,2,A,-,03,22350,NA,N,C,C,A,A,H,-,A,D,1,NA,NA,NA,NA,Y,NA,A,01,0,0,1,0,0,0,0,0,0,-,-,34.0292,-118.20248,LOS ANGELES,LOS ANGELES,-118.20194386,34.02918504
6474997,2014,2016-04-21,9590,2014-04-12,1510,20470,NA,6,2,7,1942,0,1,3,NA,2,031,RT 60,LORENA ST,450,W,N,A,-,Y,LA,7,60,-,-,1.39,H,-,W,Y,4,0,1,3,A,-,03,22350,NA,N,C,C,A,A,H,-,A,D,1,NA,NA,NA,NA,Y,NA,A,01,0,0,1,0,0,0,0,0,0,-,-,34.0292,-118.20248,LOS ANGELES,LOS ANGELES,-118.20161638,34.02923227
6475202,2014,2014-07-07,1942,2014-03-09,0140,37585,938,7,5,7,1942,0,0,0,NA,0,NA,WOODMAN AV,BESSEMER ST,0,NA,Y,A,-,N,NA,NA,NA,NA,NA,NA,NA,NA,NA,Y,4,0,2,2,A,-,09,21804,A,N,B,C,A,A,H,-,A,D,0,NA,NA,NA,NA,Y,NA,A,01,0,0,2,0,0,0,0,0,0,-,-,NA,NA,LOS ANGELES,LOS ANGELES,-118.43125007,34.18122006
6475237,2014,2016-03-26,9565,2014-03-10,2150,20440,NA,1,2,4,1918,0,1,1,NA,2,061,RT 405,WASHINGTON PL,300,N,N,A,-,Y,LA,7,405,-,-,27.69,H,-,N,Y,3,0,1,2,A,-,07,21658,A,N,F,A,A,A,-,-,C,D,1,NA,NA,Y,NA,Y,NA,A,01,0,1,0,0,0,0,0,0,1,-,-,34.00892,-118.41581,LOS ANGELES,CULVER CITY,-118.41574662,34.00895471
6475257,2014,2014-07-07,1900,2014-03-27,1744,471346,1516,4,5,5,1954,0,0,0,NA,0,151T2,TELEGRAPH RD,INDUSTRY AV,805,W,N,A,-,N,NA,NA,NA,NA,NA,NA,NA,NA,NA,Y,3,0,1,1,A,-,08,22107,NA,M,E,I,A,A,H,-,A,D,0,NA,NA,NA,NA,Y,NA,A,01,0,1,0,0,0,0,0,0,0,-,-,NA,NA,LOS ANGELES,PICO RIVERA,-118.1206144,33.97230943
6475298,2014,2014-08-19,1962,2014-04-21,1509,079,1962,1,5,4,1962,0,0,0,NA,0,022,LAS TUNAS DR,SAN MARINO AV,140,E,N,A,-,N,NA,NA,NA,NA,NA,NA,NA,NA,NA,N,3,0,1,2,A,-,09,21800,A,N,H,A,A,A,H,-,A,A,0,NA,NA,Y,NA,Y,NA,A,01,0,1,0,0,0,0,0,0,1,-,-,NA,NA,LOS ANGELES,SAN GABRIEL,-118.10203146,34.10253277
6475302,2014,2015-03-03,1962,2014-04-24,1858,054,1962,4,5,4,1962,0,0,0,NA,0,0Z4,SAN GABRIEL RD,WEDGEWOOD AV,159,S,N,A,-,N,NA,NA,NA,NA,NA,NA,NA,NA,NA,N,4,0,2,4,A,-,03,22350,NA,N,C,C,A,A,D,-,A,A,0,NA,NA,NA,NA,Y,NA,A,08,0,0,2,0,0,0,0,0,0,-,-,NA,NA,LOS ANGELES,SAN GABRIEL,-118.09097709,34.10003406
6475306,2014,2014-07-22,1928,2014-04-24,0723,352,501,4,5,5,1928,0,0,0,NA,0,0H1,EL SEGUNDO BL,RAMONA AV,0,NA,Y,A,-,N,NA,NA,NA,NA,NA,NA,NA,NA,NA,Y,4,0,1,2,A,-,12,21453,A,N,D,C,A,A,H,-,A,A,0,NA,NA,NA,NA,Y,NA,-,-,0,0,1,0,0,0,0,0,0,-,-,NA,NA,LOS ANGELES,HAWTHORNE,-118.35722009,33.91642002
6475310,2014,2014-07-14,1928,2014-04-24,1405,352,528,4,5,5,1928,0,0,0,NA,0,0H1,INGLEWOOD AV,EL SEGUNDO BL,0,NA,Y,A,-,N,NA,NA,NA,NA,NA,NA,NA,NA,NA,Y,2,0,1,2,A,-,09,21801,A,N,D,C,A,A,H,-,A,A,0,NA,NA,Y,NA,Y,NA,A,01,1,0,0,0,0,0,0,0,1,-,-,NA,NA,LOS ANGELES,HAWTHORNE,-118.36129001,33.91641001
6475335,2014,2015-09-25,1962,2014-04-22,1503,105,1962,2,5,4,1962,0,0,0,NA,0,023,VALLEY BL,MANLEY DR,160,W,N,A,-,N,NA,NA,NA,NA,NA,NA,NA,NA,NA,N,3,0,1,2,A,-,08,22107,NA,N,B,G,A,A,H,-,A,D,0,NA,Y,NA,NA,Y,NA,A,01,0,1,0,0,0,0,1,0,0,-,-,NA,NA,LOS ANGELES,SAN GABRIEL,-118.10166584,34.07963
6475339,2014,2014-07-21,1962,2014-04-23,1759,078,1962,3,5,4,1962,0,0,0,NA,0,022,LAS TUNAS DR,DEL MAR AV,150,W,N,A,-,N,NA,NA,NA,NA,NA,NA,NA,NA,NA,Y,4,0,1,3,A,-,03,22350,NA,N,C,C,A,A,H,-,A,A,0,NA,NA,NA,NA,Y,NA,A,01,0,0,1,0,0,0,0,0,0,-,-,NA,NA,LOS ANGELES,SAN GABRIEL,-118.10017046,34.10274798
6475343,2014,2014-07-21,1962,2014-04-25,1437,109,1962,5,5,4,1962,0,0,0,NA,0,023,NEW AV,BENCAMP ST,12,N,N,A,-,N,NA,NA,NA,NA,NA,NA,NA,NA,NA,N,3,0,1,1,A,-,08,22107,NA,N,A,I,A,A,H,-,A,D,0,NA,NA,NA,NA,Y,NA,A,07,0,1,0,0,0,0,0,0,0,-,-,NA,NA,LOS ANGELES,SAN GABRIEL,-118.1083,34.0784129
6475364,2014,2015-03-11,1928,2014-04-26,0209,382,532,6,5,5,1928,0,0,0,NA,0,0H1,120TH ST,INGLEWOOD AV,0,NA,Y,A,-,N,NA,NA,NA,NA,NA,NA,NA,NA,NA,N,3,0,1,2,B,-,22,NA,NA,F,G,B,F,B,H,-,C,D,0,Y,NA,NA,NA,Y,NA,-,NA,0,1,0,0,1,0,0,0,0,-,-,NA,NA,LOS ANGELES,HAWTHORNE,-118.36131013,33.92365012
6475383,2014,2014-07-11,1928,2014-04-16,1701,352,530,3,5,5,1928,0,0,0,NA,0,0H1,HAWTHORNE BL,IMPERIAL HWY,0,NA,Y,A,-,N,NA,NA,NA,NA,NA,NA,NA,NA,NA,N,4,0,1,2,A,-,-,NA,NA,N,D,G,A,A,H,-,A,A,0,NA,Y,NA,NA,Y,NA,A,01,0,0,1,0,0,0,1,0,0,-,-,NA,NA,LOS ANGELES,HAWTHORNE,-118.35271001,33.93096006
6475616,2014,2014-07-07,1942,2014-03-31,1620,39233,0551,1,5,7,1942,0,0,0,E,0,5A59,WESTERN AV,1ST ST,0,NA,Y,A,-,N,NA,NA,NA,NA,NA,NA,NA,NA,NA,Y,4,0,1,2,A,-,09,21801,A,N,D,C,A,A,H,-,A,A,0,NA,NA,NA,NA,Y,NA,A,01,0,0,1,0,0,0,0,0,0,-,-,NA,NA,LOS ANGELES,LOS ANGELES,-118.30913,34.07303
6475620,2014,2014-07-07,1942,2014-03-30,0600,33852,0504,7,5,7,1942,0,0,0,E,0,5Z1,TORRANCE BL,BRIGHTON AV,60,W,N,A,-,N,NA,NA,NA,NA,NA,NA,NA,NA,NA,Y,4,0,1,3,A,-,03,22350,NA,N,B,E,A,A,H,-,A,D,0,NA,NA,NA,NA,Y,NA,A,01,0,0,1,0,0,0,0,0,0,-,-,NA,NA,LOS ANGELES,LOS ANGELES,-118.30089717,33.84194687
6475622,2014,2014-06-23,1948,2014-02-11,1237,400,1948,2,5,5,1948,0,0,0,NA,0,001,COLLEGE VIEW DR,SUNRISE DR,91,E,N,A,-,N,NA,NA,NA,NA,NA,NA,NA,NA,NA,Y,4,0,1,2,A,-,08,22103,NA,N,D,C,A,A,H,-,A,D,0,NA,NA,NA,NA,Y,NA,-,NA,0,0,1,0,0,0,0,0,0,-,-,NA,NA,LOS ANGELES,MONTEREY PARK,-118.14490896,34.04133146
6475626,2014,2014-06-23,1948,2014-02-17,1931,418,1948,1,5,5,1948,0,0,0,NA,0,003,RIGGIN ST,ATLANTIC BL,93,E,N,A,-,N,NA,NA,NA,NA,NA,NA,NA,NA,NA,N,4,0,1,2,A,-,21,22106,NA,N,G,B,F,A,H,-,C,D,0,Y,NA,NA,NA,Y,NA,-,NA,0,0,1,0,1,0,0,0,0,-,-,NA,NA,LOS ANGELES,MONTEREY PARK,-118.14625387,34.03730745
6475630,2014,2014-06-23,1948,2014-02-16,2207,394,1948,7,5,5,1948,0,0,0,NA,0,004,GARVEY AV,ORANGE AV,0,NA,Y,A,-,N,NA,NA,NA,NA,NA,NA,NA,NA,NA,Y,4,0,1,2,A,-,09,21801,A,N,D,C,A,A,H,-,C,A,0,NA,NA,NA,NA,Y,NA,-,NA,0,0,1,0,0,0,0,0,0,-,-,NA,NA,LOS ANGELES,MONTEREY PARK,-118.11298008,34.06260003
6475648,2014,2014-07-07,1942,2014-03-28,1800,41398,0513,5,5,7,1942,0,0,0,E,0,5A24,ANAHEIM ST,KING AV,0,NA,Y,A,-,N,NA,NA,NA,NA,NA,NA,NA,NA,NA,Y,4,0,1,2,A,-,09,21802,A,N,D,C,A,A,H,-,A,A,0,NA,NA,Y,NA,Y,NA,A,08,0,0,1,0,0,0,0,0,1,-,-,NA,NA,LOS ANGELES,LOS ANGELES,-118.27551005,33.77926001
6475651,2014,2015-08-12,1948,2014-03-20,1029,440,1948,4,5,5,1948,0,0,0,NA,0,002,HUNTINGTON AV,AVONDALE AV,0,NA,Y,A,-,N,NA,NA,NA,NA,NA,NA,NA,NA,NA,Y,3,0,1,3,A,-,09,21802,A,N,D,C,A,A,H,-,A,A,0,NA,NA,NA,NA,Y,NA,-,NA,0,1,0,0,0,0,0,0,0,-,-,NA,NA,LOS ANGELES,MONTEREY PARK,-118.12600009,34.06371011
6475652,2014,2014-07-07,1942,2014-03-25,1500,36101,0566,2,5,7,1942,0,0,0,E,0,5A25,7TH ST,PACIFIC AV,9,E,N,A,-,N,NA,NA,NA,NA,NA,NA,NA,NA,NA,NA,4,0,1,2,A,-,09,21804,A,N,H,G,A,A,H,-,A,D,0,NA,Y,NA,NA,Y,NA,L,04,0,0,1,0,0,0,1,0,0,-,-,NA,NA,LOS ANGELES,LOS ANGELES,-118.28789046,33.73787941
6475655,2014,2014-07-07,1948,2014-03-21,1626,443,1948,5,5,5,1948,0,0,0,NA,0,003,POMONA BL,FINDLAY AV,0,NA,Y,A,-,N,NA,NA,NA,NA,NA,NA,NA,NA,NA,Y,4,0,2,2,A,-,08,22100,B,N,D,C,A,A,H,-,A,A,0,NA,NA,NA,NA,Y,NA,-,NA,0,0,2,0,0,0,0,0,0,-,-,NA,NA,LOS ANGELES,MONTEREY PARK,-118.1379701,34.03351005
6475656,2014,2016-02-03,1942,2014-03-27,0315,37849,0513,4,5,7,1942,0,0,0,E,0,5A25,PACIFIC COAST HWY,DODGE AV,180,E,N,A,-,Y,LA,7,1,-,-,11.98,H,-,N,Y,3,0,1,1,A,-,03,22350,NA,N,E,I,A,A,H,-,C,D,0,NA,NA,NA,NA,Y,NA,A,01,0,1,0,0,0,0,0,0,0,-,-,NA,NA,LOS ANGELES,LOS ANGELES,-118.28847479,33.79105635
6475659,2014,2014-07-07,1948,2014-03-28,1704,447,ALHAM,5,5,5,1948,0,0,0,NA,0,001,COLLEGE VIEW DR,CREST VISTA DR,287,W,N,A,-,N,NA,NA,NA,NA,NA,NA,NA,NA,NA,Y,3,0,4,2,A,-,08,22107,NA,N,A,C,A,A,H,-,A,D,0,NA,NA,NA,NA,Y,NA,-,NA,0,1,3,0,0,0,0,0,0,-,-,NA,NA,LOS ANGELES,MONTEREY PARK,-118.14765439,34.04289394
6475719,2014,2014-07-14,1948,2014-04-07,0807,415,1948,1,5,5,1948,0,0,0,NA,0,002,NEW AV,HELLMAN AV,298,S,N,A,-,N,NA,NA,NA,NA,NA,NA,NA,NA,NA,Y,4,0,2,2,A,-,03,22350,NA,N,C,C,A,A,H,-,A,A,0,NA,NA,NA,NA,Y,NA,-,NA,0,0,2,0,0,0,0,0,0,-,-,NA,NA,LOS ANGELES,MONTEREY PARK,-118.10815742,34.06902294
6475723,2014,2014-07-26,1948,2014-04-19,1650,445,1948,6,5,5,1948,0,0,0,NA,0,001,ATLANTIC BL,PRIVATE DRIVEWAY OF PRADO CENTER,0,NA,Y,A,-,N,NA,NA,NA,NA,NA,NA,NA,NA,NA,Y,3,0,1,2,A,-,12,21453,A,N,D,C,A,A,H,-,A,A,0,NA,NA,NA,NA,Y,NA,-,-,0,1,0,0,0,0,0,0,0,-,-,NA,NA,LOS ANGELES,MONTEREY PARK,-118.145022,34.03838
6475727,2014,2014-07-14,1948,2014-04-24,1755,441,1948,4,5,5,1948,0,0,0,NA,0,001,MONTEREY PASS RD,KERN AV,0,NA,Y,A,-,N,NA,NA,NA,NA,NA,NA,NA,NA,NA,N,3,0,1,2,A,-,09,21802,A,N,A,G,A,A,H,-,A,A,0,NA,Y,NA,NA,Y,NA,-,NA,0,1,0,0,0,0,1,0,0,-,-,NA,NA,LOS ANGELES,MONTEREY PARK,-118.16189008,34.04733003
6475731,2014,2014-07-14,1948,2014-04-25,2251,448,1948,5,5,5,1948,0,0,0,NA,0,001,ATLANTIC BL,FLORAL DR,0,NA,Y,C,-,N,NA,NA,NA,NA,NA,NA,NA,NA,NA,N,4,0,1,2,A,-,10,21950,A,N,G,B,B,B,H,-,C,A,0,Y,NA,NA,NA,Y,NA,-,NA,0,0,1,0,1,0,0,0,0,-,-,NA,NA,LOS ANGELES,MONTEREY PARK,-118.14355014,34.03935001
6475735,2014,2014-07-14,1948,2014-04-27,0238,448,1948,7,5,5,1948,0,0,0,NA,0,001,1ST AV,SCHOOLSIDE AV,79,W,N,A,-,N,NA,NA,NA,NA,NA,NA,NA,NA,NA,N,3,0,1,1,A,-,17,21663,NA,N,B,I,A,A,H,-,C,D,0,NA,Y,NA,NA,Y,Y,L,04,0,1,0,0,0,0,1,0,0,-,-,NA,NA,LOS ANGELES,MONTEREY PARK,-118.15155249,34.03748142
6475761,2014,2014-07-23,1942,2014-04-25,1528,38357,0245,5,5,7,1942,0,0,0,B,0,13TL22,ALLEY S OF 3RD ST,BONNIE BRAE ST,169,W,N,A,-,N,NA,NA,NA,NA,NA,NA,NA,NA,NA,N,3,0,1,2,A,-,03,22350,NA,F,G,B,E,A,H,-,A,D,0,Y,NA,NA,NA,Y,NA,-,99,0,1,0,0,1,0,0,0,0,-,-,NA,NA,LOS ANGELES,LOS ANGELES,NA,NA
6475762,2014,2014-07-23,1942,2014-04-04,2135,39184,1345,5,5,7,1942,0,0,0,M,0,13T53,41ST ST,COMPTON AV,0,NA,Y,A,-,N,NA,NA,NA,NA,NA,NA,NA,NA,NA,Y,4,0,1,2,A,-,01,23152,A,N,D,C,A,A,H,-,C,A,0,NA,NA,NA,NA,Y,Y,A,01,0,0,1,0,0,0,0,0,0,-,-,NA,NA,LOS ANGELES,LOS ANGELES,-118.25065002,34.0090601
6475765,2014,2016-04-16,1942,2014-04-25,2210,39349,0477,5,5,7,1942,0,0,0,D,0,13T53,S SOTO ST,RT 60,10,S,N,C,-,Y,LA,7,60,-,R,0.511,R,4,W,Y,4,0,3,2,A,-,03,22350,NA,F,C,C,A,B,H,-,C,A,0,NA,NA,NA,NA,Y,NA,-,99,0,0,3,0,0,0,0,0,0,-,-,NA,NA,LOS ANGELES,LOS ANGELES,-118.21655091,34.02972255
6475766,2014,2014-07-23,1942,2014-04-08,1050,32996,1395,2,5,7,1942,0,0,0,M,0,13T53,69TH ST,SAN PEDRO ST,4,E,N,A,-,N,NA,NA,NA,NA,NA,NA,NA,NA,NA,N,4,0,1,2,A,-,09,21802,A,N,D,G,A,A,H,-,A,A,0,NA,Y,NA,NA,Y,NA,A,01,0,0,1,0,0,0,1,0,0,-,-,NA,NA,LOS ANGELES,LOS ANGELES,-118.26955683,33.97697994
6475769,2014,2014-07-25,1942,2014-04-26,0345,38233,1395,6,5,7,1942,0,0,0,M,0,13T53,EAST FLORENCE AV,AVALON BL,0,NA,Y,A,-,N,NA,NA,NA,NA,NA,NA,NA,NA,NA,N,4,0,1,2,A,-,12,21453,A,F,D,C,A,A,H,-,C,A,0,NA,NA,NA,NA,Y,NA,-,-,0,0,1,0,0,0,0,0,0,-,-,NA,NA,LOS ANGELES,LOS ANGELES,-118.26518003,33.97471005
6475770,2014,2014-07-23,1942,2014-04-18,0955,39512,1324,5,5,7,1942,0,0,0,M,0,13A27,NAOMI,25TH ST,0,NA,Y,A,-,N,NA,NA,NA,NA,NA,NA,NA,NA,NA,N,4,0,1,2,A,-,09,21800,C,N,B,C,A,A,H,-,A,D,0,NA,NA,NA,NA,Y,NA,A,NA,0,0,1,0,0,0,0,0,0,-,-,NA,NA,LOS ANGELES,LOS ANGELES,-118.25188006,34.01861012
6475773,2014,2014-07-23,1942,2014-04-25,0830,36238,0291,5,5,7,1942,0,0,0,B,0,11TL21,PICO BL,ALVARADO ST,2,E,N,A,-,N,NA,NA,NA,NA,NA,NA,NA,NA,NA,N,4,0,1,2,A,-,10,21950,A,N,G,B,B,A,H,-,A,A,0,Y,NA,NA,NA,Y,NA,A,08,0,0,1,0,1,0,0,0,0,-,-,NA,NA,LOS ANGELES,LOS ANGELES,-118.28267384,34.04725805
6475774,2014,2014-07-23,1942,2014-04-21,1040,40042,1353,1,5,7,1942,0,0,0,M,0,11TL21,S CENTRAL AV,VERNON ST,0,NA,Y,A,-,N,NA,NA,NA,NA,NA,NA,NA,NA,NA,Y,4,0,2,2,A,-,12,21453,A,N,D,C,A,A,H,-,A,A,0,NA,NA,NA,NA,Y,NA,A,01,0,0,2,0,0,0,0,0,0,-,-,NA,NA,LOS ANGELES,LOS ANGELES,-118.25649004,34.00393001
6475777,2014,2014-07-23,1942,2014-04-23,1815,31542,0216,3,5,7,1942,0,0,0,B,0,2TL15,KENT ST,MERWIN ST,27,W,N,A,-,N,NA,NA,NA,NA,NA,NA,NA,NA,NA,N,4,0,1,2,A,-,06,21750,NA,N,H,B,E,A,H,-,A,D,0,Y,NA,NA,NA,Y,NA,A,01,0,0,1,0,1,0,0,0,0,-,-,NA,NA,LOS ANGELES,LOS ANGELES,-118.27025881,34.07644439
6475778,2014,2014-07-23,1942,2014-04-09,1555,38357,NA,3,5,7,1942,0,0,0,NA,0,NA,68TH ST,MAIN ST,284,E,N,A,-,N,NA,NA,NA,NA,NA,NA,NA,NA,NA,Y,4,0,1,2,A,-,03,22350,NA,N,D,C,A,A,H,-,A,D,0,NA,NA,NA,NA,Y,NA,A,07,0,0,1,0,0,0,0,0,0,-,-,NA,NA,LOS ANGELES,LOS ANGELES,-118.27300509,33.97787215
6475779,2014,2016-04-22,1976,2014-04-15,0840,274,NA,2,5,5,1976,0,0,0,NA,0,NA,WHITTIER BL,SORENSON AV,300,E,N,A,-,Y,LA,7,72,-,-,5.21,H,-,N,N,3,0,2,2,A,-,03,22350,NA,N,C,C,A,A,H,-,A,A,0,NA,NA,NA,NA,Y,NA,A,01,0,1,1,0,0,0,0,0,0,-,-,NA,NA,LOS ANGELES,WHITTIER,-118.05003339,33.98021729
6475781,2014,2014-07-23,1942,2014-04-24,2225,38233,0497,4,5,7,1942,0,0,0,D,0,13T53W,E OLYMPIC BL,CAMULOS ST,0,NA,Y,A,-,N,NA,NA,NA,NA,NA,NA,NA,NA,NA,Y,2,0,3,1,A,-,03,22350,NA,N,B,I,A,A,H,-,C,D,0,NA,NA,NA,NA,Y,NA,A,01,1,2,0,0,0,0,0,0,0,-,-,NA,NA,LOS ANGELES,LOS ANGELES,-118.2156501,34.02247003
6475782,2014,2014-07-23,1942,2014-04-07,1535,37611,1317,1,5,7,1942,0,0,0,M,0,13TL22,HOOPER AV,10TH ST,13,S,N,A,-,N,NA,NA,NA,NA,NA,NA,NA,NA,NA,Y,3,0,1,2,A,-,09,21801,A,N,D,G,A,A,H,-,A,D,0,NA,Y,NA,NA,Y,NA,L,04,0,1,0,0,0,0,1,0,0,-,-,NA,NA,LOS ANGELES,LOS ANGELES,-118.2417304,34.02849865
6475783,2014,2014-07-22,1976,2014-04-15,0944,862,NA,2,5,5,1976,0,0,0,NA,0,NA,LA CUARTA ST,MILTON AV,2,E,N,A,-,N,NA,NA,NA,NA,NA,NA,NA,NA,NA,Y,4,0,1,2,A,-,09,21802,A,F,D,C,A,A,H,-,A,A,0,NA,NA,NA,NA,Y,NA,A,08,0,0,1,0,0,0,0,0,0,-,-,NA,NA,LOS ANGELES,WHITTIER,-118.03971342,33.96821977
6475785,2014,2014-07-23,1942,2014-04-28,0010,39351,1142,1,5,7,1942,0,0,0,K,0,11A1,LOS FELIZ BL,VERMONT AV,150,E,N,A,-,N,NA,NA,NA,NA,NA,NA,NA,NA,NA,Y,3,0,3,2,A,-,01,23152,A,F,C,C,A,A,H,-,C,D,0,NA,NA,NA,NA,Y,Y,A,01,0,1,2,0,0,0,0,0,0,-,-,NA,NA,LOS ANGELES,LOS ANGELES,-118.29133782,34.11115155
6475786,2014,2014-07-23,1942,2014-04-06,1925,40431,1361,7,5,7,1942,0,0,0,M,0,13A63,W 47TH ST,BROADWAY,100,E,N,A,-,N,NA,NA,NA,NA,NA,NA,NA,NA,NA,N,4,0,1,2,A,-,17,27400,NA,N,G,G,A,A,H,-,B,D,0,NA,Y,NA,NA,Y,NA,L,04,0,0,1,0,0,0,1,0,0,-,-,NA,NA,LOS ANGELES,LOS ANGELES,-118.27835,34.00108
6475787,2014,2014-07-22,1976,2014-04-16,1151,274,NA,3,5,5,1976,0,0,0,NA,0,NA,PHILADELPHIA ST,PAINTER AV,193,E,N,A,-,N,NA,NA,NA,NA,NA,NA,NA,NA,NA,N,4,0,1,2,D,-,00,NA,NA,N,G,B,D,A,H,-,A,D,0,Y,NA,NA,NA,Y,NA,-,-,0,0,1,0,1,0,0,0,0,-,-,NA,NA,LOS ANGELES,WHITTIER,-118.03203483,33.97907448
6475789,2014,2014-07-23,1942,2014-04-24,1622,38357,1394,4,5,7,1942,0,0,0,M,0,13TL22,MAIN ST,71ST ST,130,S,N,A,-,N,NA,NA,NA,NA,NA,NA,NA,NA,NA,N,2,0,1,2,A,-,09,21802,A,N,D,G,A,A,H,-,A,A,0,NA,Y,NA,NA,Y,NA,L,04,1,0,0,0,0,0,1,0,0,-,-,NA,NA,LOS ANGELES,LOS ANGELES,-118.27394,33.97526347
6475790,2014,2014-07-23,1942,2014-04-06,1620,40099,1333,7,5,7,1942,0,0,0,M,0,4TL4,SAN PEDRO ST,27TH ST,30,N,N,A,-,N,NA,NA,NA,NA,NA,NA,NA,NA,NA,N,2,0,1,2,A,-,03,22350,NA,N,C,C,A,A,H,-,A,D,0,NA,NA,NA,NA,Y,NA,A,08,1,0,0,0,0,0,0,0,0,-,-,NA,NA,LOS ANGELES,LOS ANGELES,-118.26184956,34.02069074
6475793,2014,2016-03-08,1942,2014-04-28,1400,37505,1309,1,5,7,1942,0,0,0,M,0,13TL53,MAPLE ST,11TH ST,125,N,N,A,-,N,NA,NA,NA,NA,NA,NA,NA,NA,NA,N,4,0,1,2,A,-,21,22106,NA,F,G,B,E,A,H,-,A,D,0,Y,NA,NA,NA,Y,NA,A,01,0,0,1,0,1,0,0,0,0,-,-,NA,NA,LOS ANGELES,LOS ANGELES,-118.25490867,34.03743776
6475794,2014,2014-07-23,1942,2014-04-05,2250,30083,1372,6,5,7,1942,0,0,0,M,0,11T21,SAN PEDRO ST,56TH ST,0,NA,Y,A,-,N,NA,NA,NA,NA,NA,NA,NA,NA,NA,Y,3,0,4,3,A,-,09,21802,A,N,D,-,A,A,H,-,C,D,0,NA,Y,NA,NA,Y,NA,A,07,0,1,3,0,0,0,1,0,0,-,-,NA,NA,LOS ANGELES,LOS ANGELES,-118.27014013,33.99155001
6475797,2014,2014-07-25,1942,2014-04-22,1415,35748,0157,2,5,7,1942,0,0,0,A,0,1A85,CROCKER ST,7TH ST,300,N,N,A,-,N,NA,NA,NA,NA,NA,NA,NA,NA,NA,N,4,0,1,2,A,-,06,21750,NA,F,C,G,A,A,H,-,A,D,0,NA,Y,NA,NA,Y,NA,-,99,0,0,1,0,0,0,1,0,0,-,-,NA,NA,LOS ANGELES,LOS ANGELES,-118.24593,34.04011
6475798,2014,2014-07-23,1942,2014-04-05,2220,40545,1353,6,5,7,1942,0,0,0,M,0,13T53,VERNON AV,AVALON BL,0,NA,Y,A,-,N,NA,NA,NA,NA,NA,NA,NA,NA,NA,N,3,0,1,2,A,-,12,21453,A,N,D,G,A,A,H,-,C,A,0,NA,Y,NA,NA,Y,NA,L,04,0,1,0,0,0,0,1,0,0,-,-,NA,NA,LOS ANGELES,LOS ANGELES,-118.26527004,34.00387009
6475801,2014,2014-07-23,1942,2014-04-25,1140,39037,0134,5,5,7,1942,0,0,0,A,0,NA,3RD ST,SPRING ST,15,W,N,A,-,N,NA,NA,NA,NA,NA,NA,NA,NA,NA,N,3,0,1,2,A,-,10,21950,A,N,G,B,B,A,H,-,A,A,0,Y,NA,NA,NA,Y,Y,A,01,0,1,0,0,1,0,0,0,0,-,-,NA,NA,LOS ANGELES,LOS ANGELES,-118.24701885,34.05030543
6475802,2014,2014-07-23,1942,2014-04-05,0120,40714,1383,6,5,7,1942,0,0,0,M,0,A43,MAIN ST,62ND ST,6,NA,N,A,-,N,NA,NA,NA,NA,NA,NA,NA,NA,NA,N,4,0,2,2,A,-,08,22102,NA,N,D,C,A,A,H,-,C,A,0,NA,NA,NA,NA,Y,NA,A,01,0,0,2,0,0,0,0,0,0,-,-,NA,NA,LOS ANGELES,LOS ANGELES,-118.27394004,33.98332005