CASE_ID,ACCIDENT_YEAR,PROC_DATE,JURIS,COLLISION_DATE,COLLISION_TIME,OFFICER_ID,REPORTING_DISTRICT,DAY_OF_WEEK,CHP_SHIFT,POPULATION,CNTY_CITY_LOC,SPECIAL_COND,BEAT_TYPE,CHP_BEAT_TYPE,CITY_DIVISION_LAPD,CHP_BEAT_CLASS,BEAT_NUMBER,PRIMARY_RD,SECONDARY_RD,DISTANCE,DIRECTION,INTERSECTION,WEATHER_1,WEATHER_2,STATE_HWY_IND,CALTRANS_COUNTY,CALTRANS_DISTRICT,STATE_ROUTE,ROUTE_SUFFIX,POSTMILE_PREFIX,POSTMILE,LOCATION_TYPE,RAMP_INTERSECTION,SIDE_OF_HWY,TOW_AWAY,COLLISION_SEVERITY,NUMBER_KILLED,NUMBER_INJURED,PARTY_COUNT,PRIMARY_COLL_FACTOR,PCF_CODE_OF_VIOL,PCF_VIOL_CATEGORY,PCF_VIOLATION,PCF_VIOL_SUBSECTION,HIT_AND_RUN,TYPE_OF_COLLISION,MVIW,PED_ACTION,ROAD_SURFACE,ROAD_COND_1,ROAD_COND_2,LIGHTING,CONTROL_DEVICE,CHP_ROAD_TYPE,PEDESTRIAN_ACCIDENT,BICYCLE_ACCIDENT,MOTORCYCLE_ACCIDENT,TRUCK_ACCIDENT,NOT_PRIVATE_PROPERTY,ALCOHOL_INVOLVED,STWD_VEHTYPE_AT_FAULT,CHP_VEHTYPE_AT_FAULT,COUNT_SEVERE_INJ,COUNT_VISIBLE_INJ,COUNT_COMPLAINT_PAIN,COUNT_PED_KILLED,COUNT_PED_INJURED,COUNT_BICYCLIST_KILLED,COUNT_BICYCLIST_INJURED,COUNT_MC_KILLED,COUNT_MC_INJURED,PRIMARY_RAMP,SECONDARY_RAMP,LATITUDE,LONGITUDE,COUNTY,CITY,POINT_X,POINT_Y
6475805,2014,2014-07-23,1942,2014-04-14,1640,31152,1313,1,5,7,1942,0,0,0,M,0,2T28,16TH ST,MAPLE AV,0,NA,Y,A,-,N,NA,NA,NA,NA,NA,NA,NA,NA,NA,Y,4,0,1,2,A,-,09,21801,A,N,D,C,A,A,H,-,A,D,0,NA,NA,NA,NA,Y,NA,A,08,0,0,1,0,0,0,0,0,0,-,-,NA,NA,LOS ANGELES,LOS ANGELES,-118.25942009,34.03183011
6475806,2014,2014-07-23,1942,2014-04-04,0810,39759,1322,5,5,7,1942,0,0,0,M,0,13T53,ADAMS BL,MAPLE AV,247,W,N,A,-,N,NA,NA,NA,NA,NA,NA,NA,NA,NA,N,4,0,2,3,A,-,03,22350,NA,N,C,C,A,A,H,-,A,D,0,NA,NA,NA,NA,Y,NA,A,01,0,0,2,0,0,0,0,0,0,-,-,NA,NA,LOS ANGELES,LOS ANGELES,-118.2661666,34.0237407
6475809,2014,2014-07-23,1942,2014-04-15,1400,38357,1373,2,5,7,1942,0,0,0,M,0,13TL22,53RD ST,WADSWORTH AV,197,E,N,A,-,N,NA,NA,NA,NA,NA,NA,NA,NA,NA,N,4,0,1,2,A,-,17,22517,NA,F,A,G,A,A,H,-,A,D,0,NA,Y,NA,NA,Y,NA,-,99,0,0,1,0,0,0,1,0,0,-,-,NA,NA,LOS ANGELES,LOS ANGELES,-118.25801146,33.99426885
6475810,2014,2014-07-23,1942,2014-04-01,0955,39436,1364,2,5,7,1942,0,0,0,M,0,3TL57,HOOPER AV,52ND ST,10,N,N,A,-,N,NA,NA,NA,NA,NA,NA,NA,NA,NA,N,4,0,2,2,A,-,07,21658,A,N,B,C,A,A,H,-,A,D,0,NA,NA,NA,NA,Y,NA,A,07,0,0,2,0,0,0,0,0,0,-,-,NA,NA,LOS ANGELES,LOS ANGELES,-118.25213921,33.99597742
6475813,2014,2014-07-25,1942,2014-04-16,1845,39889,1331,3,5,7,1942,0,0,0,M,0,1TL24,HILL ST,30TH ST,10,S,N,A,-,N,NA,NA,NA,NA,NA,NA,NA,NA,NA,Y,3,0,3,2,A,-,12,21453,A,N,D,C,A,A,H,-,A,A,0,NA,NA,NA,NA,Y,NA,-,-,0,1,2,0,0,0,0,0,0,-,-,NA,NA,LOS ANGELES,LOS ANGELES,-118.27287628,34.02273616
6475814,2014,2014-07-23,1942,2014-04-03,1400,40494,1352,4,5,7,1942,0,0,0,M,0,13X31,VERNON AV,WALL ST,0,NA,Y,A,-,N,NA,NA,NA,NA,NA,NA,NA,NA,NA,N,4,0,1,2,A,-,12,21453,A,N,D,-,A,A,H,-,A,A,0,NA,NA,NA,NA,Y,NA,-,NA,0,0,1,0,0,0,0,0,0,-,-,NA,NA,LOS ANGELES,LOS ANGELES,-118.27176014,34.00384002
6475817,2014,2014-07-23,1942,2014-04-16,1520,39889,1313,3,5,7,1942,0,0,0,M,0,1TL24,ALLEY WEST OF PALOMA ST,ALLEY NORTH OF 14TH ST,65,W,N,A,-,N,NA,NA,NA,NA,NA,NA,NA,NA,NA,N,4,0,1,2,A,-,21,22106,NA,F,G,B,F,A,H,-,A,D,0,Y,NA,NA,NA,Y,NA,-,99,0,0,1,0,1,0,0,0,0,-,-,NA,NA,LOS ANGELES,LOS ANGELES,NA,NA
6475818,2014,2014-07-23,1942,2014-04-01,1400,39889,1353,2,5,7,1942,0,0,0,M,0,2TL28,45TH ST,AVALON BL,0,NA,Y,A,-,N,NA,NA,NA,NA,NA,NA,NA,NA,NA,N,4,0,1,2,A,-,09,21801,A,N,A,C,A,A,H,-,A,D,0,NA,NA,NA,NA,Y,NA,A,01,0,0,1,0,0,0,0,0,0,-,-,NA,NA,LOS ANGELES,LOS ANGELES,-118.26526005,34.00252004
6475821,2014,2014-07-23,1942,2014-04-21,0220,40063,1365,1,5,7,1942,0,0,0,M,0,4T43,COMPTON AV,47TH ST,25,N,N,A,-,N,NA,NA,NA,NA,NA,NA,NA,NA,NA,N,4,0,1,2,A,-,04,21703,NA,F,C,C,A,A,H,-,C,D,0,NA,NA,NA,NA,Y,NA,-,99,0,0,1,0,0,0,0,0,0,-,-,NA,NA,LOS ANGELES,LOS ANGELES,-118.24778,34.00115856
6475822,2014,2014-07-23,1942,2014-04-14,1240,31379,1361,1,5,7,1942,0,0,0,M,0,13A9,45TH ST,MAIN ST,0,NA,Y,A,-,N,NA,NA,NA,NA,NA,NA,NA,NA,NA,Y,4,0,3,4,A,-,09,21802,A,F,D,C,F,A,H,-,A,A,0,Y,NA,NA,NA,Y,NA,A,01,0,0,3,0,2,0,0,0,0,-,-,NA,NA,LOS ANGELES,LOS ANGELES,-118.27400007,34.0028901
6475825,2014,2014-07-23,1942,2014-04-21,1405,39639,1352,1,5,7,1942,0,0,0,M,0,24E3,E 46TH ST,WALL ST,15,W,N,A,-,N,NA,NA,NA,NA,NA,NA,NA,NA,NA,N,4,0,1,2,A,-,09,21802,A,N,D,C,A,A,H,-,A,A,0,NA,NA,NA,NA,Y,NA,A,01,0,0,1,0,0,0,0,0,0,-,-,NA,NA,LOS ANGELES,LOS ANGELES,-118.27184939,34.00201
6475826,2014,2014-07-23,1942,2014-04-13,1600,23363,1373,7,5,7,1942,0,0,0,M,0,NEWTON,AVALON BL,54TH ST,0,NA,Y,A,-,N,NA,NA,NA,NA,NA,NA,NA,NA,NA,N,4,0,2,2,A,-,-,NA,NA,F,C,C,A,A,H,-,A,A,0,NA,NA,NA,NA,Y,NA,-,99,0,0,2,0,0,0,0,0,0,-,-,NA,NA,LOS ANGELES,LOS ANGELES,-118.26521012,33.99338007
6475829,2014,2014-07-23,1942,2014-04-21,1900,40325,1313,1,5,7,1942,0,0,0,M,0,13T53,WASHINGTON BL,SAN PEDRO ST,0,NA,Y,A,-,N,NA,NA,NA,NA,NA,NA,NA,NA,NA,N,4,0,1,2,A,-,03,22350,NA,F,C,G,A,A,H,-,B,A,0,NA,Y,NA,NA,Y,NA,-,99,0,0,1,0,0,0,1,0,0,-,-,NA,NA,LOS ANGELES,LOS ANGELES,-118.25745011,34.02762011
6475833,2014,2014-07-23,1942,2014-04-10,1000,37952,1353,4,5,7,1942,0,0,0,M,0,4T43,MCKINLEY AV,45TH ST,100,N,N,A,-,N,NA,NA,NA,NA,NA,NA,NA,NA,NA,N,4,0,1,2,A,-,11,21954,A,N,G,B,E,A,H,-,A,D,0,Y,NA,NA,NA,Y,NA,N,60,0,0,1,0,1,0,0,0,0,-,-,NA,NA,LOS ANGELES,LOS ANGELES,-118.26088406,34.00282423
6475837,2014,2014-07-23,1942,2014-04-17,1520,37225,1341,4,5,7,1942,0,0,0,M,0,1TL24,MAIN ST,36TH PL,126,N,N,A,-,N,NA,NA,NA,NA,NA,NA,NA,NA,NA,Y,2,0,1,2,A,-,05,21202,A,N,G,G,A,A,H,-,A,D,0,NA,Y,NA,NA,Y,NA,L,04,1,0,0,0,0,0,1,0,0,-,-,NA,NA,LOS ANGELES,LOS ANGELES,-118.27387817,34.01669062
6475840,2014,2014-07-22,1942,2014-04-19,0930,38503,NA,6,5,7,1942,0,0,0,NA,0,0301,FAIRFAX AV,ADAMS BL,0,NA,Y,A,-,N,NA,NA,NA,NA,NA,NA,NA,NA,NA,Y,4,0,1,2,A,-,12,21453,A,N,D,C,A,A,H,-,A,A,0,NA,NA,NA,NA,Y,NA,A,01,0,0,1,0,0,0,0,0,0,-,-,NA,NA,LOS ANGELES,LOS ANGELES,-118.37078005,34.0324401
6475841,2014,2014-07-24,1942,2014-04-20,0850,36754,036,7,5,7,1942,0,0,0,C,0,3TL5W2,RODEO ST,LA BREA AV,12,E,N,A,-,N,NA,NA,NA,NA,NA,NA,NA,NA,NA,Y,3,0,1,2,A,-,09,21804,A,N,H,G,A,A,H,-,A,A,0,NA,Y,NA,NA,Y,NA,L,04,0,1,0,0,0,0,1,0,0,-,-,NA,NA,LOS ANGELES,LOS ANGELES,-118.35557047,34.02152968
6475845,2014,2014-08-12,1942,2014-04-28,0125,36607,0359,1,5,7,1942,0,0,0,C,0,3T5,JEFFERSON BL,FLOWER ST,0,NA,Y,A,-,N,NA,NA,NA,NA,NA,NA,NA,NA,NA,Y,4,0,2,2,A,-,01,23152,A,N,-,-,A,A,H,-,C,-,0,NA,NA,NA,NA,Y,NA,A,01,0,0,2,0,0,0,0,0,0,-,-,NA,NA,LOS ANGELES,LOS ANGELES,-118.27873009,34.02138004
6475849,2014,2014-07-24,1942,2014-04-21,1050,41298,0358,1,5,7,1942,0,0,0,C,0,3A31,VERMONT AV,37TH ST,0,NA,Y,A,-,N,NA,NA,NA,NA,NA,NA,NA,NA,NA,N,4,0,1,2,A,-,09,21804,A,F,D,G,A,A,H,-,A,A,0,NA,Y,NA,NA,Y,NA,L,04,0,0,1,0,0,0,1,0,0,-,-,NA,NA,LOS ANGELES,LOS ANGELES,-118.291554,34.020964
6475853,2014,2014-07-24,1942,2014-04-18,0820,36461,504,5,5,7,1942,0,0,0,NA,0,5T21,209TH ST,DENKER AV,0,NA,Y,A,-,N,NA,NA,NA,NA,NA,NA,NA,NA,NA,N,4,0,1,2,A,-,09,21802,A,F,D,C,A,A,H,-,A,A,0,NA,NA,NA,NA,Y,NA,A,07,0,0,1,0,0,0,0,0,0,-,-,NA,NA,LOS ANGELES,LOS ANGELES,-118.30395008,33.83994002
6475857,2014,2014-07-23,1942,2014-04-20,1935,37724,0526,7,5,7,1942,0,0,0,E,0,12T73,ROSS PL,ISLAND AV,35,S,N,A,-,N,NA,NA,NA,NA,NA,NA,NA,NA,NA,N,4,0,1,2,A,-,11,21956,A,N,G,B,D,A,H,-,A,D,0,Y,NA,NA,NA,Y,NA,A,01,0,0,1,0,1,0,0,0,0,-,-,NA,NA,LOS ANGELES,LOS ANGELES,-118.2667,33.78171
6475859,2014,2014-07-16,1942,2014-04-06,1730,36075,0514,7,5,7,1942,0,0,0,E,0,5X26,ANAHEIM ST,FRIGATE AV,75,E,N,A,-,N,NA,NA,NA,NA,NA,NA,NA,NA,NA,N,4,0,1,2,A,-,10,21952,NA,N,G,B,F,A,H,-,A,D,0,Y,NA,NA,NA,Y,NA,A,01,0,0,1,0,1,0,0,0,0,-,-,NA,NA,LOS ANGELES,LOS ANGELES,-118.27792397,33.77914011
6475861,2014,2014-09-29,1942,2014-04-21,1310,36571,396,1,5,7,1942,0,0,0,NA,0,18T39,VERMONT AV,VERNON AV,18,N,N,A,-,N,NA,NA,NA,NA,NA,NA,NA,NA,NA,N,4,0,1,2,A,-,07,21658,A,N,B,C,A,A,H,-,A,-,0,NA,NA,NA,NA,Y,NA,A,07,0,0,1,0,0,0,0,0,0,-,-,NA,NA,LOS ANGELES,LOS ANGELES,-118.29156873,34.00372935
6475863,2014,2014-07-16,1942,2014-04-24,0750,36911,0509,4,5,7,1942,0,0,0,E,0,18T23,PRESIDENT AV,LOMITA BL,104,N,N,A,-,N,NA,NA,NA,NA,NA,NA,NA,NA,NA,N,3,0,1,2,D,-,00,NA,NA,N,H,G,A,A,H,-,A,D,0,NA,Y,NA,NA,Y,NA,-,-,0,1,0,0,0,0,1,0,0,-,-,NA,NA,LOS ANGELES,LOS ANGELES,-118.304235,33.7981025
6475865,2014,2014-07-24,1942,2014-04-22,2025,40696,0398,2,5,7,1942,0,0,0,C,0,18T23,HOOVER ST,43RD ST,0,NA,Y,A,-,N,NA,NA,NA,NA,NA,NA,NA,NA,NA,Y,4,0,1,2,A,-,09,21802,A,N,D,C,A,A,H,-,C,A,0,NA,NA,NA,NA,Y,NA,A,01,0,0,1,0,0,0,0,0,0,-,-,NA,NA,LOS ANGELES,LOS ANGELES,-118.28721003,34.00550004
6475867,2014,2014-07-18,1942,2014-04-24,1455,40440,0541,4,5,7,1942,0,0,0,E,0,12T73,WESTERN AV,PARK WESTERN AV,0,NA,Y,A,-,N,NA,NA,NA,NA,NA,NA,NA,NA,NA,N,3,0,4,2,A,-,12,21453,A,N,D,C,A,A,H,-,A,A,0,NA,NA,NA,NA,Y,NA,-,-,0,2,2,0,0,0,0,0,0,-,-,NA,NA,LOS ANGELES,LOS ANGELES,-118.30893012,33.75215001
6475869,2014,2014-07-24,1942,2014-04-22,1450,39436,0373,2,5,7,1942,0,0,0,C,0,3T57,39TH ST,OLMSTED AV,0,NA,Y,A,-,N,NA,NA,NA,NA,NA,NA,NA,NA,NA,N,4,0,2,2,A,-,09,21802,A,F,D,C,A,A,H,-,A,A,0,NA,NA,NA,NA,Y,NA,-,99,0,0,2,0,0,0,0,0,0,-,-,NA,NA,LOS ANGELES,LOS ANGELES,-118.32810009,34.01459007
6475871,2014,2016-04-21,1942,2014-04-18,1125,36461,514,5,5,7,1942,0,0,0,NA,0,5T21,PACIFIC COAST HWY,WILMINGTON BL,95,E,N,A,-,Y,LA,7,1,-,-,11.19,H,-,N,N,4,0,1,2,A,-,03,22350,NA,N,C,C,A,A,H,-,A,D,0,NA,NA,NA,NA,Y,NA,A,01,0,0,1,0,0,0,0,0,0,-,-,NA,NA,LOS ANGELES,LOS ANGELES,-118.27477894,33.79061052
6475873,2014,2014-07-24,1942,2014-04-22,1835,39436,0314,2,5,7,1942,0,0,0,C,0,3T57,ARLINGTON AV,27TH ST,0,NA,Y,A,-,N,NA,NA,NA,NA,NA,NA,NA,NA,NA,Y,4,0,4,2,A,-,03,22350,NA,N,C,C,A,A,H,-,A,A,0,NA,NA,NA,NA,Y,NA,A,07,0,0,4,0,0,0,0,0,0,-,-,NA,NA,LOS ANGELES,LOS ANGELES,-118.31768,34.03063
6475875,2014,2014-07-16,1942,2014-04-18,1625,37146,0557,5,5,7,1942,0,0,0,E,0,5T25,GAFFEY ST,6TH ST,27,S,N,A,-,N,NA,NA,NA,NA,NA,NA,NA,NA,NA,N,4,0,1,2,A,-,-,NA,NA,N,G,B,C,A,H,-,A,D,0,Y,NA,NA,NA,Y,NA,N,60,0,0,1,0,1,0,0,0,0,-,-,NA,NA,LOS ANGELES,LOS ANGELES,-118.29235,33.73869595
6475877,2014,2014-07-24,1942,2014-04-18,2000,40152,0359,5,5,7,1942,0,0,0,C,0,3T5,KING BL,FIGUEROA ST,115,E,N,A,-,N,NA,NA,NA,NA,NA,NA,NA,NA,NA,Y,4,0,1,2,A,-,09,21801,A,N,D,C,A,A,H,-,B,D,0,NA,NA,NA,NA,Y,NA,A,01,0,0,1,0,0,0,0,0,0,-,-,NA,NA,LOS ANGELES,LOS ANGELES,-118.27976472,33.78201574
6475879,2014,2014-07-16,1942,2014-04-09,1620,37234,0563,3,5,7,1942,0,0,0,E,0,5A59,GAFFEY ST,15TH ST,144,N,N,A,-,N,NA,NA,NA,NA,NA,NA,NA,NA,NA,N,4,0,1,2,A,-,10,21952,NA,N,G,B,F,A,H,-,A,D,0,Y,NA,NA,NA,Y,NA,A,01,0,0,1,0,1,0,0,0,0,-,-,NA,NA,LOS ANGELES,LOS ANGELES,-118.29238,33.73102494
6475881,2014,2014-07-24,1942,2014-04-24,1340,40476,0378,4,5,7,1942,0,0,0,C,0,3TL57,VERMONT,MARTIN LUTHER KING,0,NA,Y,A,-,N,NA,NA,NA,NA,NA,NA,NA,NA,NA,Y,4,0,2,2,A,-,09,21801,A,N,D,C,A,A,H,-,A,A,0,NA,NA,NA,NA,Y,NA,A,01,0,0,2,0,0,0,0,0,0,-,-,NA,NA,LOS ANGELES,LOS ANGELES,-118.29153011,34.01087002
6475883,2014,2016-04-21,1942,2014-04-02,1435,39835,0513,3,5,7,1942,0,0,0,E,0,5A11,PACIFIC COAST HWY,NORMANDIE,740,E,N,A,-,Y,LA,7,1,-,-,12.38,H,-,S,Y,3,0,4,4,A,-,03,22350,NA,N,A,C,A,A,H,-,A,A,0,NA,NA,NA,NA,Y,NA,A,01,0,1,3,0,0,0,0,0,0,-,-,NA,NA,LOS ANGELES,LOS ANGELES,-118.29530757,33.79067239
6475885,2014,2014-07-23,1942,2014-04-24,1750,40620,0359,4,5,7,1942,0,0,0,C,0,25Q21,FIGUEROA ST,M L K JR BL,0,NA,Y,A,-,N,NA,NA,NA,NA,NA,NA,NA,NA,NA,N,4,0,1,2,A,-,12,21453,A,N,D,C,A,A,H,-,A,A,0,NA,NA,NA,NA,Y,NA,A,01,0,0,1,0,0,0,0,0,0,-,-,NA,NA,LOS ANGELES,LOS ANGELES,-118.28274,34.01113007
6475887,2014,2014-07-16,1942,2014-04-17,1930,37944,0504,4,5,7,1942,0,0,0,E,0,5Z1,WESTERN AV,TORRANCE BL,18,S,N,A,-,N,NA,NA,NA,NA,NA,NA,NA,NA,NA,Y,4,0,1,2,A,-,03,22350,NA,N,C,C,A,A,H,-,B,A,0,NA,NA,NA,NA,Y,NA,A,01,0,0,1,0,0,0,0,0,0,-,-,NA,NA,LOS ANGELES,LOS ANGELES,-118.30931386,33.8382309
6475889,2014,2014-07-24,1942,2014-04-20,1415,37724,0379,7,5,7,1942,0,0,0,C,0,12T73,VERMONT AV,EXPOSITION BL,40,N,N,A,-,N,NA,NA,NA,NA,NA,NA,NA,NA,NA,N,4,0,1,2,A,-,03,22350,NA,N,C,C,A,A,H,-,A,D,0,NA,NA,NA,NA,Y,NA,A,01,0,0,1,0,0,0,0,0,0,-,-,NA,NA,LOS ANGELES,LOS ANGELES,-118.29153,34.0184597
6475891,2014,2014-07-16,1942,2014-04-17,1050,37234,0515,4,5,7,1942,0,0,0,E,0,5A25,WILMINGTON BL,LOWEN,6,N,N,A,-,N,NA,NA,NA,NA,NA,NA,NA,NA,NA,N,4,0,2,2,A,-,09,21804,A,N,D,C,A,A,H,-,A,D,0,NA,NA,NA,NA,Y,NA,A,01,0,0,2,0,0,0,0,0,0,-,-,NA,NA,LOS ANGELES,LOS ANGELES,-118.27519056,33.79521645
6475893,2014,2014-07-24,1942,2014-04-20,1005,39317,0325,7,5,7,1942,0,0,0,C,0,12T410,VERMONT AV,29TH ST,3,E,N,A,-,N,NA,NA,NA,NA,NA,NA,NA,NA,NA,N,4,0,1,2,A,-,05,21650,1,N,H,G,A,A,H,-,A,A,0,NA,Y,NA,NA,Y,NA,L,04,0,0,1,0,0,0,1,0,0,-,-,NA,NA,LOS ANGELES,LOS ANGELES,-118.291546,34.028669
6475895,2014,2014-07-16,1942,2014-04-16,1125,38259,0506,3,5,7,1942,0,0,0,E,0,521,CARSON,DENKER AV,70,E,N,A,-,N,NA,NA,NA,NA,NA,NA,NA,NA,NA,Y,3,0,1,2,A,-,09,21804,NA,N,D,C,A,A,H,-,A,D,0,NA,NA,Y,NA,Y,NA,A,01,0,1,0,0,0,0,0,0,1,-,-,NA,NA,LOS ANGELES,LOS ANGELES,-118.30361995,33.83152
6475897,2014,2014-07-24,1942,2014-04-18,1320,33599,0378,5,5,7,1942,0,0,0,C,0,3TL5,VERMONT AV,39TH ST,0,NA,Y,B,-,N,NA,NA,NA,NA,NA,NA,NA,NA,NA,N,4,0,4,3,A,-,03,22350,NA,N,C,C,A,A,H,-,A,D,0,NA,NA,NA,NA,Y,NA,A,07,0,0,4,0,0,0,0,0,0,-,-,NA,NA,LOS ANGELES,LOS ANGELES,-118.29154,34.01548
6475899,2014,2014-07-16,1942,2014-04-12,1755,37654,0557,6,5,7,1942,0,0,0,E,0,5XL4,GAFFEY ST,2ND ST,0,NA,Y,A,-,N,NA,NA,NA,NA,NA,NA,NA,NA,NA,N,3,0,2,2,A,-,03,22350,NA,F,C,C,A,A,H,-,A,D,0,NA,NA,NA,NA,Y,NA,A,01,0,1,1,0,0,0,0,0,0,-,-,NA,NA,LOS ANGELES,LOS ANGELES,-118.29232004,33.74243003
6475901,2014,2014-07-24,1942,2014-04-29,0145,36607,0338,2,5,7,1942,0,0,0,C,0,3T5,JEFFERSON BL,BUDLONG AV,12,E,N,A,-,N,NA,NA,NA,NA,NA,NA,NA,NA,NA,Y,4,0,1,2,A,-,01,23152,A,F,C,C,A,A,H,-,C,A,0,NA,NA,NA,NA,Y,Y,A,01,0,0,1,0,0,0,0,0,0,-,-,NA,NA,LOS ANGELES,LOS ANGELES,-118.29584047,34.02552
6475903,2014,2014-07-16,1942,2014-04-19,0120,37962,1375,6,5,7,1942,0,0,0,M,0,13A85,57TH ST,ASCOT AV,150,W,N,A,-,N,NA,NA,NA,NA,NA,NA,NA,NA,NA,N,4,0,1,2,A,-,11,21955,NA,F,G,B,D,A,H,-,C,D,0,Y,NA,NA,NA,Y,NA,-,99,0,0,1,0,1,0,0,0,0,-,-,NA,NA,LOS ANGELES,LOS ANGELES,-118.25044383,33.99112547
6475905,2014,2014-07-24,1942,2014-04-25,2000,38694,0551,5,5,7,1942,0,0,0,E,0,3T5,1ST ST,PATTON AV,0,NA,Y,B,-,N,NA,NA,NA,NA,NA,NA,NA,NA,NA,N,2,0,1,2,A,-,10,21950,A,N,G,B,B,A,H,-,C,D,0,Y,NA,NA,NA,Y,NA,A,01,1,0,0,0,1,0,0,0,0,-,-,NA,NA,LOS ANGELES,LOS ANGELES,-118.30648,33.74336006
6475907,2014,2014-07-16,1942,2014-04-27,0510,39876,1373,7,5,7,1942,0,0,0,M,0,1TL24,CENTRAL AV,E 56TH ST,0,NA,Y,A,-,N,NA,NA,NA,NA,NA,NA,NA,NA,NA,Y,4,0,2,2,A,-,09,21802,A,N,D,C,A,A,H,-,C,A,0,NA,NA,NA,NA,Y,NA,A,01,0,0,2,0,0,0,0,0,0,-,-,NA,NA,LOS ANGELES,LOS ANGELES,-118.25646006,33.99206007
6475909,2014,2014-07-24,1942,2014-04-22,1100,38503,0525,2,5,7,1942,0,0,0,E,0,5T21,MARINE AV,C ST,0,NA,Y,B,-,N,NA,NA,NA,NA,NA,NA,NA,NA,NA,N,4,0,1,2,A,-,12,22450,A,F,D,C,A,A,H,-,A,A,0,NA,NA,NA,NA,Y,NA,-,99,0,0,1,0,0,0,0,0,0,-,-,NA,NA,LOS ANGELES,LOS ANGELES,-118.2632101,33.772660020000004
6475911,2014,2014-07-16,1942,2014-04-28,1005,39721,RD134,1,5,7,1942,0,0,0,NA,0,1X92W4,MAIN ST,37TH ST,15,N,N,A,-,N,NA,NA,NA,NA,NA,NA,NA,NA,NA,N,4,0,1,2,A,-,09,21801,A,N,D,C,A,A,H,-,A,D,0,NA,NA,Y,NA,Y,NA,C,02,0,0,1,0,0,0,0,0,0,-,-,NA,NA,LOS ANGELES,LOS ANGELES,-118.27402954,34.01495114
6475915,2014,2014-07-16,1942,2014-04-28,1800,40325,1331,1,5,7,1942,0,0,0,M,0,2T15,MAIN ST,36TH ST,80,N,N,A,-,N,NA,NA,NA,NA,NA,NA,NA,NA,NA,N,3,0,1,2,A,-,03,22350,NA,F,C,G,A,A,H,-,B,A,0,NA,Y,NA,NA,Y,NA,-,99,0,1,0,0,0,0,1,0,0,-,-,NA,NA,LOS ANGELES,LOS ANGELES,-118.27369531,34.01698328
6476135,2014,2015-12-29,9565,2014-03-06,0745,19362,NA,4,1,5,1928,0,1,1,NA,2,060,RT 405,MARINE AV,100,N,N,B,-,Y,LA,7,405,-,-,18.69,H,-,S,Y,3,0,1,2,A,-,08,22107,NA,N,B,C,A,A,H,-,A,D,1,NA,NA,NA,NA,Y,NA,D,22,0,1,0,0,0,0,0,0,0,-,-,33.5341,-118.22152,LOS ANGELES,HAWTHORNE,-118.36717996,33.8949956
6476169,2014,2014-07-08,1900,2014-03-07,1710,468455,1322,5,5,5,1935,0,0,0,NA,0,132T2,ALLINGTON ST,CARPINTERO AV,130,W,N,B,-,N,NA,NA,NA,NA,NA,NA,NA,NA,NA,Y,4,0,1,2,A,-,08,22107,NA,N,C,E,A,A,H,-,A,D,0,NA,NA,NA,NA,Y,NA,A,NA,0,0,1,0,0,0,0,0,0,-,-,NA,NA,LOS ANGELES,LAKEWOOD,-118.1147473,33.86557679
6476170,2014,2014-07-08,1900,2014-03-14,0700,476816,1324,5,5,5,1935,0,0,0,NA,0,132T1,GONDAR AV,SEABORN ST,0,NA,Y,A,-,N,NA,NA,NA,NA,NA,NA,NA,NA,NA,Y,4,0,1,2,A,-,08,22107,NA,N,B,E,A,A,H,-,A,A,0,NA,NA,NA,NA,Y,NA,D,NA,0,0,1,0,0,0,0,0,0,-,-,NA,NA,LOS ANGELES,LAKEWOOD,-118.11311011,33.84023002
6476182,2014,2014-07-08,1900,2014-03-12,1610,525866,1360,3,5,5,1952,0,0,0,NA,0,136K,ROSECRANS AV,GIBSON AV,1000,E,N,A,-,N,NA,NA,NA,NA,NA,NA,NA,NA,NA,N,4,0,1,2,A,-,04,21703,NA,N,C,C,A,A,H,-,A,D,0,NA,NA,NA,NA,Y,NA,A,NA,0,0,1,0,0,0,0,0,0,-,-,NA,NA,LOS ANGELES,PARAMOUNT,-118.18627188,33.90366691
6476209,2014,2015-08-14,1900,2014-03-25,1641,509582,1324,2,5,5,1935,0,0,0,NA,0,132T2,WOODRUFF AV,HARVEY WY,0,NA,Y,A,-,N,NA,NA,NA,NA,NA,NA,NA,NA,NA,Y,3,0,1,4,A,-,09,21801,A,N,D,C,A,A,H,-,A,A,0,NA,NA,NA,NA,Y,NA,A,NA,0,1,0,0,0,0,0,0,0,-,-,NA,NA,LOS ANGELES,LAKEWOOD,-118.11673009,33.83610003
6476321,2014,2015-03-13,1948,2014-04-04,1458,440,1948,5,5,5,1948,0,0,0,NA,0,002,HELLMAN AV,ALHAMBRA AV,194,W,N,A,-,N,NA,NA,NA,NA,NA,NA,NA,NA,NA,N,4,0,2,2,A,-,21,22106,NA,N,B,C,A,A,H,-,A,D,0,NA,NA,NA,NA,Y,NA,-,NA,0,0,2,0,0,0,0,0,0,-,-,NA,NA,LOS ANGELES,MONTEREY PARK,-118.1174692,34.06977501
6476499,2014,2016-04-23,9550,2014-04-20,2030,020755,NA,7,2,6,1920,0,1,1,NA,2,651,RT 605,FLORENCE AV,400,S,N,A,-,Y,LA,7,605,-,R,9.27,H,-,S,Y,4,0,1,2,A,-,03,22350,NA,N,C,C,A,A,H,-,C,D,1,NA,NA,NA,NA,Y,NA,D,22,0,0,1,0,0,0,0,0,0,-,-,33.93692,-118.09911,LOS ANGELES,DOWNEY,-118.09912919,33.93663421