CASE_ID,ACCIDENT_YEAR,PROC_DATE,JURIS,COLLISION_DATE,COLLISION_TIME,OFFICER_ID,REPORTING_DISTRICT,DAY_OF_WEEK,CHP_SHIFT,POPULATION,CNTY_CITY_LOC,SPECIAL_COND,BEAT_TYPE,CHP_BEAT_TYPE,CITY_DIVISION_LAPD,CHP_BEAT_CLASS,BEAT_NUMBER,PRIMARY_RD,SECONDARY_RD,DISTANCE,DIRECTION,INTERSECTION,WEATHER_1,WEATHER_2,STATE_HWY_IND,CALTRANS_COUNTY,CALTRANS_DISTRICT,STATE_ROUTE,ROUTE_SUFFIX,POSTMILE_PREFIX,POSTMILE,LOCATION_TYPE,RAMP_INTERSECTION,SIDE_OF_HWY,TOW_AWAY,COLLISION_SEVERITY,NUMBER_KILLED,NUMBER_INJURED,PARTY_COUNT,PRIMARY_COLL_FACTOR,PCF_CODE_OF_VIOL,PCF_VIOL_CATEGORY,PCF_VIOLATION,PCF_VIOL_SUBSECTION,HIT_AND_RUN,TYPE_OF_COLLISION,MVIW,PED_ACTION,ROAD_SURFACE,ROAD_COND_1,ROAD_COND_2,LIGHTING,CONTROL_DEVICE,CHP_ROAD_TYPE,PEDESTRIAN_ACCIDENT,BICYCLE_ACCIDENT,MOTORCYCLE_ACCIDENT,TRUCK_ACCIDENT,NOT_PRIVATE_PROPERTY,ALCOHOL_INVOLVED,STWD_VEHTYPE_AT_FAULT,CHP_VEHTYPE_AT_FAULT,COUNT_SEVERE_INJ,COUNT_VISIBLE_INJ,COUNT_COMPLAINT_PAIN,COUNT_PED_KILLED,COUNT_PED_INJURED,COUNT_BICYCLIST_KILLED,COUNT_BICYCLIST_INJURED,COUNT_MC_KILLED,COUNT_MC_INJURED,PRIMARY_RAMP,SECONDARY_RAMP,LATITUDE,LONGITUDE,COUNTY,CITY,POINT_X,POINT_Y
6477004,2014,2014-07-12,1942,2014-04-25,1712,38357,0245,5,5,7,1942,0,0,0,B,0,13TL22,CARONDELET ST,6TH ST,355,S,N,A,-,N,NA,NA,NA,NA,NA,NA,NA,NA,NA,N,3,0,1,2,A,-,11,21950,B,N,G,B,D,A,H,-,A,D,0,Y,NA,NA,NA,Y,NA,N,60,0,1,0,0,1,0,0,0,0,-,-,NA,NA,LOS ANGELES,LOS ANGELES,-118.28009115,34.06079128
6477007,2014,2014-07-12,1942,2014-04-28,1550,40099,1142,1,5,7,1942,0,0,0,K,0,4TL4,LOS FELIZ BL,HILLHURST AV,30,W,N,A,-,N,NA,NA,NA,NA,NA,NA,NA,NA,NA,Y,4,0,1,2,A,-,09,21801,A,N,D,C,A,A,H,-,A,D,0,NA,NA,NA,NA,Y,NA,A,01,0,0,1,0,0,0,0,0,0,-,-,NA,NA,LOS ANGELES,LOS ANGELES,-118.28753642,34.11187163
6477008,2014,2014-07-12,1942,2014-04-24,1220,31476,0478,4,5,7,1942,0,0,0,D,0,2T15,LORENA ST,SABINA ST,22,E,N,A,-,N,NA,NA,NA,NA,NA,NA,NA,NA,NA,N,4,0,2,2,A,-,09,21804,A,N,D,C,A,A,H,-,A,D,0,NA,NA,NA,NA,Y,NA,A,01,0,0,2,0,0,0,0,0,0,-,-,NA,NA,LOS ANGELES,LOS ANGELES,-118.19964501,34.02984283
6477011,2014,2014-07-12,1942,2014-04-08,1620,34426,1158,2,5,7,1942,0,0,0,K,0,2TL28,GLENWOOD AV,AVENUE 42,64,E,N,A,-,N,NA,NA,NA,NA,NA,NA,NA,NA,NA,N,4,0,1,1,A,-,08,22107,NA,N,E,I,A,A,H,-,A,D,0,NA,NA,NA,NA,Y,NA,A,01,0,0,1,0,0,0,0,0,0,-,-,NA,NA,LOS ANGELES,LOS ANGELES,-118.21328678,34.09749449
6477012,2014,2014-07-12,1942,2014-04-26,0825,39876,1144,6,5,7,1942,0,0,0,K,0,1TL24,HYPERION AV,TRACY ST,385,S,N,A,-,N,NA,NA,NA,NA,NA,NA,NA,NA,NA,Y,4,0,1,1,A,-,03,22350,NA,N,E,I,A,A,H,-,A,D,0,NA,NA,NA,NA,Y,NA,A,01,0,0,1,0,0,0,0,0,0,-,-,NA,NA,LOS ANGELES,LOS ANGELES,-118.2731389,34.10304371
6477015,2014,2014-07-12,1942,2014-04-16,0440,40057,1307,3,5,7,1942,0,0,0,M,0,13A9,CENTRAL AV,8TH ST,300,N,N,A,-,N,NA,NA,NA,NA,NA,NA,NA,NA,NA,N,3,0,1,2,A,-,21,22106,NA,N,H,J,A,A,H,-,C,D,0,NA,NA,NA,NA,Y,NA,-,NA,0,1,0,0,0,0,0,0,0,-,-,NA,NA,LOS ANGELES,LOS ANGELES,-118.24285949,34.0343481
6477016,2014,2014-07-12,1942,2014-04-26,1755,34426,1126,6,5,7,1942,0,0,0,K,0,2TL28,YORK BL,AVENUE 52,100,W,N,A,-,N,NA,NA,NA,NA,NA,NA,NA,NA,NA,N,4,0,2,2,A,-,03,22350,NA,N,C,C,A,A,H,-,A,D,0,NA,NA,NA,NA,Y,NA,A,01,0,0,2,0,0,0,0,0,0,-,-,NA,NA,LOS ANGELES,LOS ANGELES,-118.2029709,34.12072303
6477019,2014,2014-07-12,1942,2014-04-26,0715,36238,0182,6,5,7,1942,0,0,0,A,0,11TL21,JAMES M WOOD BL,FIGUEROA ST,45,W,N,A,-,N,NA,NA,NA,NA,NA,NA,NA,NA,NA,N,3,0,1,2,A,-,11,21954,A,N,G,B,D,A,H,-,A,D,0,Y,NA,NA,NA,Y,NA,N,60,0,1,0,0,1,0,0,0,0,-,-,NA,NA,LOS ANGELES,LOS ANGELES,-118.26297324,34.04627183
6477020,2014,2014-07-12,1942,2014-04-26,1815,34426,1162,6,5,7,1942,0,0,0,K,0,2TL28,SUNSET BL,MANZANITA ST,0,NA,Y,A,-,N,NA,NA,NA,NA,NA,NA,NA,NA,NA,N,4,0,1,2,A,-,09,21801,A,N,D,C,A,A,H,-,A,D,0,NA,NA,Y,NA,Y,NA,A,01,0,0,1,0,0,0,0,0,1,-,-,NA,NA,LOS ANGELES,LOS ANGELES,-118.28108007,34.09313012
6477023,2014,2014-07-12,1942,2014-04-27,1715,37695,0152,7,5,7,1942,0,0,0,A,0,1A84,5TH ST,GRAND AV,5,W,N,A,-,N,NA,NA,NA,NA,NA,NA,NA,NA,NA,N,4,0,1,2,A,-,11,21456,B,N,G,B,B,A,H,-,A,A,0,Y,NA,NA,NA,Y,NA,N,60,0,0,1,0,1,0,0,0,0,-,-,NA,NA,LOS ANGELES,LOS ANGELES,-118.29017641,33.73969
6477024,2014,2014-07-12,1942,2014-04-24,1115,31152,1161,4,5,7,1942,0,0,0,K,0,11T21,SANTA MONICA BL,EDGEMONT ST,150,W,N,A,-,N,NA,NA,NA,NA,NA,NA,NA,NA,NA,N,4,0,1,2,A,-,-,NA,NA,N,D,G,A,A,H,-,A,D,0,NA,Y,NA,NA,Y,NA,L,04,0,0,1,0,0,0,1,0,0,-,-,NA,NA,LOS ANGELES,LOS ANGELES,-118.29657426,34.09085838
6477028,2014,2014-07-12,1942,2014-04-24,1208,38171,1128,4,5,7,1942,0,0,0,K,0,11T32,AVE 64,ELGIN ST,16,S,N,A,-,N,NA,NA,NA,NA,NA,NA,NA,NA,NA,Y,3,0,3,2,A,-,03,22350,NA,N,C,C,A,A,H,-,A,D,0,NA,NA,NA,NA,Y,NA,-,99,0,1,2,0,0,0,0,0,0,-,-,NA,NA,LOS ANGELES,LOS ANGELES,-118.17933308,34.11809055
6477031,2014,2014-07-12,1942,2014-04-28,0650,39876,0111,1,5,7,1942,0,0,0,A,0,1TL24,CESAR E CHAVEZ AV,FIGUEROA ST,85,E,N,A,-,N,NA,NA,NA,NA,NA,NA,NA,NA,NA,N,4,0,1,2,A,-,11,21955,NA,N,B,B,D,A,H,-,A,D,0,Y,NA,NA,NA,Y,NA,N,60,0,0,1,0,1,0,0,0,0,-,-,NA,NA,LOS ANGELES,LOS ANGELES,-118.24611208,34.06249506
6477032,2014,2014-07-12,1942,2014-04-21,1700,31542,1354,1,5,7,1942,0,0,0,M,0,1TL24,MAIN ST,40TH PL,83,S,N,A,-,N,NA,NA,NA,NA,NA,NA,NA,NA,NA,N,4,0,1,2,A,-,08,22102,NA,F,D,C,A,A,H,-,A,A,0,NA,NA,NA,NA,Y,NA,-,99,0,0,1,0,0,0,0,0,0,-,-,NA,NA,LOS ANGELES,LOS ANGELES,-118.27401,34.00985237
6477035,2014,2014-07-12,1942,2014-04-28,1440,39889,0138,1,5,7,1942,0,0,0,A,0,1TL24,4TH ST,CROCKER ST,0,NA,Y,A,-,N,NA,NA,NA,NA,NA,NA,NA,NA,NA,Y,4,0,1,2,A,-,08,22100,A,N,B,C,A,A,H,-,A,A,0,NA,NA,NA,NA,Y,NA,A,01,0,0,1,0,0,0,0,0,0,-,-,NA,NA,LOS ANGELES,LOS ANGELES,-118.24150004,34.0449201
6477036,2014,2014-07-12,1942,2014-04-25,1735,39889,1321,5,5,7,1942,0,0,0,M,0,1TL24,MAIN ST,WASHINGTON BL,15,N,N,B,-,N,NA,NA,NA,NA,NA,NA,NA,NA,NA,Y,4,0,4,2,A,-,03,22350,NA,N,C,C,A,A,H,-,A,A,0,NA,NA,NA,NA,Y,NA,A,08,0,0,4,0,0,0,0,0,0,-,-,NA,NA,LOS ANGELES,LOS ANGELES,-118.2646313,34.03099349
6477039,2014,2014-07-26,1942,2014-04-23,1900,36809,RD023,3,5,7,1942,0,0,0,NA,0,NA,TEMPLE ST,BEAUDRY,0,NA,Y,A,-,N,NA,NA,NA,NA,NA,NA,NA,NA,NA,Y,4,0,1,2,A,-,08,22100,A,N,B,C,A,A,H,-,A,A,0,NA,NA,NA,NA,Y,NA,-,NA,0,0,1,0,0,0,0,0,0,-,-,NA,NA,LOS ANGELES,LOS ANGELES,-118.2513601,34.0632001
6477040,2014,2014-07-12,1942,2014-04-25,2150,36023,1343,5,5,7,1942,0,0,0,M,0,11T21,41ST PL,AVALON BL,20,W,N,B,C,N,NA,NA,NA,NA,NA,NA,NA,NA,NA,Y,4,0,1,2,A,-,03,22350,NA,M,A,C,A,B,H,-,-,D,0,NA,NA,NA,NA,Y,Y,A,01,0,0,1,0,0,0,0,0,0,-,-,NA,NA,LOS ANGELES,LOS ANGELES,-118.26534586,34.00816
6477093,2014,2016-04-22,9550,2014-04-24,0800,15329,NA,4,1,5,1908,0,1,3,NA,2,091,RT 91,DOWNEY AV,100,E,N,A,-,Y,LA,7,91,-,R,14.15,H,-,W,Y,4,0,1,4,A,-,03,22350,NA,N,C,C,A,A,H,-,A,D,1,NA,NA,NA,NA,Y,NA,A,01,0,0,1,0,0,0,0,0,0,-,-,33.87703,-118.15093,LOS ANGELES,BELLFLOWER,-118.15078467,33.87716268
6477122,2014,2016-04-23,9550,2014-04-28,1550,14385,NA,1,2,9,1900,0,1,1,NA,2,650,RT 605,PECK RD,1056,S,N,A,-,Y,LA,7,605,-,R,16.45,H,-,N,N,4,0,1,2,A,-,03,22350,NA,N,C,C,A,A,H,-,A,D,1,NA,NA,NA,Y,Y,NA,A,01,0,0,1,0,0,0,0,0,0,-,-,34.02399,-118.04272,LOS ANGELES,UNINCORPORATED,-118.04043095,34.02551384
6477146,2014,2016-04-23,9550,2014-04-27,1455,20688,NA,7,2,5,1919,0,1,1,NA,2,652,RT 605,SOUTH ST,250,S,N,A,-,Y,LA,7,605,-,R,3.7,H,-,S,Y,3,0,1,1,A,-,08,22107,NA,N,F,A,A,A,H,-,A,D,1,NA,NA,NA,NA,Y,NA,D,22,0,1,0,0,0,0,0,0,0,-,-,33.85629,-118.09594,LOS ANGELES,CERRITOS,-118.09619257,33.85762679
6477170,2014,2016-04-22,9550,2014-04-26,0905,20696,NA,6,1,3,1903,0,1,3,NA,2,091,RT 91,PIONEER BL,100,W,N,A,-,Y,LA,7,91,-,R,18.06,R,1,E,N,4,0,1,2,A,-,03,22350,NA,N,C,C,A,A,H,-,A,A,1,NA,NA,NA,NA,Y,NA,D,22,0,0,1,0,0,0,0,0,0,FR,-,33.87557,-118.08342,LOS ANGELES,ARTESIA,-118.08307709,33.87645488
6477173,2014,2016-03-21,9565,2014-03-31,1440,19540,NA,1,2,7,1942,0,1,1,NA,2,083,RT 10,MANNING AV,500,W,N,A,-,Y,LA,7,10,-,R,7,H,-,E,Y,3,0,1,2,A,-,07,21658,A,N,B,C,A,A,H,-,A,D,1,NA,NA,NA,NA,Y,NA,-,NA,0,1,0,0,0,0,0,0,0,-,-,34.02969,-118.40599,LOS ANGELES,LOS ANGELES,-118.40708693,34.02991336
6477181,2014,2014-07-09,9565,2014-03-30,1500,16545,NA,7,2,9,1900,0,3,5,NA,2,003,FAIRFAX AV,STOCKER ST,400,W,N,A,-,N,NA,NA,NA,NA,NA,NA,NA,NA,NA,Y,4,0,1,2,A,-,03,22350,NA,N,C,C,A,A,H,-,A,D,0,NA,NA,NA,NA,Y,NA,D,22,0,0,1,0,0,0,0,0,0,-,-,33.99683,-118.36559,LOS ANGELES,UNINCORPORATED,-118.36569,33.99726419
6477186,2014,2016-04-22,9550,2014-04-25,1330,20765,NA,5,1,5,1919,0,1,3,NA,2,091,RT 91,STUDEBAKER RD,100,E,N,A,-,Y,LA,7,91,-,R,17.43,R,2,W,N,4,0,1,2,A,-,03,22350,NA,N,C,C,A,A,H,-,A,D,1,NA,NA,NA,NA,Y,NA,A,01,0,0,1,0,0,0,0,0,0,TO,-,33.87803,-118.10055,LOS ANGELES,CERRITOS,-118.09399852,33.8764085
6477198,2014,2016-02-05,9550,2014-04-24,0938,20533,NA,4,1,6,1920,0,1,1,NA,2,500,RT 5,LEMORAN AV,200,S,N,A,-,Y,LA,7,5,-,-,7.79,H,-,N,Y,4,0,1,2,A,-,03,22350,NA,N,C,C,A,A,H,-,A,D,1,NA,NA,NA,NA,Y,NA,A,01,0,0,1,0,0,0,0,0,0,-,-,33.95294,-118.1049,LOS ANGELES,DOWNEY,-118.1049293,33.95300648
6477211,2014,2015-03-09,1965,2014-04-26,1641,3178,B1F,6,5,5,1965,0,0,0,NA,0,B001,PICO BL,7TH ST,120.1,E,N,A,-,N,NA,NA,NA,NA,NA,NA,NA,NA,NA,Y,3,0,1,3,A,-,03,22350,NA,N,C,C,A,A,H,-,A,A,0,NA,NA,NA,NA,Y,NA,-,NA,0,1,0,0,0,0,0,0,0,-,-,NA,NA,LOS ANGELES,SANTA MONICA,-118.48386699,34.01187783
6477307,2014,2015-03-09,9545,2014-04-29,1820,014790,NA,2,2,9,1900,0,3,5,NA,2,004,AVENUE T-4,96TH ST EAST,603,W,N,A,-,N,NA,NA,NA,NA,NA,NA,NA,NA,NA,N,3,0,1,2,A,-,21,22106,NA,N,C,C,A,A,H,-,A,D,0,NA,NA,NA,NA,Y,NA,A,01,0,1,0,0,0,0,0,0,0,-,-,34.53938,-117.96036,LOS ANGELES,UNINCORPORATED,-117.960125,34.539298
6477370,2014,2015-03-05,1920,2014-04-25,0653,10705,NA,5,5,6,1920,0,0,0,NA,0,001,BELLFLOWER BL,STEWART AND GRAY RD,0,NA,Y,A,-,N,NA,NA,NA,NA,NA,NA,NA,NA,NA,N,4,0,2,2,A,-,03,22350,NA,N,C,C,A,A,H,-,A,A,0,NA,NA,NA,NA,Y,NA,D,NA,0,0,2,0,0,0,0,0,0,-,-,NA,NA,LOS ANGELES,DOWNEY,-118.12545011,33.9278301
6477476,2014,2014-07-25,1922,2014-04-08,0910,570,1922,2,5,6,1922,0,0,0,NA,0,005,BALDWIN AV,FLAIR DR,0,NA,Y,A,-,N,NA,NA,NA,NA,NA,NA,NA,NA,NA,Y,4,0,1,2,A,-,09,21802,A,N,D,C,A,A,H,-,A,D,0,NA,NA,NA,NA,Y,NA,A,01,0,0,1,0,0,0,0,0,0,-,-,NA,NA,LOS ANGELES,EL MONTE,-118.05369013,34.07165011
6477480,2014,2014-07-25,1922,2014-04-18,1408,636,NA,5,5,6,1922,0,0,0,NA,0,004,PECK RD,ASHER ST,0,NA,Y,A,-,N,NA,NA,NA,NA,NA,NA,NA,NA,NA,Y,4,0,1,2,A,-,08,22107,NA,N,D,C,A,A,H,-,A,D,0,NA,NA,NA,NA,Y,NA,A,08,0,0,1,0,0,0,0,0,0,-,-,NA,NA,LOS ANGELES,EL MONTE,-118.02954005,34.06744006
6477489,2014,2014-07-22,1965,2014-04-30,1445,3823,0B3A,3,5,5,1965,0,0,0,NA,0,003,SANTA MONICA BL,22ND ST,13,E,N,B,G,N,NA,NA,NA,NA,NA,NA,NA,NA,NA,Y,4,0,2,2,A,-,05,21650,NA,N,A,C,A,A,H,-,A,A,0,NA,NA,NA,NA,Y,NA,A,01,0,0,2,0,0,0,0,0,0,-,-,NA,NA,LOS ANGELES,SANTA MONICA,-118.47823945,34.03011499
6477493,2014,2014-07-22,1965,2014-04-29,2115,3158,0B2A,2,5,5,1965,0,0,0,NA,0,B002,4TH ST,ASHLAND AV,0,NA,Y,A,-,N,NA,NA,NA,NA,NA,NA,NA,NA,NA,N,2,0,1,2,A,-,-,NA,NA,F,G,B,B,A,H,-,C,A,0,Y,NA,NA,NA,Y,NA,A,01,1,0,0,0,1,0,0,0,0,-,-,NA,NA,LOS ANGELES,SANTA MONICA,-118.47878004,34.00121005
6477497,2014,2014-07-22,1965,2014-04-29,1650,3158,OB4B,2,5,5,1965,0,0,0,NA,0,B004,10TH ST,CARLYLE AV,235,S,N,A,-,N,NA,NA,NA,NA,NA,NA,NA,NA,NA,N,3,0,1,2,D,-,00,NA,NA,N,H,G,A,A,H,-,A,A,0,NA,Y,NA,NA,Y,NA,-,-,0,1,0,0,0,0,1,0,0,-,-,NA,NA,LOS ANGELES,SANTA MONICA,-118.50342198,34.03291461
6477501,2014,2014-07-22,1965,2014-04-18,1506,3238,OB2A,5,5,5,1965,0,0,0,NA,0,B002,PICO BL,4TH ST,0,NA,Y,A,-,N,NA,NA,NA,NA,NA,NA,NA,NA,NA,Y,4,0,1,2,A,-,12,21453,A,N,D,C,A,-,H,-,A,A,0,NA,NA,NA,NA,Y,NA,-,NA,0,0,1,0,0,0,0,0,0,-,-,NA,NA,LOS ANGELES,SANTA MONICA,-118.48728,34.00964011
6477523,2014,2014-07-22,1942,2014-04-23,0615,37505,1123,3,5,7,1942,0,0,0,K,0,13TL53,LOS FELIZ BL,EDENHURST AV,0,NA,Y,A,-,N,NA,NA,NA,NA,NA,NA,NA,NA,NA,Y,4,0,1,2,A,-,09,21801,A,N,D,C,A,A,H,-,A,A,0,NA,NA,NA,NA,Y,NA,A,01,0,0,1,0,0,0,0,0,0,-,-,NA,NA,LOS ANGELES,LOS ANGELES,-118.26655011,34.1245201
6477524,2014,2016-03-16,1942,2014-04-15,2045,39586,1123,2,5,7,1942,0,0,0,K,0,11TL21,LOS FELIZ BL,SENECA AV,0,NA,Y,A,-,N,NA,NA,NA,NA,NA,NA,NA,NA,NA,Y,3,0,1,2,A,-,12,21453,A,F,D,C,A,A,H,-,C,A,0,NA,NA,NA,NA,Y,NA,A,07,0,1,0,0,0,0,0,0,0,-,-,NA,NA,LOS ANGELES,LOS ANGELES,-118.26287001,34.12645001
6477527,2014,2014-07-21,1942,2014-04-19,0100,36023,1125,6,5,7,1942,0,0,0,K,0,11T21,LINCOLN AV,AVENUE 50,425,E,N,A,-,N,NA,NA,NA,NA,NA,NA,NA,NA,NA,Y,3,0,1,3,A,-,08,22107,NA,N,C,C,A,A,H,-,C,D,0,NA,NA,NA,NA,Y,NA,A,01,0,1,0,0,0,0,0,0,0,-,-,NA,NA,LOS ANGELES,LOS ANGELES,-118.20577784,34.1203263
6477528,2014,2014-07-24,1942,2014-04-18,0600,39759,1181,5,5,7,1942,0,0,0,K,0,2T15,ALVARADO ST,RESERVOIR ST,9,S,N,A,-,N,NA,NA,NA,NA,NA,NA,NA,NA,NA,N,2,0,1,2,A,-,11,21456,B,F,G,B,B,A,H,-,A,A,0,Y,NA,NA,NA,Y,Y,-,-,1,0,0,0,1,0,0,0,0,-,-,NA,NA,LOS ANGELES,LOS ANGELES,-118.26261333,34.07902795
6477530,2014,2014-07-23,9545,2014-04-27,0120,20655,NA,7,3,9,1900,0,3,5,NA,2,004,50TH ST E,AVENUE P,0,NA,Y,A,-,N,NA,NA,NA,NA,NA,NA,NA,NA,NA,Y,4,0,1,1,A,-,01,23152,A,N,E,I,A,A,H,-,D,A,0,NA,NA,NA,NA,Y,Y,A,07,0,0,1,0,0,0,0,0,0,-,-,34.60201,-118.04061,LOS ANGELES,UNINCORPORATED,-118.04088002,34.60198004
6477531,2014,2016-04-21,1942,2014-04-23,2100,40730,0462,3,5,7,1942,0,0,0,D,0,2T15,N HOLLYWOOD,4TH ST,3,S,N,A,-,Y,LA,7,101,-,S,0.52,R,1,N,N,4,0,1,2,A,-,09,21453,B,N,D,G,A,A,H,-,C,A,0,NA,Y,NA,NA,Y,NA,A,08,0,0,1,0,0,0,1,0,0,-,-,NA,NA,LOS ANGELES,LOS ANGELES,-118.22120847,34.04149043
6477532,2014,2014-07-26,1942,2014-04-16,1205,36937,0201,3,5,7,1942,0,0,0,B,0,20A33,VERMONT,OAKWOOD,0,NA,Y,A,-,N,NA,NA,NA,NA,NA,NA,NA,NA,NA,Y,4,0,3,2,A,-,12,21453,A,N,D,C,A,A,H,-,A,A,0,NA,NA,NA,NA,Y,NA,-,NA,0,0,3,0,0,0,0,0,0,-,-,NA,NA,LOS ANGELES,LOS ANGELES,-118.29170003,34.07775005
6477534,2014,2014-07-23,9545,2014-04-19,0235,19901,NA,6,3,9,1900,0,3,5,NA,2,004,AVENUE P,15TH ST E,1584,E,N,A,-,N,NA,NA,NA,NA,NA,NA,NA,NA,NA,N,3,0,1,2,A,-,01,21200,5,F,C,G,A,A,H,-,D,D,0,NA,Y,NA,NA,Y,Y,L,04,0,1,0,0,0,0,1,0,0,-,-,34.60232,-118.09642,LOS ANGELES,UNINCORPORATED,-118.09793035,34.60233078
6477535,2014,2014-07-22,1942,2014-04-15,1440,40099,0464,2,5,7,1942,0,0,0,D,0,4TL4,SOTO ST,1ST,2,N,N,A,-,N,NA,NA,NA,NA,NA,NA,NA,NA,NA,Y,3,0,1,2,A,-,05,21650,1,N,-,G,A,A,H,-,A,A,0,NA,Y,NA,NA,Y,NA,A,01,0,1,0,0,0,0,1,0,0,-,-,NA,NA,LOS ANGELES,LOS ANGELES,-118.20978,34.04375
6477536,2014,2014-07-23,1942,2014-04-19,1055,38972,0166,6,5,7,1942,0,0,0,A,0,1Z5,SAN PEDRO ST,6TH ST,9,N,N,A,-,N,NA,NA,NA,NA,NA,NA,NA,NA,NA,N,4,0,1,2,A,-,10,21950,A,N,G,B,B,A,H,-,A,A,0,Y,NA,NA,NA,Y,NA,A,07,0,0,1,0,1,0,0,0,0,-,-,NA,NA,LOS ANGELES,LOS ANGELES,-118.24525451,34.04228104
6477538,2014,2014-07-23,9545,2014-04-29,0720,12250,NA,2,1,9,1900,0,3,5,NA,2,004,110TH ST EAST,AVENUE P,713,S,N,A,-,N,NA,NA,NA,NA,NA,NA,NA,NA,NA,Y,3,0,1,1,A,-,08,22107,NA,N,F,A,A,A,H,-,A,A,0,NA,NA,NA,NA,Y,NA,A,01,0,1,0,0,0,0,0,0,0,-,-,34.59988,-117.93418,LOS ANGELES,UNINCORPORATED,-117.93407019,34.59999554
6477539,2014,2014-07-21,1942,2014-04-13,2330,40545,0477,7,5,7,1942,0,0,0,D,0,11T21,EUCLID AV,WHITTIER BL,15,N,N,A,-,N,NA,NA,NA,NA,NA,NA,NA,NA,NA,N,4,0,1,2,A,-,03,22350,NA,F,C,C,A,A,H,-,C,D,0,NA,NA,NA,NA,Y,NA,-,99,0,0,1,0,0,0,0,0,0,-,-,NA,NA,LOS ANGELES,LOS ANGELES,-118.20734645,34.03068616
6477540,2014,2014-07-26,1942,2014-04-20,0920,33260,0265,7,5,7,1942,0,0,0,B,0,2TL15,BONNIE BRAE,7TH ST,0,NA,Y,A,-,N,NA,NA,NA,NA,NA,NA,NA,NA,NA,Y,3,0,1,2,A,-,12,21453,A,N,D,C,A,A,H,-,A,A,0,NA,NA,NA,NA,Y,NA,-,-,0,1,0,0,0,0,0,0,0,-,-,NA,NA,LOS ANGELES,LOS ANGELES,-118.27457012,34.05545006
6477543,2014,2015-09-28,1942,2014-04-17,2030,38233,1141,4,5,7,1942,0,0,0,K,0,13T53W,N VERMONT AV,AMBROSE AV,0,NA,Y,A,-,N,NA,NA,NA,NA,NA,NA,NA,NA,NA,N,3,0,1,2,A,-,-,NA,NA,N,A,G,A,-,H,-,C,A,0,NA,Y,NA,NA,Y,NA,-,-,0,1,0,0,0,0,1,0,0,-,-,NA,NA,LOS ANGELES,LOS ANGELES,-118.2918001,34.10996004
6477544,2014,2014-07-23,1942,2014-04-19,1505,33260,0235,6,5,7,1942,0,0,0,B,0,2T15,ALVARADO ST,COURT ST,170,S,N,A,-,N,NA,NA,NA,NA,NA,NA,NA,NA,NA,Y,3,0,2,2,A,-,09,21804,A,N,D,C,A,A,H,-,A,D,0,NA,NA,NA,NA,Y,NA,A,01,0,1,1,0,0,0,0,0,0,-,-,NA,NA,LOS ANGELES,LOS ANGELES,-118.26894873,34.06885647
6477547,2014,2014-07-22,1942,2014-04-19,0210,31517,RD116,6,5,7,1942,0,0,0,NA,0,11A37,SANTA MONICA BL,GATEWAY AV,0,NA,Y,A,-,N,NA,NA,NA,NA,NA,NA,NA,NA,NA,Y,2,0,1,2,A,-,01,23152,A,N,-,C,A,A,H,-,C,-,0,NA,NA,NA,NA,Y,Y,A,01,1,0,0,0,0,0,0,0,0,-,-,NA,NA,LOS ANGELES,LOS ANGELES,-118.28170009,34.09233001
6477548,2014,2014-07-23,1942,2014-04-08,0720,37908,0469,2,5,7,1942,0,0,0,D,0,4A3,LORENA ST,GLEASON AV,0,NA,Y,A,-,N,NA,NA,NA,NA,NA,NA,NA,NA,NA,N,3,0,1,2,A,-,05,21650,1,N,D,G,A,A,H,-,A,D,0,NA,Y,NA,NA,Y,NA,L,04,0,1,0,0,0,0,1,0,0,-,-,NA,NA,LOS ANGELES,LOS ANGELES,-118.19561002,34.03627008
6477551,2014,2014-07-22,1942,2014-04-23,2205,36698,1162,3,5,7,1942,0,0,0,K,0,11T21,FOUNTAIN AV,LYMAN PL,0,NA,Y,A,-,N,NA,NA,NA,NA,NA,NA,NA,NA,NA,Y,4,0,1,2,A,-,03,22350,NA,N,C,C,A,A,H,-,C,D,0,NA,NA,NA,NA,Y,NA,A,01,0,0,1,0,0,0,0,0,0,-,-,NA,NA,LOS ANGELES,LOS ANGELES,-118.28874001,34.09565009
6477552,2014,2014-07-21,1942,2014-04-19,0040,39184,LOS A,6,5,7,1942,0,0,0,NA,0,0437,VALLEY BL,DEL PASO AV,165,W,N,A,-,N,NA,NA,NA,NA,NA,NA,NA,NA,NA,Y,3,0,2,1,A,-,03,22350,NA,N,E,I,A,A,H,-,C,A,0,NA,NA,NA,NA,Y,NA,A,01,0,1,1,0,0,0,0,0,0,-,-,NA,NA,LOS ANGELES,LOS ANGELES,-118.1826424,34.06304819
6477553,2014,2014-07-23,9545,2014-04-25,2145,20228,NA,5,2,9,1900,0,3,5,NA,2,002,ELIZABETH LAKE RD,BOUQUET CANYON RD,424,W,N,C,-,N,NA,NA,NA,NA,NA,NA,NA,NA,NA,Y,3,0,1,1,A,-,01,23152,A,N,F,I,A,B,H,-,D,D,0,NA,NA,NA,NA,Y,Y,A,01,0,1,0,0,0,0,0,0,0,-,-,34.61236,-118.27285,LOS ANGELES,UNINCORPORATED,-118.27245896,34.61219437