CASE_ID,ACCIDENT_YEAR,PROC_DATE,JURIS,COLLISION_DATE,COLLISION_TIME,OFFICER_ID,REPORTING_DISTRICT,DAY_OF_WEEK,CHP_SHIFT,POPULATION,CNTY_CITY_LOC,SPECIAL_COND,BEAT_TYPE,CHP_BEAT_TYPE,CITY_DIVISION_LAPD,CHP_BEAT_CLASS,BEAT_NUMBER,PRIMARY_RD,SECONDARY_RD,DISTANCE,DIRECTION,INTERSECTION,WEATHER_1,WEATHER_2,STATE_HWY_IND,CALTRANS_COUNTY,CALTRANS_DISTRICT,STATE_ROUTE,ROUTE_SUFFIX,POSTMILE_PREFIX,POSTMILE,LOCATION_TYPE,RAMP_INTERSECTION,SIDE_OF_HWY,TOW_AWAY,COLLISION_SEVERITY,NUMBER_KILLED,NUMBER_INJURED,PARTY_COUNT,PRIMARY_COLL_FACTOR,PCF_CODE_OF_VIOL,PCF_VIOL_CATEGORY,PCF_VIOLATION,PCF_VIOL_SUBSECTION,HIT_AND_RUN,TYPE_OF_COLLISION,MVIW,PED_ACTION,ROAD_SURFACE,ROAD_COND_1,ROAD_COND_2,LIGHTING,CONTROL_DEVICE,CHP_ROAD_TYPE,PEDESTRIAN_ACCIDENT,BICYCLE_ACCIDENT,MOTORCYCLE_ACCIDENT,TRUCK_ACCIDENT,NOT_PRIVATE_PROPERTY,ALCOHOL_INVOLVED,STWD_VEHTYPE_AT_FAULT,CHP_VEHTYPE_AT_FAULT,COUNT_SEVERE_INJ,COUNT_VISIBLE_INJ,COUNT_COMPLAINT_PAIN,COUNT_PED_KILLED,COUNT_PED_INJURED,COUNT_BICYCLIST_KILLED,COUNT_BICYCLIST_INJURED,COUNT_MC_KILLED,COUNT_MC_INJURED,PRIMARY_RAMP,SECONDARY_RAMP,LATITUDE,LONGITUDE,COUNTY,CITY,POINT_X,POINT_Y
6484200,2014,2016-03-26,9565,2014-03-06,1545,016074,NA,4,2,7,1942,0,1,1,NA,2,061,RT 405,VENICE BL,100,S,N,A,-,Y,LA,7,405,-,-,27.93,H,-,N,N,4,0,2,2,A,-,03,22350,NA,F,C,C,A,A,H,-,A,D,1,NA,NA,NA,NA,Y,NA,-,99,0,0,2,0,0,0,0,0,0,-,-,34.0111,-118.4175,LOS ANGELES,LOS ANGELES,-118.41804521,34.01186984
6484204,2014,2015-12-29,9565,2014-03-17,1500,16943,NA,1,2,5,1928,0,1,1,NA,2,060,RT 405,INGLEWOOD AV,100,W,N,A,-,Y,LA,7,105,-,R,2.576,R,1,E,N,4,0,1,2,A,-,03,22350,NA,N,C,C,A,A,H,-,A,D,1,NA,NA,NA,NA,Y,NA,A,01,0,0,1,0,0,0,0,0,0,-,-,33.93474,-118.43247,LOS ANGELES,HAWTHORNE,-118.36075641,33.93196255
6484206,2014,2016-04-21,9540,2014-05-09,2320,19545,NA,5,3,6,1985,0,1,1,NA,2,506,RT 5,MCBEAN PKWY,1000,N,N,A,-,Y,LA,7,5,-,R,51.65,H,-,N,Y,3,0,1,2,A,-,08,22107,NA,N,C,C,A,A,H,-,C,D,1,NA,NA,NA,Y,Y,Y,D,22,0,1,0,0,0,0,0,0,0,-,-,34.39045,-118.57018,LOS ANGELES,SANTA CLARITA,-118.5717938,34.39712405
6484208,2014,2014-07-09,9565,2014-03-17,0738,020349,NA,1,1,9,1900,0,3,5,NA,2,004,CONDON AV,104TH ST,500,S,N,A,-,N,NA,NA,NA,NA,NA,NA,NA,NA,NA,Y,3,0,1,2,A,-,08,22107,NA,N,A,C,A,A,H,-,A,D,0,NA,NA,Y,NA,Y,NA,A,01,0,1,0,0,0,0,0,0,1,-,-,33.93625,-118.35481,LOS ANGELES,UNINCORPORATED,-118.35915844,33.94043866
6484212,2014,2016-03-21,9565,2014-03-17,0700,18154,NA,1,1,7,1942,0,1,1,NA,2,083,RT 10,BAGLEY AV,100,W,N,A,-,Y,LA,7,10,-,R,7.54,H,-,W,Y,4,0,1,2,A,-,03,22350,NA,N,C,C,A,A,H,-,A,D,1,NA,NA,NA,NA,Y,NA,A,01,0,0,1,0,0,0,0,0,0,-,-,34.02935,-118.3973,LOS ANGELES,LOS ANGELES,-118.39763959,34.02925991
6484216,2014,2016-03-21,9565,2014-03-20,1605,20016,NA,4,2,7,1942,0,1,1,NA,2,082,RT 10,SAWTELLE BL,300,W,N,A,-,Y,LA,7,10,-,R,5.2,H,-,E,Y,4,0,1,2,A,-,03,22350,NA,N,C,C,A,A,H,-,A,D,1,NA,NA,NA,NA,Y,NA,A,01,0,0,1,0,0,0,0,0,0,-,-,34.03032,-118.43829,LOS ANGELES,LOS ANGELES,-118.43792158,34.03057121
6484217,2014,2016-04-21,9540,2014-05-06,1325,19704,NA,2,1,9,1900,0,1,1,NA,2,508,RT 5,TEMPLIN HWY,5280,S,N,A,-,Y,LA,7,5,-,R,64.56,H,-,N,N,4,0,1,2,A,-,03,22350,NA,N,C,C,A,A,E,-,A,D,1,NA,NA,NA,NA,Y,NA,D,22,0,0,1,0,0,0,0,0,0,-,-,34.55636,-118.67272,LOS ANGELES,UNINCORPORATED,-118.67229403,34.55559959
6484220,2014,2016-01-26,9565,2014-03-17,1200,20278,NA,1,1,7,1942,0,1,1,NA,2,064,RT 405,SUNSET BL,300,N,N,A,-,Y,LA,7,405,-,-,33.06,H,-,S,Y,4,0,1,3,A,-,03,22350,NA,N,C,C,A,A,H,-,A,D,1,NA,NA,NA,NA,Y,NA,A,01,0,0,1,0,0,0,0,0,0,-,-,34.07221,-118.46805,LOS ANGELES,LOS ANGELES,-118.46736454,34.07357393
6484223,2014,2014-07-08,1900,2014-03-21,1910,529139,2619,5,5,6,1950,0,0,0,NA,0,262T1,AVENUE N,10TH ST W,0,NA,Y,-,-,N,NA,NA,NA,NA,NA,NA,NA,NA,NA,Y,4,0,2,2,A,-,12,21453,A,N,H,C,A,-,-,-,A,-,0,NA,NA,NA,NA,Y,NA,A,01,0,0,2,0,0,0,0,0,0,-,-,NA,NA,LOS ANGELES,PALMDALE,-118.1477,34.63121008
6484224,2014,2016-03-21,9565,2014-03-19,1850,020518,NA,3,2,7,1942,0,1,1,NA,2,082,RT 10,CENTINELA AV,500,E,N,A,-,Y,LA,7,10,-,R,4.44,H,-,E,N,3,0,1,2,A,-,07,21658,A,N,B,C,A,A,H,-,A,D,1,NA,NA,Y,NA,Y,NA,A,01,0,1,0,0,0,0,0,0,1,-,-,34.03031,-118.43932,LOS ANGELES,LOS ANGELES,-118.4507113,34.0277935
6484228,2014,2016-03-26,9565,2014-03-16,1400,17060,NA,7,2,6,1933,0,1,1,NA,2,060,RT 405,HILLCREST BL,70,N,N,A,-,Y,LA,7,405,-,-,23.01,H,-,S,Y,4,0,6,3,A,-,03,22350,NA,N,C,C,A,A,H,-,A,D,1,NA,NA,NA,NA,Y,NA,A,07,0,0,6,0,0,0,0,0,0,-,-,33.95674,-118.36943,LOS ANGELES,INGLEWOOD,-118.36950437,33.95656977
6484240,2014,2015-10-01,1942,2014-03-12,2005,38310,0839,3,5,7,1942,0,0,0,H,0,20T59,SANTA MONICA BL,CENTURY PARK WEST,21,W,N,A,-,N,NA,NA,NA,NA,NA,NA,NA,NA,NA,N,4,0,1,2,A,-,21,22106,NA,F,H,-,A,-,H,-,C,A,0,NA,NA,NA,NA,Y,NA,-,99,0,0,1,0,0,0,0,0,0,-,-,NA,NA,LOS ANGELES,LOS ANGELES,-118.42141681,34.05910711
6484241,2014,2014-07-17,1942,2014-03-12,1942,40067,1485,3,5,7,1942,0,0,0,N,0,14L90,SEPULVEDA WESTWAY,LATIJERA BL,300,N,N,A,-,N,NA,NA,NA,NA,NA,NA,NA,NA,NA,N,4,0,1,2,A,-,-,NA,NA,N,D,C,A,A,H,-,C,A,0,NA,NA,Y,NA,Y,NA,-,-,0,0,1,0,0,0,0,0,1,-,-,NA,NA,LOS ANGELES,LOS ANGELES,-118.39819784,33.95806283
6484242,2014,2014-07-26,1942,2014-04-19,0730,40841,0702,6,5,7,1942,0,0,0,G,0,6T7,MELROSE AV,GARDNER ST,0,NA,Y,A,-,N,NA,NA,NA,NA,NA,NA,NA,NA,NA,Y,4,0,2,2,A,-,12,21453,A,N,D,D,A,A,H,-,A,A,0,NA,NA,NA,NA,Y,NA,-,-,0,0,2,0,0,0,0,0,0,-,-,NA,NA,LOS ANGELES,LOS ANGELES,-118.35326006,34.08365006
6484245,2014,2014-07-09,1942,2014-03-21,2325,38310,1428,5,5,7,1942,0,0,0,N,0,6TL7,NATIONAL BL,WESTWOOD BL,0,NA,Y,A,-,N,NA,NA,NA,NA,NA,NA,NA,NA,NA,Y,4,0,3,2,A,-,09,21801,A,N,A,C,A,A,H,-,C,A,0,NA,NA,NA,NA,Y,NA,A,01,0,0,3,0,0,0,0,0,0,-,-,NA,NA,LOS ANGELES,LOS ANGELES,-118.42093008,34.03061011
6484249,2014,2014-07-09,1942,2014-03-17,1600,36589,1434,1,5,7,1942,0,0,0,N,0,6TYL,WALGROVE AV,VENICE BL,100,N,N,A,-,N,NA,NA,NA,NA,NA,NA,NA,NA,NA,N,4,0,1,2,A,-,21,22106,NA,N,H,C,A,A,H,-,A,D,0,NA,NA,NA,NA,Y,NA,A,01,0,0,1,0,0,0,0,0,0,-,-,NA,NA,LOS ANGELES,LOS ANGELES,-118.44661261,33.99753827
6484250,2014,2014-07-17,1942,2014-04-30,2200,24475,0839,3,5,7,1942,0,0,0,H,0,6T7,CENTURY PARK EAST,SANTA MONICA BL,250,S,N,A,-,N,NA,NA,NA,NA,NA,NA,NA,NA,NA,N,3,0,1,2,A,-,11,21954,A,N,F,B,D,A,H,-,D,D,0,Y,NA,NA,NA,Y,NA,N,60,0,1,0,0,1,0,0,0,0,-,-,NA,NA,LOS ANGELES,LOS ANGELES,-118.4155396,34.06261719
6484253,2014,2014-07-09,1942,2014-03-21,1133,36530,1467,5,5,7,1942,0,0,0,N,0,6TLTW2,SEPULVEDA BL,77TH ST,0,NA,Y,B,-,N,NA,NA,NA,NA,NA,NA,NA,NA,NA,Y,4,0,2,2,A,-,09,21801,A,N,A,C,A,A,H,-,A,A,0,NA,NA,NA,NA,Y,NA,A,01,0,0,2,0,0,0,0,0,0,-,-,NA,NA,LOS ANGELES,LOS ANGELES,-118.39494,33.97169
6484254,2014,2014-07-17,1942,2014-04-20,1940,39764,1412,7,5,7,1942,0,0,0,N,0,6TL7,PACIFIC AV,SUNSET AV,30,S,N,A,-,N,NA,NA,NA,NA,NA,NA,NA,NA,NA,N,4,0,1,2,A,-,-,NA,NA,N,C,C,A,A,H,-,C,D,0,NA,NA,NA,NA,Y,NA,A,01,0,0,1,0,0,0,0,0,0,-,-,NA,NA,LOS ANGELES,LOS ANGELES,-118.47716521,33.99386152
6484258,2014,2014-07-17,1942,2014-04-18,1510,31387,1494,5,5,7,1942,0,0,0,N,0,6T2,CENTURY BL,AVIATION BL,187,W,N,A,-,N,NA,NA,NA,NA,NA,NA,NA,NA,NA,N,3,0,1,2,A,-,07,21658,A,N,D,C,A,A,H,-,A,D,0,NA,NA,NA,NA,Y,NA,A,01,0,1,0,0,0,0,0,0,0,-,-,NA,NA,LOS ANGELES,LOS ANGELES,-118.3797453,33.9452
6484262,2014,2014-07-17,1942,2014-04-17,1325,31573,1436,4,5,7,1942,0,0,0,N,0,34MQ09,SAWTELLE BL,WESTMINISTER AV,2,S,N,A,-,N,NA,NA,NA,NA,NA,NA,NA,NA,NA,N,4,0,1,2,A,-,05,21650,NA,N,B,G,A,A,H,-,A,A,0,NA,Y,NA,NA,Y,NA,L,04,0,0,1,0,0,0,1,0,0,-,-,NA,NA,LOS ANGELES,LOS ANGELES,-118.42394641,34.0167354
6484266,2014,2014-07-17,1942,2014-04-20,1105,41325,1402,7,5,7,1942,0,0,0,N,0,14A25,BARRINGTON,PEARL ST,0,NA,Y,A,-,N,NA,NA,NA,NA,NA,NA,NA,NA,NA,N,3,0,1,2,A,-,10,21950,A,N,G,B,B,A,H,-,A,A,0,Y,NA,NA,NA,Y,NA,A,01,0,1,0,0,1,0,0,0,0,-,-,NA,NA,LOS ANGELES,LOS ANGELES,-118.4436401,34.02897003
6484270,2014,2016-04-27,1942,2014-04-03,1125,39766,1465,4,5,7,1942,0,0,0,N,0,14TL52,JEFFERSON BL,RT 405,0,NA,Y,B,-,Y,LA,7,405,-,-,25.815,R,4,S,Y,4,0,1,2,A,-,12,21453,A,N,D,C,A,A,H,-,A,A,0,NA,NA,NA,NA,Y,NA,-,-,0,0,1,0,0,0,0,0,0,-,-,NA,NA,LOS ANGELES,LOS ANGELES,-118.39795878,33.98607677
6484274,2014,2014-07-17,1942,2014-04-04,1900,25495,1444,5,5,7,1942,0,0,0,N,0,7T23,LINCOLN BL,WASHINGTON BL,40,N,N,A,-,N,NA,NA,NA,NA,NA,NA,NA,NA,NA,N,4,0,1,2,A,-,03,22350,NA,N,B,C,A,A,H,-,A,D,0,NA,NA,Y,NA,Y,NA,C,02,0,0,1,0,0,0,0,0,1,-,-,NA,NA,LOS ANGELES,LOS ANGELES,-118.44792418,33.99056067
6484278,2014,2014-07-17,1942,2014-04-10,1200,26740,1441,4,5,7,1942,0,0,0,N,0,8MQ73,ABBOT KINNEY BL,VICTORIA AV,0,NA,Y,A,-,N,NA,NA,NA,NA,NA,NA,NA,NA,NA,Y,4,0,1,2,A,-,09,21801,A,N,D,C,A,A,H,-,A,D,0,NA,NA,Y,NA,Y,NA,A,01,0,0,1,0,0,0,0,0,1,-,-,NA,NA,LOS ANGELES,LOS ANGELES,-118.45967999,33.98790011
6484282,2014,2014-07-17,1942,2014-04-12,1600,37416,1407,6,5,7,1942,0,0,0,N,0,14TL52,VENICE BL,CLARINGTON AV,25,E,N,A,-,N,NA,NA,NA,NA,NA,NA,NA,NA,NA,N,4,0,5,2,A,-,12,21453,A,N,D,C,A,A,H,-,A,A,0,NA,NA,NA,NA,Y,NA,A,01,0,0,5,0,0,0,0,0,0,-,-,NA,NA,LOS ANGELES,LOS ANGELES,-118.40029195,34.02258862
6484286,2014,2014-07-17,1942,2014-04-06,0225,36110,1488,7,5,7,1942,0,0,0,N,0,14A13,MANCHESTER AV,OSAGE AV,0,NA,Y,A,-,N,NA,NA,NA,NA,NA,NA,NA,NA,NA,N,3,0,1,2,A,-,11,21954,A,N,A,B,D,A,H,-,C,D,0,Y,NA,NA,NA,Y,NA,N,60,0,1,0,0,1,0,0,0,0,-,-,NA,NA,LOS ANGELES,LOS ANGELES,-118.37882001,33.9598901
6484290,2014,2014-07-17,1942,2014-04-02,1900,35119,1469,3,5,7,1942,0,0,0,N,0,14A67,LA TIJERA BL,CENTINELA AV,125,N,N,A,-,N,NA,NA,NA,NA,NA,NA,NA,NA,NA,N,4,0,1,2,A,-,07,21658,A,N,C,C,A,A,H,-,A,D,0,NA,NA,NA,NA,Y,NA,A,01,0,0,1,0,0,0,0,0,0,-,-,NA,NA,LOS ANGELES,LOS ANGELES,-118.37155418,33.97756445
6484293,2014,2014-07-17,1942,2014-04-22,1700,40024,0747,2,5,7,1942,0,0,0,G,0,7T72,HIGHLAND AV,OLYMPIC BL,120,S,N,A,-,N,NA,NA,NA,NA,NA,NA,NA,NA,NA,N,4,0,3,4,A,-,03,22350,NA,N,C,C,A,A,H,-,A,D,0,NA,NA,NA,NA,Y,NA,A,01,0,0,3,0,0,0,0,0,0,-,-,NA,NA,LOS ANGELES,LOS ANGELES,-118.34012052,34.05678169
6484294,2014,2014-07-17,1942,2014-04-01,1800,31255,1401,2,5,7,1942,0,0,0,N,0,7TL72,CENTINELA AV,OCEAN PARK BL,700,N,N,A,-,N,NA,NA,NA,NA,NA,NA,NA,NA,NA,Y,3,0,2,2,A,-,09,21804,A,N,D,C,A,A,H,-,A,D,0,NA,NA,NA,NA,Y,NA,A,01,0,1,1,0,0,0,0,0,0,-,-,NA,NA,LOS ANGELES,LOS ANGELES,-118.45008447,34.02471308
6484296,2014,2016-03-21,9565,2014-03-16,1815,20440,NA,7,2,5,1965,0,1,1,NA,2,081,RT 10,11TH ST,50,E,N,A,-,Y,LA,7,10,-,R,2.54,H,-,W,Y,4,0,2,2,A,-,03,22350,NA,N,C,C,A,A,H,-,A,D,1,NA,NA,NA,NA,Y,NA,A,01,0,0,2,0,0,0,0,0,0,-,-,34.01684,-118.48289,LOS ANGELES,SANTA MONICA,-118.48084791,34.01848206
6484297,2014,2014-07-17,1942,2014-04-05,1240,24517,0739,6,5,7,1942,0,0,0,G,0,7TL68,4TH ST,ROSSMORE AV,0,NA,Y,A,-,N,NA,NA,NA,NA,NA,NA,NA,NA,NA,N,3,0,1,2,A,-,09,21802,A,N,D,G,A,A,H,-,A,A,0,NA,Y,NA,NA,Y,NA,L,04,0,1,0,0,0,0,1,0,0,-,-,NA,NA,LOS ANGELES,LOS ANGELES,-118.32730007,34.06711006
6484298,2014,2014-07-26,1942,2014-04-06,1205,31387,1493,7,5,7,1942,0,0,0,N,0,6TL2,VISTA DEL MAR,IMPERIAL HWY,15,N,N,A,-,N,NA,NA,NA,NA,NA,NA,NA,NA,NA,N,3,0,1,2,A,-,07,21658,A,N,B,G,A,A,H,-,A,D,0,NA,Y,NA,NA,Y,NA,-,-,0,1,0,0,0,0,1,0,0,-,-,NA,NA,LOS ANGELES,LOS ANGELES,-118.43500899,33.93091798
6484301,2014,2014-07-17,1942,2014-04-20,1920,40157,0762,7,5,7,1942,0,0,0,G,0,20T59,LA CIENEGA BL,18TH ST,35,S,N,A,-,N,NA,NA,NA,NA,NA,NA,NA,NA,NA,Y,4,0,1,2,A,-,03,22350,NA,N,C,C,A,A,H,-,B,D,0,NA,NA,NA,NA,Y,NA,A,01,0,0,1,0,0,0,0,0,0,-,-,NA,NA,LOS ANGELES,LOS ANGELES,-118.376836,34.04441406
6484302,2014,2014-07-17,1942,2014-04-11,1124,25431,1469,5,5,7,1942,0,0,0,N,0,14MQ76,LA CIENEGA BL,THORNBURN,200,N,N,A,-,N,NA,NA,NA,NA,NA,NA,NA,NA,NA,Y,4,0,1,2,A,-,07,21658,A,N,B,C,A,A,H,-,A,D,0,NA,NA,NA,NA,Y,NA,A,01,0,0,1,0,0,0,0,0,0,-,-,NA,NA,LOS ANGELES,LOS ANGELES,-118.37017,33.96903856
6484305,2014,2014-07-17,1942,2014-04-05,1515,38380,0737,6,5,7,1942,0,0,0,G,0,8TL28,6TH ST,ORANGE DR,0,NA,Y,A,-,N,NA,NA,NA,NA,NA,NA,NA,NA,NA,Y,2,0,1,3,A,-,09,21802,A,N,D,C,A,A,H,-,A,A,0,NA,NA,NA,NA,Y,NA,A,01,1,0,0,0,0,0,0,0,0,-,-,NA,NA,LOS ANGELES,LOS ANGELES,-118.34187,34.06492003
6484306,2014,2016-04-27,1942,2014-04-17,0600,37813,1465,4,5,7,1942,0,0,0,N,0,14A45,JEFFERSON BL,RT 405,0,NA,Y,B,-,Y,LA,7,405,-,-,26.076,R,4,S,Y,4,0,1,2,A,-,12,21453,A,N,A,C,A,A,H,-,B,A,0,NA,NA,NA,NA,Y,NA,-,-,0,0,1,0,0,0,0,0,0,-,-,NA,NA,LOS ANGELES,LOS ANGELES,-118.40046017,33.98931101
6484309,2014,2014-07-17,1942,2014-04-21,0840,39022,0701,1,5,7,1942,0,0,0,G,0,6T7,CRESCENT HEIGHTS BL,WARING AV,0,NA,Y,A,-,N,NA,NA,NA,NA,NA,NA,NA,NA,NA,Y,4,0,1,2,A,-,09,21802,A,N,D,C,A,A,H,-,A,A,0,NA,NA,NA,NA,Y,NA,A,01,0,0,1,0,0,0,0,0,0,-,-,NA,NA,LOS ANGELES,LOS ANGELES,-118.36592009,34.08545007
6484310,2014,2014-07-17,1942,2014-04-14,0040,38266,1488,1,5,7,1942,0,0,0,N,0,14T47,ARBOR VITAE ST,AIRPORT BL,50,E,N,A,-,N,NA,NA,NA,NA,NA,NA,NA,NA,NA,N,3,0,1,1,A,-,03,22350,NA,N,H,J,A,A,H,-,C,D,0,NA,NA,Y,NA,Y,NA,C,02,0,1,0,0,0,0,0,0,1,-,-,NA,NA,LOS ANGELES,LOS ANGELES,-118.38570543,33.95266
6484313,2014,2014-07-17,1942,2014-04-01,1525,37613,0759,2,5,7,1942,0,0,0,G,0,20TL58,CRENSHAW BL,PICO BL,750,N,N,A,-,N,NA,NA,NA,NA,NA,NA,NA,NA,NA,Y,3,0,1,2,A,-,03,22350,NA,N,B,E,A,A,H,-,A,D,0,NA,NA,NA,NA,Y,NA,A,07,0,1,0,0,0,0,0,0,0,-,-,NA,NA,LOS ANGELES,LOS ANGELES,-118.32569337,34.04970858
6484317,2014,2014-07-17,1942,2014-04-06,1230,37966,0725,7,5,7,1942,0,0,0,G,0,7TL38,3RD ST,GARDNER ST,5,E,N,A,-,N,NA,NA,NA,NA,NA,NA,NA,NA,NA,N,3,0,1,2,A,-,12,21453,A,N,D,G,A,A,H,-,A,A,0,NA,Y,NA,NA,Y,NA,L,04,0,1,0,0,0,0,1,0,0,-,-,NA,NA,LOS ANGELES,LOS ANGELES,-118.353214,34.0703467
6484318,2014,2014-07-17,1942,2014-04-03,2235,37575,1414,4,5,7,1942,0,0,0,N,0,7T23,BROOKS AV,LINCOLN,700,NA,N,A,-,N,NA,NA,NA,NA,NA,NA,NA,NA,NA,N,3,0,1,2,A,-,03,22350,NA,N,B,G,A,A,H,-,C,D,0,NA,Y,NA,NA,Y,NA,L,04,0,1,0,0,0,0,1,0,0,-,-,NA,NA,LOS ANGELES,LOS ANGELES,-118.46253009,33.99877002
6484321,2014,2016-04-22,9550,2014-04-01,1700,14385,NA,2,2,5,1908,0,1,3,NA,2,091,RT 91,BELLFLOWER BL,100,W,N,B,-,Y,LA,7,91,-,R,15.59,H,-,E,Y,3,0,1,2,A,-,03,22350,NA,N,C,C,A,A,H,-,A,D,1,NA,NA,NA,NA,Y,NA,A,01,0,1,0,0,0,0,0,0,0,-,-,33.87606,-118.12653,LOS ANGELES,BELLFLOWER,-118.12588675,33.87608395
6484323,2014,2014-07-17,1942,2014-04-27,1405,24517,1488,7,5,7,1942,0,0,0,N,0,7TL38,CENTURY BL,AIRPORT BL,0,NA,Y,A,-,N,NA,NA,NA,NA,NA,NA,NA,NA,NA,N,4,0,1,2,A,-,10,21950,A,F,G,B,B,A,H,-,A,A,0,Y,NA,NA,NA,Y,NA,-,99,0,0,1,0,1,0,0,0,0,-,-,NA,NA,LOS ANGELES,LOS ANGELES,-118.38605007,33.94558003
6484324,2014,2014-07-31,1942,2014-05-07,1715,39291,1233,3,5,7,1942,0,0,0,L,0,12T73,WESTERN AV,59TH PL,40,N,N,A,-,N,NA,NA,NA,NA,NA,NA,NA,NA,NA,Y,4,0,1,1,A,-,-,NA,NA,N,E,I,A,A,H,-,A,D,0,NA,NA,NA,NA,Y,NA,A,01,0,0,1,0,0,0,0,0,0,-,-,NA,NA,LOS ANGELES,LOS ANGELES,-118.30894132,33.9868197
6484325,2014,2014-07-17,9550,2014-04-01,1615,015045,NA,2,2,9,1900,0,2,4,NA,1,041,AZUSA AV,COLIMA RD,0,NA,Y,B,-,N,NA,NA,NA,NA,NA,NA,NA,NA,NA,NA,4,0,1,2,A,-,10,21950,A,N,G,B,B,A,H,-,A,A,0,Y,NA,NA,NA,Y,NA,A,01,0,0,1,0,1,0,0,0,0,-,-,33.99075,-117.93131,LOS ANGELES,UNINCORPORATED,-117.93192009,33.99097005
6484327,2014,2014-07-26,1942,2014-04-14,2310,31745,1827,1,5,7,1942,0,0,0,R,0,18T23,WILMINGTON AV,103RD ST,0,NA,Y,A,-,N,NA,NA,NA,NA,NA,NA,NA,NA,NA,Y,4,0,2,2,A,-,09,21801,A,N,A,C,A,A,H,-,C,A,0,NA,NA,NA,NA,Y,NA,A,01,0,0,2,0,0,0,0,0,0,-,-,NA,NA,LOS ANGELES,LOS ANGELES,-118.23909008,33.94316001
6484328,2014,2014-07-31,1942,2014-05-07,1520,40476,1273,3,5,7,1942,0,0,0,L,0,12T73,WESTERN AV,89TH ST,60,S,N,A,-,N,NA,NA,NA,NA,NA,NA,NA,NA,NA,N,4,0,1,2,A,-,08,22107,NA,N,B,C,A,A,H,-,A,A,0,NA,NA,NA,NA,Y,NA,A,01,0,0,1,0,0,0,0,0,0,-,-,NA,NA,LOS ANGELES,LOS ANGELES,-118.309024,33.95616
6484329,2014,2015-09-25,9550,2014-04-01,1542,20777,NA,2,2,9,1900,0,3,5,NA,2,002,IMPERIAL HWY,MARQUARDT AV,0,NA,Y,A,-,N,NA,NA,NA,NA,NA,NA,NA,NA,NA,Y,4,0,1,2,A,-,09,21801,A,N,D,C,A,A,H,-,A,A,0,NA,NA,NA,NA,Y,NA,A,01,0,0,1,0,0,0,0,0,0,-,-,33.91673,-118.03792,LOS ANGELES,UNINCORPORATED,-118.03803007,33.91710009
6484331,2014,2014-07-17,1942,2014-04-17,1735,40602,1801,4,5,7,1942,0,0,0,R,0,25Q25,FIGUEROA ST,88TH ST,50,N,N,A,-,N,NA,NA,NA,NA,NA,NA,NA,NA,NA,Y,4,0,1,1,A,-,03,22350,NA,N,F,I,A,A,H,-,A,D,0,NA,NA,NA,NA,Y,NA,A,01,0,0,1,0,0,0,0,0,0,-,-,NA,NA,LOS ANGELES,LOS ANGELES,-118.28272,33.95750713
6484332,2014,2014-07-31,1942,2014-05-08,0802,38707,1243,4,5,7,1942,0,0,0,L,0,18TL23,67TH ST,CIMARRON ST,20,E,N,A,-,N,NA,NA,NA,NA,NA,NA,NA,NA,NA,Y,3,0,3,2,A,-,03,22350,NA,N,D,C,A,A,H,-,A,A,0,NA,NA,NA,NA,Y,NA,A,07,0,2,1,0,0,0,0,0,0,-,-,NA,NA,LOS ANGELES,LOS ANGELES,-118.31579416,33.97849
6484333,2014,2016-04-16,9550,2014-04-01,0950,20743,NA,2,1,9,1900,0,1,3,NA,2,600,RT 60,HACIENDA BL,500,W,N,A,-,Y,LA,7,60,-,-,15.84,H,-,W,Y,4,0,1,2,A,-,03,22350,NA,N,C,C,A,A,H,-,A,D,1,NA,NA,NA,NA,Y,NA,A,08,0,0,1,0,0,0,0,0,0,-,-,34.00775,-117.96645,LOS ANGELES,UNINCORPORATED,-117.96606105,34.00753167
6484335,2014,2014-07-17,1942,2014-04-17,1310,40725,18,4,5,7,1942,0,0,0,R,0,18A17,BROADWAY,94TH ST,0,NA,Y,A,-,N,NA,NA,NA,NA,NA,NA,NA,NA,NA,Y,3,0,1,2,A,-,09,21804,A,N,D,C,A,A,H,-,A,A,0,NA,NA,NA,NA,Y,NA,A,01,0,1,0,0,0,0,0,0,0,-,-,NA,NA,LOS ANGELES,LOS ANGELES,-118.2784,33.95101
6484336,2014,2014-07-31,1942,2014-05-09,2020,35936,1273,5,5,7,1942,0,0,0,L,0,3T5,MANCHESTER AV,DENKER AV,0,NA,Y,A,-,N,NA,NA,NA,NA,NA,NA,NA,NA,NA,Y,3,0,1,3,A,-,09,21801,A,N,A,C,A,A,H,-,C,A,0,NA,NA,NA,NA,Y,NA,A,01,0,1,0,0,0,0,0,0,0,-,-,NA,NA,LOS ANGELES,LOS ANGELES,-118.30465008,33.95999001
6484337,2014,2014-07-17,9550,2014-04-23,1320,20765,NA,3,1,9,1900,0,3,5,NA,2,005,COLIMA RD,NOGALES ST,650,W,N,A,-,N,NA,NA,NA,NA,NA,NA,NA,NA,NA,Y,4,0,1,2,A,-,09,21801,A,N,D,C,A,A,H,-,A,D,0,NA,NA,NA,NA,Y,NA,A,01,0,0,1,0,0,0,0,0,0,-,-,33.98771,-117.89094,LOS ANGELES,UNINCORPORATED,-117.89144297,33.98766081