CASE_ID,ACCIDENT_YEAR,PROC_DATE,JURIS,COLLISION_DATE,COLLISION_TIME,OFFICER_ID,REPORTING_DISTRICT,DAY_OF_WEEK,CHP_SHIFT,POPULATION,CNTY_CITY_LOC,SPECIAL_COND,BEAT_TYPE,CHP_BEAT_TYPE,CITY_DIVISION_LAPD,CHP_BEAT_CLASS,BEAT_NUMBER,PRIMARY_RD,SECONDARY_RD,DISTANCE,DIRECTION,INTERSECTION,WEATHER_1,WEATHER_2,STATE_HWY_IND,CALTRANS_COUNTY,CALTRANS_DISTRICT,STATE_ROUTE,ROUTE_SUFFIX,POSTMILE_PREFIX,POSTMILE,LOCATION_TYPE,RAMP_INTERSECTION,SIDE_OF_HWY,TOW_AWAY,COLLISION_SEVERITY,NUMBER_KILLED,NUMBER_INJURED,PARTY_COUNT,PRIMARY_COLL_FACTOR,PCF_CODE_OF_VIOL,PCF_VIOL_CATEGORY,PCF_VIOLATION,PCF_VIOL_SUBSECTION,HIT_AND_RUN,TYPE_OF_COLLISION,MVIW,PED_ACTION,ROAD_SURFACE,ROAD_COND_1,ROAD_COND_2,LIGHTING,CONTROL_DEVICE,CHP_ROAD_TYPE,PEDESTRIAN_ACCIDENT,BICYCLE_ACCIDENT,MOTORCYCLE_ACCIDENT,TRUCK_ACCIDENT,NOT_PRIVATE_PROPERTY,ALCOHOL_INVOLVED,STWD_VEHTYPE_AT_FAULT,CHP_VEHTYPE_AT_FAULT,COUNT_SEVERE_INJ,COUNT_VISIBLE_INJ,COUNT_COMPLAINT_PAIN,COUNT_PED_KILLED,COUNT_PED_INJURED,COUNT_BICYCLIST_KILLED,COUNT_BICYCLIST_INJURED,COUNT_MC_KILLED,COUNT_MC_INJURED,PRIMARY_RAMP,SECONDARY_RAMP,LATITUDE,LONGITUDE,COUNTY,CITY,POINT_X,POINT_Y
6486005,2014,2014-07-24,1955,2014-05-07,1828,40624,55,3,5,6,1955,0,0,0,NA,0,001,HOLT AV,DUDLEY ST,150,E,N,B,-,N,NA,NA,NA,NA,NA,NA,NA,NA,NA,Y,4,0,2,2,A,-,09,21804,A,N,-,C,A,A,-,-,A,D,0,NA,NA,NA,NA,Y,NA,A,01,0,0,2,0,0,0,0,0,0,-,-,NA,NA,LOS ANGELES,POMONA,-117.77617615,34.06173081
6486007,2014,2014-07-23,1965,2014-05-16,2117,3808,OB1K,5,5,5,1965,0,0,0,NA,0,B001,2ND ST,WILSHIRE,371,N,N,A,-,N,NA,NA,NA,NA,NA,NA,NA,NA,NA,N,4,0,1,2,A,-,11,21955,NA,N,G,B,D,A,H,-,C,D,0,Y,NA,Y,NA,Y,NA,N,60,0,0,1,0,1,0,0,0,0,-,-,NA,NA,LOS ANGELES,SANTA MONICA,-118.50106652,34.01828596
6486009,2014,2014-07-24,1955,2014-05-07,2000,40348,83,3,5,6,1955,0,0,0,NA,0,005,LEXINGTON AV,WHITE AV,0,NA,Y,A,-,N,NA,NA,NA,NA,NA,NA,NA,NA,NA,N,4,0,2,2,A,-,08,22107,NA,F,C,C,A,A,H,-,C,D,0,NA,NA,NA,NA,Y,NA,A,07,0,0,2,0,0,0,0,0,0,-,-,NA,NA,LOS ANGELES,POMONA,-117.75813011,34.03668007
6486011,2014,2014-07-23,1965,2014-05-16,1904,3693,OBIF,5,5,5,1965,0,0,0,NA,0,B001,OCEAN AV,PICO BL,0,NA,Y,A,-,N,NA,NA,NA,NA,NA,NA,NA,NA,NA,N,3,0,1,2,A,-,12,21453,A,N,D,G,A,A,H,-,A,A,0,NA,Y,NA,NA,Y,NA,L,04,0,1,0,0,0,0,1,0,0,-,-,NA,NA,LOS ANGELES,SANTA MONICA,-118.4903301,34.00750008
6486013,2014,2014-08-08,1955,2014-05-08,0120,30059,35,4,5,6,1955,0,0,0,NA,0,002,WESTWOOD PL,PROLONGATION OF WESTWOOD PL,99,S,N,A,-,N,NA,NA,NA,NA,NA,NA,NA,NA,NA,Y,4,0,1,2,A,-,01,23152,A,N,C,E,A,A,H,-,D,D,0,NA,NA,NA,NA,Y,Y,-,NA,0,0,1,0,0,0,0,0,0,-,-,NA,NA,LOS ANGELES,POMONA,NA,NA
6486015,2014,2014-07-23,1965,2014-05-17,1034,3816,OBIMB,6,5,5,1965,0,0,0,NA,0,NA,4TH ST,CALIFORNIA AV,254,S,N,A,-,N,NA,NA,NA,NA,NA,NA,NA,NA,NA,N,4,0,1,2,A,-,05,21202,A,N,D,C,A,A,G,-,A,D,0,NA,Y,NA,NA,Y,NA,L,04,0,0,1,0,0,0,1,0,0,-,-,NA,NA,LOS ANGELES,SANTA MONICA,-118.49942469,34.02004636
6486017,2014,2014-07-24,1955,2014-05-07,1703,40590,0006,3,5,6,1955,0,0,0,NA,0,001,HOLT AV,NORTH GARVEY AV,0,NA,Y,A,-,N,NA,NA,NA,NA,NA,NA,NA,NA,NA,N,2,0,1,2,A,-,11,21456,B,N,A,B,D,A,H,-,A,A,0,Y,NA,NA,NA,Y,NA,N,60,1,0,0,0,1,0,0,0,0,-,-,NA,NA,LOS ANGELES,POMONA,-117.75033013,34.06239004
6486027,2014,2014-07-23,1965,2014-05-16,0718,3451,NA,5,5,5,1965,0,0,0,NA,0,NA,23RD ST,OCEAN PARK BL,0,NA,Y,A,-,N,NA,NA,NA,NA,NA,NA,NA,NA,NA,Y,3,0,2,2,A,-,12,21453,A,N,D,C,A,A,H,-,A,A,0,NA,NA,NA,NA,Y,NA,A,07,0,1,1,0,0,0,0,0,0,-,-,NA,NA,LOS ANGELES,SANTA MONICA,-118.46180007,34.0153901
6486046,2014,2014-07-24,1902,2014-05-19,0739,432,15,1,5,5,1902,0,0,0,NA,0,003,HUNTINGTON DR,HOLLY AV,306,W,N,A,-,N,NA,NA,NA,NA,NA,NA,NA,NA,NA,N,3,0,1,2,A,-,07,21658,A,N,B,G,A,A,H,-,A,D,0,NA,Y,NA,NA,Y,NA,-,NA,0,1,0,0,0,0,1,0,0,-,-,NA,NA,LOS ANGELES,ARCADIA,-118.04693713,34.13149196
6486121,2014,2014-07-24,1902,2014-05-13,1538,699,26,2,5,5,1902,0,0,0,NA,0,003,BALDWIN AV,NAOMI AV,290,N,N,A,-,N,NA,NA,NA,NA,NA,NA,NA,NA,NA,N,4,0,1,2,A,-,05,21650,1,N,D,G,A,A,H,-,A,A,0,NA,Y,NA,NA,Y,NA,L,04,0,0,1,0,0,0,1,0,0,-,-,NA,NA,LOS ANGELES,ARCADIA,-118.05501107,34.1248336
6486123,2014,2014-07-24,1967,2014-05-10,2220,40266,953,6,5,2,1967,0,0,0,NA,0,SOUTH,HILL,OBISPO AV,0,NA,Y,A,-,N,NA,NA,NA,NA,NA,NA,NA,NA,NA,Y,3,0,1,2,A,-,12,22450,A,F,D,C,A,A,H,-,C,A,0,NA,NA,NA,NA,Y,Y,A,01,0,1,0,0,0,0,0,0,0,-,-,NA,NA,LOS ANGELES,SIGNAL HILL,-118.15458009,33.79708009
6486125,2014,2014-07-24,1902,2014-05-14,0803,699,15,3,5,5,1902,0,0,0,NA,0,002,SANTA ANITA AV,ALICE ST,20,N,N,A,-,N,NA,NA,NA,NA,NA,NA,NA,NA,NA,N,4,0,1,2,A,-,03,22350,NA,N,C,C,A,A,H,-,A,A,0,NA,NA,NA,NA,Y,NA,A,01,0,0,1,0,0,0,0,0,0,-,-,NA,NA,LOS ANGELES,ARCADIA,-118.03135058,34.13141483
6486136,2014,2014-07-24,1942,2014-05-06,0720,30830,1916,2,5,7,1942,0,0,0,NA,0,16TL23,POLK ST,GLENOAKS BL,10,E,N,A,-,N,NA,NA,NA,NA,NA,NA,NA,NA,NA,N,4,0,1,2,D,-,00,NA,NA,F,G,B,B,A,H,-,A,A,0,Y,NA,NA,NA,Y,NA,-,-,0,0,1,0,1,0,0,0,0,-,-,NA,NA,LOS ANGELES,LOS ANGELES,-118.44966725,34.3076299
6486148,2014,2014-07-25,1909,2014-05-17,0148,566,1909,6,5,4,1909,0,0,0,NA,0,NORTH,EMIL AV,GAGE AV,233,S,N,A,-,N,NA,NA,NA,NA,NA,NA,NA,NA,NA,Y,4,0,1,3,A,-,01,23153,A,F,D,C,A,A,H,-,C,D,0,NA,NA,NA,NA,Y,Y,A,01,0,0,1,0,0,0,0,0,0,-,-,NA,NA,LOS ANGELES,BELL GARDENS,-118.14079707,33.97244622
6486152,2014,2016-03-11,1909,2014-05-17,0147,566,1909,6,5,4,1909,0,0,0,NA,0,NORTH,EMIL AV,GAGE AV,0,NA,Y,A,-,N,NA,NA,NA,NA,NA,NA,NA,NA,NA,Y,3,0,1,2,A,-,01,23153,A,F,D,C,A,A,H,-,C,A,0,NA,NA,NA,NA,Y,Y,A,01,0,1,0,0,0,0,0,0,0,-,-,NA,NA,LOS ANGELES,BELL GARDENS,-118.14070013,33.97308009
6486156,2014,2014-07-24,1909,2014-05-13,0655,507,1909,2,5,4,1909,0,0,0,NA,0,NORTH,GAGE AV,AJAX AV,0,NA,Y,A,-,N,NA,NA,NA,NA,NA,NA,NA,NA,NA,Y,4,0,2,3,A,-,09,21804,A,N,D,C,A,A,H,-,A,A,0,NA,NA,NA,NA,Y,NA,A,01,0,0,2,0,0,0,0,0,0,-,-,NA,NA,LOS ANGELES,BELL GARDENS,-118.16219004,33.97535006
6486169,2014,2014-07-25,1953,2014-05-03,1430,5281,1953,6,5,6,1953,0,0,0,NA,0,004,COLORADO BL,KINNELOA AV,0,NA,Y,A,-,N,NA,NA,NA,NA,NA,NA,NA,NA,NA,Y,4,0,3,2,A,-,09,21801,A,N,D,C,A,A,H,-,A,A,0,NA,NA,NA,NA,Y,NA,A,01,0,0,3,0,0,0,0,0,0,-,-,NA,NA,LOS ANGELES,PASADENA,-118.08694014,34.14621002
6486173,2014,2014-07-25,1953,2014-05-03,1604,5828,1953,6,5,6,1953,0,0,0,NA,0,NA,HOLLISTON AV,ORANGE GROVE BL,0,NA,Y,A,-,N,NA,NA,NA,NA,NA,NA,NA,NA,NA,N,4,0,1,2,A,-,09,21801,A,N,D,C,A,A,H,-,A,A,0,NA,NA,NA,NA,Y,NA,A,01,0,0,1,0,0,0,0,0,0,-,-,NA,NA,LOS ANGELES,PASADENA,-118.12301003,34.15781001
6486177,2014,2014-07-25,1953,2014-05-05,1540,5828,1953,1,5,6,1953,0,0,0,NA,0,NA,FOOTHILL BL,DAISY AV,0,NA,Y,A,-,N,NA,NA,NA,NA,NA,NA,NA,NA,NA,Y,3,0,1,2,A,-,09,21801,A,N,D,C,A,A,H,-,A,A,0,NA,NA,NA,NA,Y,NA,A,01,0,1,0,0,0,0,0,0,0,-,-,NA,NA,LOS ANGELES,PASADENA,-118.09296005,34.14992007
6486181,2014,2014-07-25,1953,2014-05-05,1804,0366,1953,1,5,6,1953,0,0,0,NA,0,005,COLORADO BL,PASADENA AV,0,NA,Y,A,-,N,NA,NA,NA,NA,NA,NA,NA,NA,NA,N,3,0,4,2,A,-,12,21453,A,N,D,C,A,A,H,-,A,A,0,NA,NA,NA,NA,Y,NA,A,07,0,1,3,0,0,0,0,0,0,-,-,NA,NA,LOS ANGELES,PASADENA,-118.15416007,34.14575004
6486185,2014,2014-07-25,1953,2014-05-05,1855,1781,1953,1,5,6,1953,0,0,0,NA,0,002,RAYMOND AV,ORANGE GROVE BL,0,NA,Y,A,-,N,NA,NA,NA,NA,NA,NA,NA,NA,NA,N,4,0,1,2,A,-,10,21950,A,N,-,G,A,A,H,-,A,A,0,NA,Y,NA,NA,Y,NA,A,07,0,0,1,0,0,0,1,0,0,-,-,NA,NA,LOS ANGELES,PASADENA,-118.14902013,34.15782002
6486191,2014,2014-07-24,1900,2014-05-08,0713,455303,1513,4,5,5,1954,0,0,0,NA,0,151TI,PARAMOUNT BL,MARIS AV,0,S,N,A,-,N,NA,NA,NA,NA,NA,NA,NA,NA,NA,Y,4,0,1,2,A,-,-,NA,NA,N,C,C,A,A,H,-,A,A,0,NA,NA,NA,NA,Y,NA,A,01,0,0,1,0,0,0,0,0,0,-,-,NA,NA,LOS ANGELES,PICO RIVERA,-118.09740006,33.99271008
6486193,2014,2014-07-25,1953,2014-05-03,1757,0440,1953,6,5,6,1953,0,0,0,NA,0,002,RAYMOND AV,HAMMOND ST,0,NA,Y,A,-,N,NA,NA,NA,NA,NA,NA,NA,NA,NA,Y,3,0,1,2,A,-,01,23152,A,N,G,I,A,A,H,-,A,A,0,NA,NA,Y,NA,Y,Y,C,03,0,1,0,0,0,0,0,0,1,-,-,NA,NA,LOS ANGELES,PASADENA,-118.14907006,34.1651701
6486195,2014,2014-07-24,1900,2014-05-13,1314,507891,1516,2,5,5,1954,0,0,0,NA,0,151TI,PARAMOUNT BL,SLAUSON AV,81,N,N,A,-,N,NA,NA,NA,NA,NA,NA,NA,NA,NA,Y,2,0,1,1,A,-,08,22107,NA,N,E,I,A,A,H,-,A,D,0,NA,NA,NA,NA,Y,NA,A,01,1,0,0,0,0,0,0,0,0,-,-,NA,NA,LOS ANGELES,PICO RIVERA,-118.11290741,33.97361822
6486200,2014,2016-04-22,1942,2014-05-01,1410,35393,0313,4,5,7,1942,0,0,0,C,0,12TL41,CRENSHAW BL,ADAMS BL,802,N,N,A,-,Y,LA,7,10,-,R,11.218,R,4,E,Y,2,0,2,4,A,-,12,21453,A,N,D,-,A,A,H,-,A,A,0,NA,NA,NA,NA,Y,NA,A,07,1,0,1,0,0,0,0,0,0,-,-,NA,NA,LOS ANGELES,LOS ANGELES,-118.33682505,34.03481764
6486212,2014,2014-07-24,1942,2014-05-07,2050,40696,0378,3,5,7,1942,0,0,0,C,0,3T5,EXPOSITION BL,FIGUEROA ST,5,W,N,A,-,N,NA,NA,NA,NA,NA,NA,NA,NA,NA,Y,4,0,1,2,A,-,05,21650,NA,N,H,G,A,A,H,-,C,A,0,NA,Y,NA,NA,Y,NA,L,04,0,0,1,0,0,0,1,0,0,-,-,NA,NA,LOS ANGELES,LOS ANGELES,-118.28243646,34.01814963
6486216,2014,2014-07-24,1942,2014-05-07,1330,37146,0374,3,5,7,1942,0,0,0,C,0,5TL25,DUBLIN AV,RODEO RD,150,S,N,A,-,N,NA,NA,NA,NA,NA,NA,NA,NA,NA,N,4,0,1,1,A,-,03,22350,NA,N,E,I,A,A,H,-,A,D,0,NA,NA,NA,NA,Y,NA,A,01,0,0,1,0,0,0,0,0,0,-,-,NA,NA,LOS ANGELES,LOS ANGELES,-118.32240298,34.01806253
6486220,2014,2014-07-24,1942,2014-05-07,0640,33599,0356,3,5,7,1942,0,0,0,C,0,3TL5,JEFFERSON BL,WESTERN AV,0,NA,Y,B,-,N,NA,NA,NA,NA,NA,NA,NA,NA,NA,Y,4,0,2,4,A,-,12,21453,A,N,D,C,A,A,H,-,A,A,0,NA,NA,NA,NA,Y,NA,A,01,0,0,2,0,0,0,0,0,0,-,-,NA,NA,LOS ANGELES,LOS ANGELES,-118.30889012,34.02555002
6486224,2014,2014-07-24,1942,2014-05-06,1900,40971,0326,2,5,7,1942,0,0,0,C,0,18T23,BUDLONG AV,ADAMS BL,13,S,N,A,-,N,NA,NA,NA,NA,NA,NA,NA,NA,NA,N,4,0,1,2,A,-,-,NA,NA,N,G,B,B,A,H,-,A,A,0,Y,NA,NA,NA,Y,NA,A,01,0,0,1,0,1,0,0,0,0,-,-,NA,NA,LOS ANGELES,LOS ANGELES,-118.29642,34.03276
6486228,2014,2014-07-24,1942,2014-05-08,1635,40476,0311,4,5,7,1942,0,0,0,C,0,3T57,LA CIENEGA PL,JEFFERSON,2,N,N,A,-,N,NA,NA,NA,NA,NA,NA,NA,NA,NA,N,3,0,1,2,A,-,09,21804,A,N,H,G,A,A,H,-,A,A,0,NA,Y,NA,NA,Y,NA,L,04,0,1,0,0,0,0,1,0,0,-,-,NA,NA,LOS ANGELES,LOS ANGELES,-118.3754292,34.02684545
6486232,2014,2014-07-24,1942,2014-05-08,0740,35393,0311,4,5,7,1942,0,0,0,C,0,12TL41,JEFFERSON BL,CLYDE AV,5,E,N,A,-,N,NA,NA,NA,NA,NA,NA,NA,NA,NA,N,4,0,2,2,A,-,06,21750,NA,N,D,C,A,A,H,-,A,D,0,NA,NA,NA,NA,Y,NA,A,07,0,0,2,0,0,0,0,0,0,-,-,NA,NA,LOS ANGELES,LOS ANGELES,-118.36858362,34.02630858
6486236,2014,2014-07-24,1942,2014-05-09,1905,40440,0399,5,5,7,1942,0,0,0,C,0,3T57,FIGUEROA ST,VERNON AV,80,N,N,A,-,N,NA,NA,NA,NA,NA,NA,NA,NA,NA,N,4,0,1,2,A,-,03,22350,NA,N,C,C,A,A,H,-,A,A,0,NA,NA,NA,NA,Y,NA,A,01,0,0,1,0,0,0,0,0,0,-,-,NA,NA,LOS ANGELES,LOS ANGELES,-118.28273615,34.00396938
6486240,2014,2014-07-24,1942,2014-04-10,0715,35643,0585,4,5,7,1942,0,0,0,E,0,5TL21,19TH ST,GRAND AV,120,E,N,A,-,N,NA,NA,NA,NA,NA,NA,NA,NA,NA,N,3,0,1,3,A,-,03,22350,NA,N,B,E,A,A,H,-,A,D,0,NA,NA,Y,NA,Y,NA,C,02,0,1,0,0,0,0,0,0,1,-,-,NA,NA,LOS ANGELES,LOS ANGELES,-118.28978612,33.72697
6486337,2014,2015-03-14,1955,2014-04-10,1513,30405,48,4,5,6,1955,0,0,0,NA,0,001,HOLT AV,WHITE AV,300,E,N,A,-,N,NA,NA,NA,NA,NA,NA,NA,NA,NA,N,3,0,1,3,A,-,08,22107,NA,N,C,A,A,A,H,-,A,A,0,NA,Y,NA,NA,Y,NA,A,07,0,1,0,0,0,0,1,0,0,-,-,NA,NA,LOS ANGELES,POMONA,-117.75804237,34.06220348
6486365,2014,2015-03-14,1955,2014-04-14,0955,40180,85,1,5,6,1955,0,0,0,NA,0,004,GAREY AV,PHILADELPHIA ST,414,N,N,A,-,N,NA,NA,NA,NA,NA,NA,NA,NA,NA,Y,4,0,2,2,A,-,01,23152,A,N,D,C,A,A,H,-,A,D,0,NA,NA,NA,NA,Y,Y,A,01,0,0,2,0,0,0,0,0,0,-,-,NA,NA,LOS ANGELES,POMONA,-117.74923913,34.03442396
6486411,2014,2014-08-06,1942,2014-05-15,1420,40476,1871,4,5,7,1942,0,0,0,R,0,12T73,VERMONT,146TH ST,0,NA,Y,A,-,N,NA,NA,NA,NA,NA,NA,NA,NA,NA,N,4,0,2,2,A,-,09,21802,A,N,D,C,A,A,H,-,A,A,0,NA,NA,NA,NA,Y,NA,A,01,0,0,2,0,0,0,0,0,0,-,-,NA,NA,LOS ANGELES,LOS ANGELES,-118.29163,33.89968
6486415,2014,2014-08-06,1942,2014-05-14,1530,32160,1822,3,5,7,1942,0,0,0,R,0,25T70,FIGUEROA AV,98TH ST,0,NA,Y,A,-,N,NA,NA,NA,NA,NA,NA,NA,NA,NA,Y,4,0,1,2,A,-,09,21801,A,N,D,C,A,A,H,-,A,A,0,NA,NA,NA,NA,Y,NA,D,22,0,0,1,0,0,0,0,0,0,-,-,NA,NA,LOS ANGELES,LOS ANGELES,-118.28267002,33.94737004
6486428,2014,2016-05-20,9530,2014-05-19,0815,14661,NA,1,1,7,1941,0,1,1,NA,2,073,RT 710,ANAHEIM ST,452,S,N,B,-,Y,LA,7,710,-,-,6.287,R,1,N,Y,3,0,1,1,A,-,03,22350,NA,N,F,A,A,A,H,-,A,D,1,NA,NA,NA,Y,Y,NA,G,25,0,1,0,0,0,0,0,0,0,FR,-,33.78159,-118.2074,LOS ANGELES,LONG BEACH,-118.20754047,33.78126193
6486429,2014,2014-08-14,1928,2014-05-16,1241,384,H514,5,5,5,1928,0,0,0,NA,0,0H4,ROSECRANS AV,SHOUP AV,175,E,N,A,-,N,NA,NA,NA,NA,NA,NA,NA,NA,NA,Y,4,0,2,2,A,-,08,22107,NA,N,B,C,A,A,H,-,A,A,0,NA,NA,NA,NA,Y,NA,J,43,0,0,2,0,0,0,0,0,0,-,-,NA,NA,LOS ANGELES,HAWTHORNE,-118.36363437,33.90189
6486433,2014,2014-08-06,1928,2014-05-10,1913,372,513,6,5,5,1928,0,0,0,NA,0,504,133RD ST,HAWTHORNE BL,0,NA,Y,A,-,N,NA,NA,NA,NA,NA,NA,NA,NA,NA,N,3,0,1,2,A,-,10,21950,A,N,G,B,D,A,H,-,A,A,0,Y,NA,NA,NA,Y,NA,D,22,0,1,0,0,1,0,0,0,0,-,-,NA,NA,LOS ANGELES,HAWTHORNE,-118.35271002,33.91195012
6486441,2014,2014-08-06,1900,2014-05-11,2332,526451,2852,7,5,5,1915,0,0,0,NA,0,287H,ALONDRA BL,ATLANTIC AV,0,NA,Y,A,-,N,NA,NA,NA,NA,NA,NA,NA,NA,NA,Y,4,0,1,2,A,-,09,21801,A,N,A,C,A,A,H,-,C,A,0,NA,NA,NA,NA,Y,NA,D,22,0,0,1,0,0,0,0,0,0,-,-,NA,NA,LOS ANGELES,COMPTON,-118.19291009,33.88877003
6486478,2014,2014-07-24,1942,2014-05-18,1925,38639,1265,7,5,7,1942,0,0,0,L,0,12T41,VERMONT AV,79TH ST,83,N,N,A,-,N,NA,NA,NA,NA,NA,NA,NA,NA,NA,Y,4,0,6,2,A,-,03,22350,NA,F,C,C,A,A,H,-,B,A,0,NA,NA,NA,NA,Y,NA,A,01,0,0,6,0,0,0,0,0,0,-,-,NA,NA,LOS ANGELES,LOS ANGELES,-118.291734,33.968046
6486498,2014,2014-07-28,1900,2014-05-07,1100,550672,1510,3,5,5,1954,0,0,0,NA,0,151T1,BEVERLY DR,ROSEMEAD BL,30,W,N,A,-,N,NA,NA,NA,NA,NA,NA,NA,NA,NA,N,3,0,1,2,A,-,08,22100,A,N,D,G,A,A,H,-,A,D,0,NA,Y,NA,NA,Y,NA,D,22,0,1,0,0,0,0,1,0,0,-,-,NA,NA,LOS ANGELES,PICO RIVERA,-118.08183546,34.00793114
6486502,2014,2014-07-28,1900,2014-05-14,1816,471346,1511,3,5,5,1954,0,0,0,NA,0,151T2,BEVERLY BL,ROSEMEAD BL,50,E,N,A,-,N,NA,NA,NA,NA,NA,NA,NA,NA,NA,Y,3,0,1,2,A,-,03,22350,NA,N,C,C,A,A,H,-,A,A,0,NA,NA,NA,NA,Y,NA,A,01,0,1,0,0,0,0,0,0,0,-,-,NA,NA,LOS ANGELES,PICO RIVERA,-118.08085477,34.01053434
6486504,2014,2014-07-25,1942,2014-05-09,1645,36657,2148,5,5,7,1942,0,0,0,NA,0,21A73,SATICOY ST,FALLBROOK AV,0,NA,Y,A,-,N,NA,NA,NA,NA,NA,NA,NA,NA,NA,Y,4,0,1,2,A,-,09,21801,A,N,A,C,A,A,H,-,A,A,0,NA,NA,NA,NA,Y,NA,D,22,0,0,1,0,0,0,0,0,0,-,-,NA,NA,LOS ANGELES,LOS ANGELES,-118.62344002,34.20827007
6486508,2014,2014-07-25,1942,2014-05-13,1255,33779,2141,2,5,7,1942,0,0,0,NA,0,15TL44,VICTORY BL,PLATT AV,109,W,N,A,-,N,NA,NA,NA,NA,NA,NA,NA,NA,NA,Y,2,0,3,2,A,-,08,22102,NA,N,D,C,A,A,H,-,A,A,0,NA,NA,NA,NA,Y,NA,A,01,1,1,1,0,0,0,0,0,0,-,-,NA,NA,LOS ANGELES,LOS ANGELES,-118.64313974,34.18665679
6486512,2014,2014-07-28,1942,2014-05-17,2250,38996,2169,6,5,7,1942,0,0,0,NA,0,21T61,OXNARD ST,WINNETKA AV,0,NA,Y,A,-,N,NA,NA,NA,NA,NA,NA,NA,NA,NA,Y,3,0,2,2,A,-,01,23152,A,N,A,C,A,A,H,-,C,A,0,NA,NA,NA,NA,Y,Y,D,22,0,1,1,0,0,0,0,0,0,-,-,NA,NA,LOS ANGELES,LOS ANGELES,-118.57099012,34.18023012
6486516,2014,2014-07-28,1942,2014-05-19,1100,38356,2137,1,5,7,1942,0,0,0,NA,0,16TL28,INDEPENDENCE AV,SATICOY ST,34,S,N,A,-,N,NA,NA,NA,NA,NA,NA,NA,NA,NA,Y,3,0,1,2,A,-,01,23152,A,N,A,C,A,A,H,-,A,A,0,NA,NA,NA,NA,Y,Y,A,01,0,1,0,0,0,0,0,0,0,-,-,NA,NA,LOS ANGELES,LOS ANGELES,-118.59062906,34.20822673
6486524,2014,2014-07-28,1942,2014-05-12,0550,30596,1785,1,5,7,1942,0,0,0,Q,0,17TL17,RESEDA BL,RAYEN ST,0,NA,Y,A,-,N,NA,NA,NA,NA,NA,NA,NA,NA,NA,Y,3,0,1,3,A,-,12,21453,A,N,D,C,A,A,H,-,A,A,0,NA,NA,NA,NA,Y,NA,A,01,0,1,0,0,0,0,0,0,0,-,-,NA,NA,LOS ANGELES,LOS ANGELES,-118.53609002,34.23189011
6486528,2014,2014-07-28,1942,2014-05-08,0920,31934,1785,4,5,7,1942,0,0,0,Q,0,17A35,TAMPA AV,NORDHOFF ST,100,S,N,A,-,N,NA,NA,NA,NA,NA,NA,NA,NA,NA,Y,4,0,1,2,A,-,03,22350,NA,N,C,C,A,A,H,-,A,D,0,NA,NA,NA,Y,Y,NA,F,26,0,0,1,0,0,0,0,0,0,-,-,NA,NA,LOS ANGELES,LOS ANGELES,-118.55356,34.23518568
6486548,2014,2014-07-28,1900,2014-05-10,0040,522646,NA,6,5,5,1915,0,0,0,NA,0,2823,SANTA FE AV,OAKS ST,195,S,N,A,-,N,NA,NA,NA,NA,NA,NA,NA,NA,NA,N,4,0,1,2,A,-,21,22106,NA,F,B,C,A,A,H,-,C,D,0,NA,NA,NA,NA,Y,NA,A,07,0,0,1,0,0,0,0,0,0,-,-,NA,NA,LOS ANGELES,COMPTON,-118.21630289,33.90909021
6486552,2014,2014-07-24,1900,2014-05-06,1415,523828,2810,2,5,5,1915,0,0,0,NA,0,283T1,CENTRAL AV,PIRU ST,145,S,N,A,-,N,NA,NA,NA,NA,NA,NA,NA,NA,NA,Y,4,0,1,2,A,-,09,21804,A,N,D,C,A,A,H,-,A,D,0,NA,NA,NA,Y,Y,NA,F,25,0,0,1,0,0,0,0,0,0,-,-,NA,NA,LOS ANGELES,COMPTON,-118.25449284,33.90826235
6486564,2014,2016-04-27,9530,2014-05-14,1010,020665,NA,3,1,6,1972,0,1,1,NA,2,400,RT 405,CRENSHAW BL,2500,S,N,A,-,Y,LA,7,405,-,-,14.98,H,-,N,Y,4,0,1,2,A,-,07,21658,A,N,C,C,A,A,H,-,A,D,1,NA,NA,Y,NA,Y,NA,I,10,0,0,1,0,0,0,0,0,1,-,-,33.51443,-118.19681,LOS ANGELES,TORRANCE,-118.3185378,33.86230811
6486639,2014,2016-04-27,9530,2014-05-09,1450,019980,NA,5,2,7,1941,0,1,1,NA,2,430,RT 405,LAKEWOOD BL,800,S,N,A,-,Y,LA,7,405,-,-,2.925,R,1,S,Y,3,0,3,4,A,-,03,22350,NA,N,C,C,A,A,H,-,A,A,1,NA,NA,NA,NA,Y,NA,A,07,0,2,1,0,0,0,0,0,0,-,-,33.80324,-118.13969,LOS ANGELES,LONG BEACH,-118.13654697,33.80289692
6486648,2014,2014-08-07,1900,2014-05-29,1159,475111,2607,4,5,6,1950,0,0,0,NA,0,263T1,47TH ST EAST,AVE R,239,S,N,A,-,N,NA,NA,NA,NA,NA,NA,NA,NA,NA,Y,4,0,1,2,A,-,09,21804,A,N,D,C,A,A,H,-,A,D,0,NA,NA,NA,NA,Y,NA,A,07,0,0,1,0,0,0,0,0,0,-,-,NA,NA,LOS ANGELES,PALMDALE,-118.0450092,34.57215479
6486656,2014,2014-07-21,1900,2014-04-17,1500,534594,2611,4,5,6,1950,0,0,0,NA,0,262T1,AVENUE S,CALLE GRILLO,800,W,N,A,-,N,NA,NA,NA,NA,NA,NA,NA,NA,NA,Y,4,0,2,2,A,-,09,21801,A,N,D,C,A,A,H,-,A,A,0,NA,NA,NA,NA,Y,NA,D,22,0,0,2,0,0,0,0,0,0,-,-,NA,NA,LOS ANGELES,PALMDALE,-118.13021,34.55793