CASE_ID,ACCIDENT_YEAR,PROC_DATE,JURIS,COLLISION_DATE,COLLISION_TIME,OFFICER_ID,REPORTING_DISTRICT,DAY_OF_WEEK,CHP_SHIFT,POPULATION,CNTY_CITY_LOC,SPECIAL_COND,BEAT_TYPE,CHP_BEAT_TYPE,CITY_DIVISION_LAPD,CHP_BEAT_CLASS,BEAT_NUMBER,PRIMARY_RD,SECONDARY_RD,DISTANCE,DIRECTION,INTERSECTION,WEATHER_1,WEATHER_2,STATE_HWY_IND,CALTRANS_COUNTY,CALTRANS_DISTRICT,STATE_ROUTE,ROUTE_SUFFIX,POSTMILE_PREFIX,POSTMILE,LOCATION_TYPE,RAMP_INTERSECTION,SIDE_OF_HWY,TOW_AWAY,COLLISION_SEVERITY,NUMBER_KILLED,NUMBER_INJURED,PARTY_COUNT,PRIMARY_COLL_FACTOR,PCF_CODE_OF_VIOL,PCF_VIOL_CATEGORY,PCF_VIOLATION,PCF_VIOL_SUBSECTION,HIT_AND_RUN,TYPE_OF_COLLISION,MVIW,PED_ACTION,ROAD_SURFACE,ROAD_COND_1,ROAD_COND_2,LIGHTING,CONTROL_DEVICE,CHP_ROAD_TYPE,PEDESTRIAN_ACCIDENT,BICYCLE_ACCIDENT,MOTORCYCLE_ACCIDENT,TRUCK_ACCIDENT,NOT_PRIVATE_PROPERTY,ALCOHOL_INVOLVED,STWD_VEHTYPE_AT_FAULT,CHP_VEHTYPE_AT_FAULT,COUNT_SEVERE_INJ,COUNT_VISIBLE_INJ,COUNT_COMPLAINT_PAIN,COUNT_PED_KILLED,COUNT_PED_INJURED,COUNT_BICYCLIST_KILLED,COUNT_BICYCLIST_INJURED,COUNT_MC_KILLED,COUNT_MC_INJURED,PRIMARY_RAMP,SECONDARY_RAMP,LATITUDE,LONGITUDE,COUNTY,CITY,POINT_X,POINT_Y
6488595,2014,2014-07-24,1942,2014-05-04,1555,34426,1123,7,5,7,1942,0,0,0,K,0,11TL32,LOS FELIZ BL,REVERE AV,45,E,N,A,-,N,NA,NA,NA,NA,NA,NA,NA,NA,NA,N,4,0,2,2,A,-,09,21801,A,N,D,C,A,A,H,-,A,A,0,NA,NA,NA,NA,Y,NA,A,01,0,0,2,0,0,0,0,0,0,-,-,NA,NA,LOS ANGELES,LOS ANGELES,-118.26366361,34.12604467
6488596,2014,2014-07-24,1942,2014-05-04,1355,34426,1129,7,5,7,1942,0,0,0,K,0,11TL32,YORK BL,AVENUE 64,50,E,N,A,-,N,NA,NA,NA,NA,NA,NA,NA,NA,NA,N,4,0,1,2,A,-,03,22350,NA,N,C,C,A,A,H,-,A,A,0,NA,NA,NA,NA,Y,NA,A,01,0,0,1,0,0,0,0,0,0,-,-,NA,NA,LOS ANGELES,LOS ANGELES,-118.18130842,34.11436611
6488597,2014,2014-07-24,1942,2014-05-01,0750,39759,0429,4,5,7,1942,0,0,0,D,0,4T45,NAVARRO ST,PORTOLA AV,249,E,N,A,-,N,NA,NA,NA,NA,NA,NA,NA,NA,NA,N,3,0,1,2,A,-,11,21954,A,N,G,B,D,A,H,-,A,D,0,Y,NA,NA,NA,Y,NA,N,60,0,1,0,0,1,0,0,0,0,-,-,NA,NA,LOS ANGELES,LOS ANGELES,-118.17085188,34.08737815
6488598,2014,2014-07-24,1942,2014-05-05,1450,40099,0457,1,5,7,1942,0,0,0,D,0,4TL4,CESAR E CHAVEZ AV,MOTT ST,8,E,N,A,-,N,NA,NA,NA,NA,NA,NA,NA,NA,NA,N,4,0,1,2,A,-,03,22350,NA,F,C,C,A,A,H,-,A,A,0,NA,NA,NA,NA,Y,NA,-,99,0,0,1,0,0,0,0,0,0,-,-,NA,NA,LOS ANGELES,LOS ANGELES,-118.20404691,34.04516942
6488599,2014,2015-09-25,1942,2014-05-06,1535,37611,0438,2,5,7,1942,0,0,0,D,0,13TL22,MARIANA AV,VALLEY BL,600,S,N,A,-,N,NA,NA,NA,NA,NA,NA,NA,NA,NA,Y,4,0,1,2,A,-,08,22102,NA,N,D,C,A,A,H,-,A,D,0,NA,NA,NA,NA,Y,NA,A,01,0,0,1,0,0,0,0,0,0,-,-,NA,NA,LOS ANGELES,LOS ANGELES,-118.17827483,34.0655449
6488600,2014,2014-07-24,1942,2014-05-04,2040,39062,0478,7,5,7,1942,0,0,0,D,0,1T11,LORENA ST,ATLANTIC ST,30,N,N,B,-,N,NA,NA,NA,NA,NA,NA,NA,NA,NA,N,3,0,1,3,A,-,03,22350,NA,N,C,E,A,A,H,-,C,D,0,NA,NA,NA,NA,Y,Y,A,01,0,1,0,0,0,0,0,0,0,-,-,NA,NA,LOS ANGELES,LOS ANGELES,-118.20289404,34.02474283
6488601,2014,2014-07-23,1942,2014-05-04,0750,39876,0437,7,5,7,1942,0,0,0,D,0,11TL32,GATESIDE DR,MULTNOMAH ST,0,NA,Y,A,-,N,NA,NA,NA,NA,NA,NA,NA,NA,NA,Y,3,0,1,2,A,-,09,21802,A,N,A,C,A,A,H,-,A,A,0,NA,NA,NA,NA,Y,NA,A,01,0,1,0,0,0,0,0,0,0,-,-,NA,NA,LOS ANGELES,LOS ANGELES,-118.18964007,34.0695801
6488602,2014,2014-07-23,1942,2014-05-01,1340,40579,0299,4,5,7,1942,0,0,0,B,0,2A75,VENICE BL,OAK ST,0,NA,Y,A,-,N,NA,NA,NA,NA,NA,NA,NA,NA,NA,Y,4,0,2,2,A,-,08,22102,NA,N,D,C,A,A,H,-,A,D,0,NA,NA,NA,NA,Y,NA,A,01,0,0,2,0,0,0,0,0,0,-,-,NA,NA,LOS ANGELES,LOS ANGELES,-118.27558001,34.03992011
6488604,2014,2014-07-23,1942,2014-05-05,1420,39889,0201,1,5,7,1942,0,0,0,B,0,2TL28,VERMONT AV,MARATHON ST,20,S,N,A,-,N,NA,NA,NA,NA,NA,NA,NA,NA,NA,Y,4,0,1,2,A,-,03,22350,NA,N,C,C,A,A,H,-,A,A,0,NA,NA,NA,NA,Y,NA,D,23,0,0,1,0,0,0,0,0,0,-,-,NA,NA,LOS ANGELES,LOS ANGELES,-118.29172,34.08458515
6488605,2014,2014-07-23,1942,2014-05-06,1725,37611,0203,2,5,7,1942,0,0,0,B,0,13TL22,VERMONT AV,NORMAL AV,152,S,N,A,-,N,NA,NA,NA,NA,NA,NA,NA,NA,NA,N,4,0,2,2,A,-,07,21658,A,N,B,C,A,A,H,-,A,D,0,NA,NA,NA,NA,Y,NA,A,01,0,0,2,0,0,0,0,0,0,-,-,NA,NA,LOS ANGELES,LOS ANGELES,-118.29173268,34.08624315
6488606,2014,2014-07-23,1942,2014-05-05,0835,37505,0195,1,5,7,1942,0,0,0,A,0,13TL53,VENICE BL,HILL ST,0,NA,Y,A,-,N,NA,NA,NA,NA,NA,NA,NA,NA,NA,N,4,0,1,2,A,-,09,21801,A,N,B,B,B,A,H,-,A,A,0,Y,NA,NA,NA,Y,NA,D,22,0,0,1,0,1,0,0,0,0,-,-,NA,NA,LOS ANGELES,LOS ANGELES,-118.26456004,34.03472011
6488607,2014,2014-07-23,1942,2014-05-05,1400,31152,0159,1,5,7,1942,0,0,0,A,0,4T43,SEATON ST,5TH ST,100,N,N,A,-,N,NA,NA,NA,NA,NA,NA,NA,NA,NA,N,4,0,1,2,A,-,11,21954,A,N,G,B,E,A,H,-,A,D,0,Y,NA,NA,NA,Y,NA,N,60,0,0,1,0,1,0,0,0,0,-,-,NA,NA,LOS ANGELES,LOS ANGELES,-118.23746379,34.04179181
6488608,2014,2014-07-23,1942,2014-05-02,1155,31152,0128,5,5,7,1942,0,0,0,A,0,1T11,2ND ST,CENTRAL AV,0,NA,Y,A,-,N,NA,NA,NA,NA,NA,NA,NA,NA,NA,Y,3,0,1,2,A,-,08,22107,NA,F,B,C,A,A,H,-,A,D,0,NA,NA,Y,NA,Y,NA,A,01,0,1,0,0,0,0,0,0,1,-,-,NA,NA,LOS ANGELES,LOS ANGELES,-118.23937002,34.04768008
6488609,2014,2014-07-23,1942,2014-05-03,1230,39103,0176,6,5,7,1942,0,0,0,A,0,1X92,MAPLE AV,87TH ST,0,NA,Y,A,-,N,NA,NA,NA,NA,NA,NA,NA,NA,NA,N,4,0,6,4,A,-,03,22350,NA,N,C,C,A,A,H,-,A,A,0,NA,NA,NA,NA,Y,NA,A,01,0,0,6,0,0,0,0,0,0,-,-,NA,NA,LOS ANGELES,LOS ANGELES,NA,NA
6488610,2014,2016-04-20,1942,2014-05-04,1030,32973,0111,7,5,7,1942,0,0,0,A,0,1TL24,HILL ST,BERNARD ST,200,S,N,A,-,Y,LA,7,110,-,-,24.426,R,4,N,N,4,0,1,2,A,-,07,21658,A,N,B,C,A,A,H,-,A,A,0,NA,NA,NA,NA,Y,NA,A,01,0,0,1,0,0,0,0,0,0,-,-,NA,NA,LOS ANGELES,LOS ANGELES,-118.23852854,34.06762281
6488611,2014,2016-04-21,1942,2014-05-04,1655,34426,0152,7,5,7,1942,0,0,0,A,0,11TL32,6TH ST,FIGUEROA ST,0,NA,Y,A,-,Y,LA,7,110,-,-,22.717,R,4,N,NA,4,0,3,2,A,-,08,22100,B,N,D,C,A,A,H,-,A,A,0,NA,NA,NA,NA,Y,NA,A,01,0,0,3,0,0,0,0,0,0,-,-,NA,NA,LOS ANGELES,LOS ANGELES,-118.26036035,34.05162521
6488612,2014,2015-03-12,1942,2014-05-03,1300,30380,0163,6,5,7,1942,0,0,0,A,0,2TL15,S BROADWAY,EAST 7TH ST,200,S,N,A,-,N,NA,NA,NA,NA,NA,NA,NA,NA,NA,N,3,0,1,2,A,-,07,21658,A,N,B,G,A,A,H,-,A,A,0,NA,Y,NA,NA,Y,NA,A,01,0,1,0,0,0,0,1,0,0,-,-,NA,NA,LOS ANGELES,LOS ANGELES,-118.25372579,34.04476787
6488613,2014,2014-07-23,1942,2014-05-02,1820,33322,RD132,5,5,7,1942,0,0,0,NA,0,MQ41,SAN PEDRO ST,ADAMS AV,0,NA,Y,A,-,N,NA,NA,NA,NA,NA,NA,NA,NA,NA,Y,3,0,1,2,A,-,09,21801,A,N,D,G,A,A,H,-,A,A,0,NA,Y,NA,NA,Y,NA,A,08,0,1,0,0,0,0,1,0,0,-,-,NA,NA,LOS ANGELES,LOS ANGELES,-118.26130009,34.02160004
6488614,2014,2014-07-23,1942,2014-05-05,0840,31152,1341,1,5,7,1942,0,0,0,M,0,4T43,BROADWAY,MARTIN LUTHER KING BL,150,N,N,A,-,N,NA,NA,NA,NA,NA,NA,NA,NA,NA,N,4,0,1,2,A,-,04,21703,NA,N,C,C,A,A,H,-,A,D,0,NA,NA,NA,NA,Y,NA,A,01,0,0,1,0,0,0,0,0,0,-,-,NA,NA,LOS ANGELES,LOS ANGELES,-118.2786471,34.01148049
6488615,2014,2014-09-29,1942,2014-05-05,1945,39062,1331,1,5,7,1942,0,0,0,M,0,1T11,GRAND AV,ADAMS BL,0,NA,Y,A,-,N,NA,NA,NA,NA,NA,NA,NA,NA,NA,Y,4,0,4,2,A,-,09,21801,A,N,A,C,A,A,H,-,B,A,0,NA,NA,NA,NA,Y,NA,A,01,0,0,4,0,0,0,0,0,0,-,-,NA,NA,LOS ANGELES,LOS ANGELES,-118.27226999,34.02647012
6488616,2014,2014-07-23,1942,2014-05-06,1220,39639,1385,2,5,7,1942,0,0,0,M,0,4T83,GAGE AV,AVALON BL,0,NA,Y,A,-,N,NA,NA,NA,NA,NA,NA,NA,NA,NA,N,4,0,2,2,A,-,09,21801,A,N,D,C,A,A,H,-,A,A,0,NA,NA,NA,NA,Y,NA,A,01,0,0,2,0,0,0,0,0,0,-,-,NA,NA,LOS ANGELES,LOS ANGELES,-118.26519011,33.98248012
6488617,2014,2014-09-30,1942,2014-05-02,1755,39889,1313,5,5,7,1942,0,0,0,M,0,1TL24,SAN PEDRO ST,WASHINGTON BL,0,W,N,A,-,N,NA,NA,NA,NA,NA,NA,NA,NA,NA,N,2,0,2,3,A,-,06,21755,NA,N,B,C,-,A,H,-,A,A,0,Y,NA,Y,NA,Y,NA,C,02,1,0,1,0,1,0,0,0,1,-,-,NA,NA,LOS ANGELES,LOS ANGELES,-118.25745011,34.02762011
6488618,2014,2015-09-25,1942,2014-05-05,2220,36814,1132,1,5,7,1942,0,0,0,K,0,1T11,GLENDALE BL,RIVERSIDE DR,0,NA,Y,A,-,N,NA,NA,NA,NA,NA,NA,NA,NA,NA,Y,2,0,1,2,A,-,09,21801,A,N,D,C,A,A,H,-,C,D,0,NA,NA,Y,NA,Y,NA,D,22,1,0,0,0,0,0,0,0,1,-,-,NA,NA,LOS ANGELES,LOS ANGELES,-118.26505003,34.11112002
6488638,2014,2014-07-23,1925,2014-05-04,1321,21604,248,7,5,6,1925,0,0,0,NA,0,003,COLORADO ST,LOUISE ST,0,E,N,B,-,N,NA,NA,NA,NA,NA,NA,NA,NA,NA,N,4,0,1,3,A,-,05,21650,NA,N,B,C,A,A,H,-,A,A,0,NA,NA,NA,NA,Y,NA,A,07,0,0,1,0,0,0,0,0,0,-,-,NA,NA,LOS ANGELES,GLENDALE,-118.25260011,34.1426001
6488639,2014,2014-07-23,1925,2014-05-03,1810,22342,130,6,5,6,1925,0,0,0,NA,0,005,VERDUGO RD,BROADVIEW DR,40,E,N,A,-,N,NA,NA,NA,NA,NA,NA,NA,NA,NA,N,3,0,1,2,A,-,08,22100,B,N,D,G,A,A,H,-,A,A,0,NA,Y,NA,NA,Y,NA,L,04,0,1,0,0,0,0,1,0,0,-,-,NA,NA,LOS ANGELES,GLENDALE,-118.22600262,34.20379433
6488640,2014,2014-07-23,1925,2014-05-01,0832,20153,158,4,5,6,1925,0,0,0,NA,0,004,CHEVY CHASE DR,SINCLAIR AV,0,NA,Y,A,-,N,NA,NA,NA,NA,NA,NA,NA,NA,NA,Y,3,0,1,2,A,-,09,21801,A,N,D,C,A,A,H,-,A,A,0,NA,NA,NA,NA,Y,NA,A,01,0,1,0,0,0,0,0,0,0,-,-,NA,NA,LOS ANGELES,GLENDALE,-118.23257013,34.15196002
6488663,2014,2015-08-12,1934,2014-03-24,1137,745,1934,1,5,1,1934,0,0,0,NA,0,001,ARROW HWY,EDISON POLE #952829E,141,W,N,A,-,N,NA,NA,NA,NA,NA,NA,NA,NA,NA,Y,2,0,2,2,A,-,09,21801,A,N,D,C,A,A,H,-,A,A,0,NA,NA,Y,NA,Y,NA,D,22,1,0,1,0,0,0,0,0,1,-,-,NA,NA,LOS ANGELES,IRWINDALE,NA,NA
6488665,2014,2015-03-12,1942,2014-03-09,1610,19859,NA,7,5,7,1942,0,0,0,NA,0,NA,MARINA EXPWY,CULVER BL,300,W,N,A,-,N,NA,NA,90,NA,NA,NA,NA,NA,NA,N,2,0,1,2,A,-,06,21755,NA,N,B,G,A,A,H,-,A,D,0,NA,Y,NA,NA,Y,NA,A,07,1,0,0,0,0,0,1,0,0,-,-,33.9815,-118.43029,LOS ANGELES,LOS ANGELES,-118.43027022,33.98177592
6488675,2014,2014-06-25,1916,2014-04-21,1720,00001,NA,1,5,4,1916,0,0,0,NA,0,NA,GRAND AV,CYPRESS ST,573,N,N,A,-,N,NA,NA,NA,NA,NA,NA,NA,NA,NA,N,4,0,1,2,A,-,05,21650,NA,N,D,G,A,A,H,-,A,D,0,NA,Y,NA,NA,Y,NA,L,04,0,0,1,0,0,0,1,0,0,-,-,34.09681,-117.87255999999999,LOS ANGELES,COVINA,-117.87266609,34.09727067
6488693,2014,2015-03-16,1942,2014-04-25,2200,37080,1063,5,5,7,1942,0,0,0,J,0,10T37,BURBANK BL,RESEDA BL,80,E,N,C,-,N,NA,NA,NA,NA,NA,NA,NA,NA,NA,Y,4,0,1,2,A,-,07,21658,A,M,B,C,A,B,H,-,C,A,0,NA,NA,NA,NA,Y,NA,-,99,0,0,1,0,0,0,0,0,0,-,-,NA,NA,LOS ANGELES,LOS ANGELES,-118.53573618,34.17234879
6488725,2014,2016-02-06,9525,2014-04-27,0220,20499,NA,7,3,5,1926,0,1,1,NA,2,206,RT 210,AUTO CENTER DR,422,N,N,A,-,Y,LA,7,57,-,R,11.51,H,-,S,Y,3,0,1,1,A,-,01,23152,A,N,E,I,A,A,H,-,D,D,1,NA,NA,NA,NA,Y,Y,A,01,0,1,0,0,0,0,0,0,0,TO,-,34.12018,-117.82809,LOS ANGELES,GLENDORA,-117.82488887,34.11847914
6488801,2014,2014-07-30,1925,2014-05-01,1539,20153,146,4,5,6,1925,0,0,0,NA,0,004,VERDUGO ST,CALAFIA ST,0,NA,Y,A,-,N,NA,NA,NA,NA,NA,NA,NA,NA,NA,Y,4,0,1,1,A,-,03,22350,NA,N,F,J,A,A,H,-,A,D,0,NA,NA,Y,NA,Y,NA,C,02,0,0,1,0,0,0,0,0,1,-,-,NA,NA,LOS ANGELES,GLENDALE,-118.22563008,34.18152012
6488802,2014,2014-07-30,1925,2014-05-01,2116,22104,216,4,5,6,1925,0,0,0,NA,0,002,PACIFIC AV,ARDEN AV,0,NA,Y,A,-,N,NA,NA,NA,NA,NA,NA,NA,NA,NA,NA,4,0,1,2,A,-,10,21950,A,N,G,B,B,A,H,-,C,A,0,Y,NA,NA,NA,Y,NA,A,NA,0,0,1,0,1,0,0,0,0,-,-,NA,NA,LOS ANGELES,GLENDALE,-118.26406003,34.15845009
6488803,2014,2014-07-30,1925,2014-05-01,1557,19364,207,4,5,6,1925,0,0,0,NA,0,001,VICTORY BL,WESTERN AV,0,NA,Y,A,-,N,NA,NA,NA,NA,NA,NA,NA,NA,NA,Y,4,0,1,2,A,-,09,21801,A,N,D,C,A,A,H,-,A,A,0,NA,NA,NA,NA,Y,NA,A,01,0,0,1,0,0,0,0,0,0,-,-,NA,NA,LOS ANGELES,GLENDALE,-118.30020007,34.16114007
6488804,2014,2014-08-07,1925,2014-05-02,1943,24249,172,5,5,6,1925,0,0,0,NA,0,001,KENILWORTH AV,GLENOAKS,0,NA,Y,A,-,N,NA,NA,NA,NA,NA,NA,NA,NA,NA,NA,4,0,1,2,A,-,12,21453,A,N,D,C,A,A,H,-,B,A,0,NA,NA,NA,NA,Y,NA,-,NA,0,0,1,0,0,0,0,0,0,-,-,NA,NA,LOS ANGELES,GLENDALE,-118.26710009,34.15978012
6488805,2014,2014-07-30,1925,2014-05-31,0555,20153,277,6,5,6,1925,0,0,0,NA,0,002,GARDENA AV,RAILROAD ST,0,NA,Y,A,-,N,NA,NA,NA,NA,NA,NA,NA,NA,NA,N,4,0,1,2,A,-,21,22106,NA,M,H,E,A,A,H,-,B,D,0,NA,NA,NA,NA,Y,NA,A,01,0,0,1,0,0,0,0,0,0,-,-,NA,NA,LOS ANGELES,GLENDALE,-118.26023012,34.12729009
6488807,2014,2016-04-19,9590,2014-05-02,1522,20757,NA,5,2,7,1942,0,1,1,NA,2,051,RT 110,FLORENCE AV,300,N,N,A,-,Y,LA,7,110,-,-,17.06,H,-,S,Y,4,0,1,4,A,-,03,22350,NA,N,C,C,A,A,H,-,A,D,1,NA,NA,NA,NA,Y,NA,A,01,0,0,1,0,0,0,0,0,0,-,-,33.97222,-118.28011,LOS ANGELES,LOS ANGELES,-118.28093232,33.97587326
6488808,2014,2016-04-21,9590,2014-05-03,1410,20244,NA,6,2,7,1942,0,1,2,NA,2,071,RT 101,BONNIE BRAE,50,S,N,A,-,Y,LA,7,101,-,-,2.7,H,-,S,Y,4,0,1,4,A,-,03,22350,NA,N,C,C,A,A,H,-,A,D,1,NA,NA,NA,NA,Y,NA,A,01,0,0,1,0,0,0,0,0,0,-,-,34.07082,-118.26446,LOS ANGELES,LOS ANGELES,-118.264388,34.07082005
6488810,2014,2016-04-22,9590,2014-05-02,1820,19110,NA,5,2,7,1942,0,1,1,NA,2,061,RT 10,NORMANDIE AV,100,E,N,A,-,Y,LA,7,10,-,R,13.36,H,-,W,Y,4,0,1,3,A,-,03,22350,NA,N,C,C,A,A,H,-,A,D,1,NA,NA,NA,NA,Y,NA,A,07,0,0,1,0,0,0,0,0,0,-,-,34.03704,-118.29931,LOS ANGELES,LOS ANGELES,-118.29961397,34.03715505
6488811,2014,2016-04-21,9590,2014-05-02,1040,20470,NA,5,1,7,1942,0,1,1,NA,2,061,RT 10,CRENSHAW BL,200,W,N,A,-,Y,LA,7,10,-,R,11.35,H,-,W,N,4,0,1,2,A,-,03,22350,NA,N,C,C,A,A,H,-,A,D,1,NA,NA,NA,NA,Y,NA,A,01,0,0,1,0,0,0,0,0,0,-,-,34.0349,-118.3385,LOS ANGELES,LOS ANGELES,-118.33442037,34.03512688
6488812,2014,2016-04-21,9590,2014-05-01,1712,20409,NA,4,2,7,1942,0,1,1,NA,2,082,RT 5,RT 110,300,S,N,A,-,Y,LA,7,5,-,-,20.36,H,-,N,N,4,0,2,3,A,-,03,22350,NA,N,C,C,A,A,H,-,A,D,1,NA,NA,NA,NA,Y,NA,A,01,0,0,2,0,0,0,0,0,0,-,-,34.09331,-118.24087,LOS ANGELES,LOS ANGELES,-118.22260516,34.08125403
6488814,2014,2016-04-20,9590,2014-05-04,2050,20629,NA,7,2,7,1942,0,1,1,NA,2,080,RT 5,4TH ST,200,N,N,A,-,Y,LA,7,5,-,-,17.62,H,-,N,N,4,0,1,2,A,-,03,22350,NA,N,C,C,A,A,H,-,C,D,1,NA,NA,NA,NA,Y,NA,A,01,0,0,1,0,0,0,0,0,0,-,-,34.0442,-118.21626,LOS ANGELES,LOS ANGELES,-118.21668507,34.04362443
6488815,2014,2016-04-21,9590,2014-05-05,1035,13435,NA,1,1,7,1942,0,1,1,NA,2,052,RT 110,28TH ST,150,N,N,B,-,Y,LA,7,110,-,-,20.61,H,-,N,Y,4,0,1,2,A,-,03,22350,NA,N,B,C,A,A,H,-,A,D,1,NA,NA,NA,NA,Y,NA,A,01,0,0,1,0,0,0,0,0,0,-,-,34.2639,-118.27502,LOS ANGELES,LOS ANGELES,-118.27504553,34.02627897
6488816,2014,2016-04-22,9590,2014-05-06,0950,16689,NA,2,1,7,1942,0,1,1,NA,2,062,RT 10,VERMONT AV,200,W,N,B,-,Y,LA,7,10,-,R,13.76,H,-,E,Y,4,0,1,2,A,-,03,22350,NA,N,C,C,A,A,H,-,A,D,1,NA,NA,NA,NA,Y,NA,A,01,0,0,1,0,0,0,0,0,0,-,-,34.03671,-118.29156,LOS ANGELES,LOS ANGELES,-118.29265067,34.03685245
6488817,2014,2016-04-21,9590,2014-05-05,1545,13435,NA,1,2,7,1942,0,1,1,NA,2,051,RT 110,EXPOSITION BL,300,S,N,A,-,Y,LA,7,110,-,-,19.97,H,-,S,Y,4,0,1,3,A,-,03,22350,NA,N,C,C,A,A,H,-,A,D,1,NA,NA,NA,NA,Y,NA,A,01,0,0,1,0,0,0,0,0,0,-,-,34.01784,-118.28044,LOS ANGELES,LOS ANGELES,-118.28005143,34.01812289
6488818,2014,2016-04-16,9590,2014-05-05,2055,20773,NA,1,2,7,1942,0,1,3,NA,2,095,RT 2,RT 5,1500,N,N,A,-,Y,LA,7,2,-,-,15.503,R,2,W,Y,4,0,4,2,A,-,03,22350,NA,N,C,C,A,A,H,-,C,D,1,NA,NA,NA,NA,Y,NA,A,08,0,0,4,0,0,0,0,0,0,-,-,34.10662,-118.25013,LOS ANGELES,LOS ANGELES,-118.24977419,34.10817686
6488819,2014,2016-04-22,9590,2014-05-05,1800,19379,NA,1,2,7,1942,0,1,1,NA,2,064,RT 10,ALAMEDA ST,1200,W,N,A,-,Y,LA,7,10,-,-,16.89,H,-,E,N,4,0,2,2,A,-,03,22350,NA,N,C,C,A,A,H,-,A,D,1,NA,NA,NA,NA,Y,NA,A,07,0,0,2,0,0,0,0,0,0,-,-,34.02217,-118.23979,LOS ANGELES,LOS ANGELES,-118.24306584,34.02361261
6488820,2014,2016-04-20,9590,2014-05-05,1425,15575,NA,1,2,7,1942,0,1,1,NA,2,052,RT 110,4TH ST,50,S,N,A,-,Y,LA,7,110,-,-,22.962,R,2,N,N,4,0,2,2,A,-,03,22350,NA,N,C,C,A,A,H,-,A,D,1,NA,NA,NA,NA,Y,NA,A,08,0,0,2,0,0,0,0,0,0,-,-,34.05482,-118.25686,LOS ANGELES,LOS ANGELES,-118.25751163,34.05431872
6488821,2014,2016-04-23,9590,2014-05-05,0824,16551,NA,1,1,7,1942,0,1,2,NA,2,073,RT 101,BARHAM BL,800,N,N,A,-,Y,LA,7,101,-,-,9.37,H,-,S,Y,4,0,2,2,A,-,03,22350,NA,N,C,C,A,A,H,-,A,D,1,NA,NA,NA,NA,Y,NA,A,01,0,0,2,0,0,0,0,0,0,-,-,34.13102,-118.3492,LOS ANGELES,LOS ANGELES,-118.34878999,34.13033243
6488822,2014,2016-04-25,9590,2014-05-06,1840,19281,NA,2,2,7,1942,0,1,2,NA,2,070,RT 101,CENTER ST,50,N,N,A,-,Y,LA,7,101,-,-,0.29,H,-,N,N,4,0,1,2,A,-,03,22350,NA,N,C,C,A,A,H,-,A,D,1,NA,NA,NA,NA,Y,NA,A,01,0,0,1,0,0,0,0,0,0,-,-,34.05522,-118.23862,LOS ANGELES,LOS ANGELES,-118.2315318,34.05353904
6488823,2014,2016-04-21,9590,2014-05-05,1818,18579,NA,1,2,7,1942,0,1,1,NA,2,060,RT 10,LA BREA AV,500,E,N,A,-,Y,LA,7,10,-,R,10.56,H,-,E,N,4,0,1,2,A,-,03,22350,NA,F,C,C,A,-,H,-,A,D,1,NA,NA,NA,NA,Y,NA,A,01,0,0,1,0,0,0,0,0,0,-,-,34.0345,-118.3422,LOS ANGELES,LOS ANGELES,-118.34825229,34.03430139
6488824,2014,2014-07-31,1941,2014-05-12,1253,10139,NA,1,5,7,1941,0,0,0,NA,0,NA,ATLANTA AV,EAST 6TH ST,0,NA,Y,A,-,N,NA,NA,NA,NA,NA,NA,NA,NA,NA,Y,3,0,1,3,A,-,12,21453,A,N,D,C,A,A,H,-,A,A,0,NA,NA,NA,NA,Y,NA,A,NA,0,1,0,0,0,0,0,0,0,-,-,NA,NA,LOS ANGELES,LONG BEACH,-118.18505013,33.77415003
6488839,2014,2014-07-30,1944,2014-05-01,1736,224,2M72,4,5,4,1944,0,0,0,NA,0,004,AVIATION BL,NORTHRUP GATE 17,0,NA,Y,A,-,N,NA,NA,NA,NA,NA,NA,NA,NA,NA,Y,4,0,1,2,A,-,09,21801,A,N,D,C,A,A,H,-,A,D,0,NA,NA,Y,NA,Y,NA,A,01,0,0,1,0,0,0,0,0,1,-,-,NA,NA,LOS ANGELES,MANHATTAN BEACH,NA,NA
6488850,2014,2014-08-01,1941,2014-05-03,1028,10068,NA,6,5,7,1941,0,0,0,NA,0,NA,LOS COYOTES DIAGONAL,PARKCREST ST,0,NA,Y,A,-,N,NA,NA,NA,NA,NA,NA,NA,NA,NA,Y,3,0,3,2,A,-,03,22350,NA,N,D,C,A,A,H,-,A,A,0,NA,NA,NA,NA,Y,NA,A,NA,0,2,1,0,0,0,0,0,0,-,-,NA,NA,LOS ANGELES,LONG BEACH,-118.09994006,33.83009011
6488851,2014,2016-04-21,1941,2014-05-03,2312,10052,NA,6,5,7,1941,0,0,0,NA,0,NA,PACIFIC COAST HWY,ANAHEIM PL,0,NA,Y,A,-,Y,LA,7,1,-,-,3.071,I,5,N,Y,3,0,1,1,D,-,00,NA,NA,N,H,A,A,A,H,-,C,A,0,NA,NA,Y,NA,Y,NA,-,-,0,1,0,0,0,0,0,0,1,-,-,NA,NA,LOS ANGELES,LONG BEACH,-118.13664045,33.78582864