CASE_ID,ACCIDENT_YEAR,PROC_DATE,JURIS,COLLISION_DATE,COLLISION_TIME,OFFICER_ID,REPORTING_DISTRICT,DAY_OF_WEEK,CHP_SHIFT,POPULATION,CNTY_CITY_LOC,SPECIAL_COND,BEAT_TYPE,CHP_BEAT_TYPE,CITY_DIVISION_LAPD,CHP_BEAT_CLASS,BEAT_NUMBER,PRIMARY_RD,SECONDARY_RD,DISTANCE,DIRECTION,INTERSECTION,WEATHER_1,WEATHER_2,STATE_HWY_IND,CALTRANS_COUNTY,CALTRANS_DISTRICT,STATE_ROUTE,ROUTE_SUFFIX,POSTMILE_PREFIX,POSTMILE,LOCATION_TYPE,RAMP_INTERSECTION,SIDE_OF_HWY,TOW_AWAY,COLLISION_SEVERITY,NUMBER_KILLED,NUMBER_INJURED,PARTY_COUNT,PRIMARY_COLL_FACTOR,PCF_CODE_OF_VIOL,PCF_VIOL_CATEGORY,PCF_VIOLATION,PCF_VIOL_SUBSECTION,HIT_AND_RUN,TYPE_OF_COLLISION,MVIW,PED_ACTION,ROAD_SURFACE,ROAD_COND_1,ROAD_COND_2,LIGHTING,CONTROL_DEVICE,CHP_ROAD_TYPE,PEDESTRIAN_ACCIDENT,BICYCLE_ACCIDENT,MOTORCYCLE_ACCIDENT,TRUCK_ACCIDENT,NOT_PRIVATE_PROPERTY,ALCOHOL_INVOLVED,STWD_VEHTYPE_AT_FAULT,CHP_VEHTYPE_AT_FAULT,COUNT_SEVERE_INJ,COUNT_VISIBLE_INJ,COUNT_COMPLAINT_PAIN,COUNT_PED_KILLED,COUNT_PED_INJURED,COUNT_BICYCLIST_KILLED,COUNT_BICYCLIST_INJURED,COUNT_MC_KILLED,COUNT_MC_INJURED,PRIMARY_RAMP,SECONDARY_RAMP,LATITUDE,LONGITUDE,COUNTY,CITY,POINT_X,POINT_Y
6491499,2014,2014-07-25,1900,2014-05-11,1049,512429,0523,7,5,4,1971,0,0,0,NA,0,52T1AM,LAS TUNAS DR,TEMPLE CITY BL,0,NA,Y,A,-,N,NA,NA,NA,NA,NA,NA,NA,NA,NA,N,4,0,1,2,A,-,12,21453,A,N,D,C,A,A,H,-,A,A,0,NA,NA,NA,NA,Y,NA,A,07,0,0,1,0,0,0,0,0,0,-,-,NA,NA,LOS ANGELES,TEMPLE CITY,-118.06091006,34.10668003
6491501,2014,2014-07-29,1953,2014-05-15,1627,8404,NA,4,5,6,1953,0,0,0,NA,0,NA,EAST FOOTHILL BL,HALSTEAD AV,150,W,N,A,-,N,NA,NA,NA,NA,NA,NA,NA,NA,NA,N,4,0,1,3,A,-,04,21703,NA,N,B,C,A,A,H,-,A,D,0,NA,NA,NA,NA,Y,NA,-,NA,0,0,1,0,0,0,0,0,0,-,-,NA,NA,LOS ANGELES,PASADENA,-118.08013458,34.15011084
6491505,2014,2014-08-04,1953,2014-05-01,1522,7176,1953,4,5,6,1953,0,0,0,NA,0,002,LAKE AV,VILLA ST,20,S,N,A,-,N,NA,NA,NA,NA,NA,NA,NA,NA,NA,Y,4,0,3,4,C,-,18,NA,NA,M,C,C,A,A,H,-,A,A,0,NA,NA,NA,NA,Y,NA,-,-,0,0,3,0,0,0,0,0,0,-,-,NA,NA,LOS ANGELES,PASADENA,-118.13244016,34.15421581
6491507,2014,2014-07-25,1900,2014-05-10,1110,437387,0541,6,5,3,1921,0,0,0,NA,0,58T1AM,DUARTE RD,BROADLAND AV,0,NA,Y,A,-,N,NA,NA,NA,NA,NA,NA,NA,NA,NA,Y,4,0,5,4,A,-,09,21801,A,N,D,C,A,A,H,-,A,D,0,NA,NA,NA,NA,Y,NA,A,08,0,0,5,0,0,0,0,0,0,-,-,NA,NA,LOS ANGELES,DUARTE,-117.98065013,34.13231006
6491513,2014,2015-06-02,1953,2014-05-11,2500,1582,1953,7,5,6,1953,0,0,0,NA,0,005,UNION ST,RAYMOND AV,0,NA,Y,A,-,N,NA,NA,NA,NA,NA,NA,NA,NA,NA,N,4,0,1,2,A,-,10,21950,A,N,G,B,B,A,H,-,A,A,0,Y,NA,NA,NA,Y,NA,-,-,0,0,1,0,1,0,0,0,0,-,-,NA,NA,LOS ANGELES,PASADENA,-118.14890005,34.14677002
6491523,2014,2014-07-30,1953,2014-05-17,1148,5281,1953,6,5,6,1953,0,0,0,NA,0,004,WALNUT ST,KINNELOA AV,200,W,N,A,-,N,NA,NA,NA,NA,NA,NA,NA,NA,NA,Y,3,0,1,1,C,-,18,NA,NA,N,E,I,A,A,H,-,A,A,0,NA,NA,NA,NA,Y,NA,-,-,0,1,0,0,0,0,0,0,0,-,-,NA,NA,LOS ANGELES,PASADENA,-118.08760958,34.14805626
6491531,2014,2014-07-30,1953,2014-05-17,1356,440,1953,6,5,6,1953,0,0,0,NA,0,002,EARLHAM ST,LAKE AV,90,W,N,A,-,N,NA,NA,NA,NA,NA,NA,NA,NA,NA,N,4,0,1,2,A,-,09,21804,A,N,D,G,A,A,H,-,A,A,0,NA,Y,NA,NA,Y,NA,A,07,0,0,1,0,0,0,1,0,0,-,-,NA,NA,LOS ANGELES,PASADENA,-118.13275686,34.15674869
6491543,2014,2014-07-30,1953,2014-05-19,1740,366,1953,1,5,6,1953,0,0,0,NA,0,002,N MARENGO AV,N MARENGO AV 652,0,NA,N,A,-,N,NA,NA,NA,NA,NA,NA,NA,NA,NA,N,4,0,1,2,A,-,07,21658,A,N,C,E,A,A,H,-,A,D,0,NA,NA,NA,NA,Y,NA,A,01,0,0,1,0,0,0,0,0,0,-,-,NA,NA,LOS ANGELES,PASADENA,-118.14588,34.134653
6491544,2014,2014-07-30,1953,2014-05-16,1157,5281,1953,5,5,6,1953,0,0,0,NA,0,005,HILL AV,UNION ST,0,NA,Y,A,-,N,NA,NA,NA,NA,NA,NA,NA,NA,NA,N,3,0,3,2,A,-,09,21801,A,N,A,C,A,A,H,-,A,A,0,NA,NA,NA,NA,Y,NA,A,07,0,2,1,0,0,0,0,0,0,-,-,NA,NA,LOS ANGELES,PASADENA,-118.12138009,34.14803003
6491548,2014,2015-09-28,1953,2014-05-07,1600,4980,1953,3,5,6,1953,0,0,0,NA,0,002,FAIR OAKS AV,HOWARD ST,0,NA,Y,A,-,N,NA,NA,NA,NA,NA,NA,NA,NA,NA,N,2,0,2,2,A,-,12,21453,A,N,C,A,A,A,A,H,A,D,0,NA,NA,Y,NA,Y,NA,O,05,1,0,1,0,0,0,0,0,1,-,-,NA,NA,LOS ANGELES,PASADENA,-118.15072002,34.17250008
6491556,2014,2014-07-30,1953,2014-05-07,1540,7176,1953,3,5,6,1953,0,0,0,NA,0,005,CATALINA AV,COLORADO BL,0,NA,Y,B,-,N,NA,NA,NA,NA,NA,NA,NA,NA,NA,Y,4,0,1,2,A,-,12,21453,A,N,D,C,A,A,H,-,A,A,0,NA,NA,NA,NA,Y,NA,A,01,0,0,1,0,0,0,0,0,0,-,-,NA,NA,LOS ANGELES,PASADENA,-118.12944006,34.14592005
6491560,2014,2014-07-30,1953,2014-05-08,0855,7176,1953,4,5,6,1953,0,0,0,NA,0,005,LAKE AV,UNION ST,50,S,N,A,-,N,NA,NA,NA,NA,NA,NA,NA,NA,NA,Y,4,0,1,2,A,-,09,21801,A,N,D,C,A,A,H,-,A,D,0,NA,NA,NA,NA,Y,NA,A,01,0,0,1,0,0,0,0,0,0,-,-,NA,NA,LOS ANGELES,PASADENA,-118.13238315,34.14762301
6491568,2014,2014-08-07,1953,2014-05-16,0820,5281,1953,5,5,6,1953,0,0,0,NA,0,002,FAIR OAKS AV,TREMONT ST,100,S,N,A,-,N,NA,NA,NA,NA,NA,NA,NA,NA,NA,N,4,0,1,1,C,-,18,NA,NA,N,H,A,A,A,H,-,A,A,0,NA,Y,NA,NA,Y,NA,-,-,0,0,1,0,0,0,1,0,0,-,-,NA,NA,LOS ANGELES,PASADENA,-118.15076857,34.17798588
6491574,2014,2014-07-26,1953,2014-05-20,1857,0366,1953,2,5,6,1953,0,0,0,NA,0,001,ROSEMONT AV,STIVERS WY,0,NA,Y,A,-,N,NA,NA,NA,NA,NA,NA,NA,NA,NA,N,4,0,1,2,A,-,08,22107,NA,N,A,G,A,A,H,-,A,D,0,NA,Y,NA,NA,Y,NA,A,01,0,0,1,0,0,0,1,0,0,-,-,NA,NA,LOS ANGELES,PASADENA,NA,NA
6491576,2014,2016-04-20,9580,2014-05-09,1055,13566,NA,5,1,3,1994,0,1,2,NA,2,108,RT 101,KANAN RD,2640,N,N,A,-,Y,LA,7,101,-,-,35.54,H,-,N,Y,4,0,2,2,A,-,03,22350,NA,N,C,C,A,A,H,-,A,D,1,NA,NA,NA,NA,Y,NA,A,01,0,0,2,0,0,0,0,0,0,-,-,34.14718,-118.76906,LOS ANGELES,AGOURA HILLS,-118.76995927,34.14728631
6491580,2014,2014-07-30,1953,2014-05-16,0653,7671,1953,5,5,6,1953,0,0,0,NA,0,002,LINCOLN AV,HOWARD ST,0,NA,Y,A,-,N,NA,NA,NA,NA,NA,NA,NA,NA,NA,Y,4,0,2,2,A,-,12,21453,A,F,D,C,A,A,H,-,A,A,0,NA,NA,NA,NA,Y,NA,A,01,0,0,2,0,0,0,0,0,0,-,-,NA,NA,LOS ANGELES,PASADENA,-118.15962006,34.17358009
6491584,2014,2014-07-30,1953,2014-05-16,1611,3050,1953,5,5,6,1953,0,0,0,NA,0,001,ORANGE GROVE BL,CALIFORNIA BL,30,S,N,A,-,N,NA,NA,NA,NA,NA,NA,NA,NA,NA,N,4,0,1,3,A,-,03,22350,NA,F,C,C,A,A,H,-,A,A,0,NA,NA,NA,NA,Y,NA,A,01,0,0,1,0,0,0,0,0,0,-,-,NA,NA,LOS ANGELES,PASADENA,-118.15898237,34.13564798
6491594,2014,2016-02-06,1953,2014-05-19,0404,1600,1953,1,5,6,1953,0,0,0,NA,0,004,SIERRA MADRE VILLA AV,RT 210,0,NA,Y,A,-,Y,LA,7,210,-,R,28.301,R,4,E,N,4,0,1,2,A,-,12,21453,A,F,D,C,A,A,H,-,C,A,0,NA,NA,NA,NA,Y,NA,-,99,0,0,1,0,0,0,0,0,0,-,SF,NA,NA,LOS ANGELES,PASADENA,-118.0979659,34.15238076
6491601,2014,2016-03-21,9565,2014-03-26,1255,020468,NA,3,1,5,1965,0,1,1,NA,2,081,RT 10,20TH ST,50,E,N,B,-,Y,LA,7,10,-,R,3.09,H,-,W,Y,4,0,1,2,A,-,03,22350,NA,N,C,D,A,A,H,-,A,D,1,NA,NA,NA,NA,Y,NA,A,01,0,0,1,0,0,0,0,0,0,-,-,34.0235,-118.4728,LOS ANGELES,SANTA MONICA,-118.47350491,34.02345771
6491605,2014,2016-03-21,9565,2014-03-26,1504,020468,NA,3,2,7,1942,0,1,1,NA,2,083,RT 10,MANNING AV,100,W,N,A,-,Y,LA,7,10,-,R,7.12,H,-,E,N,4,0,1,2,A,-,03,22350,NA,N,C,C,A,A,H,-,A,D,1,NA,NA,NA,NA,Y,NA,A,07,0,0,1,0,0,0,0,0,0,-,-,34.0296,-118.4046,LOS ANGELES,LOS ANGELES,-118.40502202,34.02972858
6491625,2014,2014-07-08,9565,2014-03-16,2110,20490,NA,7,2,9,1900,0,3,5,NA,2,003,PRESIDIO DR,STOCKER ST,30,S,N,A,-,N,NA,NA,NA,NA,NA,NA,NA,NA,NA,Y,4,0,1,2,A,-,08,22107,NA,N,D,C,A,A,H,-,C,D,0,NA,NA,NA,NA,Y,NA,A,01,0,0,1,0,0,0,0,0,0,-,-,34.00452,-118.34118,LOS ANGELES,UNINCORPORATED,-118.3412964,34.00462777
6491626,2014,2015-12-28,9535,2014-03-16,1755,18655,NA,7,2,6,1922,0,1,1,NA,2,401,RT 10,DURFEE AV,125,W,N,A,-,Y,LA,7,10,-,-,30.49,H,-,W,Y,2,0,5,3,A,-,01,23152,A,F,C,C,A,A,H,-,A,D,6,NA,NA,NA,NA,Y,Y,A,07,1,0,4,0,0,0,0,0,0,-,-,34.05621,-118.07691,LOS ANGELES,EL MONTE,-118.01139669,34.06456723
6491627,2014,2014-07-26,1900,2014-05-10,1010,462141,2111,6,5,5,1943,0,0,0,NA,0,212T4,LONG BEACH BL,TENAYA AV,31,S,N,A,-,N,NA,NA,NA,NA,NA,NA,NA,NA,NA,N,4,0,1,3,A,-,03,22350,NA,N,C,C,A,A,H,-,A,A,0,NA,NA,NA,NA,Y,NA,A,07,0,0,1,0,0,0,0,0,0,-,-,NA,NA,LOS ANGELES,LYNWOOD,-118.21438591,33.93967739
6491629,2014,2016-03-26,9565,2014-03-14,1145,20066,NA,5,1,4,1918,0,1,1,NA,2,061,RT 405,CULVER AV,600,S,N,A,-,Y,LA,7,405,-,-,27.09,H,-,S,Y,4,0,1,2,A,-,03,22350,NA,N,C,C,A,A,H,-,A,D,1,NA,NA,NA,NA,Y,NA,A,01,0,0,1,0,0,0,0,0,0,-,-,34.00239,-118.41099,LOS ANGELES,CULVER CITY,-118.4101492,34.00153359
6491630,2014,2015-11-16,9535,2014-03-29,2135,19983,NA,6,2,3,1968,0,1,3,NA,2,620,RT 60,PECK RD,560,E,N,A,-,Y,LA,7,60,-,-,11.15,H,-,E,Y,3,0,3,1,A,-,01,23152,A,N,E,I,A,A,H,-,C,D,1,NA,NA,NA,NA,Y,Y,A,01,0,1,2,0,0,0,0,0,0,-,-,34.03704,-118.03771,LOS ANGELES,SOUTH EL MONTE,-118.0363049,34.03692777
6491632,2014,2014-07-26,1953,2014-05-10,1715,2744,NA,6,5,6,1953,0,0,0,NA,0,002,LOS ROBLES AV,RIO GRANDE,50,N,N,A,-,N,NA,NA,NA,NA,NA,NA,NA,NA,NA,Y,4,0,1,1,A,-,03,22350,NA,N,E,I,A,A,H,-,A,D,0,NA,NA,NA,NA,Y,NA,-,NA,0,0,1,0,0,0,0,0,0,-,-,NA,NA,LOS ANGELES,PASADENA,-118.14163158,34.1704671
6491633,2014,2014-07-08,9565,2014-03-19,1420,15512,NA,3,2,9,1900,0,3,5,NA,2,002,DENKER AV,122ND ST,2,S,N,A,-,N,NA,NA,NA,NA,NA,NA,NA,NA,NA,N,4,0,1,2,A,-,11,21950,B,N,G,B,B,A,H,-,A,-,0,Y,NA,NA,NA,Y,NA,N,60,0,0,1,0,1,0,0,0,0,-,-,NA,NA,LOS ANGELES,UNINCORPORATED,-118.30456,33.92210451
6491634,2014,2016-03-09,9535,2014-03-31,1620,12125,NA,1,2,3,1914,0,1,1,NA,2,500,RT 5,ARIZONA AV,100,S,N,A,-,Y,LA,7,5,-,-,13.56,H,-,N,Y,4,0,1,3,A,-,04,21703,NA,N,C,C,A,A,H,-,A,D,1,NA,NA,NA,NA,Y,NA,A,01,0,0,1,0,0,0,0,0,0,-,-,34.01478,-118.16859,LOS ANGELES,COMMERCE,-118.16943791,34.01499219
6491635,2014,2014-07-26,1900,2014-05-14,0721,525040,2113,3,5,5,1943,0,0,0,NA,0,217A,MARTIN LUTHER KING JR BL,STOCKWELL DR,150,N,N,A,-,N,NA,NA,NA,NA,NA,NA,NA,NA,NA,NA,2,0,1,2,A,-,11,21955,NA,N,G,B,D,A,-,-,A,D,0,Y,NA,NA,NA,Y,NA,N,60,1,0,0,0,1,0,0,0,0,-,-,NA,NA,LOS ANGELES,LYNWOOD,-118.20189662,33.93009485
6491636,2014,2014-07-26,1953,2014-05-10,2313,8305,PASAD,6,5,6,1953,0,0,0,NA,0,002,VILLA ST,MARENGO AV,200,W,N,A,-,N,NA,NA,NA,NA,NA,NA,NA,NA,NA,N,4,0,1,2,A,-,09,21804,A,N,D,G,A,A,H,-,C,D,0,NA,Y,NA,NA,Y,NA,A,01,0,0,1,0,0,0,1,0,0,-,-,NA,NA,LOS ANGELES,PASADENA,-118.14665966,34.1541363
6491637,2014,2016-03-26,9565,2014-03-20,0951,016074,NA,4,1,7,1942,0,1,1,NA,2,062,RT 405,PALMS BL,50,S,N,A,-,Y,LA,7,405,-,-,28.5,H,-,N,N,4,0,1,2,A,-,03,22350,NA,N,C,C,A,A,H,-,A,D,1,NA,NA,NA,NA,Y,NA,A,01,0,0,1,0,0,0,0,0,0,-,-,34.01866,-118.42326,LOS ANGELES,LOS ANGELES,-118.42346719,34.01870144
6491639,2014,2014-07-26,1900,2014-05-11,2112,517298,2112,7,5,5,1943,0,0,0,NA,0,212T4,LONG BEACH BL,SANBORN AV,0,NA,Y,A,-,N,NA,NA,NA,NA,NA,NA,NA,NA,NA,N,4,0,1,2,A,-,09,21801,A,N,D,C,A,A,H,-,C,A,0,NA,NA,NA,NA,Y,NA,A,01,0,0,1,0,0,0,0,0,0,-,-,NA,NA,LOS ANGELES,LYNWOOD,-118.21104009,33.92849006
6491641,2014,2014-07-08,9565,2014-03-14,1920,020487,NA,5,2,9,1900,0,3,5,NA,2,004,LEMOLI WY,134TH PL,0,NA,Y,A,-,N,NA,NA,NA,NA,NA,NA,NA,NA,NA,Y,4,0,2,2,A,-,09,21802,A,N,D,C,A,A,H,-,C,A,0,NA,NA,NA,NA,Y,NA,A,01,0,0,2,0,0,0,0,0,0,-,-,33.9099,-118.33091,LOS ANGELES,UNINCORPORATED,-118.33085003,33.91000009
6491645,2014,2014-07-08,9565,2014-03-14,1815,020487,NA,5,2,5,1928,0,3,5,NA,2,004,111TH ST,HAWTHORNE BL,30,W,N,A,-,N,NA,NA,NA,NA,NA,NA,NA,NA,NA,N,4,0,1,2,A,-,11,21954,A,N,G,B,D,A,H,-,A,A,0,Y,NA,NA,NA,Y,NA,N,60,0,0,1,0,1,0,0,0,0,-,-,33.9345,-118.35304,LOS ANGELES,HAWTHORNE,-118.35280866,33.93454728
6491647,2014,2014-07-26,1900,2014-05-15,0530,462141,2111,4,5,5,1943,0,0,0,NA,0,212T4,IMPERIAL HWY,LONG BEACH BL,0,NA,Y,A,-,N,NA,NA,NA,NA,NA,NA,NA,NA,NA,Y,4,0,2,3,A,-,09,21801,A,N,D,C,A,A,H,-,B,A,0,NA,NA,NA,NA,Y,NA,A,07,0,0,2,0,0,0,0,0,0,-,-,NA,NA,LOS ANGELES,LYNWOOD,-118.21165012,33.93050011
6491652,2014,2014-07-26,1953,2014-05-09,1005,7176,1953,5,5,6,1953,0,0,0,NA,0,005,COLORADO BL,LOS ROBLES AV,0,NA,Y,A,-,N,NA,NA,NA,NA,NA,NA,NA,NA,NA,Y,4,0,1,2,A,-,09,21801,A,N,D,C,A,A,H,-,A,A,0,NA,NA,NA,NA,Y,NA,A,01,0,0,1,0,0,0,0,0,0,-,-,NA,NA,LOS ANGELES,PASADENA,-118.14144009,34.14586003
6491653,2014,2014-07-08,9565,2014-03-26,0810,17574,NA,3,1,9,1900,0,3,5,NA,2,003,SLAUSON AV,SHENANDOAH AV,100,E,N,A,-,N,NA,NA,NA,NA,NA,NA,NA,NA,NA,Y,4,0,1,3,A,-,03,22350,NA,N,C,C,A,A,H,-,A,D,0,NA,NA,NA,NA,Y,NA,A,07,0,0,1,0,0,0,0,0,0,-,-,33.98853,-118.37708,LOS ANGELES,UNINCORPORATED,-118.37730967,33.98849831
6491665,2014,2016-03-26,9565,2014-03-26,2350,20495,NA,3,3,4,1918,0,1,1,NA,2,061,RT 405,WASHINGTON BL,50,N,N,B,-,Y,LA,7,405,-,-,27.48,H,-,S,N,4,0,1,2,A,-,03,22350,NA,F,C,C,A,A,H,-,D,D,1,NA,NA,NA,NA,Y,NA,-,99,0,0,1,0,0,0,0,0,0,-,-,34.00713,-118.41469,LOS ANGELES,CULVER CITY,-118.41388215,34.00625705
6491680,2014,2014-07-26,1941,2014-05-19,0951,10554,NA,1,5,7,1941,0,0,0,NA,0,NA,LIME AV,71ST ST,86,S,N,A,-,N,NA,NA,NA,NA,NA,NA,NA,NA,NA,Y,3,0,1,4,A,-,07,21658,A,N,B,E,A,A,H,-,A,D,0,NA,NA,NA,NA,Y,Y,A,NA,0,1,0,0,0,0,0,0,0,-,-,NA,NA,LOS ANGELES,LONG BEACH,-118.18385914,33.88339429
6491681,2014,2016-04-23,9535,2014-04-09,1820,019857,NA,3,2,9,1900,0,1,1,NA,2,071,RT 710,WHITTIER BL,260,N,N,A,-,Y,LA,7,710,-,-,23.84,H,-,S,N,4,0,1,2,A,-,03,22350,NA,N,C,C,A,A,H,-,A,D,1,NA,NA,NA,NA,Y,NA,A,01,0,0,1,0,0,0,0,0,0,-,-,34.02252,-118.17388,LOS ANGELES,UNINCORPORATED,-118.17252847,34.02452865
6491684,2014,2014-07-08,9565,2014-03-22,1620,17060,NA,6,2,9,1900,0,3,5,NA,2,002,EL SEGUNDO BL,BUDLONG AV,15,E,N,A,-,N,NA,NA,NA,NA,NA,NA,NA,NA,NA,N,4,0,2,2,A,-,03,22350,NA,N,C,C,A,A,H,-,A,A,0,NA,NA,NA,NA,Y,NA,A,01,0,0,2,0,0,0,0,0,0,-,-,33.54985,-118.17778,LOS ANGELES,UNINCORPORATED,-118.29636066,33.91643941
6491685,2014,2014-07-17,9535,2014-04-18,1350,020683,NA,5,1,9,1900,0,2,4,NA,2,024,WHITTIER BL,SAYBROOK AV,20,W,N,A,-,N,NA,NA,NA,NA,NA,NA,NA,NA,NA,N,4,0,2,2,A,-,21,22106,NA,N,C,C,A,A,H,-,A,A,0,NA,NA,NA,NA,Y,NA,A,01,0,0,2,0,0,0,0,0,0,-,-,34.015860000000004,-118.13592,LOS ANGELES,UNINCORPORATED,-118.13594392,34.01590322
6491687,2014,2014-07-08,1900,2014-03-07,1513,512465,0332,5,5,4,1939,0,0,0,NA,0,35T1,152ND ST,CONDON AV,0,NA,Y,A,-,N,NA,NA,NA,NA,NA,NA,NA,NA,NA,N,3,0,1,2,A,-,12,22450,A,N,H,G,A,A,H,-,A,D,0,NA,Y,NA,NA,Y,NA,L,04,0,1,0,0,0,0,1,0,0,-,-,NA,NA,LOS ANGELES,LAWNDALE,-118.35950004,33.89362005
6491688,2014,2016-03-21,9565,2014-03-15,1128,20468,NA,6,1,5,1965,0,1,1,NA,2,081,RT 10,CLOVERFIELD BL,800,E,N,A,-,Y,LA,7,10,-,R,3.66,H,-,W,Y,3,0,1,2,A,-,03,22350,NA,N,C,C,A,A,H,-,A,D,1,NA,NA,Y,NA,Y,NA,C,02,0,1,0,0,0,0,0,0,1,-,-,34.0253,-118.4665,LOS ANGELES,SANTA MONICA,-118.46403848,34.02600765
6491689,2014,2015-11-20,9535,2014-04-12,1730,19135,NA,6,2,5,1948,0,1,3,NA,2,620,RT 60,PARAMOUNT BL,1000,W,N,A,-,Y,LA,7,60,-,R,7.58,H,-,E,Y,4,0,1,2,A,-,03,22350,NA,N,C,C,A,A,H,-,A,D,1,NA,NA,NA,NA,Y,NA,A,01,0,0,1,0,0,0,0,0,0,-,-,34.0352,-118.0977,LOS ANGELES,MONTEREY PARK,-118.09621314,34.0356009
6491690,2014,2014-07-18,9535,2014-04-16,1810,13421,NA,3,2,9,1900,0,3,5,NA,2,002,FERRIS AV,OLYMPIC BL,0,N,N,A,-,N,NA,NA,NA,NA,NA,NA,NA,NA,NA,N,3,0,1,2,A,-,10,21950,A,F,G,B,D,A,H,-,A,D,0,Y,NA,NA,NA,Y,NA,A,01,0,1,0,0,1,0,0,0,0,-,-,34.01804,-118.16449,LOS ANGELES,UNINCORPORATED,-118.16486009,34.01762009
6491693,2014,2016-04-16,9535,2014-04-24,0835,17598,NA,4,1,9,1900,0,1,3,NA,2,621,RT 60,ROSEMEAD BL,200,W,N,A,-,Y,LA,7,60,-,-,9.509,H,-,W,Y,4,0,1,2,A,-,03,22350,NA,N,C,C,A,A,H,-,A,D,1,NA,NA,NA,NA,Y,NA,A,01,0,0,1,0,0,0,0,0,0,-,-,34.041,-118.064,LOS ANGELES,UNINCORPORATED,-118.06429662,34.04139528
6491694,2014,2014-07-26,9535,2014-04-09,0929,16146,NA,3,1,9,1900,0,2,4,NA,2,022,OLYMPIC BL,DOWNEY RD,0,NA,Y,A,-,N,NA,NA,NA,NA,NA,NA,NA,NA,NA,N,4,0,1,2,A,-,12,21453,A,N,D,C,A,A,H,-,A,A,0,NA,NA,NA,NA,Y,NA,-,-,0,0,1,0,0,0,0,0,0,-,-,34.0188,-118.18004,LOS ANGELES,UNINCORPORATED,-118.18008007,34.01891003
6491697,2014,2016-04-21,9535,2014-04-13,1850,19135,NA,7,2,5,1952,0,1,1,NA,2,074,RT 710,ROSECRANS AV,970,S,N,A,-,Y,LA,7,710,-,-,14.71,H,-,N,Y,3,0,5,2,A,-,07,21658,A,F,E,I,A,A,H,-,A,D,1,NA,NA,NA,NA,Y,NA,A,01,0,5,0,0,0,0,0,0,0,-,-,33.8996,-118.1868,LOS ANGELES,PARAMOUNT,-118.18677253,33.90008755
6491698,2014,2016-04-23,9535,2014-04-11,1729,19121,NA,5,2,9,1900,0,1,1,NA,2,071,RT 710,CESAR E CHAVEZ AV,800,N,N,A,-,Y,LA,7,710,-,-,25.12,H,-,S,Y,3,0,1,2,A,-,03,22350,NA,N,C,C,A,A,D,-,A,A,1,NA,NA,NA,NA,Y,NA,A,01,0,1,0,0,0,0,0,0,0,-,-,34.04273,-118.17032,LOS ANGELES,UNINCORPORATED,-118.17022841000001,34.04291806
6491701,2014,2016-04-23,9535,2014-04-05,1653,020769,NA,6,2,5,1969,0,1,1,NA,2,075,RT 710,IMPERIAL HWY,2200,N,N,A,-,Y,LA,7,710,-,-,17.41,H,-,S,Y,4,0,1,1,A,-,08,22107,NA,N,E,I,A,A,H,-,A,D,1,NA,NA,NA,NA,Y,NA,A,01,0,0,1,0,0,0,0,0,0,-,-,33.93588,-118.1754,LOS ANGELES,SOUTH GATE,-118.17500818,33.93601488
6491705,2014,2016-04-23,9535,2014-04-17,1525,017722,NA,4,2,5,1906,0,1,1,NA,2,650,RT 605,VALLEY BL,47,N,N,A,-,Y,LA,7,605,-,R,19.51,H,-,N,Y,4,0,2,4,A,-,03,22350,NA,N,C,C,A,A,H,-,A,D,1,NA,NA,NA,NA,Y,NA,A,07,0,0,2,0,0,0,0,0,0,-,-,NA,NA,LOS ANGELES,BALDWIN PARK,-118.00338633,34.0556204
6491709,2014,2016-02-05,9535,2014-04-04,0330,019706,NA,5,3,5,1901,0,1,1,NA,2,421,RT 10,FREMONT AV,428,E,N,A,-,Y,LA,7,10,-,-,22.414,R,2,W,Y,4,0,1,1,A,-,03,22350,NA,M,E,I,A,A,H,-,C,D,1,NA,NA,NA,NA,Y,NA,A,01,0,0,1,0,0,0,0,0,0,-,-,34.06953,-118.15038,LOS ANGELES,ALHAMBRA,-118.14960843,34.06941997
6491711,2014,2014-07-08,1900,2014-03-16,1921,517841,0331,7,5,4,1939,0,0,0,NA,0,35T1,ROSECRANS AV,WASHINGTON AV,393,E,N,A,-,N,NA,NA,NA,NA,NA,NA,NA,NA,NA,Y,2,0,1,2,A,-,11,21954,A,N,G,B,D,A,H,-,C,D,0,Y,NA,NA,NA,Y,NA,N,60,1,0,0,0,1,0,0,0,0,-,-,NA,NA,LOS ANGELES,LAWNDALE,-118.34823743,33.9019092
6491712,2014,2016-03-26,9580,2014-03-17,1052,14900,NA,1,1,3,1994,0,1,2,NA,2,108,RT 101,CHESEBRO CREEK,364,S,N,A,-,Y,LA,7,101,-,-,33.84,H,-,N,Y,3,0,1,2,A,-,07,21658,A,F,B,C,A,A,H,-,A,D,1,NA,NA,NA,NA,Y,NA,-,99,0,1,0,0,0,0,0,0,0,-,-,34.14326,-118.74135,LOS ANGELES,AGOURA HILLS,-118.74076142,34.14330725