CASE_ID,ACCIDENT_YEAR,PROC_DATE,JURIS,COLLISION_DATE,COLLISION_TIME,OFFICER_ID,REPORTING_DISTRICT,DAY_OF_WEEK,CHP_SHIFT,POPULATION,CNTY_CITY_LOC,SPECIAL_COND,BEAT_TYPE,CHP_BEAT_TYPE,CITY_DIVISION_LAPD,CHP_BEAT_CLASS,BEAT_NUMBER,PRIMARY_RD,SECONDARY_RD,DISTANCE,DIRECTION,INTERSECTION,WEATHER_1,WEATHER_2,STATE_HWY_IND,CALTRANS_COUNTY,CALTRANS_DISTRICT,STATE_ROUTE,ROUTE_SUFFIX,POSTMILE_PREFIX,POSTMILE,LOCATION_TYPE,RAMP_INTERSECTION,SIDE_OF_HWY,TOW_AWAY,COLLISION_SEVERITY,NUMBER_KILLED,NUMBER_INJURED,PARTY_COUNT,PRIMARY_COLL_FACTOR,PCF_CODE_OF_VIOL,PCF_VIOL_CATEGORY,PCF_VIOLATION,PCF_VIOL_SUBSECTION,HIT_AND_RUN,TYPE_OF_COLLISION,MVIW,PED_ACTION,ROAD_SURFACE,ROAD_COND_1,ROAD_COND_2,LIGHTING,CONTROL_DEVICE,CHP_ROAD_TYPE,PEDESTRIAN_ACCIDENT,BICYCLE_ACCIDENT,MOTORCYCLE_ACCIDENT,TRUCK_ACCIDENT,NOT_PRIVATE_PROPERTY,ALCOHOL_INVOLVED,STWD_VEHTYPE_AT_FAULT,CHP_VEHTYPE_AT_FAULT,COUNT_SEVERE_INJ,COUNT_VISIBLE_INJ,COUNT_COMPLAINT_PAIN,COUNT_PED_KILLED,COUNT_PED_INJURED,COUNT_BICYCLIST_KILLED,COUNT_BICYCLIST_INJURED,COUNT_MC_KILLED,COUNT_MC_INJURED,PRIMARY_RAMP,SECONDARY_RAMP,LATITUDE,LONGITUDE,COUNTY,CITY,POINT_X,POINT_Y
6501013,2014,2014-08-06,1900,2014-05-19,1458,407758,NA,1,5,6,1992,0,0,0,NA,0,111T2P,AVENUE I,12TH ST EAST,317,E,N,A,-,N,NA,NA,NA,NA,NA,NA,NA,NA,NA,Y,4,0,1,2,A,-,09,21804,A,N,E,I,A,A,H,-,A,D,0,NA,NA,NA,NA,Y,NA,D,22,0,0,1,0,0,0,0,0,0,-,-,34.66061,-118.13885,LOS ANGELES,LANCASTER,-118.10713756,34.7042154
6501015,2014,2014-07-21,1976,2014-04-28,1544,356,NA,1,5,3,1964,0,0,0,NA,0,NA,ORR AND DAY RD,WHITELAND ST,40,S,N,A,-,N,NA,NA,NA,NA,NA,NA,NA,NA,NA,N,4,0,1,2,A,-,03,22350,NA,N,C,C,A,A,H,-,A,A,0,NA,NA,NA,NA,Y,NA,D,22,0,0,1,0,0,0,0,0,0,-,-,NA,NA,LOS ANGELES,SANTA FE SPRINGS,-118.08729388,33.952549930000004
6501016,2014,2014-07-29,1967,2014-05-05,1540,40016,932,1,5,2,1967,0,0,0,NA,0,SOUTH,WILLOW,TOWN CENTER WEST,0,NA,Y,A,-,N,NA,NA,NA,NA,NA,NA,NA,NA,NA,Y,3,0,2,2,A,-,09,21801,A,N,D,C,A,A,H,-,A,A,0,NA,NA,Y,NA,Y,NA,D,22,0,2,0,0,0,0,0,0,1,-,-,NA,NA,LOS ANGELES,SIGNAL HILL,-118.169794,33.804461
6501017,2014,2014-08-09,1900,2014-06-10,1759,508752,1132,2,5,6,1992,0,0,0,NA,0,111T2,LANCASTER BL,TREVOR AV,0,NA,Y,A,-,N,NA,NA,NA,NA,NA,NA,NA,NA,NA,N,2,0,1,2,A,-,12,22450,A,N,D,C,A,A,H,-,A,A,0,NA,NA,NA,NA,Y,NA,M,94,1,0,0,0,0,0,0,0,0,-,-,NA,NA,LOS ANGELES,LANCASTER,-118.13375002,34.69873007
6501019,2014,2014-07-21,1976,2014-04-24,1445,746,NA,4,5,3,1964,0,0,0,NA,0,NA,TELEGRAPH RD,GEARY AV,35,E,N,A,-,N,NA,NA,NA,NA,NA,NA,NA,NA,NA,N,4,0,1,2,A,-,03,22350,NA,N,C,C,A,A,H,-,A,A,0,NA,NA,NA,NA,Y,NA,D,22,0,0,1,0,0,0,0,0,0,-,-,NA,NA,LOS ANGELES,SANTA FE SPRINGS,-118.07498645,33.94284802
6501023,2014,2014-07-21,1976,2014-04-23,1755,244,NA,3,5,3,1964,0,0,0,NA,0,002,FLORENCE AV,PAINTER AV,125,E,N,A,-,N,NA,NA,NA,NA,NA,NA,NA,NA,NA,Y,4,0,1,3,A,-,03,22350,NA,F,C,C,A,A,H,-,A,D,0,NA,NA,NA,NA,Y,NA,A,01,0,0,1,0,0,0,0,0,0,-,-,NA,NA,LOS ANGELES,SANTA FE SPRINGS,-118.05096896,33.93570956
6501028,2014,2014-07-17,1967,2014-04-21,0437,40265,911,1,5,2,1967,0,0,0,NA,0,NORTH,ORANGE AV,SPRING,0,NA,Y,A,-,N,NA,NA,NA,NA,NA,NA,NA,NA,NA,Y,2,0,4,2,A,-,12,21453,A,N,D,C,A,A,H,-,C,A,0,NA,NA,NA,NA,Y,NA,A,01,1,2,1,0,0,0,0,0,0,-,-,NA,NA,LOS ANGELES,SIGNAL HILL,-118.17631013,33.81168011
6501040,2014,2014-07-28,1967,2014-05-06,1310,40016,917,2,5,2,1967,0,0,0,NA,0,NORTH,WILLOW,TEMPLE AV,0,NA,Y,A,-,N,NA,NA,NA,NA,NA,NA,NA,NA,NA,Y,4,0,2,2,A,-,09,21801,A,N,D,C,A,A,H,-,A,A,0,NA,NA,NA,NA,Y,NA,A,01,0,0,2,0,0,0,0,0,0,-,-,NA,NA,LOS ANGELES,SIGNAL HILL,-118.15890011,33.80449009
6501104,2014,2014-09-12,1942,2014-05-19,1535,39028,1207,1,5,7,1942,0,0,0,L,0,5TL21,48TH ST,VERMONT AV,60,E,N,A,-,N,NA,NA,NA,NA,NA,NA,NA,NA,NA,N,3,0,1,2,A,-,08,22100,B,N,D,G,A,A,H,-,A,A,0,NA,Y,NA,NA,Y,NA,A,07,0,1,0,0,0,0,1,0,0,-,-,NA,NA,LOS ANGELES,LOS ANGELES,-118.29134244,33.99959135
6501112,2014,2014-09-12,1942,2014-05-17,2220,36646,1822,6,5,7,1942,0,0,0,R,0,18T23,COLDEN AV,FIGUEROA ST,124,E,N,A,-,N,NA,NA,NA,NA,NA,NA,NA,NA,NA,N,2,0,2,3,A,-,11,21955,NA,F,D,B,D,A,H,-,C,D,0,Y,NA,NA,NA,Y,NA,N,60,2,0,0,0,2,0,0,0,0,-,-,NA,NA,LOS ANGELES,LOS ANGELES,-118.282292,33.94916638
6501116,2014,2014-09-12,1942,2014-05-20,1845,40869,1824,2,5,7,1942,0,0,0,R,0,3TL57,AVALON BL,104TH ST,0,NA,Y,A,-,N,NA,NA,NA,NA,NA,NA,NA,NA,NA,N,3,0,4,2,A,-,09,21801,A,N,-,C,A,A,H,-,C,A,0,NA,NA,NA,NA,Y,NA,A,01,0,2,2,0,0,0,0,0,0,-,-,NA,NA,LOS ANGELES,LOS ANGELES,-118.26518005,33.94195004
6501120,2014,2014-07-25,1942,2014-05-10,2230,40705,0558,6,5,7,1942,0,0,0,E,0,5T21,PACIFIC AV,SEPULVEDA ST,0,NA,Y,A,-,N,NA,NA,NA,NA,NA,NA,NA,NA,NA,Y,2,0,1,2,A,-,09,21801,A,N,D,D,A,A,H,-,C,D,0,NA,NA,Y,NA,Y,NA,A,07,1,0,0,0,0,0,0,0,0,-,-,NA,NA,LOS ANGELES,LOS ANGELES,-118.28788006,33.7451201
6501121,2014,2014-07-29,1942,2014-05-20,1600,40869,0318,2,5,7,1942,0,0,0,C,0,3TL57,24TH ST,VERMONT,105,W,N,A,-,N,NA,NA,NA,NA,NA,NA,NA,NA,NA,Y,4,0,1,1,A,-,03,22350,NA,N,E,I,A,A,D,-,A,D,0,NA,NA,NA,NA,Y,NA,A,07,0,0,1,0,0,0,0,0,0,-,-,NA,NA,LOS ANGELES,LOS ANGELES,-118.29189589,34.03453
6501122,2014,2014-07-29,1942,2014-05-12,1630,36101,0529,1,5,7,1942,0,0,0,E,0,5A15,ANAHEIM ST,SAMPSON AV,5,E,N,A,-,N,NA,NA,NA,NA,NA,NA,NA,NA,NA,N,3,0,1,2,C,-,18,NA,NA,F,H,J,A,A,H,-,A,D,0,NA,NA,NA,NA,Y,NA,-,-,0,1,0,0,0,0,0,0,0,-,-,NA,NA,LOS ANGELES,LOS ANGELES,-118.23339364,33.78172114
6501123,2014,2016-04-21,9590,2014-05-16,0555,20470,NA,5,3,7,1942,0,1,1,NA,2,060,RT 10,ARLINGTON AV,200,E,N,A,-,Y,LA,7,10,-,R,12.36,H,-,E,Y,4,0,2,2,A,-,03,22350,NA,F,C,C,A,A,H,-,B,D,1,NA,NA,NA,NA,Y,NA,A,07,0,0,2,0,0,0,0,0,0,-,-,34.03685,-118.30437,LOS ANGELES,LOS ANGELES,-118.31700484,34.03668546
6501124,2014,2016-04-21,9590,2014-05-17,2330,20436,NA,6,3,7,1942,0,1,2,NA,2,072,RT 101,100TH AV,500,S,N,A,-,Y,LA,7,101,-,-,10.25,H,-,N,Y,3,0,1,1,A,-,08,22107,NA,N,F,A,A,A,H,-,C,D,1,NA,NA,NA,NA,Y,NA,A,07,0,1,0,0,0,0,0,0,0,-,-,34.13603,-118.36026,LOS ANGELES,LOS ANGELES,-118.36144198,34.13684663
6501125,2014,2014-07-29,1942,2014-05-19,0245,41117,0585,1,5,7,1942,0,0,0,E,0,5A85,GAFFEY ST,18TH ST,66,S,N,A,-,N,NA,NA,NA,NA,NA,NA,NA,NA,NA,N,4,0,1,2,A,-,01,23153,A,N,C,C,A,A,H,-,C,D,0,NA,NA,NA,NA,Y,Y,A,01,0,0,1,0,0,0,0,0,0,-,-,NA,NA,LOS ANGELES,LOS ANGELES,-118.29239377,33.72773901
6501126,2014,2014-07-29,1942,2014-05-15,0730,37822,0551,4,5,7,1942,0,0,0,E,0,5A55W2,PATTON,1ST ST,0,NA,Y,A,-,N,NA,NA,NA,NA,NA,NA,NA,NA,NA,N,4,0,1,4,A,-,09,21802,A,N,D,C,A,A,H,-,A,A,0,NA,NA,NA,NA,Y,NA,A,01,0,0,1,0,0,0,0,0,0,-,-,NA,NA,LOS ANGELES,LOS ANGELES,-118.30648,33.74336006
6501127,2014,2016-04-21,9590,2014-05-16,1550,20244,NA,5,2,7,1942,0,1,1,NA,2,061,RT 10,LA BREA AV,20,W,N,A,-,Y,LA,7,10,-,R,10.43,H,-,W,N,4,0,1,2,A,-,03,22350,NA,N,C,C,A,A,H,-,A,D,1,NA,NA,NA,NA,Y,NA,A,01,0,0,1,0,0,0,0,0,0,-,-,34.03111,-118.35074,LOS ANGELES,LOS ANGELES,-118.35042267,34.03436968
6501129,2014,2014-07-29,1942,2014-05-10,0040,40152,0391,6,5,7,1942,0,0,0,C,0,3T5,LA BREA AV,VERONICA ST,2102,S,N,A,-,N,NA,NA,NA,NA,NA,NA,NA,NA,NA,N,2,0,2,2,A,-,11,21954,A,N,G,B,E,A,H,-,C,D,0,Y,NA,NA,NA,Y,NA,N,60,1,1,0,0,1,0,0,0,0,-,-,NA,NA,LOS ANGELES,LOS ANGELES,-118.35756651,34.00760635
6501131,2014,2016-02-09,9590,2014-05-09,0413,20733,NA,5,3,7,1942,0,1,1,NA,2,012,RT 110,AVENUE 52,15,N,N,A,-,Y,LA,7,110,-,-,28.05,H,-,N,Y,3,0,1,1,A,-,01,23152,A,N,E,I,A,A,H,-,C,D,1,NA,NA,NA,NA,Y,Y,A,01,0,1,0,0,0,0,0,0,0,-,-,34.10286,-118.19589,LOS ANGELES,LOS ANGELES,-118.1963222,34.1028926
6501133,2014,2014-07-29,1942,2014-05-19,1700,40440,0357,1,5,7,1942,0,0,0,C,0,18T39,VERMONT AV,ADAMS BL,100,N,N,A,-,N,NA,NA,NA,NA,NA,NA,NA,NA,NA,N,4,0,1,2,A,-,03,22350,NA,F,C,C,A,A,H,-,A,A,0,NA,NA,NA,NA,Y,NA,-,99,0,0,1,0,0,0,0,0,0,-,-,NA,NA,LOS ANGELES,LOS ANGELES,-118.29155404,34.03302421
6501135,2014,2016-04-19,9590,2014-05-12,0955,20527,NA,1,1,7,1942,0,1,1,NA,2,083,RT 5,MISSION RD,300,S,N,A,-,Y,LA,7,5,-,-,18.72,H,-,S,Y,4,0,1,3,A,-,03,22350,NA,N,C,C,A,A,H,-,A,D,1,NA,NA,Y,NA,Y,NA,C,02,0,0,1,0,0,0,0,0,1,-,-,34.05681,-118.21428,LOS ANGELES,LOS ANGELES,-118.21467615,34.05909272
6501137,2014,2014-07-29,1942,2014-05-07,2014,34809,0561,3,5,7,1942,0,0,0,E,0,5A24,WESTERN AV,19TH ST,120,N,N,A,-,N,NA,NA,NA,NA,NA,NA,NA,NA,NA,Y,3,0,1,1,A,-,03,22350,NA,N,E,I,A,A,H,-,C,D,0,NA,NA,NA,NA,Y,NA,A,01,0,1,0,0,0,0,0,0,0,-,-,NA,NA,LOS ANGELES,LOS ANGELES,-118.311355,33.72738
6501139,2014,2016-04-22,9590,2014-05-23,0820,20169,NA,5,1,7,1942,0,1,1,NA,2,064,RT 10,MATEO ST,500,W,N,A,-,Y,LA,7,10,-,-,17.48,H,-,W,Y,4,0,1,2,A,-,07,21658,A,F,B,C,A,A,H,-,A,D,1,NA,NA,NA,NA,Y,NA,-,99,0,0,1,0,0,0,0,0,0,-,-,34.02567,-118.23652,LOS ANGELES,LOS ANGELES,-118.23374695,34.02703417
6501141,2014,2014-07-29,1942,2014-05-10,0015,35023,0529,6,5,7,1942,0,0,0,E,0,5A85,E WATER ST,CANAL ST,242,E,N,A,-,N,NA,NA,NA,NA,NA,NA,NA,NA,NA,Y,3,0,1,1,A,-,03,22350,NA,N,E,I,A,A,H,-,D,D,0,NA,NA,NA,NA,Y,Y,A,01,0,1,0,0,0,0,0,0,0,-,-,NA,NA,LOS ANGELES,LOS ANGELES,-118.25834945,33.76626744
6501143,2014,2016-04-16,9590,2014-05-06,0835,16551,NA,2,1,7,1942,0,1,1,NA,2,081,RT 5,WHITTIER BL,400,S,N,A,-,Y,LA,7,5,-,-,16.99,H,-,S,Y,4,0,1,2,A,-,03,22350,NA,N,C,C,A,A,H,-,A,D,1,NA,NA,Y,NA,Y,NA,C,02,0,0,1,0,0,0,0,0,1,-,-,34.034910000000004,-118.22127,LOS ANGELES,LOS ANGELES,-118.22110627,34.03548609
6501145,2014,2016-03-23,1942,2014-05-11,1710,40999,999,7,5,7,1942,0,0,0,NA,0,18Z14,IMPERIAL HWY,SUCCESS AV,100,W,N,A,-,N,NA,NA,NA,NA,NA,NA,NA,NA,NA,Y,4,0,1,2,A,-,-,NA,NA,N,C,C,A,A,H,-,A,A,0,NA,NA,NA,NA,Y,NA,A,01,0,0,1,0,0,0,0,0,0,-,-,NA,NA,LOS ANGELES,LOS ANGELES,-118.249649,33.92947
6501149,2014,2014-07-29,1942,2014-05-01,1530,33649,0551,4,5,7,1942,0,0,0,E,0,5A55,1ST ST,PATTON AV,0,NA,Y,A,-,N,NA,NA,NA,NA,NA,NA,NA,NA,NA,Y,4,0,1,3,A,-,09,21802,A,N,D,C,A,A,H,-,A,A,0,NA,NA,NA,NA,Y,NA,A,01,0,0,1,0,0,0,0,0,0,-,-,NA,NA,LOS ANGELES,LOS ANGELES,-118.30648,33.74336006
6501152,2014,2014-07-25,1942,2014-05-10,2350,40152,0376,6,5,7,1942,0,0,0,C,0,3T5,WESTERN AV,39TH PL,99,N,N,A,-,N,NA,NA,NA,NA,NA,NA,NA,NA,NA,N,2,0,1,2,A,-,11,21954,A,F,G,B,E,A,H,-,C,A,0,Y,NA,NA,NA,Y,NA,N,60,1,0,0,0,1,0,0,0,0,-,-,NA,NA,LOS ANGELES,LOS ANGELES,-118.30892,34.01398152
6501153,2014,2014-07-29,1942,2014-05-14,2030,41166,NA,3,5,7,1942,0,0,0,NA,0,5A1,265TH ST,LEESDALE AV,6,W,N,A,-,N,NA,NA,NA,NA,NA,NA,NA,NA,NA,N,3,0,1,2,A,-,12,22450,A,M,B,C,A,A,H,-,C,A,0,NA,NA,Y,NA,Y,NA,-,99,0,1,0,0,0,0,0,0,1,-,-,NA,NA,LOS ANGELES,LOS ANGELES,-118.30832,33.78058
6501156,2014,2014-07-25,1942,2014-05-08,1300,40681,RD039,4,5,7,1942,0,0,0,NA,0,3A63,VAN NESS AV,41ST ST,0,NA,Y,B,-,N,NA,NA,NA,NA,NA,NA,NA,NA,NA,N,3,0,1,1,A,-,03,22350,NA,N,H,A,A,A,H,-,A,D,0,NA,NA,Y,NA,Y,NA,C,06,0,1,0,0,0,0,0,0,1,-,-,NA,NA,LOS ANGELES,LOS ANGELES,-118.31712,34.00989001
6501157,2014,2014-07-29,1942,2014-05-15,0015,40990,0501,4,5,7,1942,0,0,0,E,0,5A85,FIGUEROA ST,W 190TH ST,0,NA,Y,A,-,N,NA,NA,NA,NA,NA,NA,NA,NA,NA,N,3,0,1,2,A,-,09,21801,A,N,D,C,A,A,H,-,C,A,0,NA,NA,Y,NA,Y,NA,A,01,0,1,0,0,0,0,0,0,1,-,-,NA,NA,LOS ANGELES,LOS ANGELES,-118.28156003,33.86279001
6501160,2014,2014-07-25,1942,2014-05-19,0010,38694,351,1,5,7,1942,0,0,0,NA,0,3T5,LA BREA AV,ESPOSITION BL,460,S,N,A,-,N,NA,NA,NA,NA,NA,NA,NA,NA,NA,N,2,0,1,2,A,-,11,21954,A,N,G,B,D,A,H,-,C,D,0,Y,NA,NA,NA,Y,NA,N,60,1,0,0,0,1,0,0,0,0,-,-,NA,NA,LOS ANGELES,LOS ANGELES,-118.355555,34.023712
6501163,2014,2016-04-21,9590,2014-05-15,0930,16243,NA,4,1,7,1942,0,1,1,NA,2,060,RT 10,CRENSHAW BL,400,W,N,A,-,Y,LA,7,10,-,R,11.31,H,-,E,Y,4,0,2,2,A,-,03,22350,NA,N,C,C,A,A,H,-,A,D,1,NA,NA,NA,NA,Y,NA,A,01,0,0,2,0,0,0,0,0,0,-,-,34.03476,-118.33646,LOS ANGELES,LOS ANGELES,-118.33521279,34.03489086
6501164,2014,2016-04-21,1942,2014-05-04,1430,33599,0359,7,5,7,1942,0,0,0,C,0,3TL5,EXPOSITION,FLOWER,5,E,N,A,-,Y,LA,7,110,-,-,20.148,R,4,S,N,4,0,1,2,A,-,08,22101,D,F,D,C,A,A,H,-,A,D,0,NA,NA,NA,NA,Y,NA,-,99,0,0,1,0,0,0,0,0,0,-,-,NA,NA,LOS ANGELES,LOS ANGELES,-118.27869825,34.02034114
6501165,2014,2014-07-29,1942,2014-05-19,1850,31745,999,1,5,7,1942,0,0,0,NA,0,25EL1,WILMINGTON BL,120TH ST,0,NA,Y,A,-,N,NA,NA,NA,NA,NA,NA,NA,NA,NA,N,4,0,1,2,A,-,10,21950,A,F,G,B,B,A,H,-,A,A,0,Y,NA,NA,NA,Y,NA,-,99,0,0,1,0,1,0,0,0,0,WO,-,NA,NA,LOS ANGELES,LOS ANGELES,-118.23914,33.92462
6501168,2014,2014-07-25,1942,2014-05-08,0830,39759,0319,4,5,7,1942,0,0,0,C,0,2T15,FIGUEROA WY,FIGUEROA ST,16,W,N,A,-,N,NA,NA,NA,NA,NA,NA,NA,NA,NA,N,4,0,1,2,A,-,03,22350,NA,N,C,C,A,A,H,-,A,D,0,NA,NA,NA,NA,Y,NA,A,07,0,0,1,0,0,0,0,0,0,-,-,NA,NA,LOS ANGELES,LOS ANGELES,-118.27492,34.02988
6501171,2014,2016-04-23,9590,2014-05-15,1345,16418,NA,4,1,7,1942,0,1,1,NA,2,014,RT 110,MARMION WY,490,S,N,A,-,Y,LA,7,110,-,-,28.94,H,-,N,N,3,0,1,1,A,-,08,22107,NA,N,E,I,A,A,H,-,A,D,1,NA,NA,NA,NA,Y,NA,A,01,0,1,0,0,0,0,0,0,0,-,-,34.11113,-118.18156,LOS ANGELES,LOS ANGELES,-118.18474946,34.11001345
6501172,2014,2014-07-25,1942,2014-05-14,1030,33599,0357,3,5,7,1942,0,0,0,C,0,3TL5,JEFFERSON BL,RAYMOND AV,0,NA,Y,A,-,N,NA,NA,NA,NA,NA,NA,NA,NA,NA,Y,3,0,3,2,A,-,09,21802,A,N,D,C,A,A,H,-,A,A,0,NA,NA,NA,NA,Y,NA,A,07,0,1,2,0,0,0,0,0,0,-,-,NA,NA,LOS ANGELES,LOS ANGELES,-118.29805,34.02553008
6501173,2014,2014-07-29,1942,2014-05-16,1300,38707,0529,5,5,7,1942,0,0,0,E,0,3T5,ANAHEIM ST,SIGSBEE AV,0,W,N,A,-,N,NA,NA,NA,NA,NA,NA,NA,NA,NA,N,3,0,1,2,A,-,09,21804,A,F,H,G,A,A,H,-,A,A,0,NA,Y,NA,NA,Y,NA,L,04,0,1,0,0,0,0,1,0,0,-,-,NA,NA,LOS ANGELES,LOS ANGELES,-118.23442012,33.78165012
6501175,2014,2016-04-23,9590,2014-05-15,1615,16642,NA,4,2,7,1942,0,1,1,NA,2,050,RT 110,VERNON AV,200,N,N,A,-,Y,LA,7,110,-,-,19.04,H,-,N,Y,4,0,3,3,A,-,03,22350,NA,N,C,C,A,A,H,-,A,D,1,NA,NA,NA,NA,Y,NA,A,01,0,0,3,0,0,0,0,0,0,-,-,34.00481,-118.2808,LOS ANGELES,LOS ANGELES,-118.2809797,34.00469732
6501176,2014,2014-07-25,1942,2014-05-18,1425,40440,0357,7,5,7,1942,0,0,0,C,0,3T57,JEFFERSON BL,CATALINA ST,0,NA,Y,A,-,N,NA,NA,NA,NA,NA,NA,NA,NA,NA,Y,3,0,4,3,A,-,09,21801,A,N,D,C,A,A,H,-,A,A,0,NA,NA,NA,NA,Y,Y,A,01,0,1,3,0,0,0,0,0,0,-,-,NA,NA,LOS ANGELES,LOS ANGELES,-118.29370012,34.02551005
6501178,2014,2016-04-20,9590,2014-05-21,1020,14928,NA,3,1,7,1942,0,1,1,NA,2,081,RT 5,4TH ST,150,S,N,B,-,Y,LA,7,5,-,-,17.53,H,-,S,N,4,0,1,2,A,-,03,22350,NA,N,C,C,A,A,H,-,A,D,1,NA,NA,NA,NA,Y,NA,A,01,0,0,1,0,0,0,0,0,0,-,-,34.04271,-118.21743,LOS ANGELES,LOS ANGELES,-118.21757097,34.04254187
6501179,2014,2016-04-21,9590,2014-05-23,0645,017586,NA,5,1,7,1942,0,1,1,NA,2,061,RT 10,LA BREA AV,200,E,N,B,-,Y,LA,7,10,-,R,10.51,H,-,W,Y,4,0,1,2,A,-,03,22350,NA,N,C,C,A,A,H,-,A,D,1,NA,NA,Y,NA,Y,NA,C,02,0,0,1,0,0,0,0,0,1,-,-,34.03468,-118.34198,LOS ANGELES,LOS ANGELES,-118.34902553,34.03443568
6501180,2014,2014-07-25,1942,2014-05-12,1800,37724,0376,1,5,7,1942,0,0,0,C,0,3TL57,WESTERN AV,ESPOSITION BL,0,NA,Y,A,-,N,NA,NA,NA,NA,NA,NA,NA,NA,NA,N,4,0,1,2,A,-,10,21950,A,N,G,B,B,A,H,-,A,A,0,Y,NA,NA,NA,Y,NA,A,07,0,0,1,0,1,0,0,0,0,-,-,NA,NA,LOS ANGELES,LOS ANGELES,-118.30892,34.01826
6501183,2014,2016-04-21,9590,2014-05-23,1450,20244,NA,5,2,7,1942,0,1,1,NA,2,061,RT 10,CRENSHAW BL,400,E,N,A,-,Y,LA,7,10,-,R,11.47,H,-,W,N,4,0,1,2,A,-,03,22350,NA,N,C,C,A,A,H,-,A,D,1,NA,NA,NA,NA,Y,NA,A,01,0,0,1,0,0,0,0,0,0,-,-,34.03659,-118.33238,LOS ANGELES,LOS ANGELES,-118.33234921,34.03523035
6501184,2014,2014-07-25,1942,2014-05-16,1900,25385,1844,5,5,7,1942,0,0,0,R,0,25MX89,MARTIN LUTHER KING BL,MENLO ST,40,E,N,A,-,N,NA,NA,NA,NA,NA,NA,NA,NA,NA,N,4,0,1,2,A,-,04,21703,NA,F,C,C,A,A,H,-,B,A,0,NA,NA,NA,NA,Y,NA,-,99,0,0,1,0,0,0,0,0,0,-,-,NA,NA,LOS ANGELES,LOS ANGELES,-118.28998882,34.01094007
6501187,2014,2016-04-22,9590,2014-05-17,1505,20169,NA,6,2,7,1942,0,1,1,NA,2,021,RT 10,ALAMEDA ST,900,E,N,A,-,Y,LA,7,10,-,-,17.29,H,-,W,Y,3,0,3,3,A,-,03,22350,NA,N,C,C,A,A,H,-,A,D,1,NA,NA,NA,NA,Y,NA,A,01,0,1,2,0,0,0,0,0,0,-,-,34.02637,-118.2351,LOS ANGELES,LOS ANGELES,-118.23671124,34.02581799
6501188,2014,2014-07-25,1942,2014-05-18,1055,36461,391,7,5,7,1942,0,0,0,NA,0,5T21,STOCKER ST,DON LORENZO DR,0,NA,Y,A,-,N,NA,NA,NA,NA,NA,NA,NA,NA,NA,Y,4,0,2,2,A,-,09,21801,A,N,D,C,A,A,H,-,A,D,0,NA,NA,NA,NA,Y,NA,A,01,0,0,2,0,0,0,0,0,0,-,-,NA,NA,LOS ANGELES,LOS ANGELES,-118.35532004,34.00125006
6501191,2014,2016-04-21,9590,2014-05-20,1910,020773,NA,2,2,7,1942,0,1,1,NA,2,061,RT 10,6TH AV,100,E,N,A,-,Y,LA,7,10,-,R,11.99,H,-,E,N,4,0,1,3,A,-,03,22350,NA,N,C,C,A,A,H,-,A,D,1,NA,NA,NA,NA,Y,NA,A,01,0,0,1,0,0,0,0,0,0,-,-,34.03577,-118.32283,LOS ANGELES,LOS ANGELES,-118.32336981,34.03581129
6501192,2014,2014-07-25,1900,2014-05-15,1335,232688,112,4,5,6,1992,0,0,0,NA,0,111TFD,10TH ST WEST,NEWGROVE ST,0,NA,Y,A,-,N,NA,NA,NA,NA,NA,NA,NA,NA,NA,Y,4,0,4,3,A,-,12,21453,A,N,D,C,A,A,H,-,A,A,0,NA,NA,NA,NA,Y,NA,A,08,0,0,4,0,0,0,0,0,0,-,-,NA,NA,LOS ANGELES,LANCASTER,-118.14806009,34.69350007
6501196,2014,2014-07-25,1942,2014-05-19,0750,33599,0333,1,5,7,1942,0,0,0,C,0,3TL5,JEFFERSON BL,WELLINGTON RD,23,E,N,B,-,N,NA,NA,NA,NA,NA,NA,NA,NA,NA,Y,2,0,1,1,A,-,03,22350,NA,N,H,I,A,A,H,-,A,D,0,NA,NA,Y,NA,Y,NA,C,02,1,0,0,0,0,0,0,0,1,-,-,NA,NA,LOS ANGELES,LOS ANGELES,-118.33835424,34.02557
6501200,2014,2014-07-25,1900,2014-05-14,0911,528221,112,3,5,6,1992,0,0,0,NA,0,111T2,10TH ST WEST,NEWGROVE AV,0,NA,Y,A,-,N,NA,NA,NA,NA,NA,NA,NA,NA,NA,Y,4,0,2,2,A,-,09,21801,NA,N,D,C,A,A,H,-,A,A,0,NA,NA,NA,NA,Y,NA,A,01,0,0,2,0,0,0,0,0,0,-,-,NA,NA,LOS ANGELES,LANCASTER,-118.14806009,34.69350007
6501201,2014,2014-07-28,1900,2014-05-19,1350,232688,1126,1,5,6,1992,0,0,0,NA,0,111TFD,AVENUE J,KINGTREE AV,52,W,N,A,-,N,NA,NA,NA,NA,NA,NA,NA,NA,NA,Y,4,0,3,2,A,-,03,22350,NA,N,C,C,A,A,H,-,A,A,0,NA,NA,NA,NA,Y,NA,A,07,0,0,3,0,0,0,0,0,0,-,-,NA,NA,LOS ANGELES,LANCASTER,-118.15145259,34.68941757
6501205,2014,2014-07-28,1900,2014-05-12,0729,528221,1137,1,5,6,1992,0,0,0,NA,0,111T2,AVENUE J,32ND ST EAST,0,NA,Y,A,-,N,NA,NA,NA,NA,NA,NA,NA,NA,NA,N,4,0,1,2,A,-,09,21801,A,N,D,C,A,A,H,-,A,A,0,NA,NA,NA,NA,Y,NA,A,01,0,0,1,0,0,0,0,0,0,-,-,NA,NA,LOS ANGELES,LANCASTER,-118.07256,34.68990006