CASE_ID,ACCIDENT_YEAR,PROC_DATE,JURIS,COLLISION_DATE,COLLISION_TIME,OFFICER_ID,REPORTING_DISTRICT,DAY_OF_WEEK,CHP_SHIFT,POPULATION,CNTY_CITY_LOC,SPECIAL_COND,BEAT_TYPE,CHP_BEAT_TYPE,CITY_DIVISION_LAPD,CHP_BEAT_CLASS,BEAT_NUMBER,PRIMARY_RD,SECONDARY_RD,DISTANCE,DIRECTION,INTERSECTION,WEATHER_1,WEATHER_2,STATE_HWY_IND,CALTRANS_COUNTY,CALTRANS_DISTRICT,STATE_ROUTE,ROUTE_SUFFIX,POSTMILE_PREFIX,POSTMILE,LOCATION_TYPE,RAMP_INTERSECTION,SIDE_OF_HWY,TOW_AWAY,COLLISION_SEVERITY,NUMBER_KILLED,NUMBER_INJURED,PARTY_COUNT,PRIMARY_COLL_FACTOR,PCF_CODE_OF_VIOL,PCF_VIOL_CATEGORY,PCF_VIOLATION,PCF_VIOL_SUBSECTION,HIT_AND_RUN,TYPE_OF_COLLISION,MVIW,PED_ACTION,ROAD_SURFACE,ROAD_COND_1,ROAD_COND_2,LIGHTING,CONTROL_DEVICE,CHP_ROAD_TYPE,PEDESTRIAN_ACCIDENT,BICYCLE_ACCIDENT,MOTORCYCLE_ACCIDENT,TRUCK_ACCIDENT,NOT_PRIVATE_PROPERTY,ALCOHOL_INVOLVED,STWD_VEHTYPE_AT_FAULT,CHP_VEHTYPE_AT_FAULT,COUNT_SEVERE_INJ,COUNT_VISIBLE_INJ,COUNT_COMPLAINT_PAIN,COUNT_PED_KILLED,COUNT_PED_INJURED,COUNT_BICYCLIST_KILLED,COUNT_BICYCLIST_INJURED,COUNT_MC_KILLED,COUNT_MC_INJURED,PRIMARY_RAMP,SECONDARY_RAMP,LATITUDE,LONGITUDE,COUNTY,CITY,POINT_X,POINT_Y
6503042,2014,2014-07-15,1925,2014-04-26,1252,22328,244,6,5,6,1925,0,0,0,NA,0,003,VERDUGO RD,ROCK GLEN AV,221,N,N,A,-,N,NA,NA,NA,NA,NA,NA,NA,NA,NA,N,3,0,1,2,A,-,09,21804,A,N,G,B,F,A,H,-,A,D,0,Y,NA,NA,NA,Y,NA,A,01,0,1,0,0,1,0,0,0,0,-,-,NA,NA,LOS ANGELES,GLENDALE,-118.2335671,34.14084536
6503046,2014,2014-07-15,1925,2014-04-21,1520,20871,250,1,5,6,1925,0,0,0,NA,0,003,GLENDALE AV,COLORADO ST,250,N,N,A,-,N,NA,NA,NA,NA,NA,NA,NA,NA,NA,N,3,0,1,2,A,-,-,NA,NA,N,B,C,A,A,H,-,A,D,0,NA,NA,Y,NA,Y,NA,C,02,0,1,0,0,0,0,0,0,1,-,-,NA,NA,LOS ANGELES,GLENDALE,-118.24885821,34.14325399
6503049,2014,2014-07-15,1925,2014-04-28,1330,21612,167,1,5,6,1925,0,0,0,NA,0,001,BRAND BL,STOCKER ST,252,S,N,A,-,N,NA,NA,NA,NA,NA,NA,NA,NA,NA,N,4,0,1,2,A,-,-,NA,NA,N,D,B,F,A,H,-,A,D,0,Y,NA,NA,NA,Y,NA,N,60,0,0,1,0,1,0,0,0,0,-,-,NA,NA,LOS ANGELES,GLENDALE,-118.25506,34.16297891
6503053,2014,2014-07-15,1925,2014-04-28,1836,14087,276,1,5,6,1925,0,0,0,NA,0,002,BRAND BL,PALMER ST,0,NA,Y,A,-,N,NA,NA,NA,NA,NA,NA,NA,NA,NA,N,4,0,1,2,A,-,12,21453,A,N,D,G,A,A,H,-,A,A,0,NA,Y,NA,NA,Y,NA,L,04,0,0,1,0,0,0,1,0,0,-,-,NA,NA,LOS ANGELES,GLENDALE,-118.25498009,34.13226004
6503057,2014,2014-07-15,1925,2014-04-26,1140,19399,2,6,5,6,1925,0,0,0,NA,0,226,BRAND,CALIFORNIA,0,N,N,A,-,N,NA,NA,NA,NA,NA,NA,NA,NA,NA,N,3,0,1,2,A,-,08,22107,NA,N,H,G,A,A,H,-,A,A,0,NA,Y,NA,NA,Y,NA,-,NA,0,1,0,0,0,0,1,0,0,-,-,NA,NA,LOS ANGELES,GLENDALE,-118.25508002,34.14990008
6503061,2014,2014-07-21,1925,2014-04-29,0538,24347,274,2,5,6,1925,0,0,0,NA,0,NA,SAN FERNANDO,LOS FELIZ,0,NA,Y,A,-,N,NA,NA,NA,NA,NA,NA,NA,NA,NA,Y,4,0,1,2,A,-,12,21453,A,N,D,C,A,A,H,-,B,A,0,NA,NA,NA,NA,Y,NA,-,-,0,0,1,0,0,0,0,0,0,-,-,NA,NA,LOS ANGELES,GLENDALE,-118.25924005,34.12833005
6503065,2014,2014-07-15,1925,2014-04-25,2201,22441,195,5,5,6,1925,0,0,0,NA,0,001,GLENOAKS BL,WESTERN AV,100,W,N,C,-,N,NA,NA,NA,NA,NA,NA,NA,NA,NA,N,4,0,3,3,A,-,03,22350,NA,N,C,C,A,B,H,-,C,A,0,NA,NA,NA,NA,Y,NA,A,07,0,0,3,0,0,0,0,0,0,-,-,NA,NA,LOS ANGELES,GLENDALE,-118.28998958,34.17123939
6503069,2014,2014-07-15,1925,2014-04-29,1244,21612,259,2,5,6,1925,0,0,0,NA,0,002,BRAND BL,COLORADO ST,50,S,N,A,-,N,NA,NA,NA,NA,NA,NA,NA,NA,NA,N,3,0,1,2,A,-,17,21200,A,N,D,G,A,A,H,-,A,D,0,NA,Y,NA,NA,Y,NA,L,04,0,1,0,0,0,0,1,0,0,-,-,NA,NA,LOS ANGELES,GLENDALE,-118.25504862,34.14242288
6503071,2014,2016-04-21,9590,2014-05-07,2305,20095,NA,3,3,7,1942,0,1,1,NA,2,500,RT 110,43RD ST,500,S,N,A,-,Y,LA,7,110,-,-,19.03,H,-,N,Y,2,0,1,2,A,-,01,23152,A,N,C,C,A,A,H,-,D,D,1,NA,NA,Y,NA,Y,Y,C,02,1,0,0,0,0,0,0,0,1,-,-,34.00455,-118.28107,LOS ANGELES,LOS ANGELES,-118.28098123,34.00455286
6503073,2014,2014-07-15,1925,2014-04-30,2055,21016,288,3,5,6,1925,0,0,0,NA,0,002,SAN FERNANDO RD,CALIFORNIA AV,43,N,N,A,-,N,NA,NA,NA,NA,NA,NA,NA,NA,NA,N,2,0,1,2,A,-,11,21955,NA,N,G,B,D,A,H,-,C,A,0,Y,NA,NA,NA,Y,Y,N,NA,1,0,0,0,1,0,0,0,0,-,-,NA,NA,LOS ANGELES,GLENDALE,-118.2734851,34.15000867
6503077,2014,2014-07-21,1925,2014-04-16,1518,20871,248,3,5,6,1925,0,0,0,NA,0,002,BRAND BL,HARVARD ST,0,NA,Y,A,-,N,NA,NA,NA,NA,NA,NA,NA,NA,NA,Y,4,0,1,2,A,-,09,21453,B,N,D,C,A,A,H,-,A,A,0,NA,NA,NA,NA,Y,NA,A,07,0,0,1,0,0,0,0,0,0,-,-,NA,NA,LOS ANGELES,GLENDALE,-118.25495004,34.1444201
6503081,2014,2016-04-25,1925,2014-04-10,0223,24613,216,4,5,6,1925,0,0,0,NA,0,002,N PACIFIC AV,RT 134,0,NA,Y,A,-,Y,LA,7,134,-,R,6.858,R,4,W,N,3,0,2,2,A,-,12,21453,A,N,D,C,A,A,H,-,C,A,0,NA,NA,NA,NA,Y,NA,D,22,0,1,1,0,0,0,0,0,0,-,WF,NA,NA,LOS ANGELES,GLENDALE,-118.25954144,34.1564473
6503085,2014,2014-07-15,1925,2014-04-17,1717,20871,192,4,5,6,1925,0,0,0,NA,0,001,GLENDALE BL,JUSTIN AV,50,W,N,A,-,N,NA,NA,NA,NA,NA,NA,NA,NA,NA,N,4,0,1,2,A,-,03,22350,NA,N,C,C,A,A,H,-,A,A,0,NA,NA,NA,NA,Y,NA,A,07,0,0,1,0,0,0,0,0,0,-,-,NA,NA,LOS ANGELES,GLENDALE,NA,NA
6503089,2014,2014-07-15,1925,2014-04-20,1733,13002,220,7,5,6,1925,0,0,0,NA,0,001,BRAND BL,GOODE AV,0,NA,Y,A,-,N,NA,NA,NA,NA,NA,NA,NA,NA,NA,Y,3,0,2,2,A,-,12,21453,A,N,D,C,A,A,H,-,A,A,0,NA,NA,NA,NA,Y,NA,-,NA,0,2,0,0,0,0,0,0,0,-,-,NA,NA,LOS ANGELES,GLENDALE,-118.25515005,34.15676001
6503093,2014,2014-07-15,1925,2014-04-28,0746,14881,281,1,5,6,1925,0,0,0,NA,0,003,CHEVY CHASE DR,ADAMS,225,W,N,A,-,N,NA,NA,NA,NA,NA,NA,NA,NA,NA,N,3,0,1,2,A,-,05,21202,A,N,D,G,A,A,H,-,A,D,0,NA,Y,NA,NA,Y,NA,L,04,0,1,0,0,0,0,1,0,0,-,-,NA,NA,LOS ANGELES,GLENDALE,-118.24247182,34.13381
6503095,2014,2016-04-21,9590,2014-05-19,1325,11420,NA,1,1,7,1942,0,1,1,NA,2,060,RT 10,ARLINGTON AV,200,E,N,A,-,Y,LA,7,10,-,R,12.453,R,1,E,Y,4,0,1,2,A,-,03,22350,NA,N,C,C,A,A,H,-,A,D,1,NA,NA,NA,NA,Y,NA,A,01,0,0,1,0,0,0,0,0,0,FR,-,34.03748,-118.31256,LOS ANGELES,LOS ANGELES,-118.31538694,34.03687535
6503097,2014,2014-07-15,1925,2014-04-28,1021,14881,150,1,5,6,1925,0,0,0,NA,0,004,VERDUGO RD,MOUNTAIN ST,40,N,N,A,-,N,NA,NA,NA,NA,NA,NA,NA,NA,NA,Y,4,0,1,4,A,-,03,22350,NA,N,C,C,A,A,H,-,A,A,0,NA,NA,NA,NA,Y,NA,A,01,0,0,1,0,0,0,0,0,0,-,-,NA,NA,LOS ANGELES,GLENDALE,-118.23206342,34.16517934
6503101,2014,2014-07-15,1925,2014-04-28,0712,20834,238,1,5,6,1925,0,0,0,NA,0,003,BROADWAY ST,EVERETT ST,18,E,N,A,-,N,NA,NA,NA,NA,NA,NA,NA,NA,NA,Y,4,0,1,3,A,-,03,22350,NA,N,C,C,A,A,H,-,A,D,0,NA,NA,NA,NA,Y,NA,A,07,0,0,1,0,0,0,0,0,0,-,-,NA,NA,LOS ANGELES,GLENDALE,-118.24552075,34.14629688
6503103,2014,2016-04-21,9590,2014-05-19,0815,11420,NA,1,1,7,1942,0,1,1,NA,2,061,RT 10,4TH AV,100,E,N,A,-,Y,LA,7,10,-,R,12.12,H,-,W,N,4,0,1,2,A,-,03,22350,NA,N,C,C,A,A,H,-,A,D,1,NA,NA,NA,NA,Y,NA,A,01,0,0,1,0,0,0,0,0,0,-,-,34.03645,-118.3209,LOS ANGELES,LOS ANGELES,-118.32112976,34.0363121
6503105,2014,2014-07-15,1925,2014-04-27,1636,22248,239,7,5,6,1925,0,0,0,NA,0,004,E BROADWAY,OLIVE ST,280,E,N,A,-,N,NA,NA,NA,NA,NA,NA,NA,NA,NA,Y,4,0,3,2,A,-,08,22103,NA,N,D,C,A,A,H,-,A,D,0,NA,NA,NA,NA,Y,NA,A,01,0,0,3,0,0,0,0,0,0,-,-,NA,NA,LOS ANGELES,GLENDALE,-118.23683645,34.14616
6503109,2014,2014-07-15,1925,2014-04-23,2040,21606,229,3,5,6,1925,0,0,0,NA,0,004,MONTEREY,GENEVA,4,E,N,A,-,N,NA,NA,NA,NA,NA,NA,NA,NA,NA,N,4,0,1,2,A,-,10,21950,A,N,A,B,B,A,H,-,C,A,0,Y,NA,NA,NA,Y,NA,A,NA,0,0,1,0,1,0,0,0,0,-,-,NA,NA,LOS ANGELES,GLENDALE,-118.24680685,34.1575209
6503113,2014,2014-07-15,1925,2014-04-12,1311,24285,233,6,5,6,1925,0,0,0,NA,0,004,GLENDALE AV,DORAN,0,NA,Y,A,-,N,NA,NA,NA,NA,NA,NA,NA,NA,NA,Y,4,0,2,2,A,-,08,22107,NA,N,A,C,A,A,H,-,A,A,0,NA,NA,NA,NA,Y,NA,A,01,0,0,2,0,0,0,0,0,0,-,-,NA,NA,LOS ANGELES,GLENDALE,-118.24366011,34.15354009
6503117,2014,2014-07-15,1925,2014-04-23,1522,24681,239,3,5,6,1925,0,0,0,NA,0,004,VERDUGO RD,LEXINGTON DR,16,S,N,A,-,N,NA,NA,NA,NA,NA,NA,NA,NA,NA,N,4,0,1,2,A,-,07,21658,A,N,B,C,A,A,H,-,A,D,0,NA,NA,NA,NA,Y,Y,A,07,0,0,1,0,0,0,0,0,0,-,-,NA,NA,LOS ANGELES,GLENDALE,-118.23653081,34.15166679
6503128,2014,2014-07-29,1925,2014-05-24,1753,22342,130,6,5,6,1925,0,0,0,NA,0,005,VERDUGO RD,OCEAN VIEW BL,18,N,N,A,-,N,NA,NA,NA,NA,NA,NA,NA,NA,NA,N,3,0,1,2,A,-,09,21801,A,N,D,C,A,A,-,-,A,D,0,NA,NA,Y,NA,Y,NA,A,01,0,1,0,0,0,0,0,0,1,-,-,NA,NA,LOS ANGELES,GLENDALE,-118.22810121,34.20088318
6503129,2014,2016-04-23,9550,2014-04-23,2030,19775,NA,3,2,9,1900,0,1,1,NA,2,650,RT 605,WASHINGTON BL,350,S,N,A,-,Y,LA,7,605,-,R,11.98,H,-,N,Y,4,0,1,1,A,-,08,22107,NA,N,E,I,A,A,H,-,C,D,1,NA,NA,Y,NA,Y,NA,C,02,0,0,1,0,0,0,0,0,1,-,-,NA,NA,LOS ANGELES,UNINCORPORATED,-118.08039026,33.97275748
6503132,2014,2014-07-29,1925,2014-05-22,1604,21601,222,4,5,6,1925,0,0,0,NA,0,002,CENTRAL AV,DORAN ST,0,NA,Y,B,-,N,NA,NA,NA,NA,NA,NA,NA,NA,NA,N,4,0,1,2,A,-,12,21453,A,N,G,B,B,A,H,-,A,A,0,Y,NA,Y,NA,Y,NA,C,02,0,0,1,0,1,0,0,0,0,-,-,NA,NA,LOS ANGELES,GLENDALE,-118.25794,34.15464008
6503133,2014,2014-07-15,9550,2014-04-28,1254,19527,NA,1,1,9,1900,0,3,5,NA,2,001,WADDELL ST,PIONEER BL,50,W,N,A,-,N,NA,NA,NA,NA,NA,NA,NA,NA,NA,Y,3,0,2,2,A,-,09,21801,A,N,D,C,A,A,H,-,A,D,0,NA,NA,NA,NA,Y,NA,A,07,0,1,1,0,0,0,0,0,0,-,-,33.97041,-118.08092,LOS ANGELES,UNINCORPORATED,-118.0808071,33.9703108
6503136,2014,2014-07-29,1925,2014-05-16,1739,19364,195,5,5,6,1925,0,0,0,NA,0,001,SAN FERNANDO RD,RAYMOND AV,50,W,N,A,-,N,NA,NA,NA,NA,NA,NA,NA,NA,NA,Y,3,0,1,3,A,-,03,22350,NA,N,C,C,A,A,H,-,A,A,0,NA,NA,NA,NA,Y,NA,A,01,0,1,0,0,0,0,0,0,0,-,-,NA,NA,LOS ANGELES,GLENDALE,-118.29324398,34.16957047
6503137,2014,2016-04-23,9550,2014-04-25,1426,20730,NA,5,2,9,1900,0,1,1,NA,2,650,RT 605,SARAGOSA ST,1500,N,N,A,-,Y,LA,7,605,-,R,12.71,H,-,S,Y,3,0,2,4,A,-,03,22350,NA,N,C,C,A,A,H,-,A,D,1,NA,NA,NA,NA,Y,NA,A,01,0,1,1,0,0,0,0,0,0,-,-,33.98201,-118.07466,LOS ANGELES,UNINCORPORATED,-118.07475291,33.9819643
6503141,2014,2016-04-22,9550,2014-04-25,0550,20688,NA,5,3,7,1941,0,1,3,NA,2,090,RT 91,CHERRY AV,200,E,N,A,-,Y,LA,7,91,-,R,13.17,H,-,W,Y,3,0,2,3,A,-,03,22350,NA,N,C,C,A,A,H,-,B,D,1,NA,NA,NA,NA,Y,NA,A,01,0,2,0,0,0,0,0,0,0,-,-,33.87612,-118.16393,LOS ANGELES,LONG BEACH,-118.16768187,33.87598884
6503145,2014,2016-04-22,9550,2014-04-26,1045,20696,NA,6,1,5,1919,0,3,5,NA,2,004,RT 91,NORWALK BL,300,E,N,A,-,Y,LA,7,91,-,R,18.73,H,-,W,N,4,0,1,2,A,-,03,22350,NA,N,C,C,A,A,H,-,A,D,1,NA,NA,NA,NA,Y,NA,A,01,0,0,1,0,0,0,0,0,0,-,-,33.87671,-118.06949,LOS ANGELES,CERRITOS,-118.07147316,33.87649753
6503149,2014,2016-04-22,9550,2014-04-26,1050,20696,NA,6,1,5,1919,0,1,3,NA,2,092,RT 91,ARTESIA BL,100,E,N,A,-,Y,LA,7,91,-,-,19.45,H,-,W,N,4,0,1,3,A,-,03,22350,NA,F,C,C,A,A,H,-,A,D,1,NA,NA,NA,NA,Y,NA,-,99,0,0,1,0,0,0,0,0,0,-,-,33.87265,-118.05678,LOS ANGELES,CERRITOS,-118.06123437,33.87386308
6503153,2014,2016-04-22,9550,2014-04-26,1215,20696,NA,6,1,5,1919,0,1,3,NA,2,092,RT 91,BLOOMFIELD AV,50,E,N,A,-,Y,LA,7,91,-,R,19.18,H,-,W,Y,4,0,2,4,A,-,03,22350,NA,N,C,C,A,A,H,-,A,D,1,NA,NA,NA,NA,Y,NA,A,07,0,0,2,0,0,0,0,0,0,-,-,33.87497,-118.06247,LOS ANGELES,CERRITOS,-118.06383182,33.87536842
6503154,2014,2014-07-15,1942,2014-04-30,1055,39639,1393,3,5,7,1942,0,0,0,M,0,4T43,W 70TH ST,MAIN ST,119,W,N,A,-,N,NA,NA,NA,NA,NA,NA,NA,NA,NA,N,3,0,1,2,A,-,21,22106,NA,N,C,B,D,A,H,-,A,B,0,Y,NA,NA,NA,Y,NA,A,01,0,1,0,0,1,0,0,0,0,-,-,NA,NA,LOS ANGELES,LOS ANGELES,-118.27433174,33.97651
6503157,2014,2014-07-22,9550,2014-04-26,1500,020664,NA,6,2,9,1900,0,2,4,NA,1,051,NOGALES ST,HONORE ST,20,N,N,A,-,N,NA,NA,NA,NA,NA,NA,NA,NA,NA,N,4,0,1,2,A,-,03,22350,NA,N,C,C,A,A,H,-,A,A,0,NA,NA,NA,NA,Y,NA,A,07,0,0,1,0,0,0,0,0,0,-,-,33.98212,-117.88809,LOS ANGELES,UNINCORPORATED,-117.88892521,33.98219466
6503158,2014,2014-07-18,1942,2014-04-29,1515,37472,0211,2,5,7,1942,0,0,0,B,0,NA,VERMONT,MELROSE,100,S,N,A,-,N,NA,NA,NA,NA,NA,NA,NA,NA,NA,N,4,0,1,2,A,-,21,22106,NA,N,H,G,A,A,H,-,A,D,0,NA,Y,NA,NA,Y,NA,-,-,0,0,1,0,0,0,1,0,0,-,-,NA,NA,LOS ANGELES,LOS ANGELES,-118.29171,34.08330575
6503161,2014,2016-04-16,9550,2014-04-28,1045,20305,NA,1,1,9,1900,0,1,3,NA,2,601,RT 60,HACIENDA BL,300,E,N,A,-,Y,LA,7,60,-,-,16.02,H,-,W,Y,4,0,1,3,A,-,03,22350,NA,N,C,C,A,A,H,-,A,D,1,NA,NA,NA,NA,Y,NA,A,01,0,0,1,0,0,0,0,0,0,-,-,34.00925,-117.96327,LOS ANGELES,UNINCORPORATED,-117.96313367,34.00661555
6503162,2014,2015-09-28,1942,2014-04-27,2125,38731,0299,7,5,7,1942,0,0,0,B,0,2A1,PICO BL,UNION AV,0,NA,Y,A,-,N,NA,NA,NA,NA,NA,NA,NA,NA,NA,Y,4,0,1,1,A,-,08,22107,NA,N,A,I,A,A,H,-,C,D,0,NA,NA,NA,NA,Y,NA,A,01,0,0,1,0,0,0,0,0,0,-,-,NA,NA,LOS ANGELES,LOS ANGELES,-118.27695014,34.04465001
6503163,2014,2014-07-29,1925,2014-05-16,1531,16083,150,5,5,6,1925,0,0,0,NA,0,005,VERDUGO RD,HARMON PL,45,S,N,A,-,N,NA,NA,NA,NA,NA,NA,NA,NA,NA,Y,4,0,1,2,A,-,03,22350,NA,N,C,C,A,A,H,-,A,D,0,NA,NA,NA,NA,Y,NA,A,01,0,0,1,0,0,0,0,0,0,-,-,NA,NA,LOS ANGELES,GLENDALE,-118.22914141,34.19536339
6503165,2014,2016-04-21,9550,2014-04-27,0325,020755,NA,7,3,9,1900,0,1,3,NA,2,600,RT 60,CROSSROADS PARKWAY,1160,W,N,A,-,Y,LA,7,60,-,-,12.41,H,-,E,Y,3,0,1,2,A,-,07,21658,A,N,B,C,A,A,D,-,D,D,1,NA,NA,Y,NA,Y,NA,A,01,0,1,0,0,0,0,0,0,1,-,-,34.02914,-118.01579,LOS ANGELES,UNINCORPORATED,-118.01656059,34.02919905
6503166,2014,2014-07-15,1942,2014-04-25,1650,41433,0424,5,5,7,1942,0,0,0,D,0,4A3,SELIG PL,MISSION RD,130,E,N,A,-,N,NA,NA,NA,NA,NA,NA,NA,NA,NA,N,4,0,1,2,A,-,08,22107,NA,N,D,G,A,A,H,-,A,D,0,NA,Y,NA,NA,Y,NA,L,04,0,0,1,0,0,0,1,0,0,-,-,NA,NA,LOS ANGELES,LOS ANGELES,-118.20052743,34.06842405
6503169,2014,2015-11-19,9550,2014-04-27,0655,20705,NA,7,1,6,1949,0,1,1,NA,2,500,RT 5,ROSECRANS AV,500,S,N,A,-,Y,LA,7,5,-,-,3.383,R,2,S,Y,4,0,1,1,A,-,03,22350,NA,N,E,I,A,A,H,-,A,D,1,NA,NA,NA,NA,Y,NA,A,01,0,0,1,0,0,0,0,0,0,-,-,33.90091,-118.06049,LOS ANGELES,NORWALK,-118.06074138,33.90156359
6503171,2014,2014-07-29,1925,2014-05-21,1517,21601,248,3,5,6,1925,0,0,0,NA,0,003,COLORADO ST,LOUISE ST,0,NA,Y,A,-,N,NA,NA,NA,NA,NA,NA,NA,NA,NA,N,3,0,1,2,A,-,08,22107,NA,N,D,G,A,A,H,-,A,A,0,NA,Y,NA,NA,Y,NA,A,01,0,1,0,0,0,0,1,0,0,-,-,NA,NA,LOS ANGELES,GLENDALE,-118.25260011,34.1426001
6503173,2014,2015-11-06,9550,2014-04-27,1100,20700,NA,7,1,6,1949,0,1,1,NA,2,501,RT 5,NORWALK BL,700,S,N,B,-,Y,LA,7,5,-,-,4.28,H,-,S,Y,4,0,2,3,A,-,03,22350,NA,N,C,C,A,A,H,-,A,D,1,NA,NA,NA,NA,Y,NA,A,01,0,0,2,0,0,0,0,0,0,-,-,33.89033,-118.04669,LOS ANGELES,NORWALK,-118.0715358,33.91099324
6503177,2014,2016-04-22,9550,2014-04-27,1655,20689,NA,7,2,3,1903,0,1,3,NA,2,091,RT 91,PIONEER BL,200,W,N,A,-,Y,LA,7,91,-,R,18.05,H,-,W,Y,4,0,5,3,A,-,03,22350,NA,N,C,C,A,A,H,-,-,D,1,NA,NA,NA,NA,Y,NA,A,01,0,0,5,0,0,0,0,0,0,-,-,33.87649,-118.08393,LOS ANGELES,ARTESIA,-118.08325001,33.87645406
6503179,2014,2014-07-29,1925,2014-05-22,2028,23218,150,4,5,6,1925,0,0,0,NA,0,004,VERDUGO RD,MOUNTAIN ST,190,N,N,A,-,N,NA,NA,NA,NA,NA,NA,NA,NA,NA,Y,4,0,3,3,A,-,03,22350,NA,N,C,C,A,A,H,-,C,A,0,NA,NA,NA,NA,Y,NA,A,01,0,0,3,0,0,0,0,0,0,-,-,NA,NA,LOS ANGELES,GLENDALE,-118.2317797,34.16551636
6503181,2014,2014-07-15,9550,2014-04-27,2035,020340,NA,7,2,9,1900,0,3,5,NA,2,002,CARMENITA RD,BEATY AV,5,N,N,A,-,N,NA,NA,NA,NA,NA,NA,NA,NA,NA,N,4,0,1,2,A,-,11,21954,A,N,G,B,D,A,H,-,C,D,0,Y,NA,NA,NA,Y,NA,N,60,0,0,1,0,1,0,0,0,0,-,-,33.92476,-118.04642,LOS ANGELES,UNINCORPORATED,-118.04659,33.92453371
6503215,2014,2015-03-26,1916,2014-05-07,0741,1853,33A,3,5,4,1916,0,0,0,NA,0,001,GRAND AV,EDNA PL,379,S,N,A,-,N,NA,NA,NA,NA,NA,NA,NA,NA,NA,Y,3,0,1,2,A,-,12,22451,A,N,D,F,A,A,H,-,A,A,0,NA,NA,NA,NA,Y,NA,A,01,0,1,0,0,0,0,0,0,0,-,-,NA,NA,LOS ANGELES,COVINA,-117.87263,34.09198103
6503239,2014,2015-03-26,1900,2014-05-15,0855,432598,2924,4,5,5,1990,0,0,0,NA,0,292K1,GRAND AV,LAVENDER DR,63,S,N,A,-,N,NA,NA,NA,NA,NA,NA,NA,NA,NA,Y,3,0,1,4,A,-,03,22350,NA,N,C,C,A,A,H,-,A,A,0,NA,NA,NA,NA,Y,NA,A,01,0,1,0,0,0,0,0,0,0,-,-,NA,NA,LOS ANGELES,DIAMOND BAR,-117.81947478,34.00441565
6503279,2014,2016-04-16,9580,2014-05-17,1630,20728,NA,6,2,7,1942,0,1,2,NA,2,105,RT 101,WINNETKA AV,200,N,N,A,-,Y,LA,7,101,-,-,23.33,H,-,S,Y,4,0,1,1,A,-,-,NA,NA,N,E,I,A,A,H,-,A,D,1,NA,NA,NA,NA,Y,NA,A,01,0,0,1,0,0,0,0,0,0,-,-,34.17121,-118.57323,LOS ANGELES,LOS ANGELES,-118.57184966,34.17180397
6503393,2014,2014-07-29,1900,2014-05-01,1142,207186,0817,4,5,4,1960,0,0,0,NA,0,81T1,VIA VERDE AV,AVENIDA LOMITA,394,E,N,A,-,N,NA,NA,NA,NA,NA,NA,NA,NA,NA,N,4,0,2,2,A,-,03,22350,NA,N,E,J,A,A,B,-,A,D,0,NA,Y,NA,NA,Y,NA,L,04,0,0,2,0,0,0,2,0,0,-,-,NA,NA,LOS ANGELES,SAN DIMAS,-117.82547716,34.07638865
6503394,2014,2014-07-29,1962,2014-05-27,0640,086,1962,2,5,4,1962,0,0,0,NA,0,024,LAS TUNAS DR,MUSCATEL AV,0,NA,Y,A,-,N,NA,NA,NA,NA,NA,NA,NA,NA,NA,N,4,0,1,2,A,-,10,21950,A,F,G,B,B,A,H,-,A,A,0,Y,NA,NA,NA,Y,Y,-,99,0,0,1,0,1,0,0,0,0,-,-,NA,NA,LOS ANGELES,SAN GABRIEL,-118.07721009,34.10349003
6503397,2014,2014-08-04,1900,2014-05-01,1216,207186,0814,4,5,4,1960,0,0,0,NA,0,81T1,BADILLO ST,COVINA BL,0,NA,Y,A,-,N,NA,NA,NA,NA,NA,NA,NA,NA,NA,Y,4,0,1,2,A,-,12,21453,A,N,A,C,A,A,H,-,A,A,0,NA,NA,NA,NA,Y,NA,A,08,0,0,1,0,0,0,0,0,0,-,-,NA,NA,LOS ANGELES,SAN DIMAS,-117.83428008,34.0990501
6503402,2014,2014-07-29,1976,2014-05-23,0903,299,NA,5,5,3,1964,0,0,0,NA,0,NA,SLAUSON AV,NORWALK BL,17,E,N,A,-,N,NA,NA,NA,NA,NA,NA,NA,NA,NA,N,2,0,1,2,A,-,10,21950,A,N,G,B,B,A,H,-,A,A,0,Y,NA,NA,NA,Y,NA,A,01,1,0,0,0,1,0,0,0,0,-,-,NA,NA,LOS ANGELES,SANTA FE SPRINGS,-118.07053481,33.96469239
6503406,2014,2015-09-28,1976,2014-05-22,1237,890,NA,4,5,3,1964,0,0,0,NA,0,NA,VALLEYVIEW AV,FIRESTONE BL,0,NA,Y,A,-,N,NA,NA,NA,NA,NA,NA,NA,NA,NA,Y,4,0,2,2,A,-,12,21453,A,N,D,C,A,A,H,-,A,A,0,NA,NA,NA,NA,Y,NA,A,08,0,0,2,0,0,0,0,0,0,-,-,NA,NA,LOS ANGELES,SANTA FE SPRINGS,-118.02896007,33.88578004
6503410,2014,2014-07-29,1976,2014-05-20,1906,210,NA,2,5,5,1976,0,0,0,NA,0,001,NORWALK BL,LOS NIETOS RD,0,NA,Y,A,-,N,NA,NA,NA,NA,NA,NA,NA,NA,NA,Y,4,0,2,2,A,-,09,21801,A,N,D,C,A,A,H,-,A,A,0,NA,NA,NA,NA,Y,NA,A,07,0,0,2,0,0,0,0,0,0,-,-,NA,NA,LOS ANGELES,WHITTIER,-118.07141011,33.95749006