CASE_ID,ACCIDENT_YEAR,PROC_DATE,JURIS,COLLISION_DATE,COLLISION_TIME,OFFICER_ID,REPORTING_DISTRICT,DAY_OF_WEEK,CHP_SHIFT,POPULATION,CNTY_CITY_LOC,SPECIAL_COND,BEAT_TYPE,CHP_BEAT_TYPE,CITY_DIVISION_LAPD,CHP_BEAT_CLASS,BEAT_NUMBER,PRIMARY_RD,SECONDARY_RD,DISTANCE,DIRECTION,INTERSECTION,WEATHER_1,WEATHER_2,STATE_HWY_IND,CALTRANS_COUNTY,CALTRANS_DISTRICT,STATE_ROUTE,ROUTE_SUFFIX,POSTMILE_PREFIX,POSTMILE,LOCATION_TYPE,RAMP_INTERSECTION,SIDE_OF_HWY,TOW_AWAY,COLLISION_SEVERITY,NUMBER_KILLED,NUMBER_INJURED,PARTY_COUNT,PRIMARY_COLL_FACTOR,PCF_CODE_OF_VIOL,PCF_VIOL_CATEGORY,PCF_VIOLATION,PCF_VIOL_SUBSECTION,HIT_AND_RUN,TYPE_OF_COLLISION,MVIW,PED_ACTION,ROAD_SURFACE,ROAD_COND_1,ROAD_COND_2,LIGHTING,CONTROL_DEVICE,CHP_ROAD_TYPE,PEDESTRIAN_ACCIDENT,BICYCLE_ACCIDENT,MOTORCYCLE_ACCIDENT,TRUCK_ACCIDENT,NOT_PRIVATE_PROPERTY,ALCOHOL_INVOLVED,STWD_VEHTYPE_AT_FAULT,CHP_VEHTYPE_AT_FAULT,COUNT_SEVERE_INJ,COUNT_VISIBLE_INJ,COUNT_COMPLAINT_PAIN,COUNT_PED_KILLED,COUNT_PED_INJURED,COUNT_BICYCLIST_KILLED,COUNT_BICYCLIST_INJURED,COUNT_MC_KILLED,COUNT_MC_INJURED,PRIMARY_RAMP,SECONDARY_RAMP,LATITUDE,LONGITUDE,COUNTY,CITY,POINT_X,POINT_Y
6504179,2014,2014-07-25,1969,2014-05-19,1809,10114,PATRO,1,5,5,1969,0,0,0,NA,0,004,HILDRETH AV,DUANE WY,105,S,N,A,-,N,NA,NA,NA,NA,NA,NA,NA,NA,NA,N,4,0,1,2,A,-,03,22350,NA,N,C,C,A,A,H,-,A,D,0,NA,NA,NA,NA,Y,NA,A,01,0,0,1,0,0,0,0,0,0,-,-,NA,NA,LOS ANGELES,SOUTH GATE,-118.18784946,33.94654394
6504183,2014,2014-07-25,1969,2014-05-24,0244,10086,NA,6,5,5,1969,0,0,0,NA,0,0A5,GARFIELD AV,SOUTHERN AV,87,S,N,B,-,N,NA,NA,NA,NA,NA,NA,NA,NA,NA,Y,4,0,1,1,A,-,08,22107,NA,N,E,I,A,A,H,-,C,D,0,NA,NA,NA,NA,Y,NA,-,NA,0,0,1,0,0,0,0,0,0,-,-,NA,NA,LOS ANGELES,SOUTH GATE,-118.16639224,33.94428841
6504187,2014,2014-07-28,1969,2014-05-19,1936,10130,PATRO,1,5,5,1969,0,0,0,NA,0,003,TWEEDY BL,HUNT AV,42,W,N,A,-,N,NA,NA,NA,NA,NA,NA,NA,NA,NA,Y,4,0,2,2,A,-,03,22350,NA,N,C,C,A,A,H,-,C,A,0,NA,NA,NA,NA,Y,NA,A,01,0,0,2,0,0,0,0,0,0,-,-,NA,NA,LOS ANGELES,SOUTH GATE,-118.19285711,33.94280443
6504191,2014,2014-07-28,1969,2014-05-20,2015,10114,PATRO,2,5,5,1969,0,0,0,NA,0,002,STATE ST,TWEEDY BL,0,NA,Y,A,-,N,NA,NA,NA,NA,NA,NA,NA,NA,NA,N,4,0,1,2,A,-,09,21801,A,N,A,C,A,A,H,-,C,A,0,NA,NA,NA,NA,Y,NA,A,01,0,0,1,0,0,0,0,0,0,-,-,NA,NA,LOS ANGELES,SOUTH GATE,-118.21362011,33.94507007
6504195,2014,2014-07-28,1969,2014-05-14,1812,10076,PATRO,3,5,5,1969,0,0,0,NA,0,0A3,FIRESTONE BL,MCNERNEY AV,180,W,N,A,-,N,NA,NA,NA,NA,NA,NA,NA,NA,NA,N,4,0,1,2,A,-,17,21663,NA,N,D,C,A,A,H,-,A,D,0,NA,Y,NA,NA,Y,NA,L,04,0,0,1,0,0,0,1,0,0,-,-,NA,NA,LOS ANGELES,SOUTH GATE,-118.19573845,33.95317643
6504199,2014,2014-07-28,1969,2014-05-18,1815,10165,PATRO,7,5,5,1969,0,0,0,NA,0,004,FIRESTONE BL,ATLANTIC AV,0,NA,Y,A,-,N,NA,NA,NA,NA,NA,NA,NA,NA,NA,Y,4,0,1,2,A,-,08,22107,NA,N,B,C,A,A,H,-,A,A,0,NA,NA,NA,NA,Y,NA,A,01,0,0,1,0,0,0,0,0,0,-,-,NA,NA,LOS ANGELES,SOUTH GATE,-118.18330005,33.9520201
6504203,2014,2014-07-28,1969,2014-05-25,2225,20041,TRAFI,7,5,5,1969,0,0,0,NA,0,003,INDEPENDENCE AV,SOUTH GATE AV,0,NA,Y,A,-,N,NA,NA,NA,NA,NA,NA,NA,NA,NA,N,4,0,2,2,A,-,03,22350,NA,N,C,C,A,A,H,-,C,D,0,NA,NA,NA,NA,Y,NA,A,01,0,0,2,0,0,0,0,0,0,-,-,NA,NA,LOS ANGELES,SOUTH GATE,-118.214,33.95852004
6504207,2014,2014-07-25,1969,2014-05-12,1311,10171,TRAFF,1,5,5,1969,0,0,0,NA,0,003,SAN JUAN AV,TENAYA AV,0,NA,Y,A,-,N,NA,NA,NA,NA,NA,NA,NA,NA,NA,N,4,0,1,2,A,-,10,21950,A,N,G,B,B,A,H,-,A,A,0,Y,NA,NA,NA,Y,NA,A,01,0,0,1,0,1,0,0,0,0,-,-,NA,NA,LOS ANGELES,SOUTH GATE,-118.20374003,33.93862006
6504215,2014,2015-09-25,1969,2014-05-26,0021,10073,PATRO,1,5,5,1969,0,0,0,NA,0,0A5,IMPERIAL HWY,RUCHTI RD,850,W,N,A,-,N,NA,NA,NA,NA,NA,NA,NA,NA,NA,Y,4,0,1,2,D,-,00,NA,NA,N,A,C,A,A,H,-,C,D,0,NA,NA,NA,NA,Y,NA,-,-,0,0,1,0,0,0,0,0,0,-,-,NA,NA,LOS ANGELES,SOUTH GATE,-118.17264776,33.93028783
6504247,2014,2016-04-22,9580,2014-06-01,1412,018585,NA,7,2,3,1989,0,1,2,NA,2,107,RT 101,LAS VIRGENES CANYON RD,500,NA,N,A,-,Y,LA,7,101,-,-,31.14,H,-,S,Y,4,0,2,3,A,-,03,22350,NA,N,C,C,A,A,H,-,A,D,1,NA,NA,NA,NA,Y,NA,A,01,0,0,2,0,0,0,0,0,0,-,-,34.1478,-118.6981,LOS ANGELES,CALABASAS,-118.69883109,34.14728461
6504251,2014,2016-04-23,9530,2014-05-14,0720,020680,NA,3,1,7,1942,0,1,1,NA,2,120,RT 110,PACIFIC COAST HWY,820,S,N,A,-,Y,LA,7,110,-,-,3.9,H,-,N,Y,4,0,1,2,A,-,07,21658,A,N,C,C,A,A,H,-,A,D,1,NA,NA,Y,NA,Y,NA,A,07,0,0,1,0,0,0,0,0,1,-,-,33.78682,-118.28106,LOS ANGELES,LOS ANGELES,-118.28143087,33.78829
6504252,2014,2014-07-28,9530,2014-05-29,1530,13604,NA,4,2,9,1900,0,3,5,NA,2,001,SLAUSON AV,COMPTON AV,2,W,N,A,-,N,NA,NA,NA,NA,NA,NA,NA,NA,NA,N,4,0,1,2,A,-,08,22107,NA,F,D,G,A,A,H,-,A,A,0,NA,Y,NA,NA,Y,NA,-,99,0,0,1,0,0,0,1,0,0,-,-,33.98903,-118.24783,LOS ANGELES,UNINCORPORATED,-118.24776658,33.98934
6504255,2014,2016-04-21,9580,2014-05-31,1233,019097,NA,6,1,7,1942,0,1,2,NA,2,103,RT 101,WOODMAN AV,528,N,N,A,-,Y,LA,7,101,-,-,15.01,H,-,S,N,4,0,1,2,A,-,03,22350,NA,N,C,C,A,A,H,-,A,D,1,NA,NA,NA,NA,Y,NA,A,01,0,0,1,0,0,0,0,0,0,-,-,34.15545,-118.43731,LOS ANGELES,LOS ANGELES,-118.43329544,34.15553802
6504256,2014,2016-04-21,9530,2014-05-29,0930,14298,NA,4,1,7,1941,0,1,1,NA,2,420,RT 405,PACIFIC AV,50,N,N,A,-,Y,LA,7,405,-,-,6.75,H,-,N,Y,4,0,1,2,A,-,03,22350,NA,N,C,C,A,A,H,-,A,D,1,NA,NA,NA,NA,Y,NA,A,07,0,0,1,0,0,0,0,0,0,-,-,33.82338,-118.19953,LOS ANGELES,LONG BEACH,-118.19433525,33.82111247
6504259,2014,2016-04-21,9580,2014-05-31,1219,019097,NA,6,1,7,1942,0,1,2,NA,2,102,RT 101,WOODMAN AV,100,N,N,A,-,Y,LA,7,101,-,-,14.96,H,-,N,N,3,0,1,2,A,-,03,22350,NA,N,C,C,A,A,H,-,A,D,1,NA,NA,Y,NA,Y,NA,C,02,0,1,0,0,0,0,0,0,1,-,-,34.15582,-118.43274,LOS ANGELES,LOS ANGELES,-118.43241789,34.15572969
6504260,2014,2016-04-21,9580,2014-05-31,1140,019097,NA,6,1,7,1942,0,1,2,NA,2,102,RT 101,WOODMAN AV,30,N,N,A,-,Y,LA,7,101,-,-,14.96,H,-,N,N,4,0,1,3,A,-,03,22350,NA,N,C,C,A,A,H,-,A,D,1,NA,NA,NA,NA,Y,NA,D,22,0,0,1,0,0,0,0,0,0,-,-,34.15582,-118.43274,LOS ANGELES,LOS ANGELES,-118.43241789,34.15572969
6504264,2014,2016-04-25,9580,2014-05-30,0820,018580,NA,5,1,7,1942,0,1,3,NA,2,116,RT 118,RESEDA BL,639,W,N,A,-,Y,LA,7,118,-,R,5.909,R,1,W,Y,4,0,1,2,A,-,03,22350,NA,N,C,C,A,A,H,-,A,A,1,NA,NA,NA,NA,Y,NA,A,01,0,0,1,0,0,0,0,0,0,TO,-,34.27527,-118.53845,LOS ANGELES,LOS ANGELES,-118.53459713,34.27570013
6504288,2014,2015-03-11,1942,2014-05-11,0220,32828,1017,7,5,7,1942,0,0,0,J,0,35T80,WHITE OAK AV,N SATICOY ST,104,S,N,A,-,N,NA,NA,NA,NA,NA,NA,NA,NA,NA,Y,3,0,1,3,A,-,01,23152,A,N,B,C,A,A,G,-,C,A,0,NA,NA,NA,NA,Y,Y,A,07,0,1,0,0,0,0,0,0,0,-,-,NA,NA,LOS ANGELES,LOS ANGELES,-118.5186,34.20812472
6504292,2014,2014-07-26,1942,2014-05-08,1430,30825,1011,4,5,7,1942,0,0,0,J,0,15TL46,TAMPA AV,WYANDOTTE ST,0,NA,Y,A,-,N,NA,NA,NA,NA,NA,NA,NA,NA,NA,Y,4,0,1,2,A,-,09,21801,A,N,D,C,A,A,H,-,A,A,0,NA,NA,NA,NA,Y,NA,A,01,0,0,1,0,0,0,0,0,0,-,-,NA,NA,LOS ANGELES,LOS ANGELES,-118.55348005,34.20290003
6504307,2014,2016-04-23,9575,2014-05-11,1003,19538,NA,7,1,5,1902,0,1,1,NA,2,065,RT 210,BALDWIN AV,305,E,N,A,-,Y,LA,7,210,-,R,30.91,H,-,W,Y,4,0,1,1,A,-,08,22107,NA,N,E,I,A,A,H,-,A,D,1,NA,NA,NA,NA,Y,NA,A,07,0,0,1,0,0,0,0,0,0,-,-,34.14895,-118.04946,LOS ANGELES,ARCADIA,-118.04879051,34.14900977
6504308,2014,2016-04-23,9575,2014-05-15,0835,18762,NA,4,1,7,1942,0,1,3,NA,2,043,RT 134,RIVERSIDE DR,300,NA,N,A,-,Y,LA,7,134,-,-,4.75,H,-,E,N,4,0,2,3,A,-,03,22350,NA,N,C,C,A,A,H,-,A,D,1,NA,NA,NA,NA,Y,NA,A,01,0,0,2,0,0,0,0,0,0,-,-,34.15566,-118.29572,LOS ANGELES,LOS ANGELES,-118.29500013,34.1553169
6504315,2014,2014-07-26,9575,2014-05-10,1335,20484,NA,6,1,9,1900,0,2,4,NA,2,024,WOODBURY RD,MADISON AV,241,W,N,A,-,N,NA,NA,NA,NA,NA,NA,NA,NA,NA,Y,4,0,1,2,A,-,08,22107,NA,N,B,E,A,A,H,-,A,D,0,NA,NA,NA,NA,Y,NA,A,01,0,0,1,0,0,0,0,0,0,-,-,34.18003,-118.13877,LOS ANGELES,UNINCORPORATED,-118.1388028,34.18004911
6504343,2014,2015-03-25,1941,2014-05-31,2208,6178,NA,6,5,7,1941,0,0,0,NA,0,NA,7TH ST,MARTIN LUTHER KING BL,0,NA,Y,A,-,N,NA,NA,NA,NA,NA,NA,NA,NA,NA,Y,4,0,1,2,A,-,01,23152,A,N,D,C,A,A,H,-,C,A,0,NA,NA,NA,NA,Y,Y,A,NA,0,0,1,0,0,0,0,0,0,-,-,NA,NA,LOS ANGELES,LONG BEACH,-118.18068007,33.77534001
6504526,2014,2014-07-30,1942,2014-05-04,1330,40605,0632,7,5,7,1942,0,0,0,F,0,6TL11,SUNSET BL,HAYWORTH AV,0,NA,Y,A,-,N,NA,NA,NA,NA,NA,NA,NA,NA,NA,Y,2,0,1,2,A,-,09,21801,A,N,D,C,A,A,H,-,A,A,0,NA,NA,Y,NA,Y,NA,A,01,1,0,0,0,0,0,0,0,1,-,-,NA,NA,LOS ANGELES,LOS ANGELES,-118.36293013,34.09803007
6504530,2014,2014-07-30,1942,2014-05-12,1215,38356,1743,1,5,7,1942,0,0,0,Q,0,16TL28,DEVONSHIRE ST,WILBUR AV,0,NA,Y,A,-,N,NA,NA,NA,NA,NA,NA,NA,NA,NA,Y,3,0,3,2,A,-,09,21801,A,N,D,C,A,A,H,-,A,A,0,NA,NA,NA,NA,Y,NA,A,01,0,1,2,0,0,0,0,0,0,-,-,NA,NA,LOS ANGELES,LOS ANGELES,-118.54483011,34.25727011
6504534,2014,2014-07-30,1942,2014-05-09,1820,41169,1782,5,5,7,1942,0,0,0,Q,0,17X22,NORDHOFF ST,NORDHOFF PL,10,W,N,A,-,N,NA,NA,NA,NA,NA,NA,NA,NA,NA,N,3,0,2,2,A,-,08,22107,NA,N,A,D,A,A,H,-,A,A,0,NA,NA,NA,NA,Y,NA,-,-,0,1,1,0,0,0,0,0,0,-,-,NA,NA,LOS ANGELES,LOS ANGELES,-118.5623,34.23548
6504536,2014,2015-03-19,1928,2014-05-10,2359,582,H530,6,5,5,1928,0,0,0,NA,0,0H1,HAWTHORN BL,IMPERIAL HWY,8,N,N,A,-,N,NA,NA,NA,NA,NA,NA,NA,NA,NA,N,4,0,1,2,A,-,08,22107,NA,M,D,G,A,A,-,-,C,A,0,NA,Y,NA,NA,Y,NA,-,NA,0,0,1,0,0,0,1,0,0,-,-,NA,NA,LOS ANGELES,HAWTHORNE,-118.352496,33.930992
6504538,2014,2014-07-29,1942,2014-05-12,0805,34397,1227,1,5,7,1942,0,0,0,L,0,17A93,WOODLEY AV,PLUMMER ST,75,S,N,A,-,N,NA,NA,NA,NA,NA,NA,NA,NA,NA,N,4,0,1,2,A,-,08,22107,NA,N,H,G,A,A,H,-,A,A,0,NA,Y,NA,NA,Y,NA,-,-,0,0,1,0,0,0,1,0,0,-,-,NA,NA,LOS ANGELES,LOS ANGELES,-118.48502,34.24270427
6504542,2014,2014-07-29,1942,2014-05-10,1135,39527,1735,6,5,7,1942,0,0,0,Q,0,17A35,TULSA ST,TULSA ST 17428,0,NA,N,A,-,N,NA,NA,NA,NA,NA,NA,NA,NA,NA,N,3,0,1,2,A,-,-,NA,NA,N,E,J,F,A,H,-,A,D,0,Y,NA,NA,NA,Y,NA,A,01,0,1,0,0,1,0,0,0,0,-,-,NA,NA,LOS ANGELES,LOS ANGELES,-118.51421,34.26848
6504544,2014,2015-04-08,1907,2014-05-15,1230,191,1907,4,5,4,1907,0,0,0,NA,0,023,EASTERN AV,BANDINI BL,220,N,N,A,-,N,NA,NA,NA,NA,NA,NA,NA,NA,NA,N,4,0,1,3,A,-,03,22350,NA,F,C,C,A,A,H,-,A,D,0,NA,NA,NA,NA,Y,NA,A,01,0,0,1,0,0,0,0,0,0,-,-,NA,NA,LOS ANGELES,BELL,-118.16117,33.99196
6504546,2014,2014-07-29,1942,2014-05-14,0825,32774,1756,3,5,7,1942,0,0,0,Q,0,9TL57,DEVONSHIRE ST,WHITE OAK AV,0,NA,Y,A,-,N,NA,NA,NA,NA,NA,NA,NA,NA,NA,Y,3,0,2,2,A,-,09,21801,A,N,A,C,A,A,H,-,A,D,0,NA,NA,NA,NA,Y,NA,A,01,0,2,0,0,0,0,0,0,0,-,-,NA,NA,LOS ANGELES,LOS ANGELES,-118.51979004,34.25763004
6504550,2014,2014-07-29,1942,2014-05-15,1640,35481,1743,4,5,7,1942,0,0,0,Q,0,21TL62,RESEDA BL,DEVONSHIRE ST,75,N,N,A,-,N,NA,NA,NA,NA,NA,NA,NA,NA,NA,Y,3,0,1,2,A,-,03,22350,NA,N,B,C,A,A,H,-,A,D,0,NA,NA,NA,NA,Y,NA,A,01,0,1,0,0,0,0,0,0,0,-,-,NA,NA,LOS ANGELES,LOS ANGELES,-118.53609316,34.25746572
6504554,2014,2014-07-29,1942,2014-05-12,1350,30825,1796,1,5,7,1942,0,0,0,Q,0,15TL46,BALBOA BL,PARTHENIA ST,0,NA,Y,A,-,N,NA,NA,NA,NA,NA,NA,NA,NA,NA,Y,4,0,3,2,A,-,12,21453,A,N,D,C,A,A,H,-,A,A,0,NA,NA,NA,NA,Y,NA,A,01,0,0,3,0,0,0,0,0,0,-,-,NA,NA,LOS ANGELES,LOS ANGELES,-118.5025801,34.22851012
6504558,2014,2014-07-29,1942,2014-05-15,1245,38956,1745,4,5,7,1942,0,0,0,Q,0,19T73,GERMAIN ST,AMESTOY AV,0,NA,Y,A,-,N,NA,NA,NA,NA,NA,NA,NA,NA,NA,Y,4,0,2,2,A,-,09,21802,A,N,D,C,A,A,H,-,A,A,0,NA,NA,NA,NA,Y,NA,A,01,0,0,2,0,0,0,0,0,0,-,-,NA,NA,LOS ANGELES,LOS ANGELES,-118.50669002,34.2623601
6504593,2014,2014-07-29,1951,2014-05-23,0922,743,1951,5,5,3,1951,0,0,0,NA,0,7L11,PALOS VERDES DR W,VIA DE LA GUERRA,323,S,N,A,-,N,NA,NA,NA,NA,NA,NA,NA,NA,NA,N,3,0,1,2,A,-,21,22106,NA,N,D,G,A,A,H,-,A,D,0,NA,Y,NA,NA,Y,NA,A,01,0,1,0,0,0,0,1,0,0,-,-,NA,NA,LOS ANGELES,PALOS VERDES EST,-118.41416983,33.76413414
6504602,2014,2014-07-30,1942,2014-05-14,0710,33599,1824,3,5,7,1942,0,0,0,R,0,3TL5,CENTURY BL,MCKINLEY AV,0,NA,-,A,-,N,NA,NA,NA,NA,NA,NA,NA,NA,NA,Y,3,0,2,4,A,-,03,22350,NA,N,C,E,A,A,H,-,A,D,0,NA,NA,NA,NA,Y,NA,A,08,0,2,0,0,0,0,0,0,0,-,-,NA,NA,LOS ANGELES,LOS ANGELES,-118.26086006,33.94582005
6504606,2014,2014-07-30,1942,2014-05-14,0815,33599,1841,3,5,7,1942,0,0,0,R,0,3TL5,VERMONT AV,108TH ST,0,NA,Y,A,-,N,NA,NA,NA,NA,NA,NA,NA,NA,NA,Y,4,0,2,2,A,-,09,21801,A,N,D,C,A,A,H,-,A,A,0,NA,NA,NA,NA,Y,NA,A,08,0,0,2,0,0,0,0,0,0,-,-,NA,NA,LOS ANGELES,LOS ANGELES,-118.29161,33.93819
6504610,2014,2014-07-30,1942,2014-05-15,1025,36911,1871,4,5,7,1942,0,0,0,R,0,5T21,ROSECRANS AV,ORCHARD AV,0,W,-,A,-,N,NA,NA,NA,NA,NA,NA,NA,NA,NA,N,3,0,1,2,A,-,03,22350,NA,N,B,C,A,A,H,-,A,D,0,NA,NA,Y,NA,Y,NA,C,02,0,1,0,0,0,0,0,0,1,-,-,NA,NA,LOS ANGELES,LOS ANGELES,-118.28768007,33.90170009
6504614,2014,2014-07-30,1942,2014-05-15,0730,39317,1841,4,5,7,1942,0,0,0,R,0,18TL23,VERMONT AV,108TH ST,0,NA,Y,A,-,N,NA,NA,NA,NA,NA,NA,NA,NA,NA,Y,4,0,1,2,A,-,09,21801,A,N,D,C,A,A,H,-,A,A,0,NA,NA,NA,NA,Y,NA,A,07,0,0,1,0,0,0,0,0,0,-,-,NA,NA,LOS ANGELES,LOS ANGELES,-118.29161,33.93819
6504618,2014,2014-07-29,1942,2014-05-16,1345,39177,1839,5,5,7,1942,0,0,0,R,0,3T5,JUNIPER ST,107TH ST,0,S,N,A,-,N,NA,NA,NA,NA,NA,NA,NA,NA,NA,Y,4,0,1,3,A,-,03,22350,NA,N,C,E,A,A,H,-,A,-,0,NA,NA,NA,NA,Y,NA,A,01,0,0,1,0,0,0,0,0,0,-,-,NA,NA,LOS ANGELES,LOS ANGELES,-118.23279013,33.93887001
6504622,2014,2014-07-29,1942,2014-05-16,1900,36607,1835,5,5,7,1942,0,0,0,R,0,3T5,CENTRAL AV,103RD ST,0,NA,Y,A,-,N,NA,NA,NA,NA,NA,NA,NA,NA,NA,Y,3,0,1,2,A,-,10,21950,A,F,G,B,B,A,H,-,A,A,0,Y,NA,NA,NA,Y,NA,A,01,0,1,0,0,1,0,0,0,0,-,-,NA,NA,LOS ANGELES,LOS ANGELES,-118.25411013,33.94327005
6504626,2014,2016-03-03,1942,2014-05-20,2340,36336,1764,2,5,7,1942,0,0,0,Q,0,16T25,TAMPA AV,NORDHOFF ST,194,S,N,A,-,N,NA,NA,NA,NA,NA,NA,NA,NA,NA,Y,2,0,1,2,A,-,11,21954,A,N,G,B,E,A,H,-,C,D,0,Y,NA,NA,NA,Y,NA,N,60,1,0,0,0,1,0,0,0,0,-,-,NA,NA,LOS ANGELES,LOS ANGELES,-118.55356,34.23492782
6504634,2014,2016-04-23,9545,2014-05-15,1435,14565,NA,4,2,6,1950,0,1,3,NA,2,021,RT 14,AV N,125,N,N,A,-,Y,LA,7,14,-,R,63.81,R,2,N,Y,3,0,2,2,A,-,08,22107,NA,N,C,E,A,A,H,-,A,D,1,NA,NA,NA,NA,Y,NA,A,07,0,1,1,0,0,0,0,0,0,FR,-,34.63156,-118.15221,LOS ANGELES,PALMDALE,-118.15301263,34.63312525
6504638,2014,2014-07-29,9545,2014-05-18,2003,18353,NA,7,2,9,1900,0,3,5,NA,2,004,AVE N,70TH ST E,0,NA,Y,A,-,N,NA,NA,NA,NA,NA,NA,NA,NA,NA,Y,4,0,1,2,A,-,09,21801,A,N,D,C,A,A,H,-,B,D,0,NA,NA,NA,NA,Y,NA,A,01,0,0,1,0,0,0,0,0,0,-,-,34.63152,-118.00556,LOS ANGELES,UNINCORPORATED,-118.00532012,34.63105006
6504641,2014,2014-07-29,1942,2014-05-17,1010,33599,1822,6,5,7,1942,0,0,0,R,0,18TL23,BROADWAY,99TH ST,90,S,N,A,-,N,NA,NA,NA,NA,NA,NA,NA,NA,NA,N,4,0,1,2,A,-,05,21650,1,N,H,G,A,A,H,-,A,D,0,NA,Y,NA,NA,Y,NA,L,04,0,0,1,0,0,0,1,0,0,-,-,NA,NA,LOS ANGELES,LOS ANGELES,-118.278393,33.946199
6504645,2014,2014-07-29,1942,2014-05-17,1950,40971,1841,6,5,7,1942,0,0,0,R,0,18T23,106TH ST,BROADWAY,28,W,N,A,-,N,NA,NA,NA,NA,NA,NA,NA,NA,NA,Y,4,0,1,2,A,-,09,21802,A,N,D,C,A,A,H,-,B,A,0,NA,NA,NA,NA,Y,NA,A,01,0,0,1,0,0,0,0,0,0,-,-,NA,NA,LOS ANGELES,LOS ANGELES,-118.27847212,33.94010849
6504649,2014,2015-09-25,1942,2014-05-17,1515,40440,1864,6,5,7,1942,0,0,0,R,0,12T73,IMPERIAL HWY,CLOVIS AV,148,E,N,A,-,N,NA,NA,NA,NA,NA,NA,NA,NA,NA,Y,3,0,1,1,A,-,03,22350,NA,N,F,J,A,A,H,-,A,D,0,NA,NA,NA,NA,Y,NA,A,07,0,1,0,0,0,0,0,0,0,-,-,NA,NA,LOS ANGELES,LOS ANGELES,-118.25606355,33.92947557
6504653,2014,2014-07-29,1942,2014-05-12,0800,35643,1245,1,5,7,1942,0,0,0,L,0,18T23,GAGE AV,BUDLONG AV,0,NA,Y,A,-,N,NA,NA,NA,NA,NA,NA,NA,NA,NA,Y,4,0,2,2,A,-,09,21801,A,N,A,C,A,A,H,-,A,A,0,NA,NA,NA,NA,Y,NA,A,01,0,0,2,0,0,0,0,0,0,-,-,NA,NA,LOS ANGELES,LOS ANGELES,-118.29587005,33.98234011
6504657,2014,2014-07-29,1942,2014-05-12,2110,40971,1245,1,5,7,1942,0,0,0,L,0,18T23,NORMANDIE AV,FLORENCE AV,0,NA,Y,A,-,N,NA,NA,NA,NA,NA,NA,NA,NA,NA,N,4,0,1,1,C,-,18,NA,NA,N,H,G,A,A,H,-,C,A,0,NA,Y,NA,NA,Y,NA,-,-,0,0,1,0,0,0,1,0,0,-,-,NA,NA,LOS ANGELES,LOS ANGELES,-118.30030013,33.9745801
6504661,2014,2014-07-29,1942,2014-05-15,1040,39317,1268,4,5,7,1942,0,0,0,L,0,18TL23,MANCHESTER,SAN PEDRO,0,NA,Y,A,-,N,NA,NA,NA,NA,NA,NA,NA,NA,NA,Y,4,0,2,2,A,-,09,21801,A,N,D,C,A,A,H,-,A,A,0,NA,NA,NA,NA,Y,NA,A,07,0,0,2,0,0,0,0,0,0,-,-,NA,NA,LOS ANGELES,LOS ANGELES,-118.26950003,33.960110040000004
6504665,2014,2014-07-29,1942,2014-05-15,1845,36752,1209,4,5,7,1942,0,0,0,L,0,18T23,51ST ST,FLOWER ST,0,NA,Y,A,-,N,NA,NA,NA,NA,NA,NA,NA,NA,NA,Y,4,0,1,2,A,-,12,22450,NA,F,D,C,A,A,H,-,A,A,0,NA,NA,NA,NA,Y,NA,A,01,0,0,1,0,0,0,0,0,0,-,-,NA,NA,LOS ANGELES,LOS ANGELES,-118.28106007,33.99648001
6504666,2014,2014-07-29,1928,2014-05-19,1351,368,529,1,5,5,1928,0,0,0,NA,0,002,EL SEGUNDO BL,CRENSHAW BL,0,NA,Y,A,-,N,NA,NA,NA,NA,NA,NA,NA,NA,NA,Y,3,0,2,2,A,-,03,22350,NA,N,G,G,A,A,H,-,A,A,0,NA,Y,Y,NA,Y,NA,C,02,0,2,0,0,0,0,1,0,1,-,-,NA,NA,LOS ANGELES,HAWTHORNE,-118.32660012,33.91644005
6504669,2014,2014-07-29,1942,2014-05-16,1630,40059,1263,5,5,7,1942,0,0,0,L,0,5TL25,WESTERN AV,84TH ST,150,N,N,A,-,N,NA,NA,NA,NA,NA,NA,NA,NA,NA,Y,4,0,1,3,A,-,01,23153,A,N,D,E,A,A,H,-,A,D,0,NA,NA,NA,NA,Y,Y,A,01,0,0,1,0,0,0,0,0,0,-,-,NA,NA,LOS ANGELES,LOS ANGELES,-118.309013,33.963115
6504670,2014,2014-07-29,1928,2014-05-19,1311,368,509,1,5,5,1928,0,0,0,NA,0,502,CRENSHAW BL,NORTHROP AV,270,S,N,A,-,N,NA,NA,NA,NA,NA,NA,NA,NA,NA,Y,4,0,1,2,A,-,03,22350,NA,N,C,C,A,A,H,-,A,D,0,NA,NA,NA,NA,Y,NA,A,01,0,0,1,0,0,0,0,0,0,-,-,NA,NA,LOS ANGELES,HAWTHORNE,-118.32662,33.918954
6504673,2014,2014-07-29,1942,2014-05-16,1320,40440,123,5,5,7,1942,0,0,0,L,0,1LT73,WESTERN AV,59TH ST,36,N,N,A,-,N,NA,NA,NA,NA,NA,NA,NA,NA,NA,N,2,0,1,2,A,-,03,22350,NA,F,C,C,A,A,H,-,A,D,0,NA,NA,Y,NA,Y,NA,-,99,1,0,0,0,0,0,0,0,1,-,-,NA,NA,LOS ANGELES,LOS ANGELES,-118.308949,33.987635