CASE_ID,ACCIDENT_YEAR,PROC_DATE,JURIS,COLLISION_DATE,COLLISION_TIME,OFFICER_ID,REPORTING_DISTRICT,DAY_OF_WEEK,CHP_SHIFT,POPULATION,CNTY_CITY_LOC,SPECIAL_COND,BEAT_TYPE,CHP_BEAT_TYPE,CITY_DIVISION_LAPD,CHP_BEAT_CLASS,BEAT_NUMBER,PRIMARY_RD,SECONDARY_RD,DISTANCE,DIRECTION,INTERSECTION,WEATHER_1,WEATHER_2,STATE_HWY_IND,CALTRANS_COUNTY,CALTRANS_DISTRICT,STATE_ROUTE,ROUTE_SUFFIX,POSTMILE_PREFIX,POSTMILE,LOCATION_TYPE,RAMP_INTERSECTION,SIDE_OF_HWY,TOW_AWAY,COLLISION_SEVERITY,NUMBER_KILLED,NUMBER_INJURED,PARTY_COUNT,PRIMARY_COLL_FACTOR,PCF_CODE_OF_VIOL,PCF_VIOL_CATEGORY,PCF_VIOLATION,PCF_VIOL_SUBSECTION,HIT_AND_RUN,TYPE_OF_COLLISION,MVIW,PED_ACTION,ROAD_SURFACE,ROAD_COND_1,ROAD_COND_2,LIGHTING,CONTROL_DEVICE,CHP_ROAD_TYPE,PEDESTRIAN_ACCIDENT,BICYCLE_ACCIDENT,MOTORCYCLE_ACCIDENT,TRUCK_ACCIDENT,NOT_PRIVATE_PROPERTY,ALCOHOL_INVOLVED,STWD_VEHTYPE_AT_FAULT,CHP_VEHTYPE_AT_FAULT,COUNT_SEVERE_INJ,COUNT_VISIBLE_INJ,COUNT_COMPLAINT_PAIN,COUNT_PED_KILLED,COUNT_PED_INJURED,COUNT_BICYCLIST_KILLED,COUNT_BICYCLIST_INJURED,COUNT_MC_KILLED,COUNT_MC_INJURED,PRIMARY_RAMP,SECONDARY_RAMP,LATITUDE,LONGITUDE,COUNTY,CITY,POINT_X,POINT_Y
6513531,2014,2014-08-08,1942,2014-06-02,1515,38017,1596,1,5,7,1942,0,0,0,O,0,16T24W,VENTURA BL,VINELAND AV,50,W,N,A,-,N,NA,NA,NA,NA,NA,NA,NA,NA,NA,Y,4,0,2,2,A,-,09,21801,A,N,D,C,A,A,H,-,A,D,0,NA,NA,NA,NA,Y,NA,A,01,0,0,2,0,0,0,0,0,0,-,-,NA,NA,LOS ANGELES,LOS ANGELES,-118.37035736,34.14051159
6513534,2014,2014-08-06,1942,2014-06-06,1440,39177,0333,5,5,7,1942,0,0,0,C,0,5TL21,CRENSHAW BL,29TH ST,0,NA,Y,A,-,N,NA,NA,NA,NA,NA,NA,NA,NA,NA,Y,2,0,2,4,A,-,09,21801,A,N,A,C,F,A,H,-,A,A,0,Y,NA,NA,NA,Y,NA,A,01,1,1,0,0,2,0,0,0,0,-,-,NA,NA,LOS ANGELES,LOS ANGELES,-118.3351,34.02946
6513538,2014,2014-08-11,1942,2014-06-03,1500,40476,6397,2,5,7,1942,0,0,0,NA,0,3TL57,43RD ST,VAN BUREN PL,100,W,N,A,-,N,NA,NA,NA,NA,NA,NA,NA,NA,NA,N,4,0,2,2,A,-,-,NA,NA,F,D,C,A,A,H,-,A,D,0,NA,NA,NA,NA,Y,NA,-,99,0,0,2,0,0,0,0,0,0,-,-,NA,NA,LOS ANGELES,LOS ANGELES,-118.29730929,34.00548308
6513542,2014,2014-08-11,1942,2014-06-06,2350,32180,LOS A,5,5,7,1942,0,0,0,NA,0,3A99,STOCKER ST,DON MIGUEL AV,0,NA,Y,A,-,N,NA,NA,NA,NA,NA,NA,NA,NA,NA,Y,4,0,1,2,A,-,12,21453,A,F,D,C,A,A,H,-,C,A,0,NA,NA,NA,NA,Y,NA,-,99,0,0,1,0,0,0,0,0,0,-,-,NA,NA,LOS ANGELES,LOS ANGELES,-118.35075004,34.00488009
6513546,2014,2014-08-06,1942,2014-06-02,1710,24517,0315,1,5,7,1942,0,0,0,C,0,7TL38,CIMARRON,25TH,0,NA,Y,A,-,N,NA,NA,NA,NA,NA,NA,NA,NA,NA,N,4,0,1,3,A,-,12,22450,NA,F,D,C,-,A,H,-,A,A,0,Y,NA,NA,NA,Y,NA,-,99,0,0,1,0,1,0,0,0,0,-,-,NA,NA,LOS ANGELES,LOS ANGELES,-118.31549001,34.03384004
6513550,2014,2016-04-23,9580,2014-06-04,1920,019483,NA,3,2,7,1942,0,1,2,NA,2,102,RT 101,HAYVENHURST AV,800,S,N,A,-,Y,LA,7,101,-,-,18.32,H,-,N,Y,4,0,2,3,A,-,08,22107,NA,N,B,C,A,A,H,-,A,D,1,NA,NA,NA,NA,Y,NA,A,07,0,0,2,0,0,0,0,0,0,-,-,34.16514,-118.48723,LOS ANGELES,LOS ANGELES,-118.48723756,34.16532987
6513551,2014,2016-04-23,9535,2014-06-02,1710,14473,NA,1,2,9,1900,0,1,1,NA,2,071,RT 710,RT 60,200,N,N,A,-,Y,LA,7,710,-,-,24.67,H,-,S,Y,3,0,3,3,A,-,03,22350,NA,M,C,C,A,A,H,-,A,D,1,NA,NA,NA,NA,Y,NA,A,01,0,2,1,0,0,0,0,0,0,-,-,34.03712,-118.17355,LOS ANGELES,UNINCORPORATED,-118.17019125,34.03624534
6513553,2014,2016-04-21,9580,2014-06-07,1820,019715,NA,6,2,7,1942,0,1,2,NA,2,103,RT 101,VAN NUYS BL,800,S,N,A,-,Y,LA,7,101,-,-,15.75,H,-,S,Y,4,0,2,2,A,-,03,22350,NA,N,C,C,A,A,H,-,A,D,1,NA,NA,NA,NA,Y,NA,A,01,0,0,2,0,0,0,0,0,0,-,-,34.15625,-118.44733,LOS ANGELES,LOS ANGELES,-118.44599124,34.15570587
6513554,2014,2016-04-21,9580,2014-06-05,1930,019715,NA,4,2,7,1942,0,1,2,NA,2,103,RT 101,WOODMAN AV,100,N,N,A,-,Y,LA,7,101,-,-,14.93,H,-,S,N,4,0,8,2,A,-,03,22350,NA,N,C,C,A,A,H,-,A,D,1,NA,NA,NA,NA,Y,NA,A,01,0,0,8,0,0,0,0,0,0,-,-,34.15543,-118.43055,LOS ANGELES,LOS ANGELES,-118.43188537,34.15553203
6513557,2014,2016-02-05,9580,2014-06-08,0325,020400,NA,7,3,7,1942,0,1,1,NA,2,406,RT 405,RT 118,500,S,N,A,-,Y,LA,7,405,-,-,46.51,H,-,N,Y,2,0,1,1,A,-,01,23152,A,N,E,I,A,A,H,-,D,D,1,NA,NA,Y,NA,Y,Y,C,02,1,0,0,0,0,0,0,0,1,-,-,34.2582,-118.47215,LOS ANGELES,LOS ANGELES,-118.47210037,34.26106402
6513561,2014,2014-08-11,1928,2014-06-06,1526,342,529,5,5,5,1928,0,0,0,NA,0,502,EL SEGUNDO BL,WILKIE AV,277,E,N,A,-,N,NA,NA,NA,NA,NA,NA,NA,NA,NA,Y,2,0,1,1,A,-,03,22350,NA,N,E,I,A,A,H,-,A,D,0,NA,NA,NA,NA,Y,NA,A,01,1,0,0,0,0,0,0,0,0,-,-,NA,NA,LOS ANGELES,HAWTHORNE,-118.32207875,33.91645844
6513565,2014,2015-12-03,1900,2014-06-07,1742,504821,0522,6,5,4,1971,0,0,0,NA,0,52T1PM,RT 164,BROADWAY,204,N,N,A,-,N,NA,NA,NA,NA,NA,NA,NA,NA,NA,N,3,0,1,2,A,-,08,22107,NA,N,D,G,A,A,H,-,A,D,0,NA,Y,NA,NA,Y,NA,A,01,0,1,0,0,0,0,1,0,0,-,-,NA,NA,LOS ANGELES,TEMPLE CITY,-118.073577,34.099557
6513569,2014,2014-08-11,1900,2014-06-10,1719,524061,0523,2,5,4,1971,0,0,0,NA,0,52T1P,LAS TUNAS DR,CLOVERLY AV,16,W,N,A,-,N,NA,NA,NA,NA,NA,NA,NA,NA,NA,N,4,0,1,2,A,-,03,22350,NA,N,C,C,A,A,H,-,A,A,0,NA,NA,NA,NA,Y,NA,A,01,0,0,1,0,0,0,0,0,0,-,-,NA,NA,LOS ANGELES,TEMPLE CITY,-118.06377198,34.10628257
6513573,2014,2014-08-11,1900,2014-06-09,1830,504821,0523,1,5,4,1971,0,0,0,NA,0,52T1PM,ENCINITA AV,LIVE OAK AV,70,S,N,A,-,N,NA,NA,NA,NA,NA,NA,NA,NA,NA,Y,4,0,2,2,A,-,04,21703,NA,N,C,C,A,A,H,-,A,D,0,NA,NA,NA,NA,Y,NA,A,01,0,0,2,0,0,0,0,0,0,-,-,NA,NA,LOS ANGELES,TEMPLE CITY,-118.06793536,34.1017181
6513575,2014,2015-04-24,9535,2014-06-03,1750,016423,NA,2,2,5,1901,0,1,1,NA,2,421,RT 10,GARFIELD AV,100,E,N,A,-,Y,LA,7,10,-,-,24.03,R,1,W,N,4,0,1,2,A,-,21,22106,NA,N,C,C,A,A,H,-,A,A,1,NA,NA,NA,NA,Y,NA,A,01,0,0,1,0,0,0,0,0,0,FR,-,34.07005,-118.12338,LOS ANGELES,ALHAMBRA,-118.12231224,34.07181642
6513576,2014,2014-08-09,1916,2014-06-03,1626,2161,21,2,5,4,1916,0,0,0,NA,0,003,CITRUS AV,CYPRESS ST,0,NA,Y,A,-,N,NA,NA,NA,NA,NA,NA,NA,NA,NA,N,4,0,1,2,A,-,09,21801,A,N,D,C,A,A,H,-,A,A,0,NA,NA,NA,NA,Y,NA,A,07,0,0,1,0,0,0,0,0,0,-,-,NA,NA,LOS ANGELES,COVINA,-117.89021013,34.09576001
6513579,2014,2016-04-23,9535,2014-06-06,2323,017308,NA,5,3,5,1906,0,1,1,NA,2,650,RT 605,VALLEY BL,800,N,N,A,-,Y,LA,7,605,-,R,19.65,H,-,N,N,4,0,1,2,A,-,07,21658,A,M,B,C,A,A,H,-,C,D,1,NA,NA,NA,NA,Y,NA,A,01,0,0,1,0,0,0,0,0,0,-,-,34.05692,-118.00306,LOS ANGELES,BALDWIN PARK,-118.00235132,34.05746633
6513583,2014,2014-12-24,9580,2014-06-01,1412,019851,NA,7,2,9,1900,0,2,4,NA,1,129,KANAN DUME RD,LATIGO CANYON RD,519,N,N,A,-,N,NA,NA,NA,NA,NA,NA,NA,NA,NA,Y,3,0,1,1,A,-,08,22107,NA,N,E,I,A,A,H,-,A,D,0,NA,NA,NA,NA,Y,NA,A,01,0,1,0,0,0,0,0,0,0,-,-,34.09157,-118.81601,LOS ANGELES,UNINCORPORATED,-118.81595988,34.09135982
6513585,2014,2016-04-25,9580,2014-06-06,1620,019952,NA,5,2,7,1942,0,1,3,NA,2,116,RT 118,PORTER RANCH RD,600,E,N,A,-,Y,LA,7,118,-,R,3.75,H,-,E,N,4,0,2,3,A,-,03,22350,NA,N,C,C,A,A,H,-,A,D,1,NA,NA,NA,NA,Y,NA,A,01,0,0,2,0,0,0,0,0,0,-,-,34.27348,-118.57255,LOS ANGELES,LOS ANGELES,-118.57168421,34.27341008
6513589,2014,2016-04-23,9580,2014-06-06,1740,019611,NA,5,2,7,1942,0,1,2,NA,2,104,RT 101,VENTURA BL,5,S,N,A,-,Y,LA,7,101,-,-,25.663,R,1,N,N,4,0,1,2,A,-,21,22106,NA,N,C,C,A,A,H,-,A,A,1,NA,NA,NA,NA,Y,NA,A,01,0,0,1,0,0,0,0,0,0,-,-,34.16915,-118.61305,LOS ANGELES,LOS ANGELES,-118.61119852,34.16997274
6513593,2014,2016-04-23,9580,2014-06-07,1050,014592,NA,6,1,7,1942,0,1,2,NA,2,102,RT 101,RT 405,100,S,N,A,-,Y,LA,7,101,-,-,17.21,H,-,N,N,4,0,3,2,A,-,03,22350,NA,N,C,C,A,A,H,-,A,D,1,NA,NA,NA,NA,Y,NA,A,07,0,0,3,0,0,0,0,0,0,-,-,34.16209,-118.47083,LOS ANGELES,LOS ANGELES,-118.47011123,34.16143586
6513597,2014,2016-04-21,9580,2014-06-07,1400,019715,NA,6,2,7,1942,0,1,2,NA,2,102,RT 101,VAN NUYS BL,800,N,N,A,-,Y,LA,7,101,-,-,16.02,H,-,N,Y,4,0,1,2,A,-,03,22350,NA,N,C,C,A,A,H,-,A,D,1,NA,NA,NA,NA,Y,NA,A,07,0,0,1,0,0,0,0,0,0,-,-,34.15825,-118.45567,LOS ANGELES,LOS ANGELES,-118.45021828,34.15748277
6513629,2014,2014-08-07,1942,2014-06-02,0845,35643,0315,1,5,7,1942,0,0,0,C,0,3TL5,WESTERN AV,ADAMS BL,4,N,N,A,-,N,NA,NA,NA,NA,NA,NA,NA,NA,NA,N,3,0,1,2,A,-,03,22350,NA,N,G,B,F,A,H,-,A,A,0,Y,NA,NA,NA,Y,NA,A,01,0,1,0,0,1,0,0,0,0,-,-,NA,NA,LOS ANGELES,LOS ANGELES,-118.30898,34.03271097
6513632,2014,2014-08-01,1942,2014-05-29,1400,33599,1268,4,5,7,1942,0,0,0,L,0,12TL51,BROADWAY,MANCHESTER,25,N,N,A,-,N,NA,NA,NA,NA,NA,NA,NA,NA,NA,Y,4,0,1,2,A,-,03,22350,NA,N,C,C,A,A,H,-,A,D,0,NA,NA,NA,NA,Y,NA,A,08,0,0,1,0,0,0,0,0,0,-,-,NA,NA,LOS ANGELES,LOS ANGELES,-118.2782814,33.96014855
6513640,2014,2014-08-06,1942,2014-06-15,2100,36607,1881,7,5,7,1942,0,0,0,R,0,3T5,ORCHARD AV,GARDENA BL,0,NA,Y,A,-,N,NA,NA,NA,NA,NA,NA,NA,NA,NA,Y,4,0,1,2,A,-,09,21802,A,N,D,C,A,A,H,-,C,A,0,NA,NA,NA,NA,Y,NA,D,22,0,0,1,0,0,0,0,0,0,-,-,NA,NA,LOS ANGELES,LOS ANGELES,-118.28807,33.8816901
6513642,2014,2015-03-12,1942,2014-06-06,0250,36571,0397,5,5,7,1942,0,0,0,C,0,12T41,MARTIN LUTHER KING JR BL,NORMANDIE,30,E,N,A,-,N,NA,NA,NA,NA,NA,NA,NA,NA,NA,N,3,0,1,2,A,-,11,21955,NA,F,G,B,D,A,H,-,C,A,0,Y,NA,NA,NA,Y,NA,N,60,0,1,0,0,1,0,0,0,0,-,-,NA,NA,LOS ANGELES,LOS ANGELES,-118.3000812,34.01087
6513644,2014,2014-07-31,1942,2014-05-31,1020,38503,1273,6,5,7,1942,0,0,0,L,0,5T21,MANCHESTER AV,WESTERN AV,0,NA,Y,A,-,N,NA,NA,NA,NA,NA,NA,NA,NA,NA,Y,3,0,1,2,A,-,09,21801,A,N,A,C,A,A,H,-,A,A,0,NA,NA,Y,NA,Y,NA,A,01,0,1,0,0,0,0,0,0,1,-,-,NA,NA,LOS ANGELES,LOS ANGELES,-118.30901005,33.95997012
6513646,2014,2016-03-03,1942,2014-06-02,1830,38694,0356,1,5,7,1942,0,0,0,C,0,12T41,WESTERN AV,S 35TH PL,91,S,N,A,-,N,NA,NA,NA,NA,NA,NA,NA,NA,NA,N,2,0,1,2,A,-,11,21954,A,N,G,B,D,A,H,-,A,D,0,Y,NA,NA,NA,Y,NA,N,60,1,0,0,0,1,0,0,0,0,-,-,NA,NA,LOS ANGELES,LOS ANGELES,-118.3089,34.02348042
6513648,2014,2014-07-31,1942,2014-05-28,0740,38707,1265,3,5,7,1942,0,0,0,L,0,12T41,84TH PL,DENKER AV,0,NA,Y,A,-,N,NA,NA,NA,NA,NA,NA,NA,NA,NA,NA,3,0,4,2,A,-,09,21802,A,N,D,C,A,A,H,-,A,A,0,NA,NA,NA,NA,Y,NA,A,01,0,2,2,0,0,0,0,0,0,-,-,NA,NA,LOS ANGELES,LOS ANGELES,-118.30466002,33.96181002
6513650,2014,2014-08-07,1942,2014-06-02,0130,35023,0583,1,5,7,1942,0,0,0,E,0,5A85,WESTERN AV,25TH ST,400,N,N,A,-,N,NA,NA,NA,NA,NA,NA,NA,NA,NA,N,2,0,1,1,A,-,03,22350,NA,N,E,I,A,A,H,-,C,D,0,NA,NA,NA,NA,Y,Y,A,01,1,0,0,0,0,0,0,0,0,-,-,NA,NA,LOS ANGELES,LOS ANGELES,-118.311969,33.723753
6513652,2014,2014-07-31,1942,2014-05-28,1440,39177,1243,3,5,7,1942,0,0,0,L,0,12T41,GAGE AV,WESTERN AV,102,E,N,A,-,N,NA,NA,NA,NA,NA,NA,NA,NA,NA,Y,4,0,1,2,A,-,21,22106,NA,N,B,C,A,A,H,-,A,D,0,NA,NA,NA,NA,Y,NA,A,07,0,0,1,0,0,0,0,0,0,-,-,NA,NA,LOS ANGELES,LOS ANGELES,-118.30863419,33.98236
6513654,2014,2014-08-07,1942,2014-06-07,0225,40159,0399,6,5,7,1942,0,0,0,C,0,3A15,VERNON,FLOWER,0,NA,Y,A,-,N,NA,NA,NA,NA,NA,NA,NA,NA,NA,Y,4,0,2,2,A,-,12,21453,A,F,D,C,A,A,H,-,C,A,0,NA,NA,NA,NA,Y,NA,A,07,0,0,2,0,0,0,0,0,0,-,-,NA,NA,LOS ANGELES,LOS ANGELES,-118.28157012,34.00376002
6513656,2014,2014-07-31,1942,2014-05-28,1715,40476,1243,3,5,7,1942,0,0,0,L,0,12T73,WESTERN AV,70TH ST,100,S,N,A,-,N,NA,NA,NA,NA,NA,NA,NA,NA,NA,N,4,0,1,2,A,-,03,22350,NA,F,C,C,A,A,H,-,A,D,0,NA,NA,NA,NA,Y,NA,-,99,0,0,1,0,0,0,0,0,0,-,-,NA,NA,LOS ANGELES,LOS ANGELES,-118.308978,33.975881
6513660,2014,2014-07-31,1942,2014-05-29,0110,35936,1253,4,5,7,1942,0,0,0,L,0,18T23,FLORENCE AV,WESTERN AV,0,NA,Y,A,-,N,NA,NA,NA,NA,NA,NA,NA,NA,NA,N,4,0,1,3,A,-,12,21453,A,N,D,C,A,A,H,-,C,A,0,NA,NA,NA,NA,Y,NA,A,01,0,0,1,0,0,0,0,0,0,-,-,NA,NA,LOS ANGELES,LOS ANGELES,-118.30898006,33.97457001
6513672,2014,2014-07-31,1942,2014-05-29,1215,38503,1265,4,5,7,1942,0,0,0,L,0,5T21,MANCHESTER AV,VERMONT AV,0,NA,Y,A,-,N,NA,NA,NA,NA,NA,NA,NA,NA,NA,Y,4,0,1,2,A,-,09,21801,A,N,A,C,A,A,H,-,A,A,0,NA,NA,NA,NA,Y,NA,A,01,0,0,1,0,0,0,0,0,0,-,-,NA,NA,LOS ANGELES,LOS ANGELES,-118.29177,33.96002003
6513676,2014,2014-07-31,1942,2014-05-29,1655,40440,1213,4,5,7,1942,0,0,0,L,0,3T57,WESTERN AV,SLAUSON AV,0,NA,Y,A,-,N,NA,NA,NA,NA,NA,NA,NA,NA,NA,Y,4,0,1,2,A,-,09,21801,A,N,D,C,A,A,H,-,A,A,0,NA,NA,NA,NA,Y,NA,A,01,0,0,1,0,0,0,0,0,0,-,-,NA,NA,LOS ANGELES,LOS ANGELES,-118.30895002,33.98915001
6513680,2014,2014-07-31,1942,2014-05-30,2040,36607,1232,5,5,7,1942,0,0,0,L,0,3T5,SLAUSON AV,CRENSHAW BL,120,E,N,A,-,N,NA,NA,NA,NA,NA,NA,NA,NA,NA,N,4,0,2,2,A,-,03,22350,NA,F,C,C,A,A,H,-,A,D,0,NA,NA,NA,NA,Y,NA,-,99,0,0,2,0,0,0,0,0,0,-,-,NA,NA,LOS ANGELES,LOS ANGELES,-118.33051489,33.98901
6513683,2014,2014-08-09,1942,2014-06-08,1210,36399,1266,7,5,7,1942,0,0,0,L,0,3TL5,MANCHESTER BL,FIGUEROA ST,300,E,N,A,-,N,NA,NA,NA,NA,NA,NA,NA,NA,NA,Y,4,0,2,2,A,-,03,22350,NA,N,C,C,A,A,H,-,A,D,0,NA,NA,NA,NA,Y,NA,A,01,0,0,2,0,0,0,0,0,0,-,-,NA,NA,LOS ANGELES,LOS ANGELES,-118.28174284,33.96007637
6513684,2014,2014-08-09,1942,2014-06-02,1540,39317,1267,1,5,7,1942,0,0,0,L,0,18TL23,MANCHESTER AV,FIGUEROA ST,122,E,N,A,-,N,NA,NA,NA,NA,NA,NA,NA,NA,NA,N,2,0,1,2,A,-,09,21804,A,N,D,-,A,A,H,-,A,A,0,NA,Y,NA,NA,Y,NA,-,99,1,0,0,0,0,0,1,0,0,-,-,NA,NA,LOS ANGELES,LOS ANGELES,-118.28232851,33.96006515
6513687,2014,2014-08-09,1942,2014-06-08,1815,40059,1273,7,5,7,1942,0,0,0,L,0,2TL57,MANCHESTER AV,WESTERN AV,0,NA,Y,A,-,N,NA,NA,NA,NA,NA,NA,NA,NA,NA,N,4,0,1,2,A,-,12,21453,A,F,D,C,A,A,H,-,A,A,0,NA,NA,NA,NA,Y,NA,-,99,0,0,1,0,0,0,0,0,0,-,-,NA,NA,LOS ANGELES,LOS ANGELES,-118.30901005,33.95997012
6513688,2014,2014-08-09,1942,2014-06-13,1645,38688,1213,5,5,7,1942,0,0,0,L,0,3T57,WESTERN AV,52ND ST,10,N,N,A,-,N,NA,NA,NA,NA,NA,NA,NA,NA,NA,N,3,0,1,2,A,-,10,21950,A,F,D,G,A,A,H,-,A,A,0,NA,Y,NA,NA,Y,NA,-,99,0,1,0,0,0,0,1,0,0,-,-,NA,NA,LOS ANGELES,LOS ANGELES,-118.308941,33.995079
6513689,2014,2016-04-25,9580,2014-06-05,1625,019611,NA,4,2,7,1942,0,1,3,NA,2,116,RT 118,BALBOA BL,5,W,N,A,-,Y,LA,7,118,-,R,7.579,R,1,E,N,3,0,1,2,A,-,12,21453,A,N,H,G,A,A,H,-,A,A,1,NA,Y,NA,NA,Y,NA,L,04,0,1,0,0,0,0,1,0,0,TO,-,34.27705,-118.50231,LOS ANGELES,LOS ANGELES,-118.50604176,34.277905
6513693,2014,2016-04-19,9580,2014-06-07,1500,019952,NA,6,2,7,1942,0,1,2,NA,2,107,RT 101,MULHOLLAND DR,1320,N,N,A,-,Y,LA,7,101,-,-,27.59,H,-,S,Y,4,0,1,3,A,-,03,22350,NA,N,C,C,A,A,H,-,A,D,1,NA,NA,NA,NA,Y,NA,A,01,0,0,1,0,0,0,0,0,0,-,-,34.15754,-118.64243,LOS ANGELES,LOS ANGELES,-118.64127587,34.15793232
6513694,2014,2014-08-11,1900,2014-06-15,2145,315194,2830,7,5,5,1915,0,0,0,NA,0,283T1,CENTRAL AV,159TH ST,0,NA,Y,A,-,N,NA,NA,NA,NA,NA,NA,NA,NA,NA,Y,4,0,1,2,A,-,09,21804,A,N,D,C,A,A,H,-,C,D,0,NA,NA,NA,NA,Y,NA,A,07,0,0,1,0,0,0,0,0,0,-,-,NA,NA,LOS ANGELES,COMPTON,-118.25034,33.88947008
6513697,2014,2016-04-20,9580,2014-06-11,1615,019483,NA,3,2,7,1942,0,1,1,NA,2,404,RT 405,MULHOLLAND DR,1100,N,N,A,-,Y,LA,7,405,-,-,37.59,H,-,S,N,3,0,2,2,A,-,03,22350,NA,N,C,C,A,A,H,-,A,D,1,NA,NA,Y,NA,Y,NA,C,02,0,1,1,0,0,0,0,0,2,-,-,34.12923,-118.47395,LOS ANGELES,LOS ANGELES,-118.4726076,34.13391409
6513698,2014,2014-08-11,1900,2014-06-13,0152,522452,2812,5,5,5,1915,0,0,0,NA,0,281T1,ROSECRANS AV,DWIGHT AV,0,NA,Y,A,-,N,NA,NA,NA,NA,NA,NA,NA,NA,NA,Y,4,0,1,1,C,-,18,NA,NA,N,E,I,A,A,H,-,C,D,0,NA,NA,NA,NA,Y,NA,-,-,0,0,1,0,0,0,0,0,0,-,-,NA,NA,LOS ANGELES,COMPTON,-118.24249008,33.90335002
6513701,2014,2016-04-22,9580,2014-06-12,0305,017371,NA,4,3,3,1989,0,1,2,NA,2,107,RT 101,PARKWAY CALABASAS,144,N,N,A,-,Y,LA,7,101,-,-,28.32,H,-,S,Y,2,0,1,1,A,-,01,23152,E,N,E,I,A,A,H,-,C,D,1,NA,NA,NA,NA,Y,NA,A,01,1,0,0,0,0,0,0,0,0,-,-,34.15293,-118.65269,LOS ANGELES,CALABASAS,-118.6525761,34.1530902
6513702,2014,2014-08-11,1900,2014-06-15,1122,526912,2824,7,5,5,1915,0,0,0,NA,0,282T1,CHESTER AV,ELM ST,0,NA,Y,A,-,N,NA,NA,NA,NA,NA,NA,NA,NA,NA,N,4,0,1,2,A,-,09,21800,A,N,D,C,A,A,H,-,A,D,0,NA,NA,NA,NA,Y,NA,A,01,0,0,1,0,0,0,0,0,0,-,-,NA,NA,LOS ANGELES,COMPTON,-118.2151501,33.90074001
6513706,2014,2014-08-12,1900,2014-06-15,0045,524006,2825,7,5,5,1915,0,0,0,NA,0,281T1,ROSECRANS AV,THORSON AV,0,NA,Y,A,-,N,NA,NA,NA,NA,NA,NA,NA,NA,NA,N,4,0,2,2,A,-,09,21801,A,N,D,C,A,A,H,-,C,D,0,NA,NA,NA,NA,Y,NA,-,-,0,0,2,0,0,0,0,0,0,-,-,NA,NA,LOS ANGELES,COMPTON,-118.20031004,33.90359009
6513711,2014,2014-08-09,1942,2014-06-06,1615,40476,1273,5,5,7,1942,0,0,0,L,0,3T57,MANCHESTER BL,WESTERN AV,3000,W,N,A,-,N,NA,NA,NA,NA,NA,NA,NA,NA,NA,N,3,0,1,1,C,-,18,NA,NA,N,A,I,A,A,H,-,A,A,0,NA,NA,NA,NA,Y,NA,-,-,0,1,0,0,0,0,0,0,0,-,-,NA,NA,LOS ANGELES,LOS ANGELES,-118.31776,33.95997
6513712,2014,2014-08-09,1942,2014-06-07,0010,36738,1804,6,5,7,1942,0,0,0,R,0,12T41,MANCHESTER,MCKINLEY AV,200,E,N,B,-,N,NA,NA,NA,NA,NA,NA,NA,NA,NA,N,3,0,1,2,A,-,11,21955,NA,N,G,B,D,A,H,-,C,D,0,Y,NA,NA,NA,Y,NA,N,60,0,1,0,0,1,0,0,0,0,-,-,NA,NA,LOS ANGELES,LOS ANGELES,-118.26015179,33.96014602
6513715,2014,2014-08-12,1942,2014-06-06,2200,40971,1293,5,5,7,1942,0,0,0,L,0,12T41,CENTURY BL,GRAMERCY PL,60,W,N,A,-,N,NA,NA,NA,NA,NA,NA,NA,NA,NA,Y,4,0,1,3,A,-,03,22350,NA,N,C,C,A,A,H,-,C,A,0,NA,NA,NA,NA,Y,NA,A,01,0,0,1,0,0,0,0,0,0,-,-,NA,NA,LOS ANGELES,LOS ANGELES,-118.31358745,33.94546
6513716,2014,2014-08-09,1942,2014-06-08,2140,26738,1801,7,5,7,1942,0,0,0,R,0,5TL21,MANCHESTER AV,HOOVER ST,0,NA,Y,B,-,N,NA,NA,NA,NA,NA,NA,NA,NA,NA,Y,3,0,5,2,A,-,09,21801,A,N,D,C,A,A,H,-,C,D,0,NA,NA,NA,NA,Y,NA,A,01,0,1,4,0,0,0,0,0,0,-,-,NA,NA,LOS ANGELES,LOS ANGELES,-118.28706011,33.96005007
6513717,2014,2016-04-23,9580,2014-06-15,1435,019715,NA,7,2,7,1942,0,1,2,NA,2,103,RT 101,BALBOA AV,528,S,N,A,-,Y,LA,7,101,-,-,19.12,H,-,S,Y,4,0,1,3,A,-,03,22350,NA,N,C,C,A,A,H,-,A,D,1,NA,NA,NA,NA,Y,NA,A,01,0,0,1,0,0,0,0,0,0,-,-,34.16686,-118.49552,LOS ANGELES,LOS ANGELES,-118.49965989,34.16959048
6513719,2014,2014-08-12,1942,2014-06-07,2050,35936,1203,6,5,7,1942,0,0,0,L,0,18T23,VERNON AV,WESTERN AV,9,W,N,A,-,N,NA,NA,NA,NA,NA,NA,NA,NA,NA,N,4,0,1,2,A,-,11,21106,B,N,G,B,B,A,H,-,C,A,0,Y,NA,NA,NA,Y,NA,N,60,0,0,1,0,1,0,0,0,0,-,-,NA,NA,LOS ANGELES,LOS ANGELES,-118.30895964,34.00372
6513720,2014,2014-08-09,1942,2014-06-16,1540,36738,1822,1,5,7,1942,0,0,0,R,0,18T39,CENTURY BL,FIGUEROA ST,250,E,N,A,-,N,NA,NA,NA,NA,NA,NA,NA,NA,NA,N,4,0,1,2,A,-,03,22350,NA,N,C,C,A,A,H,-,A,D,0,NA,NA,NA,NA,Y,NA,-,NA,0,0,1,0,0,0,0,0,0,-,-,NA,NA,LOS ANGELES,LOS ANGELES,-118.28182732,33.94554