CASE_ID,ACCIDENT_YEAR,PROC_DATE,JURIS,COLLISION_DATE,COLLISION_TIME,OFFICER_ID,REPORTING_DISTRICT,DAY_OF_WEEK,CHP_SHIFT,POPULATION,CNTY_CITY_LOC,SPECIAL_COND,BEAT_TYPE,CHP_BEAT_TYPE,CITY_DIVISION_LAPD,CHP_BEAT_CLASS,BEAT_NUMBER,PRIMARY_RD,SECONDARY_RD,DISTANCE,DIRECTION,INTERSECTION,WEATHER_1,WEATHER_2,STATE_HWY_IND,CALTRANS_COUNTY,CALTRANS_DISTRICT,STATE_ROUTE,ROUTE_SUFFIX,POSTMILE_PREFIX,POSTMILE,LOCATION_TYPE,RAMP_INTERSECTION,SIDE_OF_HWY,TOW_AWAY,COLLISION_SEVERITY,NUMBER_KILLED,NUMBER_INJURED,PARTY_COUNT,PRIMARY_COLL_FACTOR,PCF_CODE_OF_VIOL,PCF_VIOL_CATEGORY,PCF_VIOLATION,PCF_VIOL_SUBSECTION,HIT_AND_RUN,TYPE_OF_COLLISION,MVIW,PED_ACTION,ROAD_SURFACE,ROAD_COND_1,ROAD_COND_2,LIGHTING,CONTROL_DEVICE,CHP_ROAD_TYPE,PEDESTRIAN_ACCIDENT,BICYCLE_ACCIDENT,MOTORCYCLE_ACCIDENT,TRUCK_ACCIDENT,NOT_PRIVATE_PROPERTY,ALCOHOL_INVOLVED,STWD_VEHTYPE_AT_FAULT,CHP_VEHTYPE_AT_FAULT,COUNT_SEVERE_INJ,COUNT_VISIBLE_INJ,COUNT_COMPLAINT_PAIN,COUNT_PED_KILLED,COUNT_PED_INJURED,COUNT_BICYCLIST_KILLED,COUNT_BICYCLIST_INJURED,COUNT_MC_KILLED,COUNT_MC_INJURED,PRIMARY_RAMP,SECONDARY_RAMP,LATITUDE,LONGITUDE,COUNTY,CITY,POINT_X,POINT_Y
6513724,2014,2014-08-09,1942,2014-06-15,1540,39291,1801,7,5,7,1942,0,0,0,R,0,12TL73,90TH ST,FIGUEROA ST,575,W,N,A,-,N,NA,NA,NA,NA,NA,NA,NA,NA,NA,N,3,0,1,2,A,-,03,22350,NA,F,A,G,A,A,H,-,A,D,0,NA,Y,NA,NA,Y,NA,-,99,0,1,0,0,0,0,1,0,0,-,-,NA,NA,LOS ANGELES,LOS ANGELES,-118.28461239,33.95508
6513725,2014,2016-04-19,9580,2014-06-05,1340,018862,NA,4,1,7,1942,0,1,2,NA,2,102,RT 101,VAN NUYS BL,10,N,N,A,-,Y,LA,7,101,-,-,16.06,R,3,N,N,4,0,1,2,A,-,08,22107,NA,N,B,C,A,A,H,-,A,A,1,NA,NA,NA,NA,Y,NA,A,01,0,0,1,0,0,0,0,0,0,FR,-,34.15736,-118.44876,LOS ANGELES,LOS ANGELES,-118.45091234,34.15758689
6513727,2014,2014-08-09,1942,2014-06-01,1230,35393,1273,7,5,7,1942,0,0,0,L,0,12T41,MANCHESTER AV,SAINT ANDREWS PL,0,NA,Y,A,-,N,NA,NA,NA,NA,NA,NA,NA,NA,NA,N,4,0,3,2,A,-,09,21801,A,N,D,C,A,A,H,-,A,D,0,NA,NA,NA,NA,Y,NA,A,07,0,0,3,0,0,0,0,0,0,-,-,NA,NA,LOS ANGELES,LOS ANGELES,-118.31120007,33.95996009
6513728,2014,2014-08-09,1942,2014-06-15,1910,38694,1831,7,5,7,1942,0,0,0,R,0,3T5,VERMONT AV,112TH ST,0,NA,Y,A,-,N,NA,NA,NA,NA,NA,NA,NA,NA,NA,N,3,0,1,2,A,-,08,22107,NA,N,D,C,A,A,H,-,A,D,0,NA,NA,NA,NA,Y,NA,A,01,0,1,0,0,0,0,0,0,0,-,-,NA,NA,LOS ANGELES,LOS ANGELES,-118.29159,33.93284
6513729,2014,2014-08-12,9580,2014-06-08,1240,016436,NA,7,1,9,1900,0,2,4,NA,1,131,MULHOLLAND HWY,SEMINOLE DR,528,W,N,A,-,N,NA,NA,NA,NA,NA,NA,NA,NA,NA,Y,3,0,1,1,A,-,01,23152,A,N,F,A,A,A,H,-,A,A,0,NA,NA,Y,NA,Y,Y,C,02,0,1,0,0,0,0,0,0,1,-,-,34.10603,-118.79458,LOS ANGELES,UNINCORPORATED,-118.79351058,34.10622435
6513731,2014,2014-08-09,1942,2014-06-02,1730,40059,1273,1,5,7,1942,0,0,0,L,0,3TL57,HARVARD BL,89TH ST,320,S,N,A,-,N,NA,NA,NA,NA,NA,NA,NA,NA,NA,Y,4,0,1,2,A,-,21,22106,NA,N,B,C,A,A,H,-,A,D,0,NA,NA,NA,NA,Y,NA,A,01,0,0,1,0,0,0,0,0,0,-,-,NA,NA,LOS ANGELES,LOS ANGELES,-118.30684696,33.95545244
6513732,2014,2014-08-09,1942,2014-06-16,1405,39436,1844,1,5,7,1942,0,0,0,R,0,5TL25,AVALON BL,111TH PL,0,NA,Y,A,-,N,NA,NA,NA,NA,NA,NA,NA,NA,NA,Y,3,0,2,2,A,-,09,21801,A,N,D,C,A,A,H,-,A,A,0,NA,NA,NA,NA,Y,NA,A,07,0,2,0,0,0,0,0,0,0,-,-,NA,NA,LOS ANGELES,LOS ANGELES,-118.26519011,33.9339201
6513733,2014,2016-04-21,9580,2014-06-14,1550,019715,NA,6,2,7,1942,0,1,2,NA,2,102,RT 101,WOODMAN AV,300,N,N,A,-,Y,LA,7,101,-,-,14.97,H,-,N,Y,4,0,1,3,A,-,03,22350,NA,N,C,C,A,A,H,-,A,D,1,NA,NA,NA,NA,Y,NA,A,07,0,0,1,0,0,0,0,0,0,-,-,34.15541,-118.43122,LOS ANGELES,LOS ANGELES,-118.43259409,34.15573048
6513735,2014,2014-08-09,1942,2014-06-02,1510,40059,1239,1,5,7,1942,0,0,0,L,0,3TL57,HOOVER ST,58TH ST,0,NA,Y,A,-,N,NA,NA,NA,NA,NA,NA,NA,NA,NA,N,3,0,1,2,A,-,09,21804,A,N,D,G,A,A,H,-,A,D,0,NA,Y,NA,NA,Y,NA,L,04,0,1,0,0,0,0,1,0,0,-,-,NA,NA,LOS ANGELES,LOS ANGELES,-118.28714012,33.98968001
6513736,2014,2014-08-09,1942,2014-06-01,0155,38531,1268,7,5,7,1942,0,0,0,L,0,3T5,MAIN,85TH PL,2,S,N,A,-,N,NA,NA,NA,NA,NA,NA,NA,NA,NA,N,2,0,1,2,A,-,11,21954,A,F,G,B,D,A,H,-,C,B,0,Y,NA,NA,NA,Y,Y,N,60,1,0,0,0,1,0,0,0,0,-,-,NA,NA,LOS ANGELES,LOS ANGELES,-118.27388,33.96080451
6513737,2014,2016-04-23,9580,2014-06-16,1405,019715,NA,1,2,7,1942,0,1,2,NA,2,102,RT 101,HASKELL AV,800,N,N,A,-,Y,LA,7,101,-,-,17.66,H,-,N,N,4,0,1,2,A,-,03,22350,NA,N,C,C,A,A,H,-,A,D,1,NA,NA,NA,NA,Y,NA,A,01,0,0,1,0,0,0,0,0,0,-,-,34.16561,-118.47721,LOS ANGELES,LOS ANGELES,-118.47599474,34.16541048
6513739,2014,2014-08-09,1942,2014-06-05,0125,37123,1251,4,5,7,1942,0,0,0,L,0,12A73,CRENSHAW BL,76TH ST,16,S,N,A,-,N,NA,NA,NA,NA,NA,NA,NA,NA,NA,Y,4,0,1,1,A,-,-,NA,NA,N,E,I,A,A,H,-,C,A,0,NA,NA,NA,NA,Y,NA,-,-,0,0,1,0,0,0,0,0,0,-,-,NA,NA,LOS ANGELES,LOS ANGELES,-118.330868,33.970838
6513740,2014,2014-08-09,1942,2014-06-15,1600,36738,1207,7,5,7,1942,0,0,0,L,0,18T39,VERMONT AV,50TH ST,100,N,N,A,-,N,NA,NA,NA,NA,NA,NA,NA,NA,NA,Y,3,0,1,4,A,-,01,23152,A,N,B,E,A,A,H,-,A,D,0,NA,NA,NA,NA,Y,Y,-,NA,0,1,0,0,0,0,0,0,0,-,-,NA,NA,LOS ANGELES,LOS ANGELES,-118.291538,33.998074
6513741,2014,2016-04-25,9580,2014-06-16,1815,17400,NA,1,2,7,1942,0,1,3,NA,2,116,RT 118,ZELZAH AV,100,W,N,A,-,Y,LA,7,118,-,R,6.56,H,-,E,Y,4,0,1,1,A,-,08,22107,NA,N,E,I,A,A,H,-,A,D,1,NA,NA,NA,NA,Y,NA,A,01,0,0,1,0,0,0,0,0,0,-,-,34.27807,-118.52391,LOS ANGELES,LOS ANGELES,-118.5238169,34.27816515
6513743,2014,2014-08-09,1942,2014-06-04,2015,36607,1273,3,5,7,1942,0,0,0,L,0,5T21,89TH ST,WESTERN AV,0,NA,Y,A,-,N,NA,NA,NA,NA,NA,NA,NA,NA,NA,NA,3,0,4,2,A,-,09,21801,A,N,D,C,A,A,H,-,C,A,0,NA,NA,NA,NA,Y,NA,A,01,0,1,3,0,0,0,0,0,0,-,-,NA,NA,LOS ANGELES,LOS ANGELES,-118.30902,33.95633006
6513744,2014,2014-08-09,1942,2014-06-16,1410,40440,1267,1,5,7,1942,0,0,0,L,0,18T39,FIGUEROA ST,MANCHESTER AV,100,N,N,A,-,N,NA,NA,NA,NA,NA,NA,NA,NA,NA,N,4,0,1,2,A,-,08,22102,NA,N,B,C,A,A,H,-,A,A,0,NA,NA,NA,NA,Y,NA,A,01,0,0,1,0,0,0,0,0,0,-,-,NA,NA,LOS ANGELES,LOS ANGELES,-118.28273,33.96033426
6513745,2014,2016-04-16,9580,2014-06-16,2210,020119,NA,1,3,7,1942,0,1,3,NA,2,170,RT 170,OXNARD ST,200,S,N,A,-,Y,LA,7,170,-,R,16.59,H,-,N,Y,3,0,1,1,A,-,08,22107,NA,N,E,I,A,A,H,-,C,D,1,NA,NA,NA,NA,Y,NA,A,01,0,1,0,0,0,0,0,0,0,-,-,34.17811,-118.38435,LOS ANGELES,LOS ANGELES,-118.39483138,34.17897421
6513748,2014,2016-04-21,1942,2014-06-01,0920,39028,1849,7,5,7,1942,0,0,0,R,0,12T41,IMPERIAL HWY,CROESUS AV,0,NA,Y,A,-,Y,LA,7,105,-,R,9.954,R,4,W,Y,4,0,1,2,A,-,17,21451,A,N,D,C,A,A,H,-,A,B,0,NA,NA,Y,NA,Y,NA,C,02,0,0,1,0,0,0,0,0,1,-,-,NA,NA,LOS ANGELES,LOS ANGELES,-118.23622921,33.92832626
6513749,2014,2014-08-12,1900,2014-06-13,1640,516686,2832,5,5,5,1915,0,0,0,NA,0,2820,COMPTON BL,DWIGHT AV,0,NA,Y,A,-,N,NA,NA,NA,NA,NA,NA,NA,NA,NA,N,3,0,1,2,A,-,10,21950,A,N,G,B,B,A,H,-,A,A,0,Y,NA,NA,NA,Y,NA,A,01,0,1,0,0,1,0,0,0,0,-,-,NA,NA,LOS ANGELES,COMPTON,-118.24196002,33.89587009
6513752,2014,2015-09-28,1942,2014-06-03,0330,40705,1824,2,5,7,1942,0,0,0,R,0,12T41,CENTRAL AV,95TH ST,6,N,N,A,-,N,NA,NA,NA,NA,NA,NA,NA,NA,NA,Y,2,0,2,1,A,-,03,22350,NA,N,E,I,A,A,H,-,C,A,0,NA,NA,NA,NA,Y,NA,A,01,1,1,0,0,0,0,0,0,0,-,-,NA,NA,LOS ANGELES,LOS ANGELES,-118.2541683,33.95034493
6513753,2014,2014-08-12,1900,2014-06-05,1505,524839,2822,4,5,5,1915,0,0,0,NA,0,284B,PALMER ST,SPRING AV,40,E,N,A,-,N,NA,NA,NA,NA,NA,NA,NA,NA,NA,N,4,0,1,2,A,-,21,22106,NA,N,D,C,A,A,H,-,A,D,0,NA,NA,NA,NA,Y,NA,A,01,0,0,1,0,0,0,0,0,0,-,-,NA,NA,LOS ANGELES,COMPTON,-118.21798846,33.89832868
6513756,2014,2015-09-25,1942,2014-06-04,1440,38707,1842,3,5,7,1942,0,0,0,R,0,18TL23,IMPERIAL HWY,MAIN ST,0,NA,Y,A,-,N,NA,NA,NA,NA,NA,NA,NA,NA,NA,Y,3,0,3,2,A,-,09,21801,A,N,D,C,A,-,H,-,A,A,0,NA,NA,NA,NA,Y,NA,A,01,0,3,0,0,0,0,0,0,0,-,-,NA,NA,LOS ANGELES,LOS ANGELES,-118.41597012,33.93146001
6513760,2014,2014-08-09,1942,2014-06-05,1930,39291,1834,4,5,7,1942,0,0,0,R,0,12T73,108TH ST,MCKINLEY AV,0,E,N,A,-,N,NA,NA,NA,NA,NA,NA,NA,NA,NA,N,4,0,1,2,A,-,12,21453,A,F,C,C,A,A,H,-,A,A,0,NA,NA,NA,NA,Y,NA,-,99,0,0,1,0,0,0,0,0,0,-,-,NA,NA,LOS ANGELES,LOS ANGELES,-118.26086007,33.93828002
6513762,2014,2016-02-04,1900,2014-02-07,0730,257417,1335,5,5,5,1908,0,0,0,NA,0,133T1,LAKEWOOD BL,ROSE ST,0,NA,Y,A,-,Y,LA,7,19,-,-,5.529,I,5,S,Y,4,0,1,3,A,-,09,21801,NA,N,D,C,A,A,H,-,A,D,0,NA,NA,NA,NA,Y,NA,A,NA,0,0,1,0,0,0,0,0,0,-,-,NA,NA,LOS ANGELES,BELLFLOWER,-118.14265008,33.86956174
6513766,2014,2014-06-26,1900,2014-02-08,1413,522015,1322,6,5,5,1935,0,0,0,NA,0,132B,CLARK AV,HEDDA ST,10,S,N,A,-,N,NA,NA,NA,NA,NA,NA,NA,NA,NA,N,4,0,1,2,A,-,10,21950,A,N,G,B,B,A,H,-,A,A,0,Y,NA,NA,NA,Y,NA,A,NA,0,0,1,0,1,0,0,0,0,-,-,NA,NA,LOS ANGELES,LAKEWOOD,-118.13380979,33.86412258
6513802,2014,2014-06-26,1942,2014-02-23,0445,37839,1456,7,5,7,1942,0,0,0,N,0,14A73,CULVER BL,CENTINELA AV,10,E,N,E,-,N,NA,NA,NA,NA,NA,NA,NA,NA,NA,Y,3,0,1,2,A,-,03,22350,NA,F,C,C,A,A,H,-,C,A,0,NA,NA,NA,NA,Y,NA,-,99,0,1,0,0,0,0,0,0,0,-,-,NA,NA,LOS ANGELES,LOS ANGELES,-118.42119137,33.99127262
6513813,2014,2015-11-02,1942,2014-02-16,2040,37966,0648,7,5,7,1942,0,0,0,F,0,6TL4,SUNSET BL,WILTON PL,0,NA,Y,A,-,Y,LA,7,101,-,-,6.259,R,4,N,N,4,0,1,2,A,-,12,21453,A,F,D,C,A,A,H,-,C,A,0,NA,NA,NA,NA,Y,NA,-,99,0,0,1,0,0,0,0,0,0,-,-,NA,NA,LOS ANGELES,LOS ANGELES,-118.3144978,34.09825804
6513842,2014,2014-07-25,1918,2014-04-29,0850,701,NA,2,5,4,1918,0,0,0,NA,0,2M5,WASHINGTON BL,NATIONAL BL,151,E,N,A,-,N,NA,NA,NA,NA,NA,NA,NA,NA,NA,N,4,0,1,2,A,-,05,21650,1,N,D,G,A,A,H,-,A,D,0,NA,Y,NA,NA,Y,NA,L,04,0,0,1,0,0,0,1,0,0,-,-,34.02856,-118.38615,LOS ANGELES,CULVER CITY,-118.38613061,34.02841689
6513845,2014,2014-07-25,1912,2014-04-15,1739,9463,NA,2,5,6,1912,0,0,0,NA,0,NA,EMPIRE AV,VALPREDA ST,0,NA,Y,A,-,N,NA,NA,NA,NA,NA,NA,NA,NA,NA,N,3,0,1,3,A,-,10,21950,A,N,G,B,B,A,H,-,A,A,0,Y,NA,NA,NA,Y,NA,A,01,0,1,0,0,1,0,0,0,0,-,-,NA,NA,LOS ANGELES,BURBANK,-118.33303012,34.19178006
6513846,2014,2014-07-25,1918,2014-04-30,1702,799,300,3,5,4,1918,0,0,0,NA,0,2M9,OVERLAND AV,FLAXTON ST,12,N,N,A,-,N,NA,NA,NA,NA,NA,NA,NA,NA,NA,N,4,0,1,3,A,-,03,22350,NA,N,C,C,A,A,H,-,A,D,0,NA,NA,NA,NA,Y,NA,A,01,0,0,1,0,0,0,0,0,0,-,-,33.59573,-118.23258,LOS ANGELES,CULVER CITY,-118.39052649,33.99921247
6513850,2014,2014-07-29,1918,2014-04-08,1521,773,NA,2,5,4,1918,0,0,0,NA,0,2M6,WALGROVE AV,N WASHINGTON BL N,0,NA,Y,A,-,N,NA,NA,NA,NA,NA,NA,NA,NA,NA,Y,4,0,1,2,A,-,09,21804,A,N,D,C,A,A,H,-,A,D,0,NA,NA,NA,NA,Y,NA,A,07,0,0,1,0,0,0,0,0,0,-,-,33.59352,-118.26366,LOS ANGELES,CULVER CITY,-118.44329003,33.99271001
6513854,2014,2014-07-25,1918,2014-04-21,0705,517,NA,1,5,4,1918,0,0,0,NA,0,2M12,LA CIENEGA BL,WASHINGTON BL,0,NA,Y,A,-,N,NA,NA,NA,NA,NA,NA,NA,NA,NA,N,4,0,1,2,A,-,17,21451,A,F,D,G,A,A,H,-,A,A,0,NA,Y,NA,NA,Y,NA,A,01,0,0,1,0,0,0,1,0,0,-,-,34.03252,-118.37435,LOS ANGELES,CULVER CITY,-118.37435009,34.03250003
6513881,2014,2014-07-29,1900,2014-04-26,2140,502881,0465,6,5,4,1936,0,0,0,NA,0,46T1,LA MIRADA BL,EXCELSIOR DR,24,N,N,B,-,N,NA,NA,NA,NA,NA,NA,NA,NA,NA,N,3,0,1,2,A,-,08,21460,5,N,G,B,D,A,H,-,C,A,0,Y,NA,NA,NA,Y,NA,N,60,0,1,0,0,1,0,0,0,0,-,-,NA,NA,LOS ANGELES,LA MIRADA,-118.00933054,33.89527054
6513885,2014,2014-07-24,1900,2014-04-20,2245,517863,0263,7,5,4,1917,0,0,0,NA,0,26T,ATLANTIC AV,SANTA ANA ST,250,S,N,A,-,N,NA,NA,NA,NA,NA,NA,NA,NA,NA,Y,3,0,2,1,A,-,08,22107,NA,N,E,I,A,A,H,-,C,D,0,NA,NA,NA,NA,Y,NA,A,01,0,1,1,0,0,0,0,0,0,-,-,NA,NA,LOS ANGELES,CUDAHY,-118.18560195,33.96019894
6513889,2014,2014-07-29,1900,2014-04-16,1715,503271,0462,3,5,4,1936,0,0,0,NA,0,46T1,LA MIRADA BL,GAGELY DR,165,N,N,A,-,N,NA,NA,NA,NA,NA,NA,NA,NA,NA,N,4,0,1,2,A,-,08,22100,A,N,B,C,A,A,H,-,A,D,0,NA,NA,NA,NA,Y,NA,A,07,0,0,1,0,0,0,0,0,0,-,-,NA,NA,LOS ANGELES,LA MIRADA,-118.01213,33.91519
6513893,2014,2014-07-25,1918,2014-04-15,1524,742,183,2,5,4,1918,0,0,0,NA,0,2TL22,OVERLAND AV,CULVER BL,516,S,N,A,-,N,NA,NA,NA,NA,NA,NA,NA,NA,NA,Y,3,0,2,3,A,-,03,22350,NA,N,C,C,A,A,H,-,A,A,0,NA,NA,NA,NA,Y,NA,A,07,0,1,1,0,0,0,0,0,0,-,-,34.01273,-118.40135,LOS ANGELES,CULVER CITY,-118.40153885,34.01283173
6513897,2014,2014-07-24,9540,2014-04-16,0131,18759,NA,3,3,9,1900,0,3,5,NA,2,001,HEMINGWAY AV,STEVENSON RANCH PKWY,816,N,N,A,-,N,NA,NA,NA,NA,NA,NA,NA,NA,NA,Y,3,0,1,1,A,-,01,23152,A,N,E,I,A,A,H,-,C,A,0,NA,NA,NA,NA,Y,Y,A,07,0,1,0,0,0,0,0,0,0,-,-,34.38756,-118.5814,LOS ANGELES,UNINCORPORATED,-118.58263631,34.38811825
6513901,2014,2015-11-19,9540,2014-04-14,1545,14299,NA,1,2,7,1942,0,1,1,NA,1,502,RT 5,WELDON CANYON,7392,S,N,A,-,Y,LA,7,5,-,R,46.47,H,-,N,Y,3,0,2,4,A,-,03,22350,NA,N,C,C,A,A,H,-,A,D,1,NA,NA,NA,NA,Y,NA,A,01,0,1,1,0,0,0,0,0,0,-,-,34.33106,-118.50641,LOS ANGELES,LOS ANGELES,-118.52105399,34.34082393
6513913,2014,2015-11-19,9540,2014-04-04,1335,19788,NA,5,1,7,1942,0,1,1,NA,2,500,RT 5,SAN FERNANDO MISSION BL,1200,S,N,A,-,Y,LA,7,5,-,-,40.01,H,-,N,Y,4,0,2,1,A,-,08,22107,NA,N,E,I,A,A,H,-,A,D,1,NA,NA,NA,NA,Y,NA,A,01,0,0,2,0,0,0,0,0,0,-,-,34.27539,-118.45107,LOS ANGELES,LOS ANGELES,-118.45018604,34.27420112
6513917,2014,2015-11-19,9540,2014-04-07,0200,19531,NA,1,3,7,1942,0,1,1,NA,2,500,RT 5,ROXFORD ST,1500,S,N,A,-,Y,LA,7,5,-,-,42.44,H,-,N,Y,4,0,5,2,A,-,01,23152,A,M,C,C,A,A,H,-,D,D,1,NA,NA,NA,NA,Y,Y,A,01,0,0,5,0,0,0,0,0,0,-,-,34.29838,-118.47463,LOS ANGELES,LOS ANGELES,-118.47725568,34.30092517
6514006,2014,2014-07-29,1942,2014-05-29,1110,33599,1849,4,5,7,1942,0,0,0,R,0,12TL51,WILMINGTON AV,110TH ST,0,NA,Y,A,-,N,NA,NA,NA,NA,NA,NA,NA,NA,NA,N,4,0,3,2,A,-,03,22350,NA,N,C,C,A,A,H,-,A,D,0,NA,NA,NA,NA,Y,NA,A,01,0,0,3,0,0,0,0,0,0,-,-,NA,NA,LOS ANGELES,LOS ANGELES,-118.23904011,33.93523006
6514010,2014,2014-07-29,1942,2014-05-30,1000,38707,1801,5,5,7,1942,0,0,0,R,0,18T23,CENTRAL AV,87TH ST,20,N,N,A,-,N,NA,NA,NA,NA,NA,NA,NA,NA,NA,N,4,0,1,2,A,-,07,21658,A,N,B,C,A,A,H,-,A,A,0,NA,NA,NA,NA,Y,NA,A,07,0,0,1,0,0,0,0,0,0,-,-,NA,NA,LOS ANGELES,LOS ANGELES,-118.25641,33.95934485
6514030,2014,2014-07-30,1942,2014-05-22,0745,36461,1263,4,5,7,1942,0,0,0,L,0,12TR41,CIMARRON ST,83RD ST,0,NA,Y,B,-,N,NA,NA,NA,NA,NA,NA,NA,NA,NA,Y,4,0,2,2,A,-,09,21802,A,N,D,C,A,A,H,-,A,-,0,NA,NA,NA,NA,Y,NA,A,01,0,0,2,0,0,0,0,0,0,-,-,NA,NA,LOS ANGELES,LOS ANGELES,-118.31559001,33.96364003
6514034,2014,2014-07-29,1942,2014-05-22,1530,40869,1841,4,5,7,1942,0,0,0,R,0,5T25,HOOVER,IMPERIAL WY,0,NA,Y,A,-,N,NA,NA,NA,NA,NA,NA,NA,NA,NA,N,4,0,1,2,A,-,09,21801,A,N,D,C,A,A,H,-,A,A,0,NA,NA,Y,NA,Y,NA,A,01,0,0,1,0,0,0,0,0,0,-,-,NA,NA,LOS ANGELES,LOS ANGELES,-118.28699007,33.93099003
6514043,2014,2016-02-05,9535,2014-05-01,1045,017595,NA,4,1,5,1959,0,1,1,NA,2,401,RT 10,ROSEMEAD BL,150,E,N,A,-,Y,LA,7,10,-,-,26.09,H,-,W,Y,4,0,2,3,A,-,08,22107,NA,F,C,C,A,A,H,-,A,D,0,NA,NA,NA,NA,Y,NA,A,01,0,0,2,0,0,0,0,0,0,-,-,34.42084,-118.35826,LOS ANGELES,ROSEMEAD,-118.08639991,34.07223964
6514054,2014,2014-07-30,1942,2014-05-17,2340,40730,1259,6,5,7,1942,0,0,0,L,0,4T43,AVALON BL,FLORENCE AV,0,NA,Y,A,-,N,NA,NA,NA,NA,NA,NA,NA,NA,NA,Y,4,0,2,2,A,-,09,21801,A,N,A,C,A,A,H,-,C,A,0,NA,NA,NA,NA,Y,Y,A,07,0,0,2,0,0,0,0,0,0,-,-,NA,NA,LOS ANGELES,LOS ANGELES,-118.26518003,33.97471005
6514058,2014,2014-07-30,1942,2014-05-22,0815,36911,1259,4,5,7,1942,0,0,0,L,0,5T21,SAN PEDRO ST,79TH ST,0,NA,Y,A,-,N,NA,NA,NA,NA,NA,NA,NA,NA,NA,NA,4,0,3,2,A,-,03,22350,NA,N,C,C,A,A,H,-,A,A,0,NA,NA,NA,NA,Y,NA,A,01,0,0,3,0,0,0,0,0,0,-,-,NA,NA,LOS ANGELES,LOS ANGELES,-118.26955009,33.9678701
6514164,2014,2014-08-06,1942,2014-05-19,1305,40024,0632,1,5,7,1942,0,0,0,F,0,7T38,SELMA AV,HAYWORTH AV,61,W,N,A,-,N,NA,NA,NA,NA,NA,NA,NA,NA,NA,Y,4,0,1,3,A,-,03,22350,NA,N,F,E,A,A,H,-,A,D,0,NA,NA,NA,NA,Y,NA,A,01,0,0,1,0,0,0,0,0,0,-,-,NA,NA,LOS ANGELES,LOS ANGELES,-118.36306111,34.09986861
6514168,2014,2014-08-06,1942,2014-05-18,1555,31387,666,7,5,7,1942,0,0,0,NA,0,6TL2,DE LONGPRE AV,VINE ST,200,E,N,A,-,N,NA,NA,NA,NA,NA,NA,NA,NA,NA,N,4,0,1,2,A,-,09,21804,A,N,C,C,A,A,H,-,A,D,0,NA,NA,NA,NA,Y,NA,A,07,0,0,1,0,0,0,0,0,0,-,-,NA,NA,LOS ANGELES,LOS ANGELES,-118.32598071,34.09616685
6514176,2014,2014-08-06,1942,2014-05-02,1945,25495,0668,5,5,7,1942,0,0,0,F,0,7T23,WESTERN AV,VIRGINIA AV,50,S,N,A,-,N,NA,NA,NA,NA,NA,NA,NA,NA,NA,N,4,0,1,3,A,-,03,22350,NA,N,C,C,A,A,H,-,A,D,0,NA,NA,NA,NA,Y,NA,D,22,0,0,1,0,0,0,0,0,0,-,-,NA,NA,LOS ANGELES,LOS ANGELES,-118.3091891,34.09176289
6514188,2014,2014-07-23,1942,2014-04-11,1555,36589,659,5,5,7,1942,0,0,0,NA,0,6TL4,SUNSET BL,WINONA BL,100,E,N,A,-,N,NA,NA,NA,NA,NA,NA,NA,NA,NA,N,4,0,2,3,A,-,03,22350,NA,N,C,C,A,A,H,-,A,D,0,NA,NA,NA,NA,Y,NA,A,01,0,0,2,0,0,0,0,0,0,-,-,NA,NA,LOS ANGELES,LOS ANGELES,-118.30184033,34.09812
6514192,2014,2014-08-06,1942,2014-05-07,0930,37469,0638,3,5,7,1942,0,0,0,F,0,6TL7,FRANKLIN AV,CHEREMOYA AV,0,NA,Y,A,-,N,NA,NA,NA,NA,NA,NA,NA,NA,NA,N,3,0,1,2,A,-,09,21801,A,N,D,C,A,A,H,-,A,A,0,NA,NA,Y,NA,Y,NA,D,22,0,1,0,0,0,0,0,0,1,-,-,NA,NA,LOS ANGELES,LOS ANGELES,-118.3204601,34.1052401
6514193,2014,2015-03-24,1946,2014-05-28,1515,P56,NA,3,5,4,1946,0,0,0,NA,0,003,CALIFORNIA,CENTRAL,0,NA,Y,A,-,N,NA,NA,NA,NA,NA,NA,NA,NA,NA,Y,4,0,1,2,A,-,12,21453,A,N,D,C,A,A,H,-,A,A,0,NA,NA,Y,NA,Y,NA,A,01,0,0,1,0,0,0,0,0,0,-,-,NA,NA,LOS ANGELES,MONROVIA,-117.99505012,34.13587007
6514210,2014,2014-06-30,1942,2014-03-21,0810,40427,2033,5,5,7,1942,0,0,0,NA,0,20A33,SAN MARINO ST,SERRANO BL,10,E,N,A,-,N,NA,NA,NA,NA,NA,NA,NA,NA,NA,N,3,0,1,2,A,-,08,22107,NA,N,B,G,A,A,H,-,A,A,0,NA,Y,NA,NA,Y,NA,L,04,0,1,0,0,0,0,1,0,0,-,-,NA,NA,LOS ANGELES,LOS ANGELES,-118.30654705,34.05447
6514223,2014,2014-06-30,1900,2014-01-21,1910,507776,0454,2,5,6,1949,0,0,0,NA,0,45K3P,IMPERIAL HWY,BLOOMFIELD AV,0,NA,Y,A,-,N,NA,NA,NA,NA,NA,NA,NA,NA,NA,Y,4,0,1,2,A,-,12,21453,A,N,D,C,A,A,H,-,C,A,0,NA,NA,NA,NA,Y,NA,A,01,0,0,1,0,0,0,0,0,0,-,-,NA,NA,LOS ANGELES,NORWALK,-118.06391003,33.91717003