CASE_ID,ACCIDENT_YEAR,PROC_DATE,JURIS,COLLISION_DATE,COLLISION_TIME,OFFICER_ID,REPORTING_DISTRICT,DAY_OF_WEEK,CHP_SHIFT,POPULATION,CNTY_CITY_LOC,SPECIAL_COND,BEAT_TYPE,CHP_BEAT_TYPE,CITY_DIVISION_LAPD,CHP_BEAT_CLASS,BEAT_NUMBER,PRIMARY_RD,SECONDARY_RD,DISTANCE,DIRECTION,INTERSECTION,WEATHER_1,WEATHER_2,STATE_HWY_IND,CALTRANS_COUNTY,CALTRANS_DISTRICT,STATE_ROUTE,ROUTE_SUFFIX,POSTMILE_PREFIX,POSTMILE,LOCATION_TYPE,RAMP_INTERSECTION,SIDE_OF_HWY,TOW_AWAY,COLLISION_SEVERITY,NUMBER_KILLED,NUMBER_INJURED,PARTY_COUNT,PRIMARY_COLL_FACTOR,PCF_CODE_OF_VIOL,PCF_VIOL_CATEGORY,PCF_VIOLATION,PCF_VIOL_SUBSECTION,HIT_AND_RUN,TYPE_OF_COLLISION,MVIW,PED_ACTION,ROAD_SURFACE,ROAD_COND_1,ROAD_COND_2,LIGHTING,CONTROL_DEVICE,CHP_ROAD_TYPE,PEDESTRIAN_ACCIDENT,BICYCLE_ACCIDENT,MOTORCYCLE_ACCIDENT,TRUCK_ACCIDENT,NOT_PRIVATE_PROPERTY,ALCOHOL_INVOLVED,STWD_VEHTYPE_AT_FAULT,CHP_VEHTYPE_AT_FAULT,COUNT_SEVERE_INJ,COUNT_VISIBLE_INJ,COUNT_COMPLAINT_PAIN,COUNT_PED_KILLED,COUNT_PED_INJURED,COUNT_BICYCLIST_KILLED,COUNT_BICYCLIST_INJURED,COUNT_MC_KILLED,COUNT_MC_INJURED,PRIMARY_RAMP,SECONDARY_RAMP,LATITUDE,LONGITUDE,COUNTY,CITY,POINT_X,POINT_Y
6537443,2014,2014-07-23,1900,2014-04-25,0828,51118,2607,5,5,6,1950,0,0,0,NA,0,264T1,AVENUE S,58TH ST EAST,0,NA,Y,B,-,N,NA,NA,NA,NA,NA,NA,NA,NA,NA,Y,4,0,4,2,A,-,09,21801,A,N,A,C,A,A,H,-,A,D,0,NA,NA,NA,NA,Y,NA,A,01,0,0,4,0,0,0,0,0,0,-,-,NA,NA,LOS ANGELES,PALMDALE,-118.02496009,34.55796005
6537447,2014,2014-07-23,1924,2014-04-08,1423,105094,38,2,5,5,1924,0,0,0,NA,0,8L8D,ARTESIA BL,WESTERN AV,483,W,N,A,-,N,NA,NA,NA,NA,NA,NA,NA,NA,NA,N,3,0,1,2,A,-,03,22350,NA,N,C,D,A,A,H,-,A,D,0,NA,NA,Y,NA,Y,NA,C,02,0,1,0,0,0,0,0,0,1,-,-,NA,NA,LOS ANGELES,GARDENA,-118.31074811,33.87281
6537449,2014,2016-04-23,1900,2014-04-22,1930,545607,1327,2,5,5,1935,0,0,0,NA,0,132D,CARSON ST,RT 605,0,NA,Y,A,-,Y,LA,7,605,-,R,1.558,R,4,N,Y,4,0,1,3,A,-,01,23152,A,M,D,C,A,A,H,-,C,A,0,NA,NA,NA,NA,Y,Y,A,NA,0,0,1,0,0,0,0,0,0,-,NF,NA,NA,LOS ANGELES,LAKEWOOD,-118.08270718,33.82870702
6537450,2014,2014-07-22,9535,2014-04-27,2026,020769,NA,7,2,9,1900,0,2,4,NA,2,021,FORD BL,HUBBARD ST,30,S,N,A,-,N,NA,NA,NA,NA,NA,NA,NA,NA,NA,N,4,0,1,2,A,-,17,22517,NA,N,B,G,A,A,H,-,C,D,0,NA,Y,NA,NA,Y,NA,A,07,0,0,1,0,0,0,1,0,0,-,-,34.131100000000004,-118.1014,LOS ANGELES,UNINCORPORATED,-118.17041374,34.02546014
6537451,2014,2014-07-23,1924,2014-04-07,0659,109389,03,1,5,5,1924,0,0,0,NA,0,8L9D,EL SEGUNDO BL,NORMANDIE AV,0,NA,Y,A,-,N,NA,NA,NA,NA,NA,NA,NA,NA,NA,Y,4,0,1,3,A,-,09,21801,A,N,D,C,B,A,H,-,A,A,0,Y,NA,NA,NA,Y,NA,A,01,0,0,1,0,1,0,0,0,0,-,-,NA,NA,LOS ANGELES,GARDENA,-118.30039009,33.91643006
6537453,2014,2014-07-22,1900,2014-04-15,1930,S12498,1337,2,5,5,1908,0,0,0,NA,0,133T2,ALONDA BL,CORNUTA AV,300,W,N,A,-,N,NA,NA,NA,NA,NA,NA,NA,NA,NA,N,4,0,1,2,A,-,05,21650,NA,N,H,G,A,A,H,-,B,D,0,NA,Y,NA,NA,Y,NA,L,04,0,0,1,0,0,0,1,0,0,-,-,NA,NA,LOS ANGELES,BELLFLOWER,-118.12085641,33.88937
6537454,2014,2016-04-19,9535,2014-04-24,1212,17598,NA,4,1,9,1900,0,1,3,NA,2,620,RT 60,RT 605,50,W,N,A,-,Y,LA,7,605,-,R,17.479,R,2,N,Y,3,0,2,1,C,-,18,NA,NA,N,E,I,A,D,G,-,A,D,1,NA,NA,NA,NA,Y,NA,-,-,0,1,1,0,0,0,0,0,0,-,-,34.0334,-118.0292,LOS ANGELES,UNINCORPORATED,-118.02616684,34.03465027
6537455,2014,2014-07-23,1924,2014-04-06,2034,108241,32,7,5,5,1924,0,0,0,NA,0,8T2,MARINE AV,GRAMERCY PL,228,E,N,A,-,N,NA,NA,NA,NA,NA,NA,NA,NA,NA,N,4,0,2,2,A,-,03,22350,NA,N,C,C,A,A,H,-,C,A,0,NA,NA,NA,NA,Y,NA,A,01,0,0,2,0,0,0,0,0,0,-,-,NA,NA,LOS ANGELES,GARDENA,-118.31277017,33.89467572
6537457,2014,2014-07-22,1900,2014-04-22,1620,510598,1334,2,5,5,1908,0,0,0,NA,0,133H,CLARK AV,PARK ST,0,NA,Y,A,-,N,NA,NA,NA,NA,NA,NA,NA,NA,NA,Y,4,0,2,2,A,-,12,21453,A,N,D,C,A,A,H,-,A,A,0,NA,NA,NA,NA,Y,NA,B,NA,0,0,2,0,0,0,0,0,0,-,-,NA,NA,LOS ANGELES,BELLFLOWER,-118.13390014,33.87842002
6537458,2014,2016-04-21,9535,2014-04-23,2220,19839,NA,3,3,6,1922,0,1,1,NA,2,401,RT 10,PECK RD,700,W,N,A,-,Y,LA,7,10,-,-,29.3,H,-,W,Y,4,0,2,3,A,-,03,22350,NA,N,C,C,A,A,C,-,C,D,6,NA,NA,NA,NA,Y,NA,A,01,0,0,2,0,0,0,0,0,0,-,-,34.06439,-118.01101,LOS ANGELES,EL MONTE,-118.0314877,34.06804389
6537459,2014,2014-07-23,1924,2014-04-05,0001,112602,39,6,5,5,1924,0,0,0,NA,0,8T3,REDONDO BEACH BL,WESTERN AV,454,E,N,A,-,N,NA,NA,NA,NA,NA,NA,NA,NA,NA,Y,3,0,1,2,A,-,01,23152,E,N,C,E,A,A,H,-,C,D,0,NA,NA,NA,NA,Y,NA,A,01,0,1,0,0,0,0,0,0,0,-,-,NA,NA,LOS ANGELES,GARDENA,-118.30777697,33.88895802
6537460,2014,2014-07-23,1942,2014-04-29,0650,41436,2064,2,5,7,1942,0,0,0,NA,0,20A39,PICO BL,WESTERN BL,0,NA,Y,A,-,N,NA,NA,NA,NA,NA,NA,NA,NA,NA,N,4,0,1,2,A,-,10,21950,A,N,G,B,B,A,H,-,A,A,0,Y,NA,NA,NA,Y,NA,-,NA,0,0,1,0,1,0,0,0,0,-,-,NA,NA,LOS ANGELES,LOS ANGELES,-118.30904008,34.04720011
6537461,2014,2016-04-22,1900,2014-04-30,1311,526288,1335,3,5,5,1908,0,0,0,NA,0,133T1,RT 19,ARTESIA BL,43,N,N,A,-,Y,LA,7,19,-,-,5.9,H,-,N,Y,4,0,1,2,A,-,07,21658,A,N,B,C,A,A,H,-,A,D,0,NA,NA,NA,NA,Y,NA,A,07,0,0,1,0,0,0,0,0,0,-,-,NA,NA,LOS ANGELES,BELLFLOWER,-118.14251336,33.87492569
6537462,2014,2016-04-21,9535,2014-04-05,1700,19135,NA,6,2,9,1900,0,1,3,NA,2,600,RT 60,DANGLER AV,20,W,N,A,-,Y,LA,7,60,-,R,3.6,H,-,E,Y,3,0,1,3,A,-,03,22350,NA,F,C,C,A,A,H,-,A,D,1,NA,NA,NA,NA,Y,NA,A,01,0,1,0,0,0,0,0,0,0,-,-,34.63627,-118.16487,LOS ANGELES,UNINCORPORATED,-118.16436606,34.03637081
6537463,2014,2014-07-23,1924,2014-04-04,0743,111229,51,5,5,5,1924,0,0,0,NA,0,8M1,177TH ST,VERMONT AV,465,W,N,A,-,N,NA,NA,NA,NA,NA,NA,NA,NA,NA,N,4,0,1,2,A,-,11,21954,A,N,G,B,E,A,H,-,A,D,0,Y,NA,NA,NA,Y,NA,N,60,0,0,1,0,1,0,0,0,0,-,-,NA,NA,LOS ANGELES,GARDENA,-118.29231872,33.87046757
6537467,2014,2014-07-23,1924,2014-04-02,1925,108241,6,3,5,5,1924,0,0,0,NA,0,8T2,NORMANDIE AV,132ND ST,0,NA,Y,A,-,N,NA,NA,NA,NA,NA,NA,NA,NA,NA,N,4,0,1,2,A,-,12,21453,A,M,D,C,A,A,H,-,C,A,0,NA,NA,NA,NA,Y,NA,A,01,0,0,1,0,0,0,0,0,0,-,-,NA,NA,LOS ANGELES,GARDENA,-118.30041009,33.91262003
6537471,2014,2014-07-25,1924,2014-04-16,1427,111361,44,3,5,5,1924,0,0,0,NA,0,8M2,ARTESIA BL,WESTERN AV,113,E,N,A,-,N,NA,NA,NA,NA,NA,NA,NA,NA,NA,N,4,0,2,3,A,-,03,22350,NA,N,C,C,A,A,H,-,A,D,0,NA,NA,NA,NA,Y,NA,A,01,0,0,2,0,0,0,0,0,0,-,-,NA,NA,LOS ANGELES,GARDENA,-118.30878845,33.87281
6537475,2014,2014-07-23,1924,2014-04-14,1702,111361,17,1,5,5,1924,0,0,0,NA,0,8M2,ROSECRANS AV,NORMANDIE AV,286,W,N,A,-,N,NA,NA,NA,NA,NA,NA,NA,NA,NA,N,4,0,2,2,A,-,03,22350,NA,N,C,C,A,A,H,-,A,D,0,NA,NA,NA,NA,Y,NA,A,07,0,0,2,0,0,0,0,0,0,-,-,NA,NA,LOS ANGELES,GARDENA,-118.30138059,33.90190728
6537476,2014,2014-07-23,1900,2014-04-15,1400,527451,BELLF,2,5,5,1935,0,0,0,NA,0,1329,CANDLEWOOD ST,FACULTY AV,150,W,N,A,-,N,NA,NA,NA,NA,NA,NA,NA,NA,NA,Y,3,0,2,2,A,-,04,21703,NA,N,C,D,A,A,H,-,A,A,0,NA,NA,Y,NA,Y,NA,A,01,0,1,1,0,0,0,0,0,2,-,-,NA,NA,LOS ANGELES,LAKEWOOD,-118.13738301,33.85382
6537479,2014,2014-07-23,1924,2014-04-12,1601,111229,49,6,5,5,1924,0,0,0,NA,0,8M1,NORMANDIE AV,168TH ST,0,NA,Y,A,-,N,NA,NA,NA,NA,NA,NA,NA,NA,NA,Y,3,0,2,2,A,-,09,21802,A,N,D,C,A,A,H,-,A,A,0,NA,NA,NA,NA,Y,NA,A,07,0,1,1,0,0,0,0,0,0,-,-,NA,NA,LOS ANGELES,GARDENA,-118.29988008,33.8788801
6537480,2014,2014-07-23,1942,2014-04-05,1415,40605,665,6,5,7,1942,0,0,0,NA,0,6TL11,HIGHLAND AV,SAN MONICA BL,0,NA,Y,A,-,N,NA,NA,NA,NA,NA,NA,NA,NA,NA,N,3,0,1,2,A,-,21,22106,NA,N,C,C,A,A,H,-,A,A,0,NA,NA,Y,NA,Y,NA,A,01,0,1,0,0,0,0,0,0,1,-,-,NA,NA,LOS ANGELES,LOS ANGELES,-118.33860014,34.09070004
6537483,2014,2014-07-23,1924,2014-04-12,0015,112602,25,6,5,5,1924,0,0,0,NA,0,8T3,NORMANDIE AV,148TH ST,18,S,N,A,-,N,NA,NA,NA,NA,NA,NA,NA,NA,NA,Y,4,0,2,2,A,-,03,22350,NA,M,C,C,A,A,H,-,C,D,0,NA,NA,NA,NA,Y,NA,A,01,0,0,2,0,0,0,0,0,0,-,-,NA,NA,LOS ANGELES,GARDENA,-118.30044,33.89734063
6537484,2014,2014-07-23,1942,2014-04-24,0730,41339,666,4,5,7,1942,0,0,0,NA,0,6A45,SUNSET BL,EL CENTRO,2,E,N,A,-,N,NA,NA,NA,NA,NA,NA,NA,NA,NA,N,4,0,1,3,A,-,09,21453,B,F,B,C,A,A,H,-,A,D,0,NA,NA,NA,NA,Y,NA,-,99,0,0,1,0,0,0,0,0,0,-,-,NA,NA,LOS ANGELES,LOS ANGELES,-118.32373341,34.09801
6537487,2014,2014-07-23,1924,2014-04-11,1647,111229,24,5,5,5,1924,0,0,0,NA,0,8M1,MARINE AV,DENKER AV,0,NA,Y,A,-,N,NA,NA,NA,NA,NA,NA,NA,NA,NA,Y,4,0,4,2,A,-,09,21801,A,N,A,C,A,A,H,-,A,A,0,NA,NA,NA,NA,Y,NA,A,07,0,0,4,0,0,0,0,0,0,-,-,NA,NA,LOS ANGELES,GARDENA,-118.30480013,33.89464012
6537488,2014,2014-07-23,1942,2014-04-22,1740,37416,648,2,5,7,1942,0,0,0,NA,0,8TL26,WESTERN AV,HOLLYWOOD BL,10,N,N,A,-,N,NA,NA,NA,NA,NA,NA,NA,NA,NA,N,4,0,1,2,A,-,04,21703,NA,N,C,C,A,A,H,-,A,A,0,NA,NA,NA,NA,Y,NA,A,01,0,0,1,0,0,0,0,0,0,-,-,NA,NA,LOS ANGELES,LOS ANGELES,-118.30927062,34.10177742
6537490,2014,2014-07-22,1969,2014-04-07,1331,10171,TRAFF,1,5,5,1969,0,0,0,NA,0,004,ATLANTIC AV,AZALEA WEST,32,S,N,A,-,N,NA,NA,NA,NA,NA,NA,NA,NA,NA,Y,4,0,1,3,A,-,08,22107,NA,F,C,C,A,A,H,-,A,A,0,NA,NA,NA,NA,Y,NA,A,01,0,0,1,0,0,0,0,0,0,-,-,NA,NA,LOS ANGELES,SOUTH GATE,-118.18366422,33.95362324
6537491,2014,2014-07-23,1924,2014-04-11,0552,112602,9,5,5,5,1924,0,0,0,NA,0,8T3,132ND ST,WESTERN AV,512,E,N,A,-,N,NA,NA,NA,NA,NA,NA,NA,NA,NA,N,4,0,1,2,A,-,11,21954,A,N,G,B,D,A,H,-,E,D,0,Y,NA,NA,NA,Y,NA,N,60,0,0,1,0,1,0,0,0,0,-,-,NA,NA,LOS ANGELES,GARDENA,-118.30743575,33.91263755
6537492,2014,2014-07-25,1942,2014-04-22,1440,37903,656,2,5,7,1942,0,0,0,NA,0,6TL2,SANTA MONICA BL,COLE AV,0,NA,Y,A,-,N,NA,NA,NA,NA,NA,NA,NA,NA,NA,Y,4,0,2,2,A,-,12,21453,A,N,D,C,A,A,H,-,A,A,0,NA,NA,NA,NA,Y,NA,-,-,0,0,2,0,0,0,0,0,0,-,-,NA,NA,LOS ANGELES,LOS ANGELES,-118.32990001,34.09074005
6537494,2014,2014-07-22,1918,2014-04-03,1035,517,NA,4,5,4,1918,0,0,0,NA,0,2M12,OVERLAND AV,BRADDOCK DR,0,NA,Y,A,-,N,NA,NA,NA,NA,NA,NA,NA,NA,NA,Y,3,0,2,2,A,-,09,21801,A,N,D,C,A,A,H,-,A,A,0,NA,NA,NA,NA,Y,NA,A,01,0,1,1,0,0,0,0,0,0,-,-,34.01156,-118.41002,LOS ANGELES,CULVER CITY,-118.40032011,34.01154012
6537495,2014,2014-07-23,1924,2014-04-09,1143,111361,43,3,5,5,1924,0,0,0,NA,0,8M2,NORMANDIE AV,CASSIDY ST,33,S,N,A,-,N,NA,NA,NA,NA,NA,NA,NA,NA,NA,Y,4,0,2,2,A,-,03,22350,NA,N,-,C,A,A,H,-,A,A,0,NA,NA,NA,NA,Y,NA,A,08,0,0,2,0,0,0,0,0,0,-,-,NA,NA,LOS ANGELES,GARDENA,-118.29901259,33.87156952
6537496,2014,2014-07-25,1942,2014-04-03,1825,41333,668,4,5,7,1942,0,0,0,NA,0,6X66,LA MIRADA,WILTON PL,0,NA,Y,A,-,N,NA,NA,NA,NA,NA,NA,NA,NA,NA,Y,4,0,1,2,A,-,09,21802,A,N,A,C,A,A,H,-,A,A,0,NA,NA,NA,NA,Y,NA,A,01,0,0,1,0,0,0,0,0,0,-,-,NA,NA,LOS ANGELES,LOS ANGELES,-118.31360012,34.09377002
6537498,2014,2014-07-22,1918,2014-04-18,1322,804,NA,5,5,4,1918,0,0,0,NA,0,2M7,OVERLAND AV,CULVER BL,0,NA,Y,B,-,N,NA,NA,NA,NA,NA,NA,NA,NA,NA,N,3,0,1,2,A,-,10,21950,A,N,G,B,B,A,H,-,A,A,0,Y,NA,NA,NA,Y,NA,A,01,0,1,0,0,1,0,0,0,0,-,-,34.01394,-118.40275,LOS ANGELES,CULVER CITY,-118.4025801,34.01395002
6537499,2014,2014-07-23,1924,2014-04-09,0558,115352,48,3,5,5,1924,0,0,0,NA,0,005,VERMONT AV,GARDENA BL,89,N,N,A,-,N,NA,NA,NA,NA,NA,NA,NA,NA,NA,N,3,0,1,1,A,-,03,22350,NA,N,H,-,A,A,H,-,A,D,0,NA,NA,Y,NA,Y,NA,C,02,0,1,0,0,0,0,0,0,1,-,-,NA,NA,LOS ANGELES,GARDENA,-118.29133321,33.88183331
6537500,2014,2014-07-23,1942,2014-04-04,2030,39092,615,5,5,7,1942,0,0,0,NA,0,6X44,BARHAM BL,LAKE HOLLYWOOD DR,25,S,N,A,-,N,NA,NA,NA,NA,NA,NA,NA,NA,NA,Y,3,0,1,1,A,-,03,22350,NA,N,H,I,A,A,H,-,C,D,0,NA,NA,NA,NA,Y,NA,A,01,0,1,0,0,0,0,0,0,0,-,-,NA,NA,LOS ANGELES,LOS ANGELES,-118.34434743,34.13226534
6537502,2014,2015-09-25,1918,2014-04-27,2314,1102,270,7,5,4,1918,0,0,0,NA,0,PATROL,SEPULVEDA BL,WASHINGTON BL,0,NA,Y,A,-,N,NA,NA,NA,NA,NA,NA,NA,NA,NA,NA,3,0,2,2,A,-,12,21453,A,N,D,C,A,-,H,-,C,A,0,NA,NA,NA,NA,Y,NA,A,08,0,1,1,0,0,0,0,0,0,-,-,34.00259,-118.24468,LOS ANGELES,CULVER CITY,-118.4129801,34.00718009
6537503,2014,2014-07-23,1924,2014-04-08,1717,111361,14,2,5,5,1924,0,0,0,NA,0,8M2,139TH ST,NORMANDIE AV,0,NA,Y,A,-,N,NA,NA,NA,NA,NA,NA,NA,NA,NA,Y,4,0,1,2,A,-,12,21453,A,N,D,C,A,A,H,-,A,A,0,NA,NA,NA,NA,Y,NA,A,01,0,0,1,0,0,0,0,0,0,-,-,NA,NA,LOS ANGELES,GARDENA,-118.30041006,33.90551012
6537504,2014,2014-07-23,1942,2014-04-24,1740,40460,645,4,5,7,1942,0,0,0,NA,0,14T47,HIGHLAND AV,FOUNTAIN AV,295,N,N,A,-,N,NA,NA,NA,NA,NA,NA,NA,NA,NA,N,3,0,2,2,A,-,07,21658,A,F,B,D,A,A,H,-,B,D,0,NA,NA,Y,NA,Y,NA,-,99,0,1,1,0,0,0,0,0,2,-,-,NA,NA,LOS ANGELES,LOS ANGELES,-118.33863782,34.09517907
6537506,2014,2014-07-22,1918,2014-04-23,0900,646,NA,3,5,4,1918,0,0,0,NA,0,2M4,WASHINGTON BL,DELMAS TER,0,NA,Y,A,-,N,NA,NA,NA,NA,NA,NA,NA,NA,NA,N,3,0,1,2,A,-,05,21650,NA,N,D,G,A,A,H,-,A,D,0,NA,Y,NA,NA,Y,NA,L,04,0,1,0,0,0,0,1,0,0,-,-,34.02284,-118.39569,LOS ANGELES,CULVER CITY,-118.39655001,34.0222
6537508,2014,2014-07-25,1942,2014-04-08,1610,40213,2019,2,5,7,1942,0,0,0,NA,0,6A15,BEVERLY BL,MADISON AV,0,NA,Y,A,-,N,NA,NA,NA,NA,NA,NA,NA,NA,NA,N,3,0,2,2,A,-,08,22107,NA,F,A,C,A,A,H,-,A,D,0,NA,NA,NA,NA,Y,NA,-,99,0,2,0,0,0,0,0,0,0,-,-,NA,NA,LOS ANGELES,LOS ANGELES,-118.28942006,34.07631011
6537512,2014,2014-07-23,1942,2014-04-09,1908,40399,2076,3,5,7,1942,0,0,0,NA,0,20Q195,PICO BL,CATALINA ST,0,NA,Y,A,-,N,NA,NA,NA,NA,NA,NA,NA,NA,NA,N,4,0,1,2,A,-,05,21650,1,N,H,G,A,A,H,-,B,A,0,NA,Y,NA,NA,Y,NA,L,04,0,0,1,0,0,0,1,0,0,-,-,NA,NA,LOS ANGELES,LOS ANGELES,-118.29472012,34.04727006
6537513,2014,2014-07-22,1942,2014-04-05,1100,41298,0393,6,5,7,1942,0,0,0,C,0,3A73,CRENSHAW BL,VERNON AV,60,N,N,A,-,N,NA,NA,NA,NA,NA,NA,NA,NA,NA,Y,4,0,1,2,A,-,-,NA,NA,N,D,C,A,A,H,-,A,D,0,NA,NA,NA,NA,Y,NA,A,01,0,0,1,0,0,0,0,0,0,-,-,NA,NA,LOS ANGELES,LOS ANGELES,-118.33209236,34.00373218
6537516,2014,2014-07-23,1942,2014-04-28,1815,40340,2042,1,5,7,1942,0,0,0,NA,0,20XL4,9TH ST,WESTERN AV,120,E,N,A,-,N,NA,NA,NA,NA,NA,NA,NA,NA,NA,N,4,0,1,2,A,-,05,21650,1,N,H,G,A,A,H,-,A,D,0,NA,Y,NA,NA,Y,NA,L,04,0,0,1,0,0,0,1,0,0,-,-,NA,NA,LOS ANGELES,LOS ANGELES,-118.30868459,34.05585
6537520,2014,2014-07-23,1942,2014-04-23,0750,36083,2079,3,5,7,1942,0,0,0,NA,0,7T23,PICO BL,VERMONT AV,0,NA,Y,A,-,N,NA,NA,NA,NA,NA,NA,NA,NA,NA,N,3,0,1,2,A,-,11,21456,B,N,G,B,B,A,H,-,A,A,0,Y,NA,NA,NA,Y,NA,N,60,0,1,0,0,1,0,0,0,0,-,-,NA,NA,LOS ANGELES,LOS ANGELES,-118.29160005,34.04726001
6537527,2014,2014-06-30,1900,2014-03-27,1720,459600,1320,4,5,5,1935,0,0,0,NA,0,132T1,PARAMOUNT BL,CANDLEWOOD ST,70,N,N,A,-,N,NA,NA,NA,NA,NA,NA,NA,NA,NA,N,4,0,1,2,A,-,09,21804,A,N,D,C,A,A,H,-,A,D,0,NA,NA,NA,NA,Y,NA,A,NA,0,0,1,0,0,0,0,0,0,-,-,NA,NA,LOS ANGELES,LAKEWOOD,-118.15986,33.85401196
6537529,2014,2016-04-27,9530,2014-06-18,0730,14654,NA,3,1,7,1941,0,1,1,NA,2,430,RT 405,CLARK AV,528,S,N,A,-,Y,LA,7,405,-,-,2.555,R,1,S,Y,4,0,1,3,A,-,03,22350,NA,N,C,C,A,A,H,-,A,D,1,NA,NA,NA,NA,Y,NA,A,01,0,0,1,0,0,0,0,0,0,TO,-,33.4853,-118.111,LOS ANGELES,LONG BEACH,-118.13021711,33.8026949
6537537,2014,2016-04-22,9530,2014-06-07,0940,19338,NA,6,1,9,1900,0,1,3,NA,2,310,RT 91,SUSANA RD,400,W,N,A,-,Y,LA,7,91,-,R,10.73,H,-,W,N,4,0,2,2,A,-,07,21658,A,N,B,C,A,A,H,-,A,D,1,NA,NA,NA,NA,Y,NA,A,07,0,0,2,0,0,0,0,0,0,-,-,33.87359,-118.20841,LOS ANGELES,UNINCORPORATED,-118.20887102,33.87372502
6537549,2014,2014-08-19,9530,2014-06-06,1645,20699,NA,5,2,9,1900,0,3,5,NA,2,006,CARSON ST,VERMONT AV,0,NA,Y,A,-,N,NA,NA,NA,NA,NA,NA,NA,NA,NA,Y,4,0,1,2,A,-,09,21801,A,N,D,C,A,A,H,-,A,A,0,NA,NA,NA,NA,Y,NA,A,07,0,0,1,0,0,0,0,0,0,-,-,32.72708,-118.29022,LOS ANGELES,UNINCORPORATED,-118.2902801,33.83160001
6537552,2014,2014-06-30,1942,2014-03-22,0220,38310,0665,6,5,7,1942,0,0,0,F,0,6TL7,SANTA MONICA BL,MCCADDEN PL,10,E,N,A,-,N,NA,NA,NA,NA,NA,NA,NA,NA,NA,N,3,0,1,2,A,-,10,21950,A,F,G,B,B,A,H,-,C,A,0,Y,NA,NA,NA,Y,NA,-,99,0,1,0,0,1,0,0,0,0,-,-,NA,NA,LOS ANGELES,LOS ANGELES,-118.33740704,34.09070055
6537553,2014,2016-04-21,9530,2014-06-06,1245,19792,NA,5,1,4,1939,0,1,1,NA,2,400,RT 405,INGLEWOOD AV,50,N,N,A,-,Y,LA,7,405,-,-,18.28,H,-,N,Y,4,0,2,3,A,-,03,22350,NA,N,C,C,A,A,H,-,A,D,1,NA,NA,NA,NA,Y,NA,A,07,0,0,2,0,0,0,0,0,0,-,-,33.5346,-118.2157,LOS ANGELES,LAWNDALE,-118.36168396,33.89130686
6537556,2014,2015-03-09,1942,2014-03-23,1745,39993,0642,7,5,7,1942,0,0,0,F,0,7TL72,N ORANGE GROVE AV,SUNSET BL,300,S,N,A,-,N,NA,NA,NA,NA,NA,NA,NA,NA,NA,Y,4,0,1,3,A,-,03,22350,NA,F,C,C,A,A,H,-,B,D,0,NA,NA,Y,NA,Y,NA,-,99,0,0,1,0,0,0,0,0,1,-,-,NA,NA,LOS ANGELES,LOS ANGELES,-118.36051,34.09805
6537557,2014,2016-02-05,9530,2014-06-19,1505,017860,NA,4,2,5,1977,0,1,1,NA,2,410,RT 405,MAIN ST,528,S,N,A,-,Y,LA,7,405,-,-,12.42,H,-,S,N,4,0,2,2,A,-,03,22350,NA,N,C,C,A,A,H,-,A,D,1,NA,NA,NA,NA,Y,NA,A,01,0,0,2,0,0,0,0,0,0,-,-,33.84767,-118.27294,LOS ANGELES,CARSON,-118.27811354,33.85152607
6537560,2014,2014-07-22,1942,2014-03-24,1615,40471,0636,1,5,7,1942,0,0,0,F,0,20A16,HIGHLAND AV,YUCCA ST,10,N,N,A,-,N,NA,NA,NA,NA,NA,NA,NA,NA,NA,N,4,0,1,2,A,-,-,NA,NA,F,C,C,A,A,H,-,A,D,0,NA,NA,NA,NA,Y,NA,-,99,0,0,1,0,0,0,0,0,0,-,-,NA,NA,LOS ANGELES,LOS ANGELES,-118.33873,34.10320743
6537561,2014,2016-04-21,9590,2014-06-11,0915,16243,NA,3,1,7,1942,0,1,1,NA,2,085,RT 5,GRIFFITH PARK,50,S,N,A,-,Y,LA,7,5,-,-,24.17,H,-,S,Y,4,0,1,4,A,-,03,22350,NA,N,C,C,A,A,H,-,A,D,1,NA,NA,NA,NA,Y,NA,A,07,0,0,1,0,0,0,0,0,0,-,-,34.12218,-118.27212,LOS ANGELES,LOS ANGELES,-118.27014437,34.11830483
6537564,2014,2015-12-30,1942,2014-03-30,1600,R2138,0656,7,5,7,1942,0,0,0,F,0,34TF34,RT 2,LILLIAN WY,80,W,N,A,-,Y,LA,7,2,-,-,11.49,H,-,E,N,4,0,2,4,A,-,04,21703,NA,F,C,C,A,A,H,-,A,D,0,NA,NA,NA,NA,Y,NA,-,99,0,0,2,0,0,0,0,0,0,-,-,NA,NA,LOS ANGELES,LOS ANGELES,-118.32829348,34.09073945
6537568,2014,2014-06-30,1942,2014-03-29,1425,40594,0679,6,5,7,1942,0,0,0,F,0,06A79,SANTA MONICA BL,HOBART AV,40,E,N,A,-,N,NA,NA,NA,NA,NA,NA,NA,NA,NA,N,3,0,1,2,C,-,18,NA,NA,F,H,G,A,A,H,-,A,D,0,NA,Y,NA,NA,Y,NA,-,-,0,1,0,0,0,0,0,0,0,-,-,NA,NA,LOS ANGELES,LOS ANGELES,-118.30505814,34.09079