CASE_ID,ACCIDENT_YEAR,PROC_DATE,JURIS,COLLISION_DATE,COLLISION_TIME,OFFICER_ID,REPORTING_DISTRICT,DAY_OF_WEEK,CHP_SHIFT,POPULATION,CNTY_CITY_LOC,SPECIAL_COND,BEAT_TYPE,CHP_BEAT_TYPE,CITY_DIVISION_LAPD,CHP_BEAT_CLASS,BEAT_NUMBER,PRIMARY_RD,SECONDARY_RD,DISTANCE,DIRECTION,INTERSECTION,WEATHER_1,WEATHER_2,STATE_HWY_IND,CALTRANS_COUNTY,CALTRANS_DISTRICT,STATE_ROUTE,ROUTE_SUFFIX,POSTMILE_PREFIX,POSTMILE,LOCATION_TYPE,RAMP_INTERSECTION,SIDE_OF_HWY,TOW_AWAY,COLLISION_SEVERITY,NUMBER_KILLED,NUMBER_INJURED,PARTY_COUNT,PRIMARY_COLL_FACTOR,PCF_CODE_OF_VIOL,PCF_VIOL_CATEGORY,PCF_VIOLATION,PCF_VIOL_SUBSECTION,HIT_AND_RUN,TYPE_OF_COLLISION,MVIW,PED_ACTION,ROAD_SURFACE,ROAD_COND_1,ROAD_COND_2,LIGHTING,CONTROL_DEVICE,CHP_ROAD_TYPE,PEDESTRIAN_ACCIDENT,BICYCLE_ACCIDENT,MOTORCYCLE_ACCIDENT,TRUCK_ACCIDENT,NOT_PRIVATE_PROPERTY,ALCOHOL_INVOLVED,STWD_VEHTYPE_AT_FAULT,CHP_VEHTYPE_AT_FAULT,COUNT_SEVERE_INJ,COUNT_VISIBLE_INJ,COUNT_COMPLAINT_PAIN,COUNT_PED_KILLED,COUNT_PED_INJURED,COUNT_BICYCLIST_KILLED,COUNT_BICYCLIST_INJURED,COUNT_MC_KILLED,COUNT_MC_INJURED,PRIMARY_RAMP,SECONDARY_RAMP,LATITUDE,LONGITUDE,COUNTY,CITY,POINT_X,POINT_Y
6537914,2014,2016-04-20,9535,2014-06-20,1650,020683,NA,5,2,9,1900,0,1,3,NA,2,066,RT 164,RT 60,360,S,N,A,-,Y,LA,7,164,-,-,3.26,H,-,S,Y,4,0,2,2,A,-,03,22350,NA,N,C,C,A,A,H,-,A,A,0,NA,NA,NA,NA,Y,NA,A,01,0,0,2,0,0,0,0,0,0,-,-,34.03988,-118.06436,LOS ANGELES,UNINCORPORATED,-118.06436462,34.04012442
6537917,2014,2014-08-20,1942,2014-06-24,1600,37966,2024,2,5,7,1942,0,0,0,NA,0,20TL56,6TH ST,HARVARD BL,160,E,N,A,-,N,NA,NA,NA,NA,NA,NA,NA,NA,NA,N,4,0,1,2,A,-,09,21804,A,N,D,G,A,A,H,-,A,D,0,NA,Y,NA,NA,Y,NA,A,01,0,0,1,0,0,0,1,0,0,-,-,NA,NA,LOS ANGELES,LOS ANGELES,-118.30358284,34.06355844
6537918,2014,2014-08-20,9535,2014-06-17,1650,12125,NA,2,2,9,1900,0,3,5,NA,2,006,MIRALINDA DR,DEL MAR AV,0,NA,Y,A,-,N,NA,NA,NA,NA,NA,NA,NA,NA,NA,Y,4,0,2,2,A,-,09,21801,A,N,D,C,A,A,H,-,A,D,0,NA,NA,NA,NA,Y,NA,A,07,0,0,2,0,0,0,0,0,0,-,-,34.04984,-118.09912,LOS ANGELES,UNINCORPORATED,-118.09890007,34.04973002
6537921,2014,2016-04-21,9535,2014-06-14,1905,020397,NA,6,2,6,1922,0,1,1,NA,2,401,RT 10,PECK RD,200,E,N,A,-,Y,LA,7,10,-,-,29.05,H,-,W,Y,4,0,2,3,A,-,03,22350,NA,N,C,C,A,A,H,-,A,D,6,NA,NA,NA,NA,Y,NA,A,01,0,0,2,0,0,0,0,0,0,-,-,34.06805,-118.0286,LOS ANGELES,EL MONTE,-118.03584115,34.06815187
6537925,2014,2016-04-21,9535,2014-06-19,1454,19121,NA,4,2,9,1900,0,1,1,NA,2,420,RT 10,HERBERT AV,100,W,N,A,-,Y,LA,7,10,-,-,20.2,H,-,E,Y,4,0,1,2,A,-,04,21703,NA,N,C,C,A,A,H,-,A,D,1,NA,NA,NA,NA,Y,NA,A,01,0,0,1,0,0,0,0,0,0,-,-,34.05595,-118.18339,LOS ANGELES,UNINCORPORATED,-118.18346382,34.05588484
6537929,2014,2016-04-21,9535,2014-06-21,0930,20673,NA,6,1,6,1922,0,1,1,NA,2,401,RT 10,PECK RD,2200,W,N,A,-,Y,LA,7,10,-,-,29.01,H,-,W,Y,4,0,1,3,A,-,03,22350,NA,N,C,C,A,A,H,-,A,D,6,NA,NA,NA,NA,Y,NA,A,01,0,0,1,0,0,0,0,0,0,-,-,34.07201,-118.04711,LOS ANGELES,EL MONTE,-118.03652185,34.06820213
6537933,2014,2016-04-16,9535,2014-06-25,1445,14987,NA,3,2,9,1900,0,1,3,NA,2,601,RT 60,MEDNIK AV,300,W,N,A,-,Y,LA,7,60,-,R,3.662,R,1,W,Y,4,0,2,2,A,-,04,21703,NA,N,C,C,A,A,H,-,A,D,1,NA,NA,NA,NA,Y,NA,A,01,0,0,2,0,0,0,0,0,0,TO,-,34.036,-118.17,LOS ANGELES,UNINCORPORATED,-118.16328477,34.03661969
6537937,2014,2016-04-21,9535,2014-06-19,1445,17802,NA,4,2,5,1915,0,1,1,NA,2,074,RT 710,ALONDRA BL,150,S,N,A,-,Y,LA,7,710,-,-,13.811,R,1,N,Y,4,0,1,3,A,-,03,22350,NA,N,C,C,A,A,H,-,A,A,1,NA,NA,NA,NA,Y,NA,A,01,0,0,1,0,0,0,0,0,0,TO,-,33.88861,-118.18858,LOS ANGELES,COMPTON,-118.1894542,33.88719267
6537941,2014,2016-04-21,9535,2014-06-21,1310,20673,NA,6,1,6,1922,0,1,1,NA,2,401,RT 10,ROSEMEAD BL,500,E,N,A,-,Y,LA,7,10,-,-,26.96,H,-,W,Y,4,0,1,2,A,-,03,22350,NA,N,C,C,A,A,H,-,A,D,0,NA,NA,NA,NA,Y,NA,A,08,0,0,1,0,0,0,0,0,0,-,-,34.07241,-118.06991,LOS ANGELES,EL MONTE,-118.07124469,34.07242466
6537945,2014,2016-04-21,9535,2014-06-20,0150,18188,NA,5,3,5,1915,0,1,1,NA,2,075,RT 710,ALONDRA BL,300,N,N,A,-,Y,LA,7,710,-,-,14.01,H,-,S,Y,4,0,1,2,A,-,08,22107,NA,M,B,C,A,A,H,-,C,D,1,NA,NA,NA,NA,Y,NA,A,01,0,0,1,0,0,0,0,0,0,-,-,33.89,-118.1887,LOS ANGELES,COMPTON,-118.18871513,33.88995473
6537949,2014,2016-02-05,9535,2014-06-15,1240,20673,NA,7,1,5,1959,0,1,1,NA,2,400,RT 10,WALNUT GROVE AV,400,W,N,A,-,Y,LA,7,10,-,-,26.26,H,-,E,Y,4,0,2,2,A,-,03,22350,NA,N,C,C,A,A,H,-,A,D,0,NA,NA,NA,NA,Y,NA,A,01,0,0,2,0,0,0,0,0,0,-,-,34.07188,-118.08326,LOS ANGELES,ROSEMEAD,-118.08343138,34.07191561
6538001,2014,2016-04-21,9580,2014-06-27,1547,020076,NA,5,2,7,1942,0,1,2,NA,2,102,RT 101,WOODMAN AV,2640,N,N,A,-,Y,LA,7,101,-,-,15.41,H,-,N,N,3,0,1,2,A,-,03,22350,NA,N,B,C,A,A,H,-,A,D,1,NA,NA,Y,NA,Y,NA,C,02,0,1,0,0,0,0,0,0,1,-,-,34.15563,-118.44021,LOS ANGELES,LOS ANGELES,-118.44035149,34.15561496
6538002,2014,2016-04-21,1929,2014-06-21,0518,195,06211,6,5,3,1929,0,0,0,NA,0,0518,RT 1,10TH ST,0,NA,Y,A,-,Y,LA,7,1,-,-,21.181,I,5,S,Y,4,0,2,1,A,-,08,22107,NA,N,E,I,A,A,H,-,B,A,0,NA,NA,NA,NA,Y,NA,-,NA,0,0,2,0,0,0,0,0,0,-,-,NA,NA,LOS ANGELES,HERMOSA BEACH,-118.39247266,33.86257741
6538005,2014,2016-04-19,9580,2014-06-28,1650,020061,NA,6,2,7,1942,0,1,1,NA,2,405,RT 405,VICTORY BL,1400,S,N,A,-,Y,LA,7,405,-,-,41.09,H,-,S,Y,3,0,1,2,A,-,07,21658,A,F,B,C,A,A,H,-,A,D,1,NA,NA,NA,NA,Y,Y,-,99,0,1,0,0,0,0,0,0,0,-,-,34.18257,-118.47253,LOS ANGELES,LOS ANGELES,-118.4724451,34.18281984
6538006,2014,2014-08-21,1913,2014-06-25,1758,2283,67,3,5,4,1913,0,0,0,NA,0,004,BASELINE RD,MONTE VISTA AV,0,NA,Y,A,-,N,NA,NA,NA,NA,NA,NA,NA,NA,NA,Y,4,0,3,2,A,-,09,21801,A,N,D,C,A,A,H,-,A,A,0,NA,NA,NA,NA,Y,NA,-,NA,0,0,3,0,0,0,0,0,0,-,-,NA,NA,LOS ANGELES,CLAREMONT,-117.69844008,34.12160005
6538009,2014,2014-08-21,9580,2014-06-29,1025,016436,NA,7,1,9,1900,0,2,4,NA,1,131,MULHOLLAND HWY,LAKE VISTA DR,500,E,N,A,-,N,NA,NA,NA,NA,NA,NA,NA,NA,NA,N,2,0,1,1,A,-,08,22107,NA,N,C,G,A,A,H,-,A,A,0,NA,Y,NA,NA,Y,NA,L,04,1,0,0,0,0,0,1,0,0,-,-,34.10935,-118.76672,LOS ANGELES,UNINCORPORATED,-118.76675708,34.10924231
6538010,2014,2014-08-21,1913,2014-06-27,0955,3851,11,5,5,4,1913,0,0,0,NA,0,001,HARRISON AV,MOUNTAIN AV,0,NA,Y,A,-,N,NA,NA,NA,NA,NA,NA,NA,NA,NA,Y,3,0,1,2,A,-,09,21802,A,N,D,C,A,A,H,-,A,A,0,NA,NA,NA,NA,Y,NA,A,01,0,1,0,0,0,0,0,0,0,-,-,NA,NA,LOS ANGELES,CLAREMONT,-117.72902011,34.09865011
6538013,2014,2016-04-23,9580,2014-06-22,1212,018580,NA,7,1,7,1942,0,1,2,NA,2,102,RT 101,HASKELL AV,1320,N,N,A,-,Y,LA,7,101,-,-,17.8,H,-,S,Y,3,0,2,4,A,-,03,22350,NA,N,C,C,A,A,H,-,A,D,1,NA,NA,NA,NA,Y,NA,A,01,0,2,0,0,0,0,0,0,0,-,-,34.16502,-118.47936,LOS ANGELES,LOS ANGELES,-118.47823654,34.16525891
6538014,2014,2014-08-21,1913,2014-06-18,1006,3851,26,3,5,4,1913,0,0,0,NA,0,002,ARROW HWY,STE BONAVENTURE AV,32,W,N,A,-,N,NA,NA,NA,NA,NA,NA,NA,NA,NA,N,3,0,1,2,A,-,08,22107,NA,N,C,G,A,A,H,-,A,D,0,NA,Y,NA,NA,Y,NA,L,04,0,1,0,0,0,0,1,0,0,-,-,NA,NA,LOS ANGELES,CLAREMONT,-117.71586539,34.09043801
6538017,2014,2016-04-25,9580,2014-06-27,0740,018852,NA,5,1,7,1942,0,1,3,NA,2,115,RT 118,SEPULVEDA BL,1500,E,N,A,-,Y,LA,7,118,-,R,10.67,H,-,W,Y,4,0,1,1,C,-,18,NA,NA,N,E,I,A,A,H,-,A,D,1,NA,NA,NA,NA,Y,NA,-,-,0,0,1,0,0,0,0,0,0,-,-,34.26615,-118.45826,LOS ANGELES,LOS ANGELES,-118.4568923,34.26602406
6538018,2014,2014-08-20,1913,2014-06-16,1959,3886,45,1,5,4,1913,0,0,0,NA,0,003,SCRIPPS DR,BRIDGEPORT AV,0,NA,Y,A,-,N,NA,NA,NA,NA,NA,NA,NA,NA,NA,Y,4,0,1,2,A,-,12,22450,A,N,D,C,A,A,H,-,B,D,0,NA,NA,NA,NA,Y,NA,-,NA,0,0,1,0,0,0,0,0,0,-,-,NA,NA,LOS ANGELES,CLAREMONT,-117.73079013,34.11667001
6538021,2014,2016-04-23,9580,2014-06-28,1225,019451,NA,6,1,7,1942,0,1,2,NA,2,103,RT 101,COLDWATER CANYON AV,900,N,N,A,-,Y,LA,7,101,-,-,13.71,H,-,S,Y,4,0,4,2,A,-,03,22350,NA,N,C,C,A,A,H,-,A,D,1,NA,NA,NA,NA,Y,NA,A,01,0,0,4,0,0,0,0,0,0,-,-,34.15544,-118.43351,LOS ANGELES,LOS ANGELES,-118.41071813,34.15662761
6538022,2014,2014-08-21,1913,2014-06-01,2152,3886,11,7,5,4,1913,0,0,0,NA,0,001,INDIAN HILL BL,10TH ST,0,NA,Y,A,-,N,NA,NA,NA,NA,NA,NA,NA,NA,NA,Y,4,0,2,2,A,-,03,22350,NA,N,C,D,A,A,H,-,C,A,0,NA,NA,NA,NA,Y,NA,-,NA,0,0,2,0,0,0,0,0,0,-,-,NA,NA,LOS ANGELES,CLAREMONT,-117.72027008,34.10342002
6538025,2014,2016-04-23,9580,2014-06-30,0505,20345,NA,1,3,7,1942,0,1,2,NA,2,104,RT 101,RESEDA BL,400,S,N,A,-,Y,LA,7,101,-,-,21.09,H,-,N,Y,4,0,1,2,A,-,03,22350,NA,N,D,C,A,A,H,-,A,D,1,NA,NA,Y,NA,Y,NA,C,02,0,0,1,0,0,0,0,0,1,-,-,34.17261,-118.53313,LOS ANGELES,LOS ANGELES,-118.53313744,34.17251509
6538026,2014,2014-08-20,1913,2014-06-08,1003,3584,46,7,5,4,1913,0,0,0,NA,0,003,TOWNE AV,SCRIPPS DR,76,N,N,A,-,N,NA,NA,NA,NA,NA,NA,NA,NA,NA,Y,3,0,1,2,A,-,08,22107,NA,N,F,C,A,A,H,-,A,D,0,NA,NA,NA,NA,Y,NA,A,08,0,1,0,0,0,0,0,0,0,-,-,NA,NA,LOS ANGELES,CLAREMONT,-117.73675054,34.11697816
6538029,2014,2016-04-25,9580,2014-06-29,1435,019611,NA,7,2,7,1942,0,1,3,NA,2,116,RT 118,WOODLEY AV,528,W,N,A,-,Y,VEN,7,118,-,R,8.79,H,-,E,Y,4,0,1,2,A,-,08,22107,NA,N,D,C,A,A,H,-,A,D,1,NA,NA,NA,NA,Y,NA,A,01,0,0,1,0,0,0,0,0,0,-,-,34.26928,-118.48703,LOS ANGELES,LOS ANGELES,-119.03094818,34.26374967
6538030,2014,2014-08-20,1913,2014-06-05,1000,3851,28,4,5,4,1913,0,0,0,NA,0,002,2ND ST,INDIAN HILL BL,0,NA,Y,A,-,N,NA,NA,NA,NA,NA,NA,NA,NA,NA,N,4,0,1,2,A,-,10,21950,A,N,G,B,B,A,H,-,A,A,0,Y,NA,NA,NA,Y,NA,A,01,0,0,1,0,1,0,0,0,0,-,-,NA,NA,LOS ANGELES,CLAREMONT,-117.71931013,34.09561001
6538033,2014,2016-04-23,9580,2014-06-30,1830,019715,NA,1,2,7,1942,0,1,2,NA,2,102,RT 101,SEPULVEDA BL,750,S,N,A,-,Y,LA,7,101,-,-,16.8,H,-,N,N,4,0,1,2,A,-,03,22350,NA,N,C,C,A,A,H,-,A,D,1,NA,NA,NA,NA,Y,NA,A,07,0,0,1,0,0,0,0,0,0,-,-,34.15967,-118.46379,LOS ANGELES,LOS ANGELES,-118.46359277,34.15950608
6538034,2014,2014-09-09,1913,2014-06-01,1942,3886,11,7,5,4,1913,0,0,0,NA,0,001,BONITA AV,TAYLOR DR,105,W,N,A,-,N,NA,NA,NA,NA,NA,NA,NA,NA,NA,N,3,0,1,2,A,-,08,22107,NA,N,B,C,A,A,H,-,B,D,0,NA,NA,Y,NA,Y,NA,A,01,0,1,0,0,0,0,0,0,1,-,-,NA,NA,LOS ANGELES,CLAREMONT,-117.73065571,34.09627942
6538038,2014,2015-09-25,1913,2014-06-01,0956,3584,01,7,5,4,1913,0,0,0,NA,0,NA,INDIAN HILL BL,AUTO CENTER DR,50,S,N,A,-,N,NA,NA,NA,NA,NA,NA,NA,NA,NA,N,4,0,1,2,A,-,03,22350,NA,N,C,C,A,A,H,-,A,A,0,NA,NA,NA,NA,Y,NA,A,01,0,0,1,0,0,0,0,0,0,-,-,NA,NA,LOS ANGELES,CLAREMONT,-117.71935,34.08051296
6538041,2014,2016-04-22,1976,2014-06-03,1424,222,NA,2,5,5,1976,0,0,0,NA,0,002,WHITTIER BL,PICKERING AV,0,NA,Y,A,-,Y,LA,7,72,-,-,4.28,I,5,N,Y,4,0,1,2,A,-,09,21800,A,N,D,C,A,A,H,-,A,B,0,NA,NA,NA,NA,Y,NA,A,01,0,0,1,0,0,0,0,0,0,-,-,NA,NA,LOS ANGELES,WHITTIER,-118.04160557,33.96818243
6538045,2014,2016-04-22,1976,2014-06-13,1615,331,1976,5,5,5,1976,0,0,0,NA,0,003,WHITTIER BL,LAUREL AV,30,W,N,A,-,Y,LA,7,72,-,-,3.41,H,-,N,N,4,0,1,2,A,-,03,22350,NA,N,C,C,A,A,H,-,A,D,0,NA,NA,NA,NA,Y,NA,A,07,0,0,1,0,0,0,0,0,0,-,-,NA,NA,LOS ANGELES,WHITTIER,-118.0292156,33.961155840000004
6538049,2014,2014-08-26,1976,2014-06-12,1645,469,NA,4,5,5,1976,0,0,0,NA,0,NA,SEASONS AV,WASHINGTON BL,4,N,N,A,-,N,NA,NA,NA,NA,NA,NA,NA,NA,NA,N,4,0,1,2,D,-,00,NA,NA,F,G,G,A,A,H,-,A,A,0,NA,Y,NA,NA,Y,NA,-,-,0,0,1,0,0,0,1,0,0,-,-,NA,NA,LOS ANGELES,WHITTIER,-118.05062637,33.96727054
6538053,2014,2014-08-21,1976,2014-06-18,0802,576,1976,3,5,5,1976,0,0,0,NA,0,001,S CITRUS AV,ORANGE DR,6,N,N,A,-,N,NA,NA,NA,NA,NA,NA,NA,NA,NA,N,4,0,1,2,A,-,08,22100,B,N,H,G,A,A,H,-,A,D,0,NA,Y,NA,NA,Y,NA,L,04,0,0,1,0,0,0,1,0,0,-,-,NA,NA,LOS ANGELES,WHITTIER,-118.04597,33.98996645
6538057,2014,2014-08-21,1976,2014-06-18,1905,218,NA,3,5,5,1976,0,0,0,NA,0,003,WASHINGTON AV,LA CUARTA ST,159,S,N,A,-,N,NA,NA,NA,NA,NA,NA,NA,NA,NA,N,2,0,1,2,A,-,11,21954,A,N,G,B,D,A,H,-,A,D,0,Y,NA,NA,NA,Y,NA,N,60,1,0,0,0,1,0,0,0,0,-,-,NA,NA,LOS ANGELES,WHITTIER,-118.03503,33.96773405
6538061,2014,2016-04-22,1976,2014-06-21,1144,550,NA,6,5,5,1976,0,0,0,NA,0,004,WHITTIER BL,VALLEY HOME AV,350,W,N,A,-,Y,LA,7,72,-,-,0.06,H,-,N,Y,4,0,1,2,A,-,09,21804,A,N,D,C,A,A,H,-,A,D,0,NA,NA,NA,NA,Y,NA,A,01,0,0,1,0,0,0,0,0,0,-,-,NA,NA,LOS ANGELES,WHITTIER,-117.97752453,33.93999775
6538065,2014,2014-08-21,1976,2014-06-21,2305,255,NA,6,5,5,1976,0,0,0,NA,0,NA,LEFFINGWELL RD,SANTA GERTRUDES AV,0,NA,Y,A,-,N,NA,NA,NA,NA,NA,NA,NA,NA,NA,Y,4,0,1,2,A,-,09,21801,A,N,D,C,A,A,H,-,C,A,0,NA,NA,NA,NA,Y,NA,A,07,0,0,1,0,0,0,0,0,0,-,-,NA,NA,LOS ANGELES,WHITTIER,-117.99323001,33.93119008
6538067,2014,2015-03-20,1969,2014-05-28,1747,10079,TRAFF,3,5,5,1969,0,0,0,NA,0,0A5,GARFIELD AV,EL PASEO AV,0,NA,Y,A,-,N,NA,NA,NA,NA,NA,NA,NA,NA,NA,N,4,0,1,3,A,-,03,22350,NA,N,C,C,A,A,H,-,A,A,0,NA,NA,NA,NA,Y,NA,-,NA,0,0,1,0,0,0,0,0,0,-,-,NA,NA,LOS ANGELES,SOUTH GATE,-118.164267,33.952016
6538069,2014,2014-08-21,1976,2014-06-22,1453,507,NA,7,5,5,1976,0,0,0,NA,0,001,PICKERING AV,PENN ST,100,N,N,A,-,N,NA,NA,NA,NA,NA,NA,NA,NA,NA,Y,4,0,2,4,A,-,01,23152,A,N,C,C,A,A,H,-,A,A,0,NA,NA,NA,NA,Y,Y,A,07,0,0,2,0,0,0,0,0,0,-,-,NA,NA,LOS ANGELES,WHITTIER,-118.04205653,33.97569413
6538073,2014,2014-08-21,1976,2014-06-28,1039,568,NA,6,5,5,1976,0,0,0,NA,0,001,BEVERLY BL,PIONEER BL,105,W,N,A,-,N,NA,NA,NA,NA,NA,NA,NA,NA,NA,N,4,0,1,2,A,-,04,21703,NA,N,C,C,A,A,H,-,A,A,0,NA,NA,NA,NA,Y,NA,A,01,0,0,1,0,0,0,0,0,0,-,-,NA,NA,LOS ANGELES,WHITTIER,-118.06314371,34.00392615
6538077,2014,2014-08-21,1976,2014-06-26,1715,297,NA,4,5,5,1976,0,0,0,NA,0,001,NORWALK BL,BEVERLY BL,30,S,N,A,-,N,NA,NA,NA,NA,NA,NA,NA,NA,NA,N,4,0,1,2,A,-,07,21658,A,F,B,C,A,A,H,-,A,A,0,NA,NA,NA,NA,Y,NA,A,01,0,0,1,0,0,0,0,0,0,-,-,NA,NA,LOS ANGELES,WHITTIER,-118.0555507,33.99855511
6538166,2014,2015-12-03,1900,2014-06-24,1418,524061,0522,2,5,4,1971,0,0,0,NA,0,52T1PM,RT 164,LAS TUNAS DR,655,S,N,A,-,N,NA,NA,NA,NA,NA,NA,NA,NA,NA,N,4,0,1,3,A,-,04,21703,NA,N,C,C,A,A,H,-,A,A,0,NA,NA,NA,NA,Y,NA,A,01,0,0,1,0,0,0,0,0,0,-,-,NA,NA,LOS ANGELES,TEMPLE CITY,-118.073652,34.101697
6538170,2014,2014-08-11,1900,2014-06-26,1429,524061,0524,4,5,4,1971,0,0,0,NA,0,52T1PM,ENCINITA AV,BLACKLEY ST,0,NA,Y,A,-,N,NA,NA,NA,NA,NA,NA,NA,NA,NA,Y,4,0,1,2,A,-,09,21802,A,N,D,C,A,A,H,-,A,A,0,NA,NA,NA,NA,Y,NA,D,22,0,0,1,0,0,0,0,0,0,-,-,NA,NA,LOS ANGELES,TEMPLE CITY,-118.06783001,34.09489008
6538174,2014,2016-06-06,1900,2014-07-02,0814,510537,0536,3,5,5,1959,0,0,0,NA,0,531TAM,MARSHALL ST,RT 164,181,E,N,A,-,Y,LA,7,164,-,-,5.861,I,6,N,Y,4,0,1,2,A,-,09,21804,A,N,D,C,A,A,H,-,A,D,0,NA,NA,NA,NA,Y,NA,D,22,0,0,1,0,0,0,0,0,0,-,-,NA,NA,LOS ANGELES,ROSEMEAD,-118.07301324,34.07575438
6538182,2014,2014-08-11,1900,2014-06-30,2110,521389,0332,1,5,4,1939,0,0,0,NA,0,35T1P,ROSECRANS AV,RAMONA AV,0,NA,Y,A,-,N,NA,NA,NA,NA,NA,NA,NA,NA,NA,Y,4,0,1,2,A,-,09,21801,A,N,D,C,A,A,H,-,C,A,0,NA,NA,NA,NA,Y,NA,D,22,0,0,1,0,0,0,0,0,0,-,-,NA,NA,LOS ANGELES,LAWNDALE,-118.35721012,33.90190004
6538183,2014,2014-07-31,1955,2014-05-31,1212,41971,75,6,5,6,1955,0,0,0,NA,0,005,HUNTER POINT RD,HUNTER POINT RD 76,0,NA,-,A,-,N,NA,NA,NA,NA,NA,NA,NA,NA,NA,N,4,0,1,2,A,-,21,22106,NA,N,C,C,A,A,H,-,A,D,0,NA,NA,NA,NA,Y,NA,D,22,0,0,1,0,0,0,0,0,0,-,-,NA,NA,LOS ANGELES,POMONA,-117.767863,34.038153
6538187,2014,2015-03-27,1955,2014-05-28,1716,40234,0013,3,5,6,1955,0,0,0,NA,0,003,N TOWNE AV,AMADOR ST,50,S,N,A,-,N,NA,NA,NA,NA,NA,NA,NA,NA,NA,N,4,0,1,2,A,-,03,22350,NA,N,C,C,A,A,H,-,A,A,0,NA,NA,NA,NA,Y,NA,A,01,0,0,1,0,0,0,0,0,0,-,-,NA,NA,LOS ANGELES,POMONA,-117.7366,34.10557295
6538190,2014,2014-07-30,1955,2014-05-23,1313,40233,NA,5,5,6,1955,0,0,0,NA,0,NA,VILLAGE LOOP RD,TANGLEWOOD DR,0,NA,Y,A,-,N,NA,NA,NA,NA,NA,NA,NA,NA,NA,Y,3,0,2,2,A,-,09,21802,A,N,D,C,A,A,H,-,A,A,0,NA,NA,NA,NA,Y,NA,D,22,0,1,1,0,0,0,0,0,0,-,-,NA,NA,LOS ANGELES,POMONA,-117.77134014,34.03070002
6538194,2014,2014-07-30,1955,2014-05-29,0900,30405,98,4,5,6,1955,0,0,0,NA,0,003,EAST END AV,HOLT AV,500,S,N,A,-,N,NA,NA,NA,NA,NA,NA,NA,NA,NA,N,3,0,1,2,A,-,08,22107,NA,F,G,B,E,A,H,-,A,A,0,Y,NA,NA,NA,Y,NA,D,22,0,1,0,0,1,0,0,0,0,-,-,NA,NA,LOS ANGELES,POMONA,-117.72413344,34.06167947
6538195,2014,2014-07-30,1955,2014-05-31,0011,40620,60,6,5,6,1955,0,0,0,NA,0,001,VALLEY BL,GRAND AV,6864,E,N,A,-,N,NA,NA,NA,NA,NA,NA,NA,NA,NA,Y,3,0,1,1,A,-,03,22350,NA,N,E,I,A,A,H,-,C,D,0,NA,NA,NA,NA,Y,NA,D,22,0,1,0,0,0,0,0,0,0,-,-,NA,NA,LOS ANGELES,POMONA,-118.025659,34.06871599
6538198,2014,2014-08-20,1955,2014-06-01,2218,40478,06,7,5,6,1955,0,0,0,NA,0,001,HOLT AV,GAREY AV,0,NA,Y,A,-,N,NA,NA,NA,NA,NA,NA,NA,NA,NA,Y,4,0,2,2,A,-,12,21453,A,N,D,C,A,A,H,-,C,A,0,NA,NA,NA,NA,Y,NA,-,-,0,0,2,0,0,0,0,0,0,-,-,NA,NA,LOS ANGELES,POMONA,-117.75033013,34.06239004
6538222,2014,2014-08-12,1955,2014-06-11,1728,40616,30,3,5,6,1955,0,0,0,NA,0,002,TOWNE AV,FOOTHILL BL,75,S,N,A,-,N,NA,NA,NA,NA,NA,NA,NA,NA,NA,N,3,0,2,3,A,-,03,22350,NA,N,C,C,A,A,H,-,A,A,0,NA,NA,Y,NA,Y,NA,D,22,0,1,1,0,0,0,0,0,0,-,-,NA,NA,LOS ANGELES,POMONA,-117.73689,34.10683443
6538223,2014,2014-08-11,1955,2014-06-09,0851,40437,100,1,5,6,1955,0,0,0,NA,0,003,HOLT AV,SAN ANTONIO AV,0,NA,Y,A,-,N,NA,NA,NA,NA,NA,NA,NA,NA,NA,Y,4,0,1,2,A,-,12,21453,A,N,D,C,A,A,H,-,A,A,0,NA,NA,NA,NA,Y,NA,D,22,0,0,1,0,0,0,0,0,0,-,-,NA,NA,LOS ANGELES,POMONA,-117.73664011,34.06271009
6538226,2014,2014-08-12,1955,2014-06-17,1748,40220,91,2,5,6,1955,0,0,0,NA,0,004,MISSION BL,RESERVOIR ST,75,W,N,A,-,N,NA,NA,NA,NA,NA,NA,NA,NA,NA,Y,4,0,3,3,A,-,03,22350,NA,N,C,C,A,A,H,-,A,A,0,NA,NA,NA,NA,Y,NA,D,22,0,0,3,0,0,0,0,0,0,-,-,NA,NA,LOS ANGELES,POMONA,-117.73285693,34.05553559
6538231,2014,2014-08-11,1955,2014-05-26,1300,40590,0091,1,5,6,1955,0,0,0,NA,0,004,E GRAND AV,S RESERVOIR ST,0,NA,Y,A,-,N,NA,NA,NA,NA,NA,NA,NA,NA,NA,N,3,0,2,2,A,-,12,21453,A,N,D,C,A,A,H,-,A,A,0,NA,NA,NA,NA,Y,NA,D,22,0,1,1,0,0,0,0,0,0,-,-,NA,NA,LOS ANGELES,POMONA,-117.73234002,34.04825002