CASE_ID,ACCIDENT_YEAR,PROC_DATE,JURIS,COLLISION_DATE,COLLISION_TIME,OFFICER_ID,REPORTING_DISTRICT,DAY_OF_WEEK,CHP_SHIFT,POPULATION,CNTY_CITY_LOC,SPECIAL_COND,BEAT_TYPE,CHP_BEAT_TYPE,CITY_DIVISION_LAPD,CHP_BEAT_CLASS,BEAT_NUMBER,PRIMARY_RD,SECONDARY_RD,DISTANCE,DIRECTION,INTERSECTION,WEATHER_1,WEATHER_2,STATE_HWY_IND,CALTRANS_COUNTY,CALTRANS_DISTRICT,STATE_ROUTE,ROUTE_SUFFIX,POSTMILE_PREFIX,POSTMILE,LOCATION_TYPE,RAMP_INTERSECTION,SIDE_OF_HWY,TOW_AWAY,COLLISION_SEVERITY,NUMBER_KILLED,NUMBER_INJURED,PARTY_COUNT,PRIMARY_COLL_FACTOR,PCF_CODE_OF_VIOL,PCF_VIOL_CATEGORY,PCF_VIOLATION,PCF_VIOL_SUBSECTION,HIT_AND_RUN,TYPE_OF_COLLISION,MVIW,PED_ACTION,ROAD_SURFACE,ROAD_COND_1,ROAD_COND_2,LIGHTING,CONTROL_DEVICE,CHP_ROAD_TYPE,PEDESTRIAN_ACCIDENT,BICYCLE_ACCIDENT,MOTORCYCLE_ACCIDENT,TRUCK_ACCIDENT,NOT_PRIVATE_PROPERTY,ALCOHOL_INVOLVED,STWD_VEHTYPE_AT_FAULT,CHP_VEHTYPE_AT_FAULT,COUNT_SEVERE_INJ,COUNT_VISIBLE_INJ,COUNT_COMPLAINT_PAIN,COUNT_PED_KILLED,COUNT_PED_INJURED,COUNT_BICYCLIST_KILLED,COUNT_BICYCLIST_INJURED,COUNT_MC_KILLED,COUNT_MC_INJURED,PRIMARY_RAMP,SECONDARY_RAMP,LATITUDE,LONGITUDE,COUNTY,CITY,POINT_X,POINT_Y
6538238,2014,2016-04-22,1955,2014-06-19,0619,40437,0084,4,5,6,1955,0,0,0,NA,0,002,GAREY AV,RT 10,0,NA,Y,A,-,Y,LA,7,10,-,-,45.614,R,4,E,N,4,0,1,2,A,-,09,21802,NA,N,D,C,A,A,H,-,A,A,0,NA,NA,NA,NA,Y,NA,A,01,0,0,1,0,0,0,0,0,0,-,EF,NA,NA,LOS ANGELES,POMONA,-117.7541589,34.07300578
6538242,2014,2014-08-15,1942,2014-06-18,1840,40545,023,3,5,7,1942,0,0,0,B,0,4T43,SUNSET BL,BEAUDRY AV,0,NA,Y,A,-,N,NA,NA,NA,NA,NA,NA,NA,NA,NA,N,3,0,2,2,A,-,09,21801,A,N,D,G,A,A,H,-,A,D,0,NA,Y,Y,NA,Y,NA,C,02,0,1,1,0,0,0,1,0,1,-,-,NA,NA,LOS ANGELES,LOS ANGELES,-118.24924007,34.06525009
6538243,2014,2014-08-14,1942,2014-06-18,1910,40099,1177,3,5,7,1942,0,0,0,K,0,13T55,AVENUE 26,FIGUEROA ST,0,NA,Y,A,-,N,NA,NA,NA,NA,NA,NA,NA,NA,NA,Y,3,0,2,2,A,-,09,21801,A,N,D,C,A,A,H,-,A,A,0,NA,NA,NA,NA,Y,NA,A,07,0,1,1,0,0,0,0,0,0,-,-,NA,NA,LOS ANGELES,LOS ANGELES,-118.2224501,34.08385003
6538246,2014,2014-08-15,1942,2014-06-17,0945,40726,0275,2,5,7,1942,0,0,0,B,0,1TL24,OLYMPIC BL,ALVARADO ST,0,NA,Y,A,-,N,NA,NA,NA,NA,NA,NA,NA,NA,NA,N,4,0,1,2,A,-,03,22350,NA,N,C,C,A,A,H,-,A,A,0,NA,NA,NA,NA,Y,NA,A,07,0,0,1,0,0,0,0,0,0,-,-,NA,NA,LOS ANGELES,LOS ANGELES,-118.27983013,34.05174004
6538247,2014,2014-08-14,1942,2014-06-18,1600,36238,1171,3,5,7,1942,0,0,0,K,0,2TL28,SUNSET BL,HYPERION AV,15,E,N,A,-,N,NA,NA,NA,NA,NA,NA,NA,NA,NA,Y,4,0,2,2,A,-,03,22350,NA,N,C,C,A,A,H,-,A,D,0,NA,NA,NA,NA,Y,NA,A,01,0,0,2,0,0,0,0,0,0,-,-,NA,NA,LOS ANGELES,LOS ANGELES,-118.27962069,34.09164687
6538248,2014,2014-08-14,1900,2014-06-30,1000,520027,2834,1,5,5,1915,0,0,0,NA,0,282T1,WILMINGTON AV,CAROB ST,34,N,N,A,-,N,NA,NA,NA,NA,NA,NA,NA,NA,NA,N,4,0,2,2,A,-,04,21703,NA,F,C,C,A,A,H,-,A,D,0,NA,NA,NA,NA,Y,NA,A,07,0,0,2,0,0,0,0,0,0,-,-,NA,NA,LOS ANGELES,COMPTON,-118.23647631,33.87872309
6538249,2014,2014-09-19,1942,2014-06-27,1045,39359,0215,5,5,7,1942,0,0,0,B,0,2TL15,W TEMPLE ST,BENTON WY,0,NA,Y,A,-,N,NA,NA,NA,NA,NA,NA,NA,NA,NA,N,4,0,1,2,A,-,05,21650,1,F,D,G,A,A,G,-,A,A,0,NA,Y,NA,NA,Y,NA,L,04,0,0,1,0,0,0,1,0,0,-,-,NA,NA,LOS ANGELES,LOS ANGELES,-118.27573001,34.07290001
6538250,2014,2014-08-15,1942,2014-06-18,0955,39639,0205,3,5,7,1942,0,0,0,B,0,4T43,SUNSET BL,PARKMAN AV,0,NA,Y,A,-,N,NA,NA,NA,NA,NA,NA,NA,NA,NA,N,3,0,1,2,A,-,07,21658,A,N,B,C,A,A,H,-,A,D,0,NA,NA,Y,NA,Y,Y,A,01,0,1,0,0,0,0,0,0,1,-,-,NA,NA,LOS ANGELES,LOS ANGELES,-118.2733201,34.0829201
6538251,2014,2014-08-14,1942,2014-06-15,1230,37505,1172,7,5,7,1942,0,0,0,K,0,13TL53,GLENDALE BL,EFFIE ST,19,S,N,A,-,N,NA,NA,NA,NA,NA,NA,NA,NA,NA,Y,4,0,1,4,A,-,07,21658,A,N,B,C,A,A,H,-,A,A,0,NA,NA,Y,NA,Y,NA,C,02,0,0,1,0,0,0,0,0,1,-,-,NA,NA,LOS ANGELES,LOS ANGELES,-118.25993561,34.08573245
6538252,2014,2014-08-14,1900,2014-06-25,1610,522141,2834,3,5,5,1915,0,0,0,NA,0,287D,ARTESIA BL,CENTRAL AV,0,NA,Y,A,-,N,NA,NA,NA,NA,NA,NA,NA,NA,NA,N,4,0,1,2,A,-,08,22101,D,N,B,C,A,A,H,-,A,A,0,NA,NA,NA,NA,Y,NA,A,08,0,0,1,0,0,0,0,0,0,-,-,NA,NA,LOS ANGELES,COMPTON,-118.24863006,33.87399005
6538253,2014,2014-08-15,1942,2014-06-18,1530,37363,0236,3,5,7,1942,0,0,0,B,0,2A56,UNION AV,BEVERLY BL,0,NA,Y,A,-,N,NA,NA,NA,NA,NA,NA,NA,NA,NA,N,3,0,1,2,A,-,21,22106,NA,N,D,G,A,A,-,-,A,A,0,NA,Y,NA,NA,Y,NA,-,NA,0,1,0,0,0,0,1,0,0,-,-,NA,NA,LOS ANGELES,LOS ANGELES,-118.26587003,34.06466004
6538254,2014,2014-08-15,1942,2014-06-19,1000,39359,0212,4,5,7,1942,0,0,0,B,0,2TL15,MELROSE AV,JUANITA AV,93,W,N,A,-,N,NA,NA,NA,NA,NA,NA,NA,NA,NA,Y,4,0,1,2,A,-,-,NA,NA,N,D,C,A,A,H,-,A,D,0,NA,NA,NA,NA,Y,NA,A,07,0,0,1,0,0,0,0,0,0,-,-,NA,NA,LOS ANGELES,LOS ANGELES,-118.29081652,34.08358745
6538255,2014,2014-08-14,1942,2014-06-19,0745,39359,1119,4,5,7,1942,0,0,0,K,0,2TL15,NORTH FIGUEROA ST,LA LOMA RD,0,NA,Y,A,-,N,NA,NA,NA,NA,NA,NA,NA,NA,NA,N,4,0,2,2,A,-,09,21801,A,N,D,C,A,A,D,H,A,A,0,NA,NA,NA,NA,Y,NA,A,01,0,0,2,0,0,0,0,0,0,-,-,NA,NA,LOS ANGELES,LOS ANGELES,-118.18810006,34.13668002
6538256,2014,2014-08-14,1900,2014-06-30,1524,526912,2822,1,5,5,1915,0,0,0,NA,0,281A,ALAMEDA ST,ELM ST E,100,N,N,A,-,N,NA,NA,NA,NA,NA,NA,NA,NA,NA,N,3,0,1,2,A,-,05,21202,A,N,B,G,A,A,H,-,A,D,0,NA,Y,NA,NA,Y,NA,L,04,0,1,0,0,0,0,1,0,0,-,-,NA,NA,LOS ANGELES,COMPTON,-118.22118424,33.90093175
6538257,2014,2016-04-22,1942,2014-06-23,0815,39745,0221,1,5,7,1942,0,0,0,B,0,2T15W2,VERMONT AV,OAKWOOD AV,15,E,N,A,-,Y,LA,7,101,-,-,4.135,R,4,S,Y,4,0,2,2,A,-,09,21801,A,N,D,C,A,A,H,-,A,A,0,NA,NA,NA,NA,Y,NA,A,07,0,0,2,0,0,0,0,0,0,-,-,NA,NA,LOS ANGELES,LOS ANGELES,-118.2877526,34.07820034
6538258,2014,2014-08-15,1942,2014-06-18,2020,39049,0235,3,5,7,1942,0,0,0,B,0,2T15,3RD ST,PARK VIEW ST,80,E,N,A,-,N,NA,NA,NA,NA,NA,NA,NA,NA,NA,N,3,0,1,2,A,-,11,21956,A,F,B,B,E,A,H,-,C,D,0,Y,NA,NA,NA,Y,Y,N,60,0,1,0,0,1,0,0,0,0,-,-,NA,NA,LOS ANGELES,LOS ANGELES,-118.2758462,34.06463864
6538259,2014,2014-08-14,1942,2014-06-15,1900,37611,1145,7,5,7,1942,0,0,0,K,0,2T15,RIVERSIDE DR,KNOX AV,112,N,N,A,-,N,NA,NA,NA,NA,NA,NA,NA,NA,NA,Y,3,0,5,2,A,-,01,23152,A,N,C,C,A,A,H,-,A,A,0,NA,NA,NA,NA,Y,Y,A,07,0,2,3,0,0,0,0,0,0,-,-,NA,NA,LOS ANGELES,LOS ANGELES,-118.24939921000001,34.09916786
6538261,2014,2014-10-10,1942,2014-06-13,0830,31816,211,5,5,7,1942,0,0,0,NA,0,4T43,SANTA MONICA BL,NORMANDIE AV,0,NA,Y,A,-,N,NA,NA,NA,NA,NA,NA,NA,NA,NA,Y,3,0,1,2,A,-,09,21801,A,N,A,C,A,A,H,-,A,A,0,NA,NA,NA,NA,Y,NA,-,-,0,1,0,0,0,0,0,0,0,-,-,NA,NA,LOS ANGELES,LOS ANGELES,-118.30049007,34.09083008
6538262,2014,2014-08-15,1942,2014-06-17,1600,31542,0212,2,5,7,1942,0,0,0,B,0,1TL11,VERMONT AV,LOCKWOOD AV,80,S,N,A,-,N,NA,NA,NA,NA,NA,NA,NA,NA,NA,N,3,0,1,2,A,-,03,22350,NA,F,C,G,A,A,H,-,A,A,0,NA,Y,NA,NA,Y,NA,-,99,0,1,0,0,0,0,1,0,0,-,-,NA,NA,LOS ANGELES,LOS ANGELES,-118.29173601,34.08850062
6538263,2014,2014-08-14,1900,2014-06-28,2320,540658,1135,6,5,6,1992,0,0,0,NA,0,112T2,AVE I,PRICE LN,240,E,N,A,-,N,NA,NA,NA,NA,NA,NA,NA,NA,NA,N,4,0,1,2,A,-,08,22107,NA,N,D,C,A,A,H,-,C,D,0,NA,NA,NA,NA,Y,NA,-,NA,0,0,1,0,0,0,0,0,0,-,-,NA,NA,LOS ANGELES,LANCASTER,-118.09266343,34.70426583
6538266,2014,2014-08-26,1942,2014-06-19,1620,39889,0205,4,5,7,1942,0,0,0,B,0,2T29,SUNSET BL,MECHELTORENA ST,196,E,N,A,-,N,NA,NA,NA,NA,NA,NA,NA,NA,NA,N,3,0,3,3,A,-,03,22350,NA,N,C,C,A,A,H,-,A,A,0,NA,NA,NA,NA,Y,NA,A,01,0,2,1,0,0,0,0,0,0,-,-,NA,NA,LOS ANGELES,LOS ANGELES,-118.27563039,34.08707081
6538267,2014,2014-08-14,1900,2014-06-30,2109,527065,1126,1,5,6,1992,0,0,0,NA,0,111T1,AVENUE J-8,20TH ST WEST,0,NA,Y,A,-,N,NA,NA,NA,NA,NA,NA,NA,NA,NA,Y,3,0,4,2,A,-,09,21801,A,N,D,C,A,A,H,-,C,A,0,NA,NA,NA,NA,Y,NA,A,01,0,1,3,0,0,0,0,0,0,-,-,NA,NA,LOS ANGELES,LANCASTER,-118.16569008,34.68221004
6538269,2014,2014-09-19,1942,2014-06-30,2210,36814,0237,1,5,7,1942,0,0,0,B,0,1T11,3RD ST,WITMER ST,40,E,N,A,-,N,NA,NA,NA,NA,NA,NA,NA,NA,NA,N,4,0,3,2,A,-,04,21703,NA,N,C,C,A,A,H,-,C,D,0,NA,NA,NA,NA,Y,NA,A,01,0,0,3,0,0,0,0,0,0,-,-,NA,NA,LOS ANGELES,LOS ANGELES,-118.26336396,34.05901798
6538270,2014,2014-08-26,1942,2014-06-22,0330,36233,0271,7,5,7,1942,0,0,0,B,0,20A33,HOOVER ST,CARONDELET ST,60,S,N,A,-,N,NA,NA,NA,NA,NA,NA,NA,NA,NA,N,4,0,2,3,A,-,03,22350,NA,N,C,A,A,A,D,-,C,A,0,NA,NA,NA,NA,Y,NA,A,01,0,0,2,0,0,0,0,0,0,-,-,NA,NA,LOS ANGELES,LOS ANGELES,-118.28422,34.05358545
6538271,2014,2014-08-14,1900,2014-06-24,1640,540664,1126,2,5,6,1992,0,0,0,NA,0,111T2,SIERRA HWY,AVENUE L,110,S,N,A,-,N,NA,NA,NA,NA,NA,NA,NA,NA,NA,Y,3,0,3,2,A,-,04,21703,NA,N,C,C,A,A,H,-,A,A,0,NA,NA,NA,NA,Y,NA,A,01,0,1,2,0,0,0,0,0,0,-,-,NA,NA,LOS ANGELES,LANCASTER,-118.13053326000001,34.66022087
6538273,2014,2016-04-21,1942,2014-06-26,1835,34426,0216,4,5,7,1942,0,0,0,B,0,2TL28,ALVARADO ST,TEMPLE ST,500,N,N,A,-,Y,LA,7,101,-,-,2.725,R,4,S,N,4,0,5,2,A,-,09,21801,A,N,D,C,A,A,H,-,A,A,0,NA,NA,NA,NA,Y,NA,A,07,0,0,5,0,0,0,0,0,0,-,-,NA,NA,LOS ANGELES,LOS ANGELES,-118.26476211,34.07098595
6538274,2014,2014-08-15,1942,2014-06-21,1840,40545,0215,6,5,7,1942,0,0,0,B,0,4TL43,TEMPLE ST,BENTON WY,0,NA,Y,A,-,N,NA,NA,NA,NA,NA,NA,NA,NA,NA,Y,3,0,3,5,A,-,12,21453,A,N,D,C,A,A,H,-,A,A,0,NA,NA,NA,NA,Y,NA,A,08,0,3,0,0,0,0,0,0,0,-,-,NA,NA,LOS ANGELES,LOS ANGELES,-118.27573001,34.07290001
6538275,2014,2014-08-14,1900,2014-06-27,2015,280715,1434,5,5,4,1937,0,0,0,NA,0,143T1,WICKFORD AV,VALLEY BL,10,W,N,A,-,N,NA,NA,NA,NA,NA,NA,NA,NA,NA,N,4,0,1,2,D,-,00,NA,NA,M,D,G,A,A,H,-,C,A,0,NA,Y,NA,NA,Y,NA,-,-,0,0,1,0,0,0,1,0,0,-,-,34.01031,-117.93217,LOS ANGELES,LA PUENTE,-117.93214,34.01013
6538277,2014,2014-08-15,1942,2014-06-25,1135,40726,0201,3,5,7,1942,0,0,0,B,0,1TL24,EDGEMONT ST,SANTA MONICA BL,0,NA,Y,A,-,N,NA,NA,NA,NA,NA,NA,NA,NA,NA,Y,3,0,2,3,A,-,12,21453,A,N,D,C,A,A,H,-,A,A,0,NA,NA,NA,NA,Y,NA,A,01,0,1,1,0,0,0,0,0,0,-,-,NA,NA,LOS ANGELES,LOS ANGELES,-118.29608007,34.09085001
6538278,2014,2014-08-14,1942,2014-06-15,1330,33122,1127,7,5,7,1942,0,0,0,K,0,2MQ48,YORCK AV,AVE 56,45,E,N,A,-,N,NA,NA,NA,NA,NA,NA,NA,NA,NA,N,3,0,1,2,C,-,18,NA,NA,N,E,G,A,A,H,-,A,D,0,NA,Y,NA,NA,Y,NA,-,-,0,1,0,0,0,0,1,0,0,-,-,NA,NA,LOS ANGELES,LOS ANGELES,-118.196546,34.119369
6538281,2014,2014-08-15,1942,2014-06-26,1932,38357,1142,4,5,7,1942,0,0,0,K,0,13TL22,LOS FELIZ BL,HILLHURST AV,16,W,N,A,-,N,NA,NA,NA,NA,NA,NA,NA,NA,NA,Y,4,0,1,2,A,-,09,21801,A,N,D,C,A,A,H,-,A,D,0,NA,NA,Y,NA,Y,NA,A,01,0,0,1,0,0,0,0,0,1,-,-,NA,NA,LOS ANGELES,LOS ANGELES,-118.28749142,34.1118802
6538282,2014,2014-08-14,1942,2014-06-16,1750,38171,1118,1,5,7,1942,0,0,0,K,0,11TL32,FIGUEROA ST,AVE 56,0,NA,Y,A,-,N,NA,NA,NA,NA,NA,NA,NA,NA,NA,N,4,0,1,2,A,-,17,21451,A,N,D,G,A,A,H,-,A,A,0,NA,Y,NA,NA,Y,NA,L,04,0,0,1,0,0,0,1,0,0,-,-,NA,NA,LOS ANGELES,LOS ANGELES,-118.19420011,34.10890012
6538283,2014,2014-08-14,1900,2014-06-10,1530,528222,1416,2,5,1,1932,0,0,0,NA,0,143T1P,ALBATROSS RD,ALMAHURST RD,0,NA,Y,A,-,N,NA,NA,NA,NA,NA,NA,NA,NA,NA,N,4,0,1,2,A,-,12,22450,A,N,D,C,A,A,H,-,A,A,0,NA,NA,NA,NA,Y,NA,A,07,0,0,1,0,0,0,0,0,0,-,-,NA,NA,LOS ANGELES,INDUSTRY,-117.92411012,33.99199011
6538285,2014,2014-08-15,1942,2014-06-22,1710,HAMADA,1125,7,5,7,1942,0,0,0,K,0,11X73,YORK BL,AVENUE 50,95,W,N,A,-,N,NA,NA,NA,NA,NA,NA,NA,NA,NA,N,4,0,1,3,A,-,04,21703,NA,N,C,C,A,A,H,-,A,A,0,NA,NA,NA,NA,Y,NA,-,NA,0,0,1,0,0,0,0,0,0,-,-,NA,NA,LOS ANGELES,LOS ANGELES,-118.20719497,34.12153951
6538286,2014,2014-08-26,1942,2014-06-28,1600,38171,1136,6,5,7,1942,0,0,0,K,0,11TL32,YORK BL,EAGLE ROCK BL,755,E,N,A,-,N,NA,NA,NA,NA,NA,NA,NA,NA,NA,N,4,0,1,2,A,-,09,21804,A,N,D,C,A,A,H,-,-,D,0,NA,NA,Y,NA,Y,NA,A,01,0,0,1,0,0,0,0,0,1,-,-,NA,NA,LOS ANGELES,LOS ANGELES,-118.21845171,34.12369228
6538289,2014,2014-08-15,1942,2014-06-24,1710,37225,1145,2,5,7,1942,0,0,0,K,0,1TL24,RIVERSIDE AV,FLETCHER DR,136,N,N,A,-,N,NA,NA,NA,NA,NA,NA,NA,NA,NA,N,4,0,1,2,A,-,03,22350,NA,N,C,C,A,A,H,-,A,D,0,NA,NA,NA,NA,Y,NA,A,07,0,0,1,0,0,0,0,0,0,-,-,NA,NA,LOS ANGELES,LOS ANGELES,-118.25678905,34.10630554
6538290,2014,2014-08-14,1942,2014-06-16,2000,40545,1145,1,5,7,1942,0,0,0,K,0,11TL21,FLETCHER DR,RIPPLE ST,180,S,N,A,-,N,NA,NA,NA,NA,NA,NA,NA,NA,NA,N,3,0,1,2,A,-,-,NA,NA,N,B,G,A,A,H,-,B,D,0,NA,Y,NA,NA,Y,NA,A,07,0,1,0,0,0,0,1,0,0,-,-,NA,NA,LOS ANGELES,LOS ANGELES,-118.25485708,34.10741081
6538293,2014,2014-08-15,1942,2014-06-26,0455,40726,1124,4,5,7,1942,0,0,0,K,0,1T24,FLETCHER DR,SAN FERNANDO RD,0,NA,Y,A,-,N,NA,NA,NA,NA,NA,NA,NA,NA,NA,Y,4,0,1,2,A,-,09,21801,A,N,D,C,A,-,H,-,C,A,0,NA,NA,NA,NA,Y,NA,A,01,0,0,1,0,0,0,0,0,0,-,-,NA,NA,LOS ANGELES,LOS ANGELES,-118.2458701,34.11488005
6538294,2014,2014-08-26,1942,2014-06-13,1210,31152,1125,5,5,7,1942,0,0,0,K,0,2TL15,YORK BL,TONANDA AV,120,W,N,A,-,N,NA,NA,NA,NA,NA,NA,NA,NA,NA,N,4,0,1,2,A,-,21,22106,NA,N,C,C,A,A,H,-,A,D,0,NA,NA,NA,NA,Y,NA,A,07,0,0,1,0,0,0,0,0,0,-,-,NA,NA,LOS ANGELES,LOS ANGELES,NA,NA
6538295,2014,2014-08-12,1925,2014-06-27,1808,21412,1,5,5,6,1925,0,0,0,NA,0,170,DOROTHY DR,SPENCER ST,350,S,N,A,-,N,NA,NA,NA,NA,NA,NA,NA,NA,NA,Y,2,0,1,1,A,-,01,23152,E,N,H,A,A,A,H,-,A,D,0,NA,NA,NA,NA,Y,NA,A,NA,1,0,0,0,0,0,0,0,0,-,-,NA,NA,LOS ANGELES,GLENDALE,-118.26456,34.16687
6538297,2014,2014-08-15,1942,2014-06-18,1225,31542,1136,3,5,7,1942,0,0,0,K,0,1TL11,EL PASO DR,AVENUE 43,22,W,N,A,-,N,NA,NA,NA,NA,NA,NA,NA,NA,NA,Y,4,0,2,2,A,-,08,22107,NA,N,C,E,A,A,H,-,A,A,0,NA,NA,NA,NA,Y,NA,A,07,0,0,2,0,0,0,0,0,0,-,-,NA,NA,LOS ANGELES,LOS ANGELES,-118.22095897,34.11979451
6538298,2014,2014-08-14,1942,2014-06-12,1215,39745,1123,4,5,7,1942,0,0,0,K,0,4T43,LOS FELIZ BL,SENECA AV,42,S,N,A,-,N,NA,NA,NA,NA,NA,NA,NA,NA,NA,Y,3,0,2,2,A,-,09,21801,A,N,A,C,A,A,H,-,A,A,0,NA,NA,NA,NA,Y,NA,A,01,0,1,1,0,0,0,0,0,0,-,-,NA,NA,LOS ANGELES,LOS ANGELES,-118.26298806,34.12638977
6538299,2014,2014-08-14,1925,2014-06-19,1907,21975,205,4,5,6,1925,0,0,0,NA,0,001,WESTERN AV,LAKE ST,0,NA,Y,A,-,N,NA,NA,NA,NA,NA,NA,NA,NA,NA,Y,4,0,1,2,A,-,08,22107,NA,N,D,C,A,A,H,-,A,A,0,NA,NA,NA,NA,Y,NA,A,NA,0,0,1,0,0,0,0,0,0,-,-,NA,NA,LOS ANGELES,GLENDALE,-118.29778012,34.16346007
6538301,2014,2014-08-15,1942,2014-06-28,1715,34426,1133,6,5,7,1942,0,0,0,K,0,2TL28,MADERA AV,TYBURN ST,0,NA,Y,A,-,N,NA,NA,NA,NA,NA,NA,NA,NA,NA,N,3,0,1,2,A,-,09,21802,A,N,D,G,A,A,H,-,A,A,0,NA,Y,NA,NA,Y,NA,A,01,0,1,0,0,0,0,1,0,0,-,-,NA,NA,LOS ANGELES,LOS ANGELES,-118.25939004,34.11466008
6538302,2014,2014-08-14,1942,2014-06-17,2005,40325,1134,2,5,7,1942,0,0,0,K,0,11T25,CYPRESS AV,DIVISION ST,0,NA,Y,A,-,N,NA,NA,NA,NA,NA,NA,NA,NA,NA,Y,4,0,1,2,A,-,01,23152,A,F,D,C,A,A,H,-,B,A,0,NA,NA,NA,NA,Y,Y,A,01,0,0,1,0,0,0,0,0,0,-,-,NA,NA,LOS ANGELES,LOS ANGELES,-118.23629012,34.10265007
6538303,2014,2014-08-14,1925,2014-06-09,0931,14676,275,1,5,6,1925,0,0,0,NA,0,002,SAN FERNANDO RD,MAGNOLIA ST,200,N,N,A,-,N,NA,NA,NA,NA,NA,NA,NA,NA,NA,Y,2,0,1,2,A,-,04,21703,NA,N,C,C,A,A,H,-,A,D,0,NA,NA,Y,NA,Y,NA,C,02,1,0,0,0,0,0,0,0,1,-,-,NA,NA,LOS ANGELES,GLENDALE,-118.26134231,34.13129325
6538305,2014,2014-08-15,1942,2014-06-17,2310,37611,0245,2,5,7,1942,0,0,0,B,0,2T25,ALVARADO ST,WILSHIRE BL,6,S,N,A,-,N,NA,NA,NA,NA,NA,NA,NA,NA,NA,N,3,0,1,2,A,-,11,21950,B,N,G,B,B,A,H,-,C,A,0,Y,NA,NA,NA,Y,NA,N,60,0,1,0,0,1,0,0,0,0,-,-,NA,NA,LOS ANGELES,LOS ANGELES,-118.27587924,34.05792545
6538306,2014,2014-08-14,1942,2014-06-17,0135,37611,1123,2,5,7,1942,0,0,0,K,0,2T15,BRUNSWICK AV,LOS FELIZ BL,200,N,N,A,-,N,NA,NA,NA,NA,NA,NA,NA,NA,NA,N,4,0,1,3,A,-,01,23152,A,N,C,E,A,A,H,-,C,D,0,NA,NA,NA,NA,Y,Y,A,01,0,0,1,0,0,0,0,0,0,-,-,NA,NA,LOS ANGELES,LOS ANGELES,-118.26602818,34.12546045
6538307,2014,2014-08-14,1925,2014-06-29,2131,24286,195,7,5,6,1925,0,0,0,NA,0,001,WESTERN AV,GLENOAKS,0,N,N,A,-,N,NA,NA,NA,NA,NA,NA,NA,NA,NA,N,3,0,1,2,A,-,03,22350,NA,N,C,C,A,-,H,-,C,D,0,NA,NA,NA,NA,Y,NA,-,NA,0,1,0,0,0,0,0,0,0,-,-,NA,NA,LOS ANGELES,GLENDALE,-118.28974007,34.17106006
6538309,2014,2014-08-15,1942,2014-06-12,0750,31324,0212,4,5,7,1942,0,0,0,B,0,1TL11,VERMONT AV,CLINTON ST,0,S,N,A,-,N,NA,NA,NA,NA,NA,NA,NA,NA,NA,N,4,0,1,2,A,-,03,22350,NA,F,C,C,A,A,H,-,A,A,0,NA,NA,NA,NA,Y,NA,-,99,0,0,1,0,0,0,0,0,0,-,-,NA,NA,LOS ANGELES,LOS ANGELES,-118.29172001,34.08175005
6538310,2014,2014-08-14,1942,2014-06-18,1130,32973,1143,3,5,7,1942,0,0,0,K,0,11TL32,SAINT GEORGE ST,GRIFFITH PARK BL,0,NA,Y,A,-,N,NA,NA,NA,NA,NA,NA,NA,NA,NA,N,3,0,1,1,A,-,03,22350,NA,N,E,I,A,A,H,-,A,D,0,NA,NA,Y,NA,Y,NA,C,03,0,1,0,0,0,0,0,0,1,-,-,NA,NA,LOS ANGELES,LOS ANGELES,-118.27488,34.10895012
6538312,2014,2014-08-20,1900,2014-06-12,1515,476816,1333,4,5,5,1935,0,0,0,NA,0,132T1,WOODRUFF AV,LINDALE ST,75,S,N,A,-,N,NA,NA,NA,NA,NA,NA,NA,NA,NA,Y,4,0,3,2,A,-,03,22350,NA,N,C,C,A,A,H,-,A,A,0,NA,NA,NA,NA,Y,NA,A,NA,0,0,3,0,0,0,0,0,0,-,-,NA,NA,LOS ANGELES,LAKEWOOD,-118.11664,33.90024434
6538313,2014,2014-09-22,1942,2014-06-14,1330,37225,0217,6,5,7,1942,0,0,0,B,0,1TL24,TEMPLE ST,GLENDALE BL,278,NA,N,A,-,N,NA,NA,NA,NA,NA,NA,NA,NA,NA,N,3,0,1,2,A,-,09,21804,A,N,G,G,A,A,H,-,A,D,0,NA,Y,NA,NA,Y,NA,-,-,0,1,0,0,0,0,1,0,0,-,-,NA,NA,LOS ANGELES,LOS ANGELES,-118.26088007,34.06815006
6538314,2014,2014-08-14,1942,2014-06-12,2145,40008,1132,4,5,7,1942,0,0,0,K,0,13T53,LOS FELIZ,RIVERSIDE,5,W,N,A,-,N,NA,NA,NA,NA,NA,NA,NA,NA,NA,NA,4,0,1,2,A,-,10,21950,A,N,D,B,B,A,H,-,C,A,0,Y,NA,NA,NA,Y,NA,A,07,0,0,1,0,1,0,0,0,0,-,-,NA,NA,LOS ANGELES,LOS ANGELES,-118.27169507,34.11698695
6538316,2014,2014-08-12,1900,2014-06-05,1849,531092,1329,4,5,5,1935,0,0,0,NA,0,132,CANDLEWOOD ST,GRAYWOOD AV,0,NA,Y,A,-,N,NA,NA,NA,NA,NA,NA,NA,NA,NA,Y,4,0,1,2,A,-,09,21801,A,N,B,C,A,A,H,-,A,A,0,NA,NA,NA,NA,Y,NA,A,01,0,0,1,0,0,0,0,0,0,-,-,NA,NA,LOS ANGELES,LAKEWOOD,-118.13807,33.85383004
6538317,2014,2015-09-28,1942,2014-06-13,1000,38878,0251,5,5,7,1942,0,0,0,B,0,2A45,RAMPART BL,7TH ST,0,NA,Y,A,-,N,NA,NA,NA,NA,NA,NA,NA,NA,NA,N,4,0,1,2,A,-,10,21950,A,F,G,B,B,A,H,-,A,A,0,Y,NA,NA,NA,Y,NA,-,99,0,0,1,0,1,0,0,0,0,-,-,NA,NA,LOS ANGELES,LOS ANGELES,-118.28326006,34.0593701