CASE_ID,ACCIDENT_YEAR,PROC_DATE,JURIS,COLLISION_DATE,COLLISION_TIME,OFFICER_ID,REPORTING_DISTRICT,DAY_OF_WEEK,CHP_SHIFT,POPULATION,CNTY_CITY_LOC,SPECIAL_COND,BEAT_TYPE,CHP_BEAT_TYPE,CITY_DIVISION_LAPD,CHP_BEAT_CLASS,BEAT_NUMBER,PRIMARY_RD,SECONDARY_RD,DISTANCE,DIRECTION,INTERSECTION,WEATHER_1,WEATHER_2,STATE_HWY_IND,CALTRANS_COUNTY,CALTRANS_DISTRICT,STATE_ROUTE,ROUTE_SUFFIX,POSTMILE_PREFIX,POSTMILE,LOCATION_TYPE,RAMP_INTERSECTION,SIDE_OF_HWY,TOW_AWAY,COLLISION_SEVERITY,NUMBER_KILLED,NUMBER_INJURED,PARTY_COUNT,PRIMARY_COLL_FACTOR,PCF_CODE_OF_VIOL,PCF_VIOL_CATEGORY,PCF_VIOLATION,PCF_VIOL_SUBSECTION,HIT_AND_RUN,TYPE_OF_COLLISION,MVIW,PED_ACTION,ROAD_SURFACE,ROAD_COND_1,ROAD_COND_2,LIGHTING,CONTROL_DEVICE,CHP_ROAD_TYPE,PEDESTRIAN_ACCIDENT,BICYCLE_ACCIDENT,MOTORCYCLE_ACCIDENT,TRUCK_ACCIDENT,NOT_PRIVATE_PROPERTY,ALCOHOL_INVOLVED,STWD_VEHTYPE_AT_FAULT,CHP_VEHTYPE_AT_FAULT,COUNT_SEVERE_INJ,COUNT_VISIBLE_INJ,COUNT_COMPLAINT_PAIN,COUNT_PED_KILLED,COUNT_PED_INJURED,COUNT_BICYCLIST_KILLED,COUNT_BICYCLIST_INJURED,COUNT_MC_KILLED,COUNT_MC_INJURED,PRIMARY_RAMP,SECONDARY_RAMP,LATITUDE,LONGITUDE,COUNTY,CITY,POINT_X,POINT_Y
6539521,2014,2016-02-06,9575,2014-06-05,1645,18381,NA,4,2,6,1953,0,1,1,NA,2,065,RT 210,SIERRA MADRE BL,50,W,N,A,-,Y,LA,7,210,-,R,28.52,H,-,W,N,3,0,1,2,A,-,07,21658,A,N,B,C,A,A,H,-,A,D,1,NA,NA,Y,NA,Y,NA,A,01,0,1,0,0,0,0,0,0,1,-,-,34.14635,-118.08265,LOS ANGELES,PASADENA,-118.09409517,34.15266488
6539525,2014,2016-04-23,9575,2014-06-04,1835,20438,NA,3,2,9,1900,0,1,1,NA,2,062,RT 210,LOWELL AV,20,E,N,A,-,Y,LA,7,210,-,R,15.624,R,1,E,N,4,0,1,2,A,-,03,22350,NA,N,C,C,A,A,H,-,A,D,1,NA,NA,NA,NA,Y,NA,A,08,0,0,1,0,0,0,0,0,0,TO,-,34.23034,-118.26623,LOS ANGELES,UNINCORPORATED,-118.26636538,34.23114105
6539529,2014,2015-11-19,9575,2014-06-04,2130,20529,NA,3,2,6,1912,0,1,1,NA,2,051,RT 5,ALAMEDA AV,500,N,N,A,-,Y,LA,7,5,-,-,28.538,R,1,S,Y,4,0,3,2,A,-,03,22350,NA,N,C,C,A,A,H,-,C,D,1,NA,NA,NA,NA,Y,NA,A,07,0,0,3,0,0,0,0,0,0,TO,-,34.17087,-118.30544,LOS ANGELES,BURBANK,-118.30558255,34.17133907
6539533,2014,2016-04-25,9575,2014-06-17,0940,19754,NA,2,1,6,1925,0,1,3,NA,2,042,RT 134,JACKSON ST,150,E,N,A,-,Y,LA,7,134,-,R,7.43,H,-,W,N,4,0,1,2,A,-,03,22350,NA,N,C,C,A,A,H,-,A,D,1,NA,NA,NA,NA,Y,NA,A,01,0,0,1,0,0,0,0,0,0,-,-,34.15653,-118.24956,LOS ANGELES,GLENDALE,-118.24965327,34.15645967
6539537,2014,2015-11-19,9575,2014-06-13,1330,16325,NA,5,1,6,1925,0,1,1,NA,2,050,RT 5,ZOO DR,528,S,N,A,-,Y,LA,7,5,-,-,26.24,H,-,N,Y,3,0,2,3,A,-,03,22350,NA,N,C,C,A,A,H,-,A,D,1,NA,NA,NA,NA,Y,NA,A,01,0,1,1,0,0,0,0,0,0,-,-,34.14995,-118.28014,LOS ANGELES,GLENDALE,-118.27913644,34.14740939
6539541,2014,2014-08-28,9575,2014-06-03,1300,20002,NA,2,1,9,1900,0,2,4,NA,2,015,RAMSDELL AV,EVELYN ST,200,N,N,A,-,N,NA,NA,NA,NA,NA,NA,NA,NA,NA,Y,4,0,2,4,A,-,08,22107,NA,N,C,C,A,A,H,-,A,D,0,NA,NA,NA,NA,Y,NA,A,01,0,0,2,0,0,0,0,0,0,-,-,34.2235,-118.24431,LOS ANGELES,UNINCORPORATED,-118.24433,34.22385841
6539545,2014,2016-04-16,9575,2014-06-08,1635,20547,NA,7,2,9,1900,0,1,3,NA,2,302,RT 2,CAL TRANS SAND SHED,0,W,N,A,-,Y,LA,7,2,-,-,44.98,H,-,E,Y,2,0,1,1,A,-,03,22350,NA,N,F,A,A,A,H,-,A,D,0,NA,NA,Y,NA,Y,NA,C,02,1,0,0,0,0,0,0,0,1,-,-,34.32608,-118.01672,LOS ANGELES,UNINCORPORATED,-118.00682144,34.27783546
6539577,2014,2014-08-28,9430,2014-06-21,1015,18266,NA,6,1,9,1900,0,3,5,NA,2,001,GORMAN POST RD,RT 138,6864,N,N,A,-,N,NA,NA,NA,NA,NA,NA,NA,NA,NA,Y,3,0,1,1,A,-,08,22107,NA,N,E,I,A,A,H,-,A,A,0,NA,NA,NA,NA,Y,NA,A,01,0,1,0,0,0,0,0,0,0,-,-,34.77881,-118.79338,LOS ANGELES,UNINCORPORATED,-118.77057,34.77473
6539604,2014,2014-08-11,1976,2014-06-12,1542,420,NA,4,5,3,1964,0,0,0,NA,0,003,STAGE RD,ROSECRANS AV,396,S,N,A,-,N,NA,NA,NA,NA,NA,NA,NA,NA,NA,Y,4,0,3,2,A,-,08,22107,NA,N,D,C,A,A,H,-,A,D,0,NA,NA,NA,NA,Y,NA,A,01,0,0,3,0,0,0,0,0,0,-,-,NA,NA,LOS ANGELES,SANTA FE SPRINGS,-118.03627215,33.90184728
6539613,2014,2014-08-28,1942,2014-06-03,1230,36713,1591,2,5,7,1942,0,0,0,O,0,15EL5,VENTURA BL,WHITSETT AV,90,E,N,A,-,N,NA,NA,NA,NA,NA,NA,NA,NA,NA,N,4,0,1,2,A,-,07,21658,A,N,B,C,A,A,H,-,A,D,0,NA,NA,NA,NA,Y,NA,-,-,0,0,1,0,0,0,0,0,0,-,-,NA,NA,LOS ANGELES,LOS ANGELES,-118.40488357,34.14269903
6539617,2014,2014-08-04,1942,2014-05-30,0410,39410,1595,5,5,7,1942,0,0,0,O,0,15A1,LAUREL CYN BL,CANTON WY,400,N,N,A,-,N,NA,NA,NA,NA,NA,NA,NA,NA,NA,Y,3,0,1,3,A,-,03,22350,NA,N,D,C,A,A,H,-,C,D,0,NA,NA,NA,NA,Y,NA,D,22,0,1,0,0,0,0,0,0,0,-,-,34.07929,-118.23108,LOS ANGELES,LOS ANGELES,-118.3866,34.13226
6539625,2014,2014-08-23,1942,2014-06-04,1615,40972,1519,3,5,7,1942,0,0,0,O,0,19T74,VINELAND AV,ARCHWOOD ST,0,NA,Y,A,-,N,NA,NA,NA,NA,NA,NA,NA,NA,NA,Y,4,0,1,2,A,-,09,21802,A,N,D,C,A,A,H,-,A,A,0,NA,NA,NA,NA,Y,NA,D,22,0,0,1,0,0,0,0,0,0,-,-,NA,NA,LOS ANGELES,LOS ANGELES,-118.37031006,34.19211011
6539629,2014,2014-08-23,1942,2014-06-03,1815,39131,1522,2,5,7,1942,0,0,0,O,0,10X12,VANOWEN ST,COLDWATER CANYON,0,NA,Y,A,-,N,NA,NA,NA,NA,NA,NA,NA,NA,NA,N,4,0,1,2,A,-,04,21703,NA,N,C,C,A,A,H,-,A,A,0,NA,NA,NA,NA,Y,NA,D,22,0,0,1,0,0,0,0,0,0,-,-,NA,NA,LOS ANGELES,LOS ANGELES,-118.41380005,34.19394007
6539633,2014,2014-08-29,1942,2014-06-06,0850,38835,1987,5,5,7,1942,0,0,0,NA,0,19A61,ROSCOE BL,WOODMAN AV,50,W,N,A,-,N,NA,NA,NA,NA,NA,NA,NA,NA,NA,N,4,0,1,2,A,-,04,21703,NA,F,C,C,A,A,H,-,A,D,0,NA,NA,NA,NA,Y,NA,-,NA,0,0,1,0,0,0,0,0,0,-,-,NA,NA,LOS ANGELES,LOS ANGELES,-118.43291507,34.22167754
6539642,2014,2014-08-19,1928,2014-06-18,1347,324,NA,3,5,5,1928,0,0,0,NA,0,NA,145TH ST,INGLEWOOD AV,62,W,N,A,-,N,NA,NA,NA,NA,NA,NA,NA,NA,NA,Y,3,0,1,1,A,-,17,21663,NA,N,E,I,A,A,H,-,A,A,0,NA,NA,NA,NA,Y,NA,D,22,0,1,0,0,0,0,0,0,0,-,-,NA,NA,LOS ANGELES,HAWTHORNE,-118.36149393,33.89966
6539675,2014,2014-08-11,1976,2014-06-10,1640,244,1976,2,5,3,1964,0,0,0,NA,0,002,TELEGRAPH RD,MATERN PL,10,W,N,A,-,N,NA,NA,NA,NA,NA,NA,NA,NA,NA,Y,4,0,1,2,A,-,09,21804,A,N,D,C,A,A,H,-,A,D,0,NA,NA,NA,NA,Y,NA,A,07,0,0,1,0,0,0,0,0,0,-,-,NA,NA,LOS ANGELES,SANTA FE SPRINGS,-118.07739947,33.94371219
6539679,2014,2014-08-11,1976,2014-06-10,1800,747,NA,2,5,3,1964,0,0,0,NA,0,NA,NORWALK BL,FLORENCE AV,12,N,N,A,-,N,NA,NA,NA,NA,NA,NA,NA,NA,NA,N,4,0,1,2,A,-,04,21703,NA,N,C,C,A,A,H,-,A,A,0,NA,NA,NA,NA,Y,NA,D,22,0,0,1,0,0,0,0,0,0,-,-,NA,NA,LOS ANGELES,SANTA FE SPRINGS,-118.07272,33.9353829
6539715,2014,2016-04-22,1976,2014-06-19,0505,597,NA,4,5,5,1976,0,0,0,NA,0,NA,BARTON RD,WHITTIER BL,144,S,N,A,-,Y,LA,7,72,-,-,3.327,I,6,S,Y,3,0,1,1,B,-,22,NA,NA,N,H,A,A,A,H,-,B,D,0,NA,NA,NA,NA,Y,NA,D,22,0,1,0,0,0,0,0,0,0,-,-,NA,NA,LOS ANGELES,WHITTIER,-118.02812562,33.96039986
6539716,2014,2015-04-11,1913,2014-06-20,1239,3920,06,5,5,4,1913,0,0,0,NA,0,001,ARROW HWY,GENEVA AV,0,NA,Y,A,-,N,NA,NA,NA,NA,NA,NA,NA,NA,NA,Y,3,0,1,1,A,-,03,22350,NA,N,E,I,A,A,H,-,A,D,0,NA,NA,NA,Y,Y,NA,F,26,0,1,0,0,0,0,0,0,0,-,-,NA,NA,LOS ANGELES,CLAREMONT,-117.72567013,34.09048012
6539719,2014,2016-04-22,1976,2014-06-18,1848,332,NA,3,5,5,1976,0,0,0,NA,0,NA,WHITTIER BL,FRIENDS AV,50,E,N,A,-,Y,LA,7,72,-,-,3.71,H,-,S,Y,3,0,1,2,A,-,03,22350,NA,N,C,C,A,A,H,-,A,D,0,NA,NA,Y,NA,Y,NA,C,02,0,1,0,0,0,0,0,0,1,-,-,NA,NA,LOS ANGELES,WHITTIER,-118.03361023,33.96357363
6539746,2014,2014-08-12,1976,2014-06-19,1221,890,NA,4,5,3,1964,0,0,0,NA,0,NA,TELEGRAPH RD,GATEWAY PLZ,75,E,N,A,-,N,NA,NA,NA,NA,NA,NA,NA,NA,NA,N,4,0,1,2,A,-,03,22350,NA,N,C,C,A,A,H,-,A,D,0,NA,NA,NA,NA,Y,NA,D,22,0,0,1,0,0,0,0,0,0,-,-,NA,NA,LOS ANGELES,SANTA FE SPRINGS,-118.048524,33.941568
6539754,2014,2014-08-11,1976,2014-06-18,0736,226,NA,3,5,3,1964,0,0,0,NA,0,002,TELEGRAPH RD,BLOOMFIELD AV,437,E,N,A,-,N,NA,NA,NA,NA,NA,NA,NA,NA,NA,Y,4,0,1,3,A,-,03,22350,NA,N,C,C,A,A,H,-,A,D,0,NA,NA,NA,NA,Y,NA,A,01,0,0,1,0,0,0,0,0,0,-,-,NA,NA,LOS ANGELES,SANTA FE SPRINGS,-118.06263234,33.94179503
6539770,2014,2014-07-31,1900,2014-05-10,2340,526351,1335,6,5,5,1908,0,0,0,NA,0,133T1,DOWNEY AV,CEDAR ST,0,NA,Y,A,-,N,NA,NA,NA,NA,NA,NA,NA,NA,NA,N,3,0,1,2,A,-,09,21802,A,N,D,C,A,A,H,-,C,D,0,NA,NA,NA,NA,Y,NA,A,01,0,1,0,0,0,0,0,0,0,-,-,NA,NA,LOS ANGELES,BELLFLOWER,-118.15129001,33.87106011
6539778,2014,2016-04-22,1900,2014-04-24,0719,526288,1365,4,5,5,1952,0,0,0,NA,0,133T1,CENTURY BL,RT 19,0,NA,Y,A,-,Y,LA,7,19,-,-,7.804,I,6,S,N,4,0,1,2,A,-,05,21650,1,N,D,G,A,A,H,-,A,A,0,NA,Y,NA,NA,Y,NA,L,04,0,0,1,0,0,0,1,0,0,-,-,NA,NA,LOS ANGELES,PARAMOUNT,-118.14296928,33.90230571
6539785,2014,2014-07-22,1900,2014-04-20,0930,476816,1320,7,5,5,1935,0,0,0,NA,0,132T1,CANDLEWOOD ST,DOWNEY AV,0,NA,Y,A,-,N,NA,NA,NA,NA,NA,NA,NA,NA,NA,N,3,0,1,2,A,-,05,21202,A,N,D,G,A,A,H,-,A,A,0,NA,Y,NA,NA,Y,NA,-,NA,0,1,0,0,0,0,1,0,0,-,-,NA,NA,LOS ANGELES,LAKEWOOD,-118.15115009,33.85386009
6539786,2014,2014-07-22,1900,2014-04-22,1508,525758,1337,2,5,5,1908,0,0,0,NA,0,133T1,CORNUTA AV,ALONDRA BL,0,NA,Y,A,-,N,NA,NA,NA,NA,NA,NA,NA,NA,NA,N,3,0,1,2,A,-,11,21456,B,N,D,B,B,A,H,-,A,A,0,Y,NA,NA,NA,Y,NA,N,60,0,1,0,0,1,0,0,0,0,-,-,NA,NA,LOS ANGELES,BELLFLOWER,-118.11987001,33.88937006
6539793,2014,2014-07-31,1900,2014-05-13,1400,4877833,1351,2,5,3,1927,0,0,0,NA,0,135B,CARSON ST,JUAN AV,40,E,N,A,-,N,NA,NA,NA,NA,NA,NA,NA,NA,NA,N,4,0,1,2,A,-,04,21703,NA,N,C,C,A,A,H,-,A,A,0,NA,NA,NA,NA,Y,NA,A,01,0,0,1,0,0,0,0,0,0,-,-,NA,NA,LOS ANGELES,HAWAIIAN GARDENS,-118.07546857,33.83153
6539794,2014,2014-07-22,1900,2014-04-22,1600,447546,1349,2,5,3,1903,0,0,0,NA,0,134,PIONEER BL,187TH ST,27,NA,N,A,-,N,NA,NA,NA,NA,NA,NA,NA,NA,NA,N,4,0,1,2,A,-,-,NA,NA,N,C,C,A,A,H,-,A,A,0,NA,NA,NA,NA,Y,NA,D,22,0,0,1,0,0,0,0,0,0,-,-,NA,NA,LOS ANGELES,ARTESIA,-118.08213004,33.86134005
6539796,2014,2016-02-05,9535,2014-06-16,1600,17598,NA,1,2,5,1901,0,1,1,NA,2,420,RT 10,ATLANTIC BL,100,E,N,A,-,Y,LA,7,10,-,-,23.3,H,-,E,Y,4,0,1,3,A,-,04,21703,NA,N,C,C,A,A,H,-,A,D,1,NA,NA,NA,NA,Y,NA,A,01,0,0,1,0,0,0,0,0,0,-,-,34.07132,-118.13192,LOS ANGELES,ALHAMBRA,-118.13501876,34.07130077
6539812,2014,2016-04-21,9535,2014-06-20,1553,17802,NA,5,2,4,1907,0,1,1,NA,2,073,RT 710,GAGE AV,200,NA,N,A,-,Y,LA,7,710,-,-,20.31,H,-,S,Y,4,0,2,3,A,-,03,22350,NA,N,C,C,A,A,H,-,A,D,1,NA,NA,NA,NA,Y,NA,A,01,0,0,2,0,0,0,0,0,0,-,-,33.97645,-118.16746,LOS ANGELES,BELL,-118.16758417,33.97653985
6539817,2014,2014-07-23,1900,2014-03-06,1330,436136,1323,4,5,5,1935,0,0,0,NA,0,132T2,CARSON ST,WATSON PLAZA DR,0,NA,Y,A,-,N,NA,NA,NA,NA,NA,NA,NA,NA,NA,Y,3,0,4,2,D,-,00,NA,NA,N,A,C,A,A,H,-,A,A,0,NA,NA,NA,NA,Y,NA,-,-,0,1,3,0,0,0,0,0,0,-,-,NA,NA,LOS ANGELES,LAKEWOOD,-118.15513007,33.83234008
6539820,2014,2016-04-23,9535,2014-06-13,0530,20767,NA,5,3,5,1969,0,1,1,NA,2,075,RT 710,IMPERIAL HWY,100,N,N,B,-,Y,LA,7,710,-,-,17.01,H,-,S,N,4,0,1,2,A,-,07,21658,A,M,B,C,A,A,H,-,A,D,1,NA,NA,NA,NA,Y,NA,A,01,0,0,1,0,0,0,0,0,0,-,-,33.91916,-118.18005,LOS ANGELES,SOUTH GATE,-118.17883047,33.93122247
6539825,2014,2014-07-31,1900,2014-05-20,1841,S09871,1320,2,5,5,1935,0,0,0,NA,0,132T1,SOUTH ST,DOWNEY AV,0,NA,Y,A,-,N,NA,NA,NA,NA,NA,NA,NA,NA,NA,Y,4,0,1,3,A,-,09,21801,A,N,D,C,A,A,H,-,A,A,0,NA,NA,NA,NA,Y,NA,A,NA,0,0,1,0,0,0,0,0,0,-,-,NA,NA,LOS ANGELES,LAKEWOOD,-118.1511801,33.86022001
6539829,2014,2014-07-31,1900,2014-05-21,0715,476816,1321,3,5,5,1935,0,0,0,NA,0,132T1,BELLFLOWER BL,CANDLEWOOD ST,0,NA,Y,A,-,N,NA,NA,NA,NA,NA,NA,NA,NA,NA,Y,4,0,1,2,A,-,09,21801,A,N,D,C,A,A,H,-,A,A,0,NA,NA,NA,NA,Y,NA,A,NA,0,0,1,0,0,0,0,0,0,-,-,NA,NA,LOS ANGELES,LAKEWOOD,-118.12528011,33.8536201
6539843,2014,2014-08-18,1942,2014-06-13,1520,37966,0839,5,5,7,1942,0,0,0,H,0,8TL26,CENTURY PARK EAST,SANTA MONICA BL,317,S,N,A,-,N,NA,NA,NA,NA,NA,NA,NA,NA,NA,N,4,0,1,2,A,-,02,22400,A,N,C,C,A,A,H,-,A,D,0,NA,NA,NA,NA,Y,NA,A,01,0,0,1,0,0,0,0,0,0,-,-,NA,NA,LOS ANGELES,LOS ANGELES,-118.41541023,34.06246827
6539850,2014,2014-08-15,9535,2014-06-25,1125,16100,NA,3,1,9,1900,0,2,4,NA,2,025,ATLANTIC BL,UNION PACIFIC AV,0,NA,Y,A,-,N,NA,NA,NA,NA,NA,NA,NA,NA,NA,N,4,0,1,2,A,-,10,21950,A,N,G,B,B,A,H,-,A,A,0,Y,NA,NA,NA,Y,NA,D,22,0,0,1,0,1,0,0,0,0,-,-,34.005,-118.0933,LOS ANGELES,UNINCORPORATED,-118.15920014,34.01412004
6539865,2014,2014-09-09,1900,2014-06-17,0940,00001,NA,2,5,3,1914,0,0,0,NA,0,NA,TELEGRAPH RD,CAMFIELD DR,70,E,N,A,-,N,NA,NA,NA,NA,NA,NA,NA,NA,NA,N,4,0,1,2,A,-,07,21658,A,N,B,C,A,A,H,-,A,A,0,NA,NA,NA,NA,Y,NA,D,22,0,0,1,0,0,0,0,0,0,-,-,34.00815,-118.15647,LOS ANGELES,COMMERCE,-118.15642212,34.00778016
6539886,2014,2014-07-31,1942,2014-05-08,1440,37416,2088,4,5,7,1942,0,0,0,NA,0,20TL56,VERMONT AV,VENICE BL,271,S,N,A,-,N,NA,NA,NA,NA,NA,NA,NA,NA,NA,N,3,0,1,2,A,-,03,22350,NA,N,B,C,A,A,H,-,A,D,0,NA,Y,NA,NA,Y,NA,L,04,0,1,0,0,0,0,1,0,0,-,-,NA,NA,LOS ANGELES,LOS ANGELES,-118.29158787,34.04351684
6539890,2014,2014-08-13,1942,2014-06-17,1115,38310,2088,2,5,7,1942,0,0,0,NA,0,7TL23,WASHINGTON BL,VERMONT AV,0,NA,Y,A,-,N,NA,NA,NA,NA,NA,NA,NA,NA,NA,Y,3,0,2,2,A,-,09,21801,A,N,B,C,A,-,H,-,A,-,0,NA,NA,NA,NA,Y,NA,A,01,0,2,0,0,0,0,0,0,0,-,-,NA,NA,LOS ANGELES,LOS ANGELES,-118.29157014,34.04001001
6539906,2014,2014-08-18,1942,2014-06-02,1210,31255,0777,1,5,7,1942,0,0,0,G,0,20TL56,VENICE BL,VICTORIA AV,30,E,N,A,-,N,NA,NA,NA,NA,NA,NA,NA,NA,NA,Y,4,0,2,3,A,-,-,NA,NA,N,C,C,A,A,H,-,A,D,0,NA,NA,NA,NA,Y,NA,D,22,0,0,2,0,0,0,0,0,0,-,-,NA,NA,LOS ANGELES,LOS ANGELES,-118.4568353,33.99208235
6539910,2014,2014-08-18,1942,2014-06-07,1045,39746,0762,6,5,7,1942,0,0,0,G,0,6T7,LA CIENEGA BL,18TH ST,67,S,N,A,-,N,NA,NA,NA,NA,NA,NA,NA,NA,NA,Y,4,0,1,2,A,-,04,21703,NA,N,C,C,A,A,H,-,A,D,0,NA,NA,NA,NA,Y,NA,A,01,0,0,1,0,0,0,0,0,0,-,-,NA,NA,LOS ANGELES,LOS ANGELES,-118.37683235,34.04432634
6539913,2014,2016-02-05,9535,2014-06-20,1625,19090,NA,5,2,5,1901,0,1,1,NA,2,420,RT 10,ATLANTIC BL,1000,E,N,A,-,Y,LA,7,10,-,-,23.53,H,-,E,N,4,0,2,2,A,-,03,22350,NA,N,C,C,A,A,H,-,A,D,1,NA,NA,NA,NA,Y,NA,D,22,0,0,2,0,0,0,0,0,0,-,-,34.07133,-118.13061,LOS ANGELES,ALHAMBRA,-118.13102642,34.07135203
6540083,2014,2016-04-23,9535,2014-06-19,0554,17802,NA,4,3,9,1900,0,1,1,NA,2,500,RT 710,RT 5,80,N,N,A,-,Y,LA,7,5,-,-,13.666,R,2,N,Y,4,0,2,2,A,-,08,22107,NA,N,E,I,A,A,H,-,A,D,1,NA,NA,NA,NA,Y,NA,A,01,0,0,2,0,0,0,0,0,0,TO,-,34.01868,-118.17318,LOS ANGELES,UNINCORPORATED,-118.17106283,34.01551415
6540087,2014,2016-04-21,9535,2014-06-26,0515,19626,NA,4,3,6,1922,0,1,1,NA,2,401,RT 10,RT 605,1056,W,N,A,-,Y,LA,7,10,-,-,31.11,H,-,W,N,4,0,1,2,A,-,03,22350,NA,N,C,C,A,A,H,-,B,D,1,NA,NA,NA,NA,Y,NA,A,01,0,0,1,0,0,0,0,0,0,-,-,34.06491,-118.01389,LOS ANGELES,EL MONTE,-118.00088284,34.06508675
6540091,2014,2014-08-20,9535,2014-06-19,1410,19135,NA,4,2,9,1900,0,2,4,NA,2,024,WHITTIER BL,BRADSHAWE AV,50,W,N,A,-,N,NA,NA,NA,NA,NA,NA,NA,NA,NA,Y,3,0,1,2,A,-,09,21804,A,F,E,A,A,A,H,-,A,D,0,NA,NA,Y,NA,Y,NA,-,99,0,1,0,0,0,0,0,0,1,-,-,34.01767,-118.14442,LOS ANGELES,UNINCORPORATED,-118.1443801,34.01768202
6540108,2014,2014-08-20,1942,2014-06-12,1250,39624,0812,4,5,7,1942,0,0,0,H,0,7TL23,SUNSET BL,BRISTOL CT,0,NA,Y,A,-,N,NA,NA,NA,NA,NA,NA,NA,NA,NA,Y,4,0,2,2,A,-,09,21802,A,N,D,C,A,A,H,-,A,D,0,NA,NA,NA,NA,Y,NA,A,01,0,0,2,0,0,0,0,0,0,-,-,NA,NA,LOS ANGELES,LOS ANGELES,-118.48883005,34.05644004
6540112,2014,2014-08-20,1942,2014-06-10,1210,31573,1409,2,5,7,1942,0,0,0,N,0,34MQ09,VENICE BL,DELMAS TERRACE,0,NA,Y,A,-,N,NA,NA,NA,NA,NA,NA,NA,NA,NA,N,4,0,1,2,A,-,05,21650,NA,F,D,G,A,A,H,-,A,A,0,NA,Y,NA,NA,Y,NA,-,99,0,0,1,0,0,0,1,0,0,-,-,NA,NA,LOS ANGELES,LOS ANGELES,-118.39794013,34.02394007
6540116,2014,2014-08-20,1942,2014-06-15,1220,R2138,0831,7,5,7,1942,0,0,0,H,0,34TF34,SAN VICENTE BL,GRETNA GREEN,0,NA,Y,A,-,N,NA,NA,NA,NA,NA,NA,NA,NA,NA,Y,3,0,2,2,A,-,09,21802,A,N,D,C,A,A,H,-,A,A,0,NA,NA,NA,NA,Y,NA,A,07,0,1,1,0,0,0,0,0,0,-,-,NA,NA,LOS ANGELES,LOS ANGELES,-118.47607009,34.05164003
6540120,2014,2014-08-20,1942,2014-06-06,1855,25495,0809,5,5,7,1942,0,0,0,H,0,7T23,COLDWATER CANYON,DALEGROVE DR,15,S,N,A,-,N,NA,NA,NA,NA,NA,NA,NA,NA,NA,Y,4,0,1,2,A,-,05,21460,A,N,B,C,A,A,H,-,A,A,0,NA,NA,NA,NA,Y,NA,A,07,0,0,1,0,0,0,0,0,0,-,-,NA,NA,LOS ANGELES,LOS ANGELES,-118.40397679,34.11423925
6540124,2014,2014-08-20,1942,2014-06-12,2225,40460,1407,4,5,7,1942,0,0,0,N,0,17TL47,VINTON AV,REGENT AV,176,N,N,A,-,N,NA,NA,NA,NA,NA,NA,NA,NA,NA,N,4,0,1,2,A,-,11,21954,A,F,G,B,D,A,H,-,C,D,0,Y,NA,NA,NA,Y,NA,N,60,0,0,1,0,1,0,0,0,0,-,-,NA,NA,LOS ANGELES,LOS ANGELES,-118.40492174,34.02370702
6540128,2014,2016-04-16,1942,2014-06-10,1640,31255,0665,2,5,7,1942,0,0,0,F,0,7T38,SANTA MONICA BL,LAS PALMAS AV,50,W,N,A,-,Y,LA,7,2,-,-,11.01,H,-,E,N,4,0,1,2,A,-,-,NA,NA,F,C,C,A,A,H,-,A,A,0,NA,NA,NA,NA,Y,NA,-,99,0,0,1,0,0,0,0,0,0,-,-,NA,NA,LOS ANGELES,LOS ANGELES,-118.33659267,34.09072043
6540132,2014,2014-08-20,1942,2014-06-07,1850,25495,0201,6,5,7,1942,0,0,0,B,0,7TL23,LA CIENEGA BL,WARING AV,5,S,N,A,-,N,NA,NA,NA,NA,NA,NA,NA,NA,NA,N,4,0,1,2,A,-,10,21950,A,F,-,B,B,A,H,-,A,A,0,Y,NA,NA,NA,Y,NA,-,99,0,0,1,0,1,0,0,0,0,-,-,NA,NA,LOS ANGELES,LOS ANGELES,-118.37649,34.08531629
6540136,2014,2014-08-20,1942,2014-06-03,1320,40024,0726,2,5,7,1942,0,0,0,G,0,20T58,1ST ST,LA BREA AV,100,W,N,A,-,N,NA,NA,NA,NA,NA,NA,NA,NA,NA,Y,4,0,1,2,A,-,09,21804,A,N,D,C,A,A,H,-,A,D,0,NA,NA,NA,NA,Y,NA,A,01,0,0,1,0,0,0,0,0,0,-,-,NA,NA,LOS ANGELES,LOS ANGELES,-118.34437959,34.07357
6540140,2014,2014-08-20,1942,2014-06-16,0620,36083,0769,1,5,7,1942,0,0,0,G,0,7TL23,6TH AV,VENICE BL,200,N,N,A,-,N,NA,NA,NA,NA,NA,NA,NA,NA,NA,NA,4,0,1,2,A,-,03,22350,NA,N,D,E,A,A,H,-,A,D,0,NA,NA,NA,NA,Y,NA,A,07,0,0,1,0,0,0,0,0,0,-,-,NA,NA,LOS ANGELES,LOS ANGELES,-118.32367702,34.04411852
6540144,2014,2014-08-20,1942,2014-06-11,2330,39764,0717,3,5,7,1942,0,0,0,G,0,7T23,HIGHLAND AV,MELROSE AV,0,NA,Y,A,-,N,NA,NA,NA,NA,NA,NA,NA,NA,NA,N,4,0,1,2,A,-,-,NA,NA,F,C,C,A,A,H,-,C,A,0,NA,NA,NA,NA,Y,NA,-,99,0,0,1,0,0,0,0,0,0,-,-,NA,NA,LOS ANGELES,LOS ANGELES,-118.33858013,34.08347002