CASE_ID,ACCIDENT_YEAR,PROC_DATE,JURIS,COLLISION_DATE,COLLISION_TIME,OFFICER_ID,REPORTING_DISTRICT,DAY_OF_WEEK,CHP_SHIFT,POPULATION,CNTY_CITY_LOC,SPECIAL_COND,BEAT_TYPE,CHP_BEAT_TYPE,CITY_DIVISION_LAPD,CHP_BEAT_CLASS,BEAT_NUMBER,PRIMARY_RD,SECONDARY_RD,DISTANCE,DIRECTION,INTERSECTION,WEATHER_1,WEATHER_2,STATE_HWY_IND,CALTRANS_COUNTY,CALTRANS_DISTRICT,STATE_ROUTE,ROUTE_SUFFIX,POSTMILE_PREFIX,POSTMILE,LOCATION_TYPE,RAMP_INTERSECTION,SIDE_OF_HWY,TOW_AWAY,COLLISION_SEVERITY,NUMBER_KILLED,NUMBER_INJURED,PARTY_COUNT,PRIMARY_COLL_FACTOR,PCF_CODE_OF_VIOL,PCF_VIOL_CATEGORY,PCF_VIOLATION,PCF_VIOL_SUBSECTION,HIT_AND_RUN,TYPE_OF_COLLISION,MVIW,PED_ACTION,ROAD_SURFACE,ROAD_COND_1,ROAD_COND_2,LIGHTING,CONTROL_DEVICE,CHP_ROAD_TYPE,PEDESTRIAN_ACCIDENT,BICYCLE_ACCIDENT,MOTORCYCLE_ACCIDENT,TRUCK_ACCIDENT,NOT_PRIVATE_PROPERTY,ALCOHOL_INVOLVED,STWD_VEHTYPE_AT_FAULT,CHP_VEHTYPE_AT_FAULT,COUNT_SEVERE_INJ,COUNT_VISIBLE_INJ,COUNT_COMPLAINT_PAIN,COUNT_PED_KILLED,COUNT_PED_INJURED,COUNT_BICYCLIST_KILLED,COUNT_BICYCLIST_INJURED,COUNT_MC_KILLED,COUNT_MC_INJURED,PRIMARY_RAMP,SECONDARY_RAMP,LATITUDE,LONGITUDE,COUNTY,CITY,POINT_X,POINT_Y
6550116,2014,2016-04-21,1942,2014-06-22,1315,37304,1562,7,5,7,1942,0,0,0,O,0,15TL42,LAUREL CANYON BL,KLING ST,335,S,N,A,-,Y,LA,7,101,-,-,12.987,R,4,N,Y,3,0,3,2,A,-,12,21453,A,N,D,C,A,A,H,-,A,A,0,NA,NA,NA,NA,Y,NA,A,01,0,2,1,0,0,0,0,0,0,-,-,NA,NA,LOS ANGELES,LOS ANGELES,-118.39869745,34.15475555
6550118,2014,2016-04-25,1942,2014-06-03,1050,30596,1713,2,5,7,1942,0,0,0,Q,0,17TL17,RINALDI ST,AMIGO AV,0,NA,Y,A,-,Y,LA,7,118,-,R,5.525,R,4,W,Y,3,0,3,2,A,-,09,21801,A,N,A,C,A,A,H,-,A,A,0,NA,NA,NA,NA,Y,NA,A,01,0,2,1,0,0,0,0,0,0,-,-,NA,NA,LOS ANGELES,LOS ANGELES,-118.54114016,34.27459078
6550119,2014,2014-09-02,1942,2014-06-02,1151,40207,1905,1,5,7,1942,0,0,0,NA,0,16T23,POLK ST,GLADSTONE AV,0,NA,Y,A,-,N,NA,NA,NA,NA,NA,NA,NA,NA,NA,Y,4,0,1,2,A,-,12,22450,A,N,D,C,A,A,H,-,A,A,0,NA,NA,NA,NA,Y,NA,A,01,0,0,1,0,0,0,0,0,0,-,-,NA,NA,LOS ANGELES,LOS ANGELES,-118.43781006,34.31821002
6550120,2014,2014-08-20,1942,2014-06-24,2014,40119,1513,2,5,7,1942,0,0,0,O,0,10T35,WHITSETT AV,VANOWEN ST,0,NA,Y,A,-,N,NA,NA,NA,NA,NA,NA,NA,NA,NA,Y,4,0,2,2,A,-,09,21801,A,N,D,C,A,A,H,-,C,A,0,NA,NA,NA,NA,Y,NA,A,01,0,0,2,0,0,0,0,0,0,-,-,NA,NA,LOS ANGELES,LOS ANGELES,-118.40528011,34.19395001
6550121,2014,2014-08-20,1900,2014-06-28,2315,517298,COMPT,6,5,5,1943,0,0,0,NA,0,212T4,BULLIS RD,LILITA ST,0,NA,Y,A,-,N,NA,NA,NA,NA,NA,NA,NA,NA,NA,Y,4,0,1,2,A,-,05,21650,NA,N,D,C,A,A,H,-,C,D,0,NA,NA,NA,NA,Y,Y,A,01,0,0,1,0,0,0,0,0,0,-,-,NA,NA,LOS ANGELES,LYNWOOD,-118.19821005,33.93035002
6550122,2014,2014-08-20,1942,2014-06-02,1340,40731,1764,1,5,7,1942,0,0,0,Q,0,17TL12,CORBIN AV,PRAIRIE ST,47,S,N,A,-,N,NA,NA,NA,NA,NA,NA,NA,NA,NA,Y,3,0,1,3,A,-,04,21703,NA,N,B,C,A,A,H,-,A,A,0,NA,NA,NA,NA,Y,NA,A,01,0,1,0,0,0,0,0,0,0,-,-,NA,NA,LOS ANGELES,LOS ANGELES,-118.56230843,34.23901108
6550123,2014,2014-08-20,1942,2014-06-01,0930,40527,1907,7,5,7,1942,0,0,0,NA,0,10TL37,AZORES AV,CHIPPEWA ST,0,NA,Y,A,-,N,NA,NA,NA,NA,NA,NA,NA,NA,NA,N,3,0,1,2,A,-,09,21800,B,N,A,G,A,A,H,-,A,D,0,NA,Y,NA,NA,Y,NA,L,04,0,1,0,0,0,0,1,0,0,-,-,NA,NA,LOS ANGELES,LOS ANGELES,-118.41333007,34.30128005
6550124,2014,2014-08-20,1942,2014-06-25,0840,36257,1544,3,5,7,1942,0,0,0,O,0,19TL73,WILKINSON AV,OTSEGO ST,0,NA,Y,B,-,N,NA,NA,NA,NA,NA,NA,NA,NA,NA,Y,4,0,2,2,A,-,09,21802,A,N,D,C,A,A,H,-,A,A,0,NA,NA,NA,NA,Y,NA,A,01,0,0,2,0,0,0,0,0,0,-,-,NA,NA,LOS ANGELES,LOS ANGELES,-118.40415006,34.16305004
6550125,2014,2014-08-20,1900,2014-06-23,2230,517298,2115,1,5,5,1943,0,0,0,NA,0,212T4,ATLANTIC AV,MARTIN LUTHER KING BL,135,S,N,A,-,N,NA,NA,NA,NA,NA,NA,NA,NA,NA,Y,4,0,1,2,A,-,09,21804,A,N,D,C,A,A,H,-,A,D,0,NA,NA,NA,NA,Y,NA,A,01,0,0,1,0,0,0,0,0,0,-,-,NA,NA,LOS ANGELES,LYNWOOD,-118.18766869,33.92082116
6550126,2014,2014-08-20,1942,2014-06-02,0710,30596,1752,1,5,7,1942,0,0,0,Q,0,17TL17,DE SOTO AV,DEVONSHIRE ST,23,N,N,A,-,N,NA,NA,NA,NA,NA,NA,NA,NA,NA,N,4,0,2,2,A,-,04,21703,NA,N,B,C,A,A,H,-,A,D,0,NA,NA,NA,NA,Y,NA,A,01,0,0,2,0,0,0,0,0,0,-,-,NA,NA,LOS ANGELES,LOS ANGELES,-118.58858,34.2573131
6550127,2014,2014-08-20,1942,2014-06-08,1655,39096,1964,7,5,7,1942,0,0,0,NA,0,17TL16,VAN NUYS BL,NORDHOFF ST,117,N,N,A,-,N,NA,NA,NA,NA,NA,NA,NA,NA,NA,N,3,0,1,2,A,-,11,21955,NA,N,G,B,D,A,H,-,A,D,0,Y,NA,NA,NA,Y,NA,N,60,0,1,0,0,1,0,0,0,0,-,-,NA,NA,LOS ANGELES,LOS ANGELES,-118.45025,34.23573092
6550128,2014,2014-08-20,1942,2014-06-21,1820,37304,1527,6,5,7,1942,0,0,0,O,0,15TL42,VICTORY BL,VINELAND AV,15,E,N,A,-,N,NA,NA,NA,NA,NA,NA,NA,NA,NA,N,4,0,1,2,A,-,08,22107,NA,N,D,G,A,A,H,-,A,D,0,NA,Y,NA,NA,Y,NA,A,07,0,0,1,0,0,0,1,0,0,-,-,NA,NA,LOS ANGELES,LOS ANGELES,-118.3702605,34.1866907
6550130,2014,2014-08-20,1942,2014-06-01,1520,35984,1735,7,5,7,1942,0,0,0,Q,0,17EL1,CHATSWORTH ST,LOUISE AV,0,NA,Y,A,-,N,NA,NA,NA,NA,NA,NA,NA,NA,NA,Y,3,0,3,2,A,-,09,21801,A,N,B,C,A,A,H,-,A,A,0,NA,NA,NA,NA,Y,NA,A,01,0,1,2,0,0,0,0,0,0,-,-,NA,NA,LOS ANGELES,LOS ANGELES,-118.51100005,34.26484004
6550131,2014,2014-08-20,1942,2014-06-05,1540,38835,1991,4,5,7,1942,0,0,0,NA,0,19A61,ROSCOE BL,TUPPER ST,0,NA,Y,A,-,N,NA,NA,NA,NA,NA,NA,NA,NA,NA,Y,4,0,2,2,A,-,09,21801,A,N,D,C,A,A,H,-,A,A,0,NA,NA,NA,NA,Y,NA,A,07,0,0,2,0,0,0,0,0,0,-,-,NA,NA,LOS ANGELES,LOS ANGELES,NA,NA
6550132,2014,2014-08-20,1942,2014-06-19,1105,38010,1524,4,5,7,1942,0,0,0,O,0,35Q61,VICTORY BL,WILKINSON,75,W,N,A,-,N,NA,NA,NA,NA,NA,NA,NA,NA,NA,N,3,0,1,2,A,-,07,21658,A,N,B,C,A,A,H,-,A,D,0,NA,NA,NA,NA,Y,NA,A,01,0,1,0,0,0,0,0,0,0,-,-,NA,NA,LOS ANGELES,LOS ANGELES,-118.40441754,34.18667
6550134,2014,2014-08-20,1942,2014-06-01,1830,40731,1705,7,5,7,1942,0,0,0,Q,0,17TL12,BALBOA BL,OROZCO ST,0,NA,Y,A,-,N,NA,NA,NA,NA,NA,NA,NA,NA,NA,N,4,0,1,2,A,-,10,21950,A,N,A,B,B,A,H,-,A,A,0,Y,NA,NA,NA,Y,NA,A,01,0,0,1,0,1,0,0,0,0,-,-,NA,NA,LOS ANGELES,LOS ANGELES,-118.50298007,34.30742005
6550135,2014,2014-08-20,1942,2014-06-03,1400,33340,1983,2,5,7,1942,0,0,0,NA,0,15TL47,ROSCOE BL,COLUMBUS AV,120,W,N,A,-,N,NA,NA,NA,NA,NA,NA,NA,NA,NA,N,3,0,1,2,A,-,09,21801,A,N,H,G,A,A,H,-,A,D,0,NA,Y,NA,NA,Y,NA,A,01,0,1,0,0,0,0,1,0,0,-,-,NA,NA,LOS ANGELES,LOS ANGELES,-118.4658762,34.22143573
6550136,2014,2015-09-25,1942,2014-06-20,1515,39817,1517,5,5,7,1942,0,0,0,O,0,15X36,VANOWEN ST,ELMER AV,0,NA,Y,A,-,N,NA,NA,NA,NA,NA,NA,NA,NA,NA,Y,3,0,1,2,A,-,08,22107,NA,N,D,C,A,A,H,-,A,D,0,NA,NA,Y,NA,Y,NA,A,01,0,1,0,0,0,0,0,0,1,-,-,NA,NA,LOS ANGELES,LOS ANGELES,-118.37688005,34.19395005
6550138,2014,2015-09-28,1942,2014-06-25,0825,30452,0931,3,5,7,1942,0,0,0,I,0,9TL53,VICTORY BL,FIRMAMENT AV,0,NA,Y,B,-,N,NA,NA,NA,NA,NA,NA,NA,NA,NA,Y,3,0,1,2,A,-,09,21801,A,F,D,C,A,A,H,-,A,A,0,NA,NA,Y,NA,Y,NA,-,99,0,1,0,0,0,0,0,0,1,-,-,NA,NA,LOS ANGELES,LOS ANGELES,-118.47188006,34.18664008
6550139,2014,2014-09-02,1942,2014-06-08,1855,33825,2175,7,5,7,1942,0,0,0,NA,0,15TL46,VENTURA BL,SHOUP AV,0,NA,Y,A,-,N,NA,NA,NA,NA,NA,NA,NA,NA,NA,Y,3,0,3,2,A,-,12,21453,A,N,D,C,A,A,H,-,A,A,0,NA,NA,NA,NA,Y,NA,-,-,0,1,2,0,0,0,0,0,0,-,-,NA,NA,LOS ANGELES,LOS ANGELES,-118.61448004,34.16879009
6550140,2014,2015-09-25,1942,2014-06-18,0620,39422,1519,3,5,7,1942,0,0,0,O,0,15A27,VINELAND AV,HAMLIN ST,100,S,N,A,-,N,NA,NA,NA,NA,NA,NA,NA,NA,NA,Y,4,0,1,2,A,-,09,21802,NA,N,D,C,A,A,H,-,A,D,0,NA,NA,NA,NA,Y,NA,A,01,0,0,1,0,0,0,0,0,0,-,-,NA,NA,LOS ANGELES,LOS ANGELES,-118.37032,34.18823573
6550142,2014,2014-08-20,1942,2014-06-29,1435,38996,0901,7,5,7,1942,0,0,0,I,0,9TL56,SEPULVEDA BL,STAGG ST,125,N,N,A,-,N,NA,NA,NA,NA,NA,NA,NA,NA,NA,N,3,0,1,2,A,-,07,21658,A,F,B,C,A,A,H,-,A,D,0,NA,NA,Y,NA,Y,NA,-,99,0,1,0,0,0,0,0,0,1,-,-,NA,NA,LOS ANGELES,LOS ANGELES,-118.46623,34.21241287
6550143,2014,2014-08-20,1942,2014-06-05,0235,38196,2134,4,5,7,1942,0,0,0,NA,0,21A43,TOPANGA CANYON BL,CANTLAY ST,110,N,N,A,-,N,NA,NA,NA,NA,NA,NA,NA,NA,NA,Y,4,0,1,1,A,-,03,22350,NA,N,A,I,A,A,H,-,C,-,0,NA,NA,NA,NA,Y,NA,A,01,0,0,1,0,0,0,0,0,0,-,-,NA,NA,LOS ANGELES,LOS ANGELES,-118.60595686,34.20228171
6550144,2014,2014-08-20,1942,2014-06-14,1230,41418,1546,6,5,7,1942,0,0,0,O,0,15A43,RIVERSIDE DR,COLFAX AV,39,W,N,A,-,N,NA,NA,NA,NA,NA,NA,NA,NA,NA,Y,4,0,1,3,A,-,03,22350,NA,N,D,C,A,A,H,-,A,A,0,NA,NA,NA,NA,Y,NA,A,01,0,0,1,0,0,0,0,0,0,-,-,NA,NA,LOS ANGELES,LOS ANGELES,-118.38788867,34.15763
6550146,2014,2014-08-20,9540,2014-06-27,0950,19317,NA,5,1,9,1900,0,2,4,NA,1,204,BOUQUET CANYON RD,INCINERATOR RD,263,S,N,A,-,N,NA,NA,NA,NA,NA,NA,NA,NA,NA,Y,4,0,1,1,A,-,03,22350,NA,N,E,I,A,A,H,-,A,D,0,NA,NA,NA,NA,Y,NA,A,01,0,0,1,0,0,0,0,0,0,-,-,34.52702,-118.44275,LOS ANGELES,UNINCORPORATED,NA,NA
6550147,2014,2014-08-20,1942,2014-06-06,1310,41499,2107,5,5,7,1942,0,0,0,NA,0,21A5,ROSCOE,DESOTO,375,W,N,A,-,N,NA,NA,NA,NA,NA,NA,NA,NA,NA,Y,3,0,3,3,A,-,09,21801,B,N,D,C,A,A,H,-,A,D,0,NA,NA,NA,NA,Y,NA,A,01,0,2,1,0,0,0,0,0,0,-,-,NA,NA,LOS ANGELES,LOS ANGELES,-118.5897284,34.21994
6550148,2014,2014-08-20,1942,2014-06-18,1150,38406,1566,3,5,7,1942,0,0,0,O,0,35M112,MOORPARK ST,VINELAND AV,0,NA,Y,A,-,N,NA,NA,NA,NA,NA,NA,NA,NA,NA,Y,4,0,1,2,A,-,09,21801,A,N,D,D,A,A,H,-,A,A,0,NA,NA,NA,NA,Y,NA,A,01,0,0,1,0,0,0,0,0,0,-,-,NA,NA,LOS ANGELES,LOS ANGELES,-118.37032008,34.1503601
6550150,2014,2014-08-20,1900,2014-06-05,0014,539079,1352,4,5,3,1927,0,0,0,NA,0,135A,NORWALK BL,212TH ST,94,N,N,A,-,N,NA,NA,NA,NA,NA,NA,NA,NA,NA,Y,4,0,1,3,A,-,08,22107,NA,N,C,E,A,A,H,-,C,A,0,NA,NA,NA,NA,Y,NA,A,07,0,0,1,0,0,0,0,0,0,-,-,NA,NA,LOS ANGELES,HAWAIIAN GARDENS,-118.07206363,33.83753773
6550151,2014,2014-08-20,1942,2014-06-06,1250,41499,2141,5,5,7,1942,0,0,0,NA,0,21A43,VICTORY,PLATT,0,NA,Y,A,-,N,NA,NA,NA,NA,NA,NA,NA,NA,NA,Y,3,0,2,2,A,-,09,21801,A,N,D,C,A,A,H,-,A,A,0,NA,NA,NA,NA,Y,NA,A,01,0,1,1,0,0,0,0,0,0,-,-,NA,NA,LOS ANGELES,LOS ANGELES,-118.64278005,34.18665005
6550152,2014,2014-08-20,1942,2014-06-16,1255,30830,1596,1,5,7,1942,0,0,0,O,0,16TL23,VENTURA BL,TUJUNGA AV,0,NA,Y,A,-,N,NA,NA,NA,NA,NA,NA,NA,NA,NA,Y,4,0,2,2,A,-,09,21801,A,N,D,C,A,A,H,-,A,A,0,NA,NA,NA,NA,Y,NA,A,01,0,0,2,0,0,0,0,0,0,-,-,NA,NA,LOS ANGELES,LOS ANGELES,-118.3789801,34.13989002
6550154,2014,2014-08-20,1900,2014-06-14,1020,223390,1331,6,5,5,1908,0,0,0,NA,0,133T2,ROSECRANS AV,MCNAB AV,70,E,N,A,-,N,NA,NA,NA,NA,NA,NA,NA,NA,NA,Y,4,0,3,3,A,-,03,22350,NA,N,C,C,A,A,H,-,A,D,0,NA,NA,NA,NA,Y,NA,A,NA,0,0,3,0,0,0,0,0,0,-,-,NA,NA,LOS ANGELES,BELLFLOWER,-118.11291981,33.90204
6550155,2014,2014-08-20,1942,2014-06-02,2300,38189,2129,1,5,7,1942,0,0,0,NA,0,9T57,ROSCOE BL,CORBIN AV,0,NA,Y,A,-,N,NA,NA,NA,NA,NA,NA,NA,NA,NA,Y,3,0,2,2,A,-,09,21801,A,N,D,C,A,A,H,-,C,A,0,NA,NA,NA,NA,Y,NA,A,01,0,1,1,0,0,0,0,0,0,-,-,NA,NA,LOS ANGELES,LOS ANGELES,-118.56229005,34.22035001
6550156,2014,2014-08-20,1942,2014-06-05,1350,38033,1963,4,5,7,1942,0,0,0,NA,0,19TL72,LASSEN ST,WOODMAN AV,300,W,N,A,-,N,NA,NA,NA,NA,NA,NA,NA,NA,NA,Y,3,0,2,4,A,-,03,22350,NA,N,B,E,A,A,H,-,A,A,0,NA,NA,NA,NA,Y,NA,A,01,0,1,1,0,0,0,0,0,0,-,-,NA,NA,LOS ANGELES,LOS ANGELES,-118.45128598,34.25010008
6550158,2014,2014-08-20,1942,2014-06-02,1850,37080,1754,1,5,7,1942,0,0,0,Q,0,21T65,DEVONSHIRE ST,RESEDA BL,0,NA,Y,A,-,N,NA,NA,NA,NA,NA,NA,NA,NA,NA,Y,3,0,2,2,A,-,09,21801,A,N,D,C,A,A,H,-,A,A,0,NA,NA,NA,NA,Y,NA,A,01,0,1,1,0,0,0,0,0,0,-,-,NA,NA,LOS ANGELES,LOS ANGELES,-118.53609003,34.25726011
6550159,2014,2014-08-20,1942,2014-06-02,1510,38356,2173,1,5,7,1942,0,0,0,NA,0,16TL28,FALLBROOK AV,BURBANK BL,0,NA,Y,A,-,N,NA,NA,NA,NA,NA,NA,NA,NA,NA,Y,4,0,1,3,A,-,12,21453,A,N,D,C,A,A,H,-,A,A,0,NA,NA,NA,NA,Y,NA,A,01,0,0,1,0,0,0,0,0,0,-,-,NA,NA,LOS ANGELES,LOS ANGELES,-118.62333012,34.17197004
6550160,2014,2014-08-20,1942,2014-06-06,1830,40757,1963,5,5,7,1942,0,0,0,NA,0,19X6,WOODMAN AV,VAN NUYS BL,200,S,N,A,-,N,NA,NA,NA,NA,NA,NA,NA,NA,NA,N,4,0,1,2,A,-,11,21955,NA,N,B,B,D,A,H,-,A,A,0,Y,NA,NA,NA,Y,NA,N,60,0,0,1,0,1,0,0,0,0,-,-,NA,NA,LOS ANGELES,LOS ANGELES,-118.44786654,34.24659711
6550161,2014,2014-09-02,1942,2014-06-16,1205,30947,0943,1,5,7,1942,0,0,0,I,0,9A37,VAN NUYS BL,HATTERAS ST,0,NA,Y,A,-,N,NA,NA,NA,NA,NA,NA,NA,NA,NA,Y,4,0,1,2,A,-,12,21453,A,N,A,C,A,-,A,H,A,A,0,NA,NA,NA,NA,Y,NA,A,01,0,0,1,0,0,0,0,0,0,-,-,NA,NA,LOS ANGELES,LOS ANGELES,-118.44873013,34.1757401
6550165,2014,2014-08-20,1942,2014-06-21,1205,38996,0946,6,5,7,1942,0,0,0,I,0,9TL56,WOODMAN AV,CALIFA ST,400,S,N,A,-,N,NA,NA,NA,NA,NA,NA,NA,NA,NA,N,3,0,1,2,A,-,17,22517,NA,N,A,G,A,A,H,-,A,D,0,NA,Y,NA,NA,Y,NA,A,08,0,1,0,0,0,0,1,0,0,-,-,NA,NA,LOS ANGELES,LOS ANGELES,-118.43125291,34.17648287
6550169,2014,2014-08-20,1942,2014-06-21,0755,30452,0964,6,5,7,1942,0,0,0,I,0,9TL53,RANCHITO AV,MORRISON ST,95,S,N,A,-,N,NA,NA,NA,NA,NA,NA,NA,NA,NA,Y,3,0,1,3,A,-,08,22107,NA,N,B,E,A,A,H,-,A,D,0,NA,NA,NA,NA,Y,NA,A,01,0,1,0,0,0,0,0,0,0,-,-,NA,NA,LOS ANGELES,LOS ANGELES,-118.43526984,34.16032286
6550173,2014,2014-08-20,1942,2014-06-20,2155,40567,0939,5,5,7,1942,0,0,0,I,0,10T37,COLDWATER CANYON,BURBANK BL,86,N,N,A,-,N,NA,NA,NA,NA,NA,NA,NA,NA,NA,N,4,0,1,2,A,-,04,21703,NA,N,C,D,A,A,H,-,C,D,0,NA,NA,NA,NA,Y,NA,A,01,0,0,1,0,0,0,0,0,0,-,-,NA,NA,LOS ANGELES,LOS ANGELES,-118.414236,34.17235398
6550177,2014,2014-08-20,1942,2014-06-20,1835,38185,0937,5,5,7,1942,0,0,0,I,0,19T75,WOODMAN AV,VICTORY BL,0,NA,Y,A,-,N,NA,NA,NA,NA,NA,NA,NA,NA,NA,Y,3,0,2,2,A,-,09,21801,A,N,D,C,A,A,H,-,A,A,0,NA,NA,NA,NA,Y,NA,A,01,0,1,1,0,0,0,0,0,0,-,-,NA,NA,LOS ANGELES,LOS ANGELES,-118.43126014,34.18668009
6550181,2014,2014-08-20,1942,2014-06-11,1230,41178,963,3,5,7,1942,0,0,0,NA,0,9X6W4,SEPULVEDA BL,HATTERAS ST,90,N,N,A,-,N,NA,NA,NA,NA,NA,NA,NA,NA,NA,N,3,0,2,2,A,-,09,21801,NA,N,D,C,A,A,H,-,A,D,0,NA,NA,NA,NA,Y,NA,A,01,0,1,1,0,0,0,0,0,0,-,-,NA,NA,LOS ANGELES,LOS ANGELES,-118.46616,34.17597687
6550182,2014,2014-08-20,1900,2014-06-06,1827,536380,1349,5,5,3,1903,0,0,0,NA,0,13413,SOUTH ST,JERSEY AV,0,NA,Y,A,-,N,NA,NA,NA,NA,NA,NA,NA,NA,NA,N,4,0,2,4,A,-,04,21703,NA,N,C,C,A,A,H,-,A,A,0,NA,NA,NA,NA,Y,NA,A,NA,0,0,2,0,0,0,0,0,0,-,-,NA,NA,LOS ANGELES,ARTESIA,-118.08595008,33.85845008
6550185,2014,2014-08-20,1942,2014-06-14,1705,38321,0969,6,5,7,1942,0,0,0,I,0,9X32,MAGNOLIA BL,FULTON AV,0,NA,Y,A,-,N,NA,NA,NA,NA,NA,NA,NA,NA,NA,Y,3,0,2,2,A,-,12,21453,A,N,D,C,A,A,H,-,A,A,0,NA,NA,NA,NA,Y,NA,A,01,0,2,0,0,0,0,0,0,0,-,-,NA,NA,LOS ANGELES,LOS ANGELES,-118.42252014,34.16487001
6550189,2014,2014-08-20,1942,2014-06-24,1600,39085,0963,2,5,7,1942,0,0,0,I,0,10T36,VAN NUYS BL,RIVERSIDE DR,0,NA,Y,A,-,N,NA,NA,NA,NA,NA,NA,NA,NA,NA,N,4,0,2,2,A,-,09,21801,A,N,D,C,A,A,H,-,A,A,0,NA,NA,NA,NA,Y,NA,A,01,0,0,2,0,0,0,0,0,0,-,-,NA,NA,LOS ANGELES,LOS ANGELES,-118.44870009,34.15801007
6550193,2014,2014-08-20,1942,2014-06-20,2025,37637,0915,5,5,7,1942,0,0,0,I,0,15T43,VANOWEN ST,VAN NUYS BL,50,E,N,A,-,N,NA,NA,NA,NA,NA,NA,NA,NA,NA,N,4,0,2,2,A,-,01,23152,A,N,C,C,A,A,H,-,C,A,0,NA,NA,NA,NA,Y,Y,A,01,0,0,2,0,0,0,0,0,0,-,-,NA,NA,LOS ANGELES,LOS ANGELES,-118.44857498,34.19391243
6550195,2014,2014-08-25,1941,2014-06-29,1903,10002,NA,7,5,7,1941,0,0,0,NA,0,NA,ANAHEIM ST,CEDAR AV,76,E,N,A,-,N,NA,NA,NA,NA,NA,NA,NA,NA,NA,Y,4,0,2,3,A,-,03,22350,NA,N,C,C,A,A,H,-,A,A,0,NA,NA,NA,NA,Y,Y,D,NA,0,0,2,0,0,0,0,0,0,-,-,NA,NA,LOS ANGELES,LONG BEACH,-118.1948104,33.7826
6550197,2014,2014-08-20,1942,2014-06-17,1015,30947,0919,2,5,7,1942,0,0,0,I,0,9437,WOODMAN AV,VANOWEN ST,50,S,N,A,-,N,NA,NA,NA,NA,NA,NA,NA,NA,NA,N,4,0,1,2,A,-,-,NA,NA,N,C,C,A,A,H,-,A,D,0,NA,NA,NA,NA,Y,NA,A,01,0,0,1,0,0,0,0,0,0,-,-,NA,NA,LOS ANGELES,LOS ANGELES,-118.43127,34.19380286
6550199,2014,2014-08-25,1941,2014-06-29,0648,10161,NA,7,5,7,1941,0,0,0,NA,0,NA,NIETO AV,S VISTA AV,150,S,N,A,-,N,NA,NA,NA,NA,NA,NA,NA,NA,NA,Y,3,0,1,2,A,-,07,21658,A,N,C,E,A,A,H,-,A,D,0,NA,NA,NA,NA,Y,Y,A,NA,0,1,0,0,0,0,0,0,0,-,-,NA,NA,LOS ANGELES,LONG BEACH,-118.1328846,33.76583869
6550201,2014,2014-08-20,1942,2014-06-22,0920,39473,0969,7,5,7,1942,0,0,0,I,0,16TL25,RIVERSIDE DR,COLDWATER CANYON AV,0,NA,Y,A,-,N,NA,NA,NA,NA,NA,NA,NA,NA,NA,Y,4,0,2,2,A,-,01,23152,A,N,C,C,A,A,H,-,A,A,0,NA,NA,NA,NA,Y,Y,A,01,0,0,2,0,0,0,0,0,0,-,-,NA,NA,LOS ANGELES,LOS ANGELES,-118.4137901,34.1576301
6550203,2014,2014-08-25,1941,2014-06-29,0317,10321,NA,7,5,7,1941,0,0,0,NA,0,NA,GLADYS,8TH ST,157,N,N,A,-,N,NA,NA,NA,NA,NA,NA,NA,NA,NA,Y,4,0,1,4,A,-,-,NA,NA,N,-,E,A,A,H,-,C,A,0,NA,NA,NA,NA,Y,Y,A,NA,0,0,1,0,0,0,0,0,0,-,-,NA,NA,LOS ANGELES,LONG BEACH,-118.15786237,33.77756053
6550205,2014,2014-08-20,1942,2014-06-12,1740,39865,0981,4,5,7,1942,0,0,0,I,0,9X16W4,VENTURA BL,KESTER AV,300,W,N,A,-,N,NA,NA,NA,NA,NA,NA,NA,NA,NA,N,4,0,1,2,A,-,09,21801,A,N,D,G,A,A,H,-,A,D,0,NA,Y,NA,NA,Y,NA,A,01,0,0,1,0,0,0,1,0,0,-,-,NA,NA,LOS ANGELES,LOS ANGELES,-118.45840001,34.15251369
6550207,2014,2015-09-28,1941,2014-06-29,2035,10056,NA,7,5,7,1941,0,0,0,NA,0,NA,OCEAN,JUNIPERO,115,E,N,A,-,N,NA,NA,NA,NA,NA,NA,NA,NA,NA,N,3,0,1,3,A,-,08,22107,NA,N,B,C,A,A,H,-,C,D,0,NA,NA,Y,NA,Y,NA,-,-,0,1,0,0,0,0,0,0,1,-,-,NA,NA,LOS ANGELES,LONG BEACH,-118.16626625,33.76410541
6550209,2014,2014-08-20,1942,2014-06-17,1835,39864,0943,2,5,7,1942,0,0,0,I,0,9X16,BURBANK BL,TYRONE AV,25,E,N,A,-,N,NA,NA,NA,NA,NA,NA,NA,NA,NA,Y,4,0,1,2,A,-,12,21453,A,N,B,C,A,A,H,-,A,A,0,NA,NA,NA,NA,Y,NA,A,01,0,0,1,0,0,0,0,0,0,-,EO,NA,NA,LOS ANGELES,LOS ANGELES,-118.44426751,34.17211138
6550211,2014,2016-04-22,1941,2014-06-30,1258,6196,NA,1,5,7,1941,0,0,0,NA,0,NA,CHERRY AV,RT 91,3,NA,N,A,-,Y,LA,7,91,-,R,13.274,R,1,W,N,4,0,1,2,A,-,05,21650,1,N,H,G,A,A,H,-,A,A,0,NA,Y,NA,NA,Y,NA,L,NA,0,0,1,0,0,0,1,0,0,-,-,NA,NA,LOS ANGELES,LONG BEACH,-118.16587746,33.8759958