CASE_ID,ACCIDENT_YEAR,PROC_DATE,JURIS,COLLISION_DATE,COLLISION_TIME,OFFICER_ID,REPORTING_DISTRICT,DAY_OF_WEEK,CHP_SHIFT,POPULATION,CNTY_CITY_LOC,SPECIAL_COND,BEAT_TYPE,CHP_BEAT_TYPE,CITY_DIVISION_LAPD,CHP_BEAT_CLASS,BEAT_NUMBER,PRIMARY_RD,SECONDARY_RD,DISTANCE,DIRECTION,INTERSECTION,WEATHER_1,WEATHER_2,STATE_HWY_IND,CALTRANS_COUNTY,CALTRANS_DISTRICT,STATE_ROUTE,ROUTE_SUFFIX,POSTMILE_PREFIX,POSTMILE,LOCATION_TYPE,RAMP_INTERSECTION,SIDE_OF_HWY,TOW_AWAY,COLLISION_SEVERITY,NUMBER_KILLED,NUMBER_INJURED,PARTY_COUNT,PRIMARY_COLL_FACTOR,PCF_CODE_OF_VIOL,PCF_VIOL_CATEGORY,PCF_VIOLATION,PCF_VIOL_SUBSECTION,HIT_AND_RUN,TYPE_OF_COLLISION,MVIW,PED_ACTION,ROAD_SURFACE,ROAD_COND_1,ROAD_COND_2,LIGHTING,CONTROL_DEVICE,CHP_ROAD_TYPE,PEDESTRIAN_ACCIDENT,BICYCLE_ACCIDENT,MOTORCYCLE_ACCIDENT,TRUCK_ACCIDENT,NOT_PRIVATE_PROPERTY,ALCOHOL_INVOLVED,STWD_VEHTYPE_AT_FAULT,CHP_VEHTYPE_AT_FAULT,COUNT_SEVERE_INJ,COUNT_VISIBLE_INJ,COUNT_COMPLAINT_PAIN,COUNT_PED_KILLED,COUNT_PED_INJURED,COUNT_BICYCLIST_KILLED,COUNT_BICYCLIST_INJURED,COUNT_MC_KILLED,COUNT_MC_INJURED,PRIMARY_RAMP,SECONDARY_RAMP,LATITUDE,LONGITUDE,COUNTY,CITY,POINT_X,POINT_Y
6553019,2014,2014-08-21,1942,2014-06-11,2215,36097,497,3,5,7,1942,0,0,0,NA,0,4A71,SOTO ST,12TH ST,20,S,N,A,-,N,NA,NA,NA,NA,NA,NA,NA,NA,NA,Y,4,0,2,2,A,-,03,22350,NA,N,C,C,A,A,H,-,C,D,0,NA,NA,NA,NA,Y,NA,-,NA,0,0,2,0,0,0,0,0,0,-,-,NA,NA,LOS ANGELES,LOS ANGELES,-118.22011521,34.02188532
6553020,2014,2014-09-09,1942,2014-06-26,1955,40008,0469,4,5,7,1942,0,0,0,D,0,2T15,EAST 4TH ST,3RD PL,20,E,N,A,-,N,NA,NA,NA,NA,NA,NA,NA,NA,NA,N,4,0,1,2,A,-,08,22107,NA,N,B,G,A,A,H,-,A,D,0,NA,Y,NA,NA,Y,NA,L,04,0,0,1,0,0,0,1,0,0,-,-,NA,NA,LOS ANGELES,LOS ANGELES,-118.19496024,34.03312627
6553024,2014,2014-08-21,1942,2014-06-24,0950,39876,1145,2,5,7,1942,0,0,0,K,0,11TL32,FLETCHER DR,RIVERSIDE DR,425,S,N,A,-,N,NA,NA,NA,NA,NA,NA,NA,NA,NA,Y,4,0,1,2,A,-,03,22350,NA,N,C,C,A,A,H,-,A,D,0,NA,NA,NA,NA,Y,NA,A,01,0,0,1,0,0,0,0,0,0,-,-,NA,NA,LOS ANGELES,LOS ANGELES,-118.25762227,34.10524664
6553028,2014,2014-08-21,1942,2014-06-27,1320,37540,464,5,5,7,1942,0,0,0,NA,0,4EL1,BREED ST,CESAR E CHAVEZ,200,S,N,A,-,N,NA,NA,NA,NA,NA,NA,NA,NA,NA,N,4,0,1,2,A,-,06,21750,NA,F,B,C,A,A,H,-,A,D,0,NA,NA,NA,NA,Y,NA,-,NA,0,0,1,0,0,0,0,0,0,-,-,NA,NA,LOS ANGELES,LOS ANGELES,-118.2092927,34.04685724
6553032,2014,2014-08-21,1942,2014-06-28,1110,39745,0469,6,5,7,1942,0,0,0,D,0,1T11W2,2ND ST,VELASCO ST,8,N,N,A,-,N,NA,NA,NA,NA,NA,NA,NA,NA,NA,N,4,0,1,2,A,-,09,21802,A,N,D,C,A,A,H,-,A,A,0,NA,NA,NA,NA,Y,NA,A,01,0,0,1,0,0,0,0,0,0,-,-,NA,NA,LOS ANGELES,LOS ANGELES,-118.19415344,34.03457003
6553035,2014,2016-04-22,1976,2014-06-30,1930,597,NA,1,5,5,1976,0,0,0,NA,0,NA,WHITTIER BL,STRUB AV,0,NA,Y,A,-,Y,LA,7,72,-,-,3.059,I,5,N,Y,3,0,2,2,A,-,12,21453,A,N,D,C,A,A,H,-,A,A,0,NA,NA,NA,NA,Y,NA,-,-,0,1,1,0,0,0,0,0,0,-,-,NA,NA,LOS ANGELES,WHITTIER,-118.02415005,33.95830049
6553036,2014,2014-08-21,1942,2014-06-25,1350,37540,437,3,5,7,1942,0,0,0,NA,0,4A15,VALLEY BL,SOTO ST,1100,E,N,A,-,N,NA,NA,NA,NA,NA,NA,NA,NA,NA,Y,4,0,2,2,A,-,08,22107,NA,N,D,C,A,A,H,-,A,D,0,NA,NA,NA,NA,Y,NA,-,NA,0,0,2,0,0,0,0,0,0,-,-,NA,NA,LOS ANGELES,LOS ANGELES,-118.19349492,34.06387417
6553039,2014,2014-08-21,1976,2014-06-28,1654,568,NA,6,5,5,1976,0,0,0,NA,0,001,WARDMAN ST,PAINTER AV,42,W,N,A,-,N,NA,NA,NA,NA,NA,NA,NA,NA,NA,N,4,0,1,2,A,-,05,21650,1,N,H,G,A,A,H,-,A,D,0,NA,Y,NA,NA,Y,NA,L,04,0,0,1,0,0,0,1,0,0,-,-,NA,NA,LOS ANGELES,WHITTIER,-118.03282816,33.9772336
6553040,2014,2016-04-23,1942,2014-06-29,0030,40545,0439,7,5,7,1942,0,0,0,D,0,4T43,VALLEY BL,LONG BEACH FWY,0,NA,Y,A,-,Y,LA,7,710,-,T,27.387,R,4,N,Y,3,0,1,2,A,-,12,21453,A,N,D,C,A,A,H,-,C,A,0,NA,NA,NA,NA,Y,NA,-,-,0,1,0,0,0,0,0,0,0,-,-,NA,NA,LOS ANGELES,LOS ANGELES,-118.1607377,34.07380482
6553041,2014,2014-08-21,9525,2014-07-11,1530,19682,NA,5,2,9,1900,0,2,4,NA,2,045,VALLEY BL,SAN ANGELO AV,150,W,N,A,-,N,NA,NA,NA,NA,NA,NA,NA,NA,NA,N,4,0,1,2,A,-,03,22350,NA,N,C,C,A,A,H,-,A,D,0,NA,NA,NA,NA,Y,NA,A,08,0,0,1,0,0,0,0,0,0,-,-,34.05214,-118.00097,LOS ANGELES,UNINCORPORATED,-118.00049419,34.05204796
6553045,2014,2014-08-21,9525,2014-07-07,2030,20034,NA,1,2,9,1900,0,3,5,NA,2,004,AMAR RD,EVANWOOD AV,0,NA,Y,A,-,N,NA,NA,NA,NA,NA,NA,NA,NA,NA,N,4,0,1,2,A,-,10,21950,A,N,G,B,B,A,H,-,C,D,0,Y,NA,NA,NA,Y,NA,A,01,0,0,1,0,1,0,0,0,0,-,-,34.04314,-117.96051,LOS ANGELES,UNINCORPORATED,-117.96032003,34.04326005
6553090,2014,2014-08-22,1976,2014-07-01,2003,218,NA,2,5,5,1976,0,0,0,NA,0,004,SCOTT AV,STARBUCK ST,0,NA,Y,A,-,N,NA,NA,NA,NA,NA,NA,NA,NA,NA,Y,4,0,1,2,A,-,09,21802,A,N,D,C,A,A,H,-,A,A,0,NA,NA,NA,NA,Y,NA,A,01,0,0,1,0,0,0,0,0,0,-,-,NA,NA,LOS ANGELES,WHITTIER,-118.00084012,33.94262002
6553094,2014,2014-08-22,1953,2014-07-03,2128,7201,1953,4,5,6,1953,0,0,0,NA,0,NA,BELMONT AV,WYOMING ST,100,S,N,A,-,N,NA,NA,NA,NA,NA,NA,NA,NA,NA,N,3,0,1,3,A,-,00,23103,A,F,D,B,D,A,H,-,C,A,0,Y,NA,NA,NA,Y,NA,A,01,0,1,0,0,1,0,0,0,0,-,-,NA,NA,LOS ANGELES,PASADENA,-118.15626136,34.17870579
6553098,2014,2014-08-22,1953,2014-07-03,1646,5416,PASAD,4,5,6,1953,0,0,0,NA,0,004,COLORADO BL,VINEDO AV,300,W,N,A,-,N,NA,NA,NA,NA,NA,NA,NA,NA,NA,N,3,0,1,2,A,-,05,21650,1,N,D,G,A,A,H,-,A,D,0,NA,Y,Y,NA,Y,NA,L,04,0,1,0,0,0,0,1,0,0,-,-,NA,NA,LOS ANGELES,PASADENA,-118.09711863,34.14610842
6553102,2014,2014-08-22,1953,2014-07-03,1535,366,1953,4,5,6,1953,0,0,0,NA,0,002,LAKE AV,VILLA ST,0,NA,Y,A,-,N,NA,NA,NA,NA,NA,NA,NA,NA,NA,N,3,0,1,2,A,-,12,21453,A,N,D,G,A,A,H,-,A,A,0,NA,Y,NA,NA,Y,NA,A,01,0,1,0,0,0,0,1,0,0,-,-,NA,NA,LOS ANGELES,PASADENA,-118.13243002,34.15427002
6553106,2014,2014-08-22,1953,2014-07-01,1954,5281,1953,2,5,6,1953,0,0,0,NA,0,004,ROSEMEAD BL,HALSTED ST,0,NA,Y,A,-,N,NA,NA,NA,NA,NA,NA,NA,NA,NA,Y,4,0,1,2,A,-,09,21801,A,N,D,C,A,A,H,-,C,A,0,NA,NA,NA,NA,Y,NA,A,07,0,0,1,0,0,0,0,0,0,-,-,NA,NA,LOS ANGELES,PASADENA,-118.07846013,34.15489002
6553110,2014,2014-09-19,1953,2014-07-01,1925,2744,NA,2,5,6,1953,0,0,0,NA,0,001,ROSEMONT AV,WASHINGTON ST,100,N,N,A,-,N,NA,NA,NA,NA,NA,NA,NA,NA,NA,N,2,0,6,6,A,-,03,22350,NA,N,H,G,A,A,H,-,B,D,0,NA,Y,NA,NA,Y,NA,-,-,1,5,0,0,0,0,6,0,0,-,-,NA,NA,LOS ANGELES,PASADENA,-118.16904089,34.17502171
6553114,2014,2014-09-12,1942,2014-07-04,0205,38233,0406,5,5,7,1942,0,0,0,D,0,13T53,MONTEREY RD,VIA MARISOL,0,NA,Y,A,-,N,NA,NA,NA,NA,NA,NA,NA,NA,NA,Y,4,0,1,2,A,-,12,21453,A,F,D,C,A,A,H,-,C,A,0,NA,NA,NA,NA,Y,NA,-,-,0,0,1,0,0,0,0,0,0,-,-,NA,NA,LOS ANGELES,LOS ANGELES,-118.19018008,34.09365005
6553118,2014,2014-08-22,1942,2014-07-03,0010,40008,0407,4,5,7,1942,0,0,0,D,0,1T11,MONTEREY RD,VIA MARISOL,30,N,N,A,-,N,NA,NA,NA,NA,NA,NA,NA,NA,NA,Y,4,0,1,2,A,-,03,22350,NA,F,C,C,A,A,H,-,C,D,0,NA,NA,NA,NA,Y,NA,-,99,0,0,1,0,0,0,0,0,0,-,-,NA,NA,LOS ANGELES,LOS ANGELES,-118.19019201,34.09373166
6553122,2014,2014-08-22,1942,2014-07-05,1905,38354,1515,6,5,7,1942,0,0,0,O,0,17TL15,HART ST,HINDS AV,120,E,N,A,-,N,NA,NA,NA,NA,NA,NA,NA,NA,NA,Y,2,0,1,2,A,-,11,21956,A,F,G,B,E,-,H,-,A,D,0,Y,NA,NA,NA,Y,NA,N,60,1,0,0,0,1,0,0,0,0,-,-,NA,NA,LOS ANGELES,LOS ANGELES,-118.39067389,34.19756
6553123,2014,2014-08-21,1942,2014-07-03,1715,34458,0469,4,5,7,1942,0,0,0,D,0,4TL4,LORENA ST,5TH ST,25,N,N,A,-,N,NA,NA,NA,NA,NA,NA,NA,NA,NA,Y,3,0,1,1,A,-,03,22350,NA,N,E,I,A,A,H,-,A,D,0,NA,NA,NA,NA,Y,NA,A,07,0,1,0,0,0,0,0,0,0,-,-,NA,NA,LOS ANGELES,LOS ANGELES,-118.19797572,34.03249233
6553126,2014,2016-05-25,1942,2014-07-04,0920,30452,0969,5,5,7,1942,0,0,0,I,0,9TL53,COLDWATER CANYON AV,RIVERSIDE DR,163,S,N,A,-,Y,LA,7,101,-,-,14.005,R,4,N,Y,3,0,1,2,A,-,08,22107,NA,F,D,C,A,A,H,-,A,A,0,NA,NA,Y,NA,Y,NA,-,99,0,1,0,0,0,0,0,0,1,-,-,NA,NA,LOS ANGELES,LOS ANGELES,-118.41586098,34.15684049
6553127,2014,2014-08-21,1942,2014-07-03,1750,38357,0489,4,5,7,1942,0,0,0,D,0,13TL22,8TH ST,SOTO ST,57,W,N,A,-,N,NA,NA,NA,NA,NA,NA,NA,NA,NA,Y,4,0,2,2,A,-,04,21703,NA,N,C,C,A,A,H,-,A,D,0,NA,NA,NA,NA,Y,NA,A,01,0,0,2,0,0,0,0,0,0,-,-,NA,NA,LOS ANGELES,LOS ANGELES,-118.21958617,34.02816676
6553130,2014,2016-05-25,1942,2014-07-01,1145,41468,WEST,2,5,7,1942,0,0,0,NA,0,1041,TAMPA AV,RT 101,0,NA,Y,A,-,Y,LA,7,101,-,-,22.4,R,4,S,N,4,0,1,2,D,-,00,NA,NA,F,D,B,B,A,H,-,A,A,0,Y,NA,NA,NA,Y,NA,-,-,0,0,1,0,1,0,0,0,0,-,-,NA,NA,LOS ANGELES,LOS ANGELES,-118.55582835,34.17350282
6553134,2014,2014-08-22,1942,2014-07-01,1700,37704,1037,2,5,7,1942,0,0,0,J,0,10A1,VICTORY BL,WHITE OAK,800,E,N,A,-,N,NA,NA,NA,NA,NA,NA,NA,NA,NA,Y,4,0,2,3,A,-,03,22350,NA,M,C,C,A,A,H,-,A,D,0,NA,NA,NA,NA,Y,NA,A,01,0,0,2,0,0,0,0,0,0,-,-,NA,NA,LOS ANGELES,LOS ANGELES,-118.51584942,34.18661029
6553149,2014,2014-08-22,1900,2014-07-02,1300,462141,2113,3,5,5,1943,0,0,0,NA,0,212T4,IMPERIAL HWY,FRACAR AV,15,N,N,A,-,N,NA,NA,NA,NA,NA,NA,NA,NA,NA,N,4,0,1,2,A,-,-,NA,NA,N,B,C,A,A,H,-,A,D,0,NA,NA,NA,NA,Y,NA,A,01,0,0,1,0,0,0,0,0,0,-,-,NA,NA,LOS ANGELES,LYNWOOD,-118.19698,33.93185
6553152,2014,2014-08-21,1941,2014-07-04,0658,6127,NA,5,5,7,1941,0,0,0,NA,0,NA,OCEAN BL,PIER S AV,0,NA,Y,A,-,N,NA,NA,NA,NA,NA,NA,NA,NA,NA,Y,4,0,1,2,A,-,03,22350,NA,N,C,C,A,A,H,-,A,D,0,NA,NA,NA,NA,Y,NA,A,NA,0,0,1,0,0,0,0,0,0,-,-,NA,NA,LOS ANGELES,LONG BEACH,-118.24051001,33.7578601
6553156,2014,2014-08-21,1941,2014-07-04,1744,6016,NA,5,5,7,1941,0,0,0,NA,0,NA,TIVOLI DR,2ND ST,0,NA,Y,A,-,N,NA,NA,NA,NA,NA,NA,NA,NA,NA,N,4,0,1,2,A,-,05,21650,NA,N,D,G,A,A,H,-,A,A,0,NA,Y,NA,NA,Y,NA,L,NA,0,0,1,0,0,0,1,0,0,-,-,NA,NA,LOS ANGELES,LONG BEACH,-118.12628002,33.75748006
6553169,2014,2014-08-22,1942,2014-07-01,1020,36257,1918,2,5,7,1942,0,0,0,NA,0,19TL73,HUBBARD ST,FOOTHILL FWY,0,NA,Y,A,-,N,NA,NA,NA,NA,NA,NA,NA,NA,NA,Y,3,0,3,2,A,-,01,23152,A,N,D,C,A,A,H,-,A,A,0,NA,NA,NA,NA,Y,NA,A,01,0,3,0,0,0,0,0,0,0,-,WO,NA,NA,LOS ANGELES,LOS ANGELES,-118.43028007,34.3074501
6553170,2014,2014-08-22,1942,2014-07-07,0740,40207,1011,1,5,7,1942,0,0,0,J,0,15T45,TAMPA AV,SATICOY ST,0,NA,Y,A,-,N,NA,NA,NA,NA,NA,NA,NA,NA,NA,Y,4,0,1,2,A,-,08,22107,NA,F,D,D,A,A,H,-,A,A,0,NA,NA,NA,NA,Y,NA,-,99,0,0,1,0,0,0,0,0,0,-,-,NA,NA,LOS ANGELES,LOS ANGELES,-118.55351002,34.20836006
6553173,2014,2016-03-16,1942,2014-07-07,1835,38689,0923,1,5,7,1942,0,0,0,I,0,9T52,KITTRIDGE ST,SEPULVEDA BL,5,E,N,A,-,N,NA,NA,NA,NA,NA,NA,NA,NA,NA,N,4,0,1,2,A,-,09,21804,A,F,A,G,A,A,H,-,A,A,0,NA,Y,NA,NA,Y,NA,L,04,0,0,1,0,0,0,1,0,0,-,-,NA,NA,LOS ANGELES,LOS ANGELES,-118.4661635,34.1902801
6553196,2014,2015-03-11,1941,2014-07-06,1543,6014,NA,7,5,7,1941,0,0,0,NA,0,NA,E 49TH ST,E 49TH ST 229,0,NA,N,A,-,N,NA,NA,NA,NA,NA,NA,NA,NA,NA,N,3,0,1,2,A,-,11,21954,A,N,G,B,D,A,H,-,A,D,0,Y,NA,NA,NA,Y,NA,N,NA,0,1,0,0,1,0,0,0,0,-,-,NA,NA,LOS ANGELES,LONG BEACH,-118.190931,33.84493
6553197,2014,2016-03-16,1942,2014-07-03,1735,41468,1029,4,5,7,1942,0,0,0,J,0,10A1,VANOWEN ST,GLORIA AV,0,NA,Y,A,-,N,NA,NA,NA,NA,NA,NA,NA,NA,NA,NA,3,0,2,3,A,-,05,21651,B,F,B,C,A,A,H,-,A,D,0,NA,NA,NA,NA,Y,NA,A,07,0,2,0,0,0,0,0,0,0,-,-,NA,NA,LOS ANGELES,LOS ANGELES,-118.47930013,34.19391001
6553245,2014,2014-08-21,1951,2014-07-12,1059,720,1951,6,5,3,1951,0,0,0,NA,0,7L11,VIA ZUMAYA,VIA ZUMAYA 1400,0,NA,N,A,-,N,NA,NA,NA,NA,NA,NA,NA,NA,NA,N,3,0,1,1,A,-,03,22350,NA,N,H,A,A,A,G,-,A,D,0,NA,Y,NA,NA,Y,NA,L,04,0,1,0,0,0,0,1,0,0,-,-,NA,NA,LOS ANGELES,PALOS VERDES EST,-118.406332,33.772341
6553249,2014,2014-08-21,1951,2014-07-13,0049,738,1951,7,5,3,1951,0,0,0,NA,0,705,PALOS VERDES DR W,VIA DEL PUENTE,963,W,N,A,-,N,NA,NA,NA,NA,NA,NA,NA,NA,NA,Y,2,0,1,2,A,-,03,22350,NA,N,A,E,A,A,H,-,D,D,0,NA,NA,NA,NA,Y,NA,A,01,1,0,0,0,0,0,0,0,0,-,-,NA,NA,LOS ANGELES,PALOS VERDES EST,-118.39488486,33.79984
6553269,2014,2016-05-24,9525,2014-07-11,1640,019682,NA,5,2,5,1906,0,1,1,NA,2,103,RT 10,BALDWIN PARK BL,300,W,N,A,-,Y,LA,7,10,-,-,32.21,H,-,W,Y,4,0,1,2,A,-,07,21658,A,N,B,C,A,A,H,-,A,D,1,NA,NA,NA,NA,Y,NA,A,01,0,0,1,0,0,0,0,0,0,-,-,34.06703,-117.99042,LOS ANGELES,BALDWIN PARK,-117.98188056,34.06759764
6553388,2014,2014-08-05,1900,2014-03-31,1317,516570,0531,1,5,5,1959,0,0,0,NA,0,531D,VALLEY BL,MISSION DR,219,W,N,A,-,N,NA,NA,NA,NA,NA,NA,NA,NA,NA,Y,4,0,1,3,A,-,04,21703,NA,N,C,C,A,A,H,-,A,A,0,NA,NA,NA,NA,Y,NA,A,01,0,0,1,0,0,0,0,0,0,-,-,NA,NA,LOS ANGELES,ROSEMEAD,-118.06605099,34.08109394
6553650,2014,2015-06-09,1942,2014-07-04,0047,36553,0361,5,5,7,1942,0,0,0,C,0,20T59,LA BREA AV,DON LORENZO DR,0,N,N,A,-,N,NA,NA,NA,NA,NA,NA,NA,NA,NA,Y,1,1,2,2,A,-,17,22109,NA,F,H,A,A,A,H,-,C,D,0,NA,NA,NA,NA,Y,NA,A,01,0,0,2,0,0,0,0,0,0,-,-,NA,NA,LOS ANGELES,LOS ANGELES,-118.35900007,34.0008101
6553799,2014,2016-06-09,1976,2014-07-02,1634,568,NA,3,5,5,1976,0,0,0,NA,0,001,WHITTIER BL,ROCKNE AV,220,W,N,A,-,Y,LA,7,72,-,-,6.43,H,-,N,Y,3,0,1,2,A,-,04,21703,NA,N,C,C,A,A,H,-,A,D,0,NA,NA,NA,NA,Y,NA,A,07,0,1,0,0,0,0,0,0,0,-,-,NA,NA,LOS ANGELES,WHITTIER,-118.06613088,33.99137617
6553820,2014,2014-08-15,1942,2014-06-17,1140,39745,1112,2,5,7,1942,0,0,0,K,0,2T15W2,VERDUGO RD,YORK BL,18,S,N,A,-,N,NA,NA,NA,NA,NA,NA,NA,NA,NA,Y,4,0,1,2,A,-,12,21453,A,N,D,C,A,A,H,-,A,A,0,NA,NA,NA,NA,Y,NA,A,01,0,0,1,0,0,0,0,0,0,-,-,NA,NA,LOS ANGELES,LOS ANGELES,-118.23171057,34.12495126
6553824,2014,2014-09-02,1942,2014-06-08,1035,30380,497,7,5,7,1942,0,0,0,NA,0,4TL43,S SOTO ST,E OLYMPIC BL,0,NA,Y,A,-,N,NA,NA,NA,NA,NA,NA,NA,NA,NA,N,4,0,1,2,A,-,11,21456,B,N,G,B,B,A,H,-,A,A,0,Y,NA,NA,NA,Y,NA,N,60,0,0,1,0,1,0,0,0,0,-,-,NA,NA,LOS ANGELES,LOS ANGELES,-118.21985003,34.02427006
6553844,2014,2014-08-05,1900,2014-05-28,0543,516551,NORWA,3,5,6,1949,0,0,0,NA,0,43T1,ALONDRA BL,BLOOMFIELD AV,92,E,N,A,-,N,NA,NA,NA,NA,NA,NA,NA,NA,NA,Y,4,0,1,2,A,-,08,22100,A,N,C,C,A,B,H,-,A,A,0,NA,NA,Y,NA,Y,NA,A,01,0,0,1,0,0,0,0,0,1,-,-,NA,NA,LOS ANGELES,NORWALK,-118.06387756,33.88779267
6553861,2014,2014-08-21,1941,2014-07-01,1058,5048,901-T,2,5,7,1941,0,0,0,NA,0,NA,10TH ST,WALNUT AV,0,NA,Y,A,-,N,NA,NA,NA,NA,NA,NA,NA,NA,NA,N,4,0,1,2,A,-,10,21952,NA,N,G,B,B,A,H,-,A,A,0,Y,NA,NA,NA,Y,NA,A,NA,0,0,1,0,1,0,0,0,0,-,-,NA,NA,LOS ANGELES,LONG BEACH,-118.17203005,33.7789501
6553864,2014,2014-08-06,1900,2014-05-27,1430,101944,0456,2,5,6,1949,0,0,0,NA,0,43T11P,PIONEER BL,MAPLEDALE ST,0,NA,Y,A,-,N,NA,NA,NA,NA,NA,NA,NA,NA,NA,Y,4,0,3,2,A,-,12,21453,A,N,D,C,A,A,H,-,A,A,0,NA,NA,NA,NA,Y,NA,A,07,0,0,3,0,0,0,0,0,0,-,-,NA,NA,LOS ANGELES,NORWALK,-118.08280001,33.89846011
6553865,2014,2014-08-21,1941,2014-07-01,1300,10245,901T,2,5,7,1941,0,0,0,NA,0,NA,PARK AV,5TH ST,20,S,N,A,-,N,NA,NA,NA,NA,NA,NA,NA,NA,NA,Y,4,0,1,2,A,-,-,NA,NA,N,C,C,A,A,H,-,A,A,0,NA,NA,NA,NA,Y,NA,A,NA,0,0,1,0,0,0,0,0,0,-,-,NA,NA,LOS ANGELES,LONG BEACH,-118.13721,33.77253516
6553873,2014,2014-08-21,1941,2014-07-02,2100,5183,901T,3,5,7,1941,0,0,0,NA,0,NA,LAKEWOOD BL,SPRING ST,558,N,N,A,-,N,NA,NA,NA,NA,NA,NA,NA,NA,NA,Y,3,0,5,2,A,-,03,22350,NA,N,C,C,A,A,H,-,C,D,0,NA,NA,NA,NA,Y,NA,A,NA,0,2,3,0,0,0,0,0,0,-,-,NA,NA,LOS ANGELES,LONG BEACH,-118.13930068,33.81415929
6553877,2014,2014-08-21,1941,2014-07-02,2109,5146,901T,3,5,7,1941,0,0,0,NA,0,NA,PALO VERDE AV,WILLOW ST,0,NA,Y,A,-,N,NA,NA,NA,NA,NA,NA,NA,NA,NA,Y,4,0,2,2,A,-,09,21801,A,N,D,C,A,A,H,-,C,A,0,NA,NA,NA,NA,Y,NA,A,NA,0,0,2,0,0,0,0,0,0,-,-,NA,NA,LOS ANGELES,LONG BEACH,-118.10793002,33.80330001
6553881,2014,2014-08-21,1941,2014-07-03,0945,10364,901T,4,5,7,1941,0,0,0,NA,0,NA,LONG BEACH BL,ARBOR ST,144,N,N,A,-,N,NA,NA,NA,NA,NA,NA,NA,NA,NA,N,4,0,1,2,A,-,09,21804,A,N,D,C,A,A,H,-,A,D,0,NA,NA,NA,NA,Y,NA,A,NA,0,0,1,0,0,0,0,0,0,-,-,NA,NA,LOS ANGELES,LONG BEACH,-118.19296521,33.84431585
6553885,2014,2014-08-29,1941,2014-07-01,1339,10364,901-T,2,5,7,1941,0,0,0,NA,0,NA,CHERRY AV,37TH ST,0,NA,Y,A,-,N,NA,NA,NA,NA,NA,NA,NA,NA,NA,Y,4,0,1,2,A,-,09,21804,A,N,-,C,A,A,H,-,A,A,0,NA,NA,NA,NA,Y,NA,D,NA,0,0,1,0,0,0,0,0,0,-,-,NA,NA,LOS ANGELES,LONG BEACH,-118.167552,33.824201
6553887,2014,2014-08-06,1942,2014-05-19,1505,31573,0783,1,5,7,1942,0,0,0,G,0,34MQ09,WASHINGTON BL,ELECTRIC AV,182,W,N,A,-,N,NA,NA,NA,NA,NA,NA,NA,NA,NA,N,4,0,1,2,A,-,04,21703,NA,N,C,C,A,A,H,-,A,A,0,NA,NA,NA,NA,Y,NA,A,01,0,0,1,0,0,0,0,0,0,-,-,NA,NA,LOS ANGELES,LOS ANGELES,-118.368292,34.035022
6553889,2014,2014-08-21,1941,2014-07-01,0622,NA,901T,2,5,7,1941,0,0,0,NA,0,NA,ORANGE AV,36TH ST,0,NA,Y,A,-,N,NA,NA,NA,NA,NA,NA,NA,NA,NA,Y,4,0,1,2,A,-,03,22350,NA,N,C,C,A,A,H,-,A,A,0,NA,NA,NA,NA,Y,NA,A,NA,0,0,1,0,0,0,0,0,0,-,-,NA,NA,LOS ANGELES,LONG BEACH,-118.17632011,33.82212009
6553891,2014,2014-08-06,1942,2014-05-30,1545,32565,0773,5,5,7,1942,0,0,0,G,0,20TL56,WASHINGTON BL,CLOVERDALE AV,4,W,N,A,-,N,NA,NA,NA,NA,NA,NA,NA,NA,NA,N,3,0,1,2,A,-,06,21755,NA,N,D,G,A,A,H,-,A,A,0,NA,Y,NA,NA,Y,NA,L,04,0,1,0,0,0,0,1,0,0,-,-,NA,NA,LOS ANGELES,LOS ANGELES,-118.35393309,34.04135131
6553895,2014,2014-08-06,1942,2014-05-20,0920,33191,749,2,5,7,1942,0,0,0,NA,0,14TL49,WILSHIRE BL,ROSSMORE AV,0,NA,Y,A,-,N,NA,NA,NA,NA,NA,NA,NA,NA,NA,Y,4,0,1,2,A,-,09,21801,A,N,D,C,A,A,H,-,A,A,0,NA,NA,NA,NA,Y,NA,A,01,0,0,1,0,0,0,0,0,0,-,-,NA,NA,LOS ANGELES,LOS ANGELES,-118.32765005,34.06191002
6553897,2014,2014-08-21,1900,2014-07-01,1910,514257,0560,2,5,3,1968,0,0,0,NA,0,55T1PM,GARVEY AV,CHICO AV,35,W,N,A,-,N,NA,NA,NA,NA,NA,NA,NA,NA,NA,N,4,0,1,2,A,-,11,21954,A,N,G,B,D,A,H,-,A,A,0,Y,NA,NA,NA,Y,NA,N,60,0,0,1,0,1,0,0,0,0,-,-,NA,NA,LOS ANGELES,SOUTH EL MONTE,-118.06014531,34.06274
6553899,2014,2014-08-06,1942,2014-05-30,1130,36083,0727,5,5,7,1942,0,0,0,G,0,7T23,BEVERLY BL,HIGHLAND AV,0,NA,Y,A,-,N,NA,NA,NA,NA,NA,NA,NA,NA,NA,N,4,0,1,2,A,-,04,21703,NA,N,C,C,A,A,H,-,A,D,0,NA,NA,NA,NA,Y,NA,A,01,0,0,1,0,0,0,0,0,0,-,-,NA,NA,LOS ANGELES,LOS ANGELES,-118.33865006,34.0761901
6553901,2014,2014-08-21,1900,2014-07-01,1430,521389,0332,2,5,4,1939,0,0,0,NA,0,35T2P,INGLEWOOD AV,147TH ST,60,N,N,A,-,N,NA,NA,NA,NA,NA,NA,NA,NA,NA,Y,4,0,2,2,A,-,04,21703,NA,N,C,C,A,A,H,-,A,D,0,NA,NA,NA,NA,Y,NA,A,01,0,0,2,0,0,0,0,0,0,-,-,NA,NA,LOS ANGELES,LAWNDALE,-118.36130681,33.89845455