CASE_ID,ACCIDENT_YEAR,PROC_DATE,JURIS,COLLISION_DATE,COLLISION_TIME,OFFICER_ID,REPORTING_DISTRICT,DAY_OF_WEEK,CHP_SHIFT,POPULATION,CNTY_CITY_LOC,SPECIAL_COND,BEAT_TYPE,CHP_BEAT_TYPE,CITY_DIVISION_LAPD,CHP_BEAT_CLASS,BEAT_NUMBER,PRIMARY_RD,SECONDARY_RD,DISTANCE,DIRECTION,INTERSECTION,WEATHER_1,WEATHER_2,STATE_HWY_IND,CALTRANS_COUNTY,CALTRANS_DISTRICT,STATE_ROUTE,ROUTE_SUFFIX,POSTMILE_PREFIX,POSTMILE,LOCATION_TYPE,RAMP_INTERSECTION,SIDE_OF_HWY,TOW_AWAY,COLLISION_SEVERITY,NUMBER_KILLED,NUMBER_INJURED,PARTY_COUNT,PRIMARY_COLL_FACTOR,PCF_CODE_OF_VIOL,PCF_VIOL_CATEGORY,PCF_VIOLATION,PCF_VIOL_SUBSECTION,HIT_AND_RUN,TYPE_OF_COLLISION,MVIW,PED_ACTION,ROAD_SURFACE,ROAD_COND_1,ROAD_COND_2,LIGHTING,CONTROL_DEVICE,CHP_ROAD_TYPE,PEDESTRIAN_ACCIDENT,BICYCLE_ACCIDENT,MOTORCYCLE_ACCIDENT,TRUCK_ACCIDENT,NOT_PRIVATE_PROPERTY,ALCOHOL_INVOLVED,STWD_VEHTYPE_AT_FAULT,CHP_VEHTYPE_AT_FAULT,COUNT_SEVERE_INJ,COUNT_VISIBLE_INJ,COUNT_COMPLAINT_PAIN,COUNT_PED_KILLED,COUNT_PED_INJURED,COUNT_BICYCLIST_KILLED,COUNT_BICYCLIST_INJURED,COUNT_MC_KILLED,COUNT_MC_INJURED,PRIMARY_RAMP,SECONDARY_RAMP,LATITUDE,LONGITUDE,COUNTY,CITY,POINT_X,POINT_Y
6555695,2014,2014-09-13,1900,2014-08-05,2100,520085,2814,2,5,5,1915,0,0,0,NA,0,283T1,COMPTON BL,ACACIA AV,36,E,N,A,-,N,NA,NA,NA,NA,NA,NA,NA,NA,NA,N,4,0,1,2,A,-,03,22350,NA,N,C,C,A,A,H,-,C,A,0,NA,NA,NA,NA,Y,NA,J,48,0,0,1,0,0,0,0,0,0,-,-,NA,NA,LOS ANGELES,COMPTON,-118.22634161,33.89598
6555704,2014,2014-09-12,9545,2014-08-05,0455,18090,NA,2,3,9,1900,0,3,5,NA,2,003,CROWN VALLEY RD,ANTELOPE WOODS RD,0,NA,Y,A,-,N,NA,NA,NA,NA,NA,NA,NA,NA,NA,Y,4,0,1,2,A,-,09,21801,A,N,A,C,A,A,H,-,D,D,0,NA,NA,NA,NA,Y,NA,A,01,0,0,1,0,0,0,0,0,0,-,-,34.49026,-118.19829,LOS ANGELES,UNINCORPORATED,-118.1982501,34.49036009
6555719,2014,2016-05-23,9540,2014-08-03,1947,19433,NA,7,2,9,1900,0,1,1,NA,2,511,RT 5,CHERRY CANYON,843,S,N,B,-,Y,LA,7,5,-,R,70.76,H,-,S,Y,4,0,1,3,B,-,22,NA,NA,N,D,C,A,A,H,-,A,D,1,NA,NA,NA,NA,Y,NA,J,48,0,0,1,0,0,0,0,0,0,-,-,34.36402,-118.73209,LOS ANGELES,UNINCORPORATED,-118.72625903,34.62993179
6555720,2014,2014-09-12,1942,2014-08-19,0230,40063,0195,2,5,7,1942,0,0,0,A,0,2T15,BROADWAY,PICO BL,218,N,N,A,-,N,NA,NA,NA,NA,NA,NA,NA,NA,NA,Y,3,0,2,1,A,-,03,22350,NA,N,E,I,A,A,H,-,C,D,0,NA,NA,NA,NA,Y,NA,J,48,0,1,1,0,0,0,0,0,0,-,-,NA,NA,LOS ANGELES,LOS ANGELES,-118.26073965,34.03760064
6555723,2014,2014-09-12,1942,2014-08-15,1310,37695,0152,5,5,7,1942,0,0,0,A,0,1X32,7TH ST,HILL ST,25,W,N,A,-,N,NA,NA,NA,NA,NA,NA,NA,NA,NA,N,4,0,1,2,A,-,07,21658,A,N,B,G,A,A,H,-,A,A,0,NA,Y,NA,NA,Y,NA,I,20,0,0,1,0,0,0,1,0,0,-,-,NA,NA,LOS ANGELES,LOS ANGELES,-118.25455454,34.0459726
6555731,2014,2014-09-12,1942,2014-08-13,1425,39395,0138,3,5,7,1942,0,0,0,A,0,1A29,3RD ST,SAN PEDRO,195,E,N,A,-,N,NA,NA,NA,NA,NA,NA,NA,NA,NA,N,4,0,2,2,A,-,03,22350,NA,N,C,C,A,A,H,-,A,D,0,NA,NA,NA,NA,Y,NA,I,20,0,0,2,0,0,0,0,0,0,-,-,NA,NA,LOS ANGELES,LOS ANGELES,-118.24194382,34.04706729
6555735,2014,2014-09-12,1942,2014-08-12,0630,40726,0191,2,5,7,1942,0,0,0,A,0,1TL11,VENICE BL,FLOWER ST,28,W,N,A,-,N,NA,NA,NA,NA,NA,NA,NA,NA,NA,N,3,0,1,2,A,-,12,21453,A,N,B,G,A,A,H,-,B,A,0,NA,Y,NA,NA,Y,NA,L,04,0,1,0,0,0,0,1,0,0,-,-,NA,NA,LOS ANGELES,LOS ANGELES,-118.26891155,34.03702588
6555736,2014,2016-06-04,9430,2014-08-11,2215,17152,NA,1,3,9,1900,0,1,1,NA,2,051,RT 5,GORMAN,75,N,N,A,-,Y,LA,7,5,-,R,85.83,H,-,S,Y,4,0,1,2,A,-,03,22350,NA,N,C,C,A,A,D,-,D,A,1,NA,NA,NA,NA,Y,NA,A,01,0,0,1,0,0,0,0,0,0,-,-,34.79488,-118.85262,LOS ANGELES,UNINCORPORATED,-118.85280643,34.79502565
6555740,2014,2014-09-12,1942,2014-08-05,1815,37611,0111,2,5,7,1942,0,0,0,A,0,13T55,BROADWAY,ARCADIA ST,225,N,N,A,-,N,NA,NA,NA,NA,NA,NA,NA,NA,NA,N,4,0,1,2,A,-,21,22106,NA,N,C,C,A,A,H,-,A,D,0,NA,NA,NA,NA,Y,NA,A,01,0,0,1,0,0,0,0,0,0,-,-,NA,NA,LOS ANGELES,LOS ANGELES,-118.24271841,34.0574529
6555744,2014,2014-09-12,1942,2014-08-11,1020,32996,1361,1,5,7,1942,0,0,0,M,0,13TL53,MAIN ST,49TH ST,0,NA,Y,A,-,N,NA,NA,NA,NA,NA,NA,NA,NA,NA,Y,3,0,2,2,A,-,12,21453,A,N,D,C,A,A,H,-,A,A,0,NA,NA,NA,NA,Y,NA,J,48,0,1,1,0,0,0,0,0,0,-,-,NA,NA,LOS ANGELES,LOS ANGELES,-118.27397002,33.99832007
6555747,2014,2014-09-12,1965,2014-08-16,0759,3816,0B2E,6,5,5,1965,0,0,0,NA,0,B002,PICO BL,34TH ST,90,E,N,A,-,N,NA,NA,NA,NA,NA,NA,NA,NA,NA,Y,3,0,1,2,A,-,03,22350,NA,N,F,C,A,A,H,-,A,A,0,NA,NA,NA,NA,Y,NA,A,01,0,1,0,0,0,0,0,0,0,-,-,NA,NA,LOS ANGELES,SANTA MONICA,-118.45400843,34.02753625
6555751,2014,2014-09-12,1942,2014-08-13,1225,39192,1759,3,5,7,1942,0,0,0,Q,0,10TL36,DEVONSHIRE ST,BLUCHER AV,80,E,N,A,-,N,NA,NA,NA,NA,NA,NA,NA,NA,NA,N,4,0,1,2,A,-,03,22350,NA,N,C,C,A,A,H,-,A,D,0,NA,NA,NA,NA,Y,NA,A,01,0,0,1,0,0,0,0,0,0,-,-,NA,NA,LOS ANGELES,LOS ANGELES,-118.47304572,34.25733
6555752,2014,2014-09-23,1942,2014-08-06,0305,40099,1251,3,5,7,1942,0,0,0,L,0,13T55,8TH AV,74TH ST,45,S,N,A,-,N,NA,NA,NA,NA,NA,NA,NA,NA,NA,Y,4,0,2,1,A,-,03,22350,NA,N,E,-,A,A,H,-,C,D,0,NA,NA,NA,NA,Y,NA,J,48,0,0,2,0,0,0,0,0,0,-,-,NA,NA,LOS ANGELES,LOS ANGELES,-118.32649,33.972607000000004
6555759,2014,2014-09-12,1942,2014-08-14,1605,33294,1645,4,5,7,1942,0,0,0,P,0,35M74,OSBORNE ST,GLENOAKS BL,72,W,N,A,-,N,NA,NA,NA,NA,NA,NA,NA,NA,NA,N,4,0,1,2,A,-,03,22350,NA,N,C,C,A,A,H,-,A,A,0,NA,NA,NA,NA,Y,NA,J,48,0,0,1,0,0,0,0,0,0,-,-,NA,NA,LOS ANGELES,LOS ANGELES,-118.40198516,34.26451469
6555843,2014,2014-09-11,1942,2014-07-30,1655,31573,0881,3,5,7,1942,0,0,0,H,0,34MQ09,BUNDY DR,TENNESSEE AV,0,NA,Y,A,-,N,NA,NA,NA,NA,NA,NA,NA,NA,NA,Y,2,0,3,2,A,-,09,21802,A,N,B,C,A,A,H,-,A,A,0,NA,NA,NA,NA,Y,NA,A,01,1,0,2,0,0,0,0,0,0,-,-,NA,NA,LOS ANGELES,LOS ANGELES,-118.45182013,34.03079004
6555844,2014,2016-06-08,9565,2014-07-14,1249,16775,NA,1,1,7,1942,0,1,1,NA,2,083,RT 10,ROBERTSON BL,221,W,N,A,-,Y,LA,7,10,-,R,7.88,H,-,E,Y,4,0,3,2,A,-,01,23152,A,N,C,C,A,A,H,-,A,D,1,NA,NA,NA,NA,Y,NA,A,01,0,0,3,0,0,0,0,0,0,-,-,34.03042,-118.39183,LOS ANGELES,LOS ANGELES,-118.39209075,34.03011471
6555848,2014,2014-09-11,1942,2014-07-18,0240,40058,0774,5,5,7,1942,0,0,0,G,0,20T59,LA BREA AV,VENICE BL,0,NA,Y,A,-,N,NA,NA,NA,NA,NA,NA,NA,NA,NA,Y,3,0,4,2,A,-,12,21453,A,N,D,C,A,A,H,-,C,A,0,NA,NA,NA,NA,Y,NA,J,48,0,1,3,0,0,0,0,0,0,-,-,NA,NA,LOS ANGELES,LOS ANGELES,-118.34544013,34.0458701
6555852,2014,2014-09-11,1942,2014-07-05,1835,24517,1431,6,5,7,1942,0,0,0,N,0,7TL38,VENICE WY,ANDALUSIA AV,0,NA,Y,A,-,N,NA,NA,NA,NA,NA,NA,NA,NA,NA,N,4,0,1,2,A,-,09,21802,A,N,D,C,A,A,H,-,A,A,0,NA,NA,NA,NA,Y,NA,A,01,0,0,1,0,0,0,0,0,0,-,-,NA,NA,LOS ANGELES,LOS ANGELES,-118.46726001,33.98751001
6555855,2014,2014-09-11,1900,2014-07-30,1220,273453,0621,3,5,6,1985,0,0,0,NA,0,62T1,MC BEAN PKWY,ORCHARD VILLAGE RD,0,NA,Y,A,-,N,NA,NA,NA,NA,NA,NA,NA,NA,NA,Y,4,0,2,2,B,-,22,NA,NA,N,D,C,A,A,H,-,A,A,0,NA,NA,NA,NA,Y,NA,J,48,0,0,2,0,0,0,0,0,0,-,-,NA,NA,LOS ANGELES,SANTA CLARITA,-118.55313012,34.39618012
6555860,2014,2016-01-12,1942,2014-07-17,2225,37575,1493,4,5,7,1942,0,0,0,N,0,14T47,VISTA DEL MAR,IMPERIAL HWY,3800,S,N,A,-,N,NA,NA,NA,NA,NA,NA,NA,NA,NA,Y,4,0,2,2,A,-,07,21658,A,N,B,C,A,A,H,-,C,D,0,NA,NA,NA,NA,Y,NA,A,01,0,0,2,0,0,0,0,0,0,-,-,NA,NA,LOS ANGELES,LOS ANGELES,-118.43143,33.92369
6555863,2014,2014-09-11,9530,2014-07-28,1200,18278,NA,1,1,9,1900,0,3,5,NA,2,002,126TH ST,WILMINGTON AV,950,E,N,A,-,N,NA,NA,NA,NA,NA,NA,NA,NA,NA,N,4,0,1,2,A,-,21,22106,NA,N,C,C,A,A,H,-,A,D,0,NA,NA,NA,NA,Y,NA,J,48,0,0,1,0,0,0,0,0,0,-,-,33.91799,-118.23593,LOS ANGELES,UNINCORPORATED,-118.23902,33.91845
6555864,2014,2016-01-12,1942,2014-07-24,1812,37469,0835,4,5,7,1942,0,0,0,H,0,8TL26,SEPULVEDA BL,SANTA MONICA BL,0,NA,Y,A,-,N,NA,NA,NA,NA,NA,NA,NA,NA,NA,Y,4,0,3,2,A,-,09,21806,A,N,D,C,A,A,H,-,A,A,0,NA,NA,NA,NA,Y,NA,A,01,0,0,3,0,0,0,0,0,0,-,-,NA,NA,LOS ANGELES,LOS ANGELES,-118.44429008,34.04764006
6555880,2014,2014-09-12,1942,2014-07-30,2120,38354,0904,3,5,7,1942,0,0,0,I,0,17T13,SATICOY ST,WILLIS AV,139,W,N,A,-,N,NA,NA,NA,NA,NA,NA,NA,NA,NA,Y,2,0,1,2,A,-,08,22102,NA,N,D,D,A,A,H,-,E,D,0,NA,NA,NA,NA,Y,NA,A,01,1,0,0,0,0,0,0,0,0,-,-,NA,NA,LOS ANGELES,LOS ANGELES,-118.45574891,34.20847
6555883,2014,2014-09-12,1942,2014-07-21,1115,40726,0166,1,5,7,1942,0,0,0,A,0,1TL24,WALL ST,6TH ST,117,S,N,A,-,N,NA,NA,NA,NA,NA,NA,NA,NA,NA,N,4,0,1,2,A,-,06,21750,NA,N,B,G,A,A,H,-,A,D,0,NA,Y,NA,NA,Y,NA,A,08,0,0,1,0,0,0,1,0,0,-,-,NA,NA,LOS ANGELES,LOS ANGELES,-118.24737543,34.04320594
6555887,2014,2014-09-12,1942,2014-07-07,1535,31476,1363,1,5,7,1942,0,0,0,M,0,2T14,MCKINLEY AV,51ST ST,0,NA,Y,A,-,N,NA,NA,NA,NA,NA,NA,NA,NA,NA,Y,3,0,1,2,A,-,09,21806,A,N,D,C,A,A,H,-,A,A,0,NA,NA,NA,NA,Y,NA,A,07,0,1,0,0,0,0,0,0,0,-,-,NA,NA,LOS ANGELES,LOS ANGELES,-118.26087005,33.99659007
6555888,2014,2014-09-12,1942,2014-07-21,2330,39062,0464,1,5,7,1942,0,0,0,D,0,13T53,SOTO ST,MICHIGAN AV,170,N,N,A,-,N,NA,NA,NA,NA,NA,NA,NA,NA,NA,N,4,0,1,2,A,-,21,22106,NA,N,-,C,A,A,H,-,C,D,0,NA,NA,NA,NA,Y,NA,-,-,0,0,1,0,0,0,0,0,0,-,-,NA,NA,LOS ANGELES,LOS ANGELES,-118.20865601,34.04545114
6555892,2014,2014-09-12,1942,2014-07-23,1650,40063,0261,3,5,7,1942,0,0,0,B,0,24E1,7TH ST,CARONDELET ST,30,E,N,A,-,N,NA,NA,NA,NA,NA,NA,NA,NA,NA,N,4,0,1,2,A,-,17,22517,NA,N,B,E,A,A,H,-,A,D,0,NA,NA,NA,NA,Y,NA,J,48,0,0,1,0,0,0,0,0,0,-,-,NA,NA,LOS ANGELES,LOS ANGELES,-118.2814528,34.05854124
6555980,2014,2014-09-08,1900,2014-05-12,2328,438096,1332,1,5,5,1908,0,0,0,NA,0,132T1,BELLFLOWER BL,SOMERSET BL,0,NA,Y,A,-,N,NA,NA,NA,NA,NA,NA,NA,NA,NA,Y,2,0,2,2,B,-,22,NA,NA,N,D,C,A,A,H,-,C,A,0,NA,NA,NA,NA,Y,NA,J,48,1,0,1,0,0,0,0,0,0,-,-,NA,NA,LOS ANGELES,BELLFLOWER,-118.12533009,33.89659003
6555987,2014,2014-09-08,1900,2014-06-08,0827,475111,2612,7,5,6,1950,0,0,0,NA,0,263T1,RANCHO VISTA BL,30TH ST WEST,0,NA,Y,A,-,N,NA,NA,NA,NA,NA,NA,NA,NA,NA,Y,4,0,3,3,A,-,12,21453,A,N,D,C,A,A,H,-,A,A,0,NA,NA,NA,NA,Y,NA,J,48,0,0,3,0,0,0,0,0,0,-,-,NA,NA,LOS ANGELES,PALMDALE,-118.18315011,34.60176003
6555995,2014,2014-09-11,9530,2014-07-17,2130,20699,NA,4,2,9,1900,0,3,5,NA,2,002,EL SEGUNDO BL,WILLOWBROOK AV,0,NA,Y,A,-,N,NA,NA,NA,NA,NA,NA,NA,NA,NA,N,4,0,1,2,D,-,00,NA,NA,N,H,A,B,A,H,-,C,A,0,Y,NA,NA,NA,Y,NA,-,-,0,0,1,0,1,0,0,0,0,-,-,33.91438,-118.23014,LOS ANGELES,UNINCORPORATED,-118.2316801,33.91620003
6556243,2014,2014-09-16,1900,2014-08-25,0810,437387,0540,1,5,3,1921,0,0,0,NA,0,58T1AM,MOUNTAIN AV,BECKVILLE ST,0,NA,Y,A,-,N,NA,NA,NA,NA,NA,NA,NA,NA,NA,Y,4,0,2,2,A,-,09,21802,A,N,D,C,A,A,H,-,A,A,0,NA,NA,NA,NA,Y,NA,D,22,0,0,2,0,0,0,0,0,0,-,-,NA,NA,LOS ANGELES,DUARTE,-117.98913001,34.12571012
6556694,2014,2015-04-01,1942,2014-06-26,1730,31782,0914,4,5,7,1942,0,0,0,I,0,9LZ30,VANOWEN ST,NOBLE AV,200,E,N,A,-,N,NA,NA,NA,NA,NA,NA,NA,NA,NA,N,4,0,1,2,A,-,04,21703,NA,F,C,C,A,A,H,-,A,D,0,NA,NA,NA,NA,Y,NA,A,07,0,0,1,0,0,0,0,0,0,-,-,NA,NA,LOS ANGELES,LOS ANGELES,-118.46117981,34.19393
6556765,2014,2014-08-14,1942,2014-06-29,2210,37604,NA,7,5,7,1942,0,0,0,NA,0,1515,VANOWEN ST,MORELLA AV,0,NA,Y,A,-,N,NA,NA,NA,NA,NA,NA,NA,NA,NA,N,4,0,1,2,A,-,-,NA,NA,F,B,C,A,A,H,-,C,D,0,NA,NA,NA,NA,Y,NA,-,-,0,0,1,0,0,0,0,0,0,-,-,NA,NA,LOS ANGELES,LOS ANGELES,-118.3900301,34.19394009
6556768,2014,2014-08-14,1953,2014-06-29,1352,7176,1953,7,5,6,1953,0,0,0,NA,0,001,LINDA VISTA AV,W HOLLY ST,0,NA,Y,A,-,N,NA,NA,NA,NA,NA,NA,NA,NA,NA,N,4,0,2,2,A,-,03,22350,NA,N,C,C,A,A,H,-,A,A,0,NA,NA,NA,NA,Y,NA,A,01,0,0,2,0,0,0,0,0,0,-,-,NA,NA,LOS ANGELES,PASADENA,-118.16645005,34.14918002
6556769,2014,2014-08-14,1953,2014-06-28,1454,0366,1953,6,5,6,1953,0,0,0,NA,0,002,LAKE AV,GREEN ST,0,NA,Y,A,-,N,NA,NA,NA,NA,NA,NA,NA,NA,NA,Y,4,0,2,2,A,-,12,21453,A,N,D,C,A,A,H,-,A,A,0,NA,NA,NA,NA,Y,NA,A,01,0,0,2,0,0,0,0,0,0,-,-,NA,NA,LOS ANGELES,PASADENA,-118.13240011,34.14456003
6556770,2014,2014-08-14,1953,2014-06-27,1851,7724,NA,5,5,6,1953,0,0,0,NA,0,005,WALNUT ST,RAYMOND AV,0,NA,Y,A,-,N,NA,NA,NA,NA,NA,NA,NA,NA,NA,N,4,0,1,2,A,-,-,NA,NA,N,G,B,B,A,H,-,A,A,0,Y,NA,NA,NA,Y,NA,A,07,0,0,1,0,1,0,0,0,0,-,-,NA,NA,LOS ANGELES,PASADENA,-118.14892012,34.14948001
6556771,2014,2014-08-14,1953,2014-06-27,1748,9396,NA,5,5,6,1953,0,0,0,NA,0,NA,LINCOLN AV,MACDONALD ST,0,NA,Y,A,-,N,NA,NA,NA,NA,NA,NA,NA,NA,NA,Y,3,0,2,2,A,-,09,21801,A,N,A,C,A,A,H,-,A,D,0,NA,NA,NA,NA,Y,NA,A,01,0,2,0,0,0,0,0,0,0,-,-,NA,NA,LOS ANGELES,PASADENA,-118.15959002,34.17132005
6556772,2014,2014-08-14,1953,2014-06-24,1456,5828,NA,2,5,6,1953,0,0,0,NA,0,NA,LOS ROBLES AV,BUCKEYE ST,0,NA,Y,A,-,N,NA,NA,NA,NA,NA,NA,NA,NA,NA,N,4,0,1,3,A,-,03,22350,NA,M,C,C,A,A,H,-,A,D,0,NA,NA,NA,NA,Y,NA,A,01,0,0,1,0,0,0,0,0,0,-,-,NA,NA,LOS ANGELES,PASADENA,-118.14156002,34.15973001
6556782,2014,2014-08-14,1947,2014-06-22,0234,1402,NA,7,5,5,1947,0,0,0,NA,0,04A,WEST BEVERLY BL,VIA VAL VERDE,0,NA,Y,A,-,N,NA,NA,NA,NA,NA,NA,NA,NA,NA,Y,4,0,1,1,A,-,08,22107,NA,N,E,I,A,A,H,-,C,A,0,NA,NA,NA,NA,Y,NA,A,08,0,0,1,0,0,0,0,0,0,-,-,NA,NA,LOS ANGELES,MONTEBELLO,-118.12581002,34.0214301
6556783,2014,2014-08-14,1947,2014-06-19,1312,1403,NA,4,5,5,1947,0,0,0,NA,0,00A,WEST BEVERLY BL,BRADSHAWE ST,200,E,N,A,-,N,NA,NA,NA,NA,NA,NA,NA,NA,NA,Y,4,0,1,1,A,-,08,22107,NA,N,E,I,A,A,H,-,A,D,0,NA,NA,NA,NA,Y,NA,A,07,0,0,1,0,0,0,0,0,0,-,-,NA,NA,LOS ANGELES,MONTEBELLO,-118.1408782,34.02453374
6556784,2014,2014-08-14,1947,2014-06-30,1402,1392,NA,1,5,5,1947,0,0,0,NA,0,01A,VIA CAMPO,FINDLAY AV,0,NA,Y,A,-,N,NA,NA,NA,NA,NA,NA,NA,NA,NA,Y,3,0,3,2,A,-,12,21453,A,N,D,C,A,A,H,-,A,A,0,NA,NA,Y,NA,Y,NA,A,01,0,1,2,0,0,0,0,0,2,-,-,NA,NA,LOS ANGELES,MONTEBELLO,-118.13796001,34.03266001
6556785,2014,2014-08-14,1947,2014-06-19,1825,1369,NA,4,5,5,1947,0,0,0,NA,0,00F,PARAMOUNT BL,ARROYO BL,500,E,N,A,-,N,NA,NA,NA,NA,NA,NA,NA,NA,NA,Y,4,0,1,2,A,-,08,22107,NA,N,E,E,A,A,H,-,A,D,0,NA,NA,NA,NA,Y,NA,-,NA,0,0,1,0,0,0,0,0,0,-,-,NA,NA,LOS ANGELES,MONTEBELLO,-118.09125656,34.04284037
6556786,2014,2014-08-14,1947,2014-06-29,0010,1399,NA,7,5,5,1947,0,0,0,NA,0,04D,WHITTIER BL,2ND ST,100,E,N,A,-,N,NA,NA,NA,NA,NA,NA,NA,NA,NA,N,4,0,1,2,A,-,03,22350,NA,N,C,C,A,A,H,-,C,A,0,NA,NA,NA,NA,Y,NA,A,01,0,0,1,0,0,0,0,0,0,-,-,NA,NA,LOS ANGELES,MONTEBELLO,-118.10150046,34.00864389
6556787,2014,2014-08-14,1947,2014-06-26,1511,61P,1947,4,5,5,1947,0,0,0,NA,0,00D,MONTEBELLO BL,BEACH ST,0,NA,Y,A,-,N,NA,NA,NA,NA,NA,NA,NA,NA,NA,Y,4,0,1,2,D,-,00,NA,NA,N,D,C,A,A,H,-,A,D,0,NA,NA,NA,NA,Y,NA,-,-,0,0,1,0,0,0,0,0,0,-,-,NA,NA,LOS ANGELES,MONTEBELLO,-118.11381002,33.99799001
6556788,2014,2014-08-14,1947,2014-06-23,1208,1398,NA,1,5,5,1947,0,0,0,NA,0,00F,NEIL ARMSTRONG,RIDGE TERRACE,306,N,N,A,-,N,NA,NA,NA,NA,NA,NA,NA,NA,NA,N,4,0,3,2,A,-,09,21804,A,N,D,C,A,A,H,-,A,D,0,NA,NA,NA,NA,Y,NA,A,08,0,0,3,0,0,0,0,0,0,-,-,NA,NA,LOS ANGELES,MONTEBELLO,-118.09512482,34.04026277
6556789,2014,2014-08-14,1947,2014-06-16,1235,1365,NA,1,5,5,1947,0,0,0,NA,0,01E,OLYMPIC BL,VAIL AV,184,E,N,A,-,N,NA,NA,NA,NA,NA,NA,NA,NA,NA,N,3,0,2,2,A,-,08,22107,NA,N,B,C,A,A,H,-,A,D,0,NA,NA,NA,NA,Y,NA,A,NA,0,1,1,0,0,0,0,0,0,-,-,NA,NA,LOS ANGELES,MONTEBELLO,-118.11949923,34.00958019
6556790,2014,2014-08-14,1947,2014-06-14,2145,1402,NA,6,5,5,1947,0,0,0,NA,0,04B,WHITTIER BL,4TH ST,0,NA,Y,A,-,N,NA,NA,NA,NA,NA,NA,NA,NA,NA,N,4,0,1,2,A,-,09,21801,A,N,D,C,A,A,H,-,C,A,0,NA,NA,NA,NA,Y,NA,A,01,0,0,1,0,0,0,0,0,0,-,-,NA,NA,LOS ANGELES,MONTEBELLO,-118.10392,34.00916011
6556791,2014,2014-08-14,1947,2014-06-13,1844,1360,NA,5,5,5,1947,0,0,0,NA,0,04E,VAIL AV,OLYMPIC BL,0,NA,Y,A,-,N,NA,NA,NA,NA,NA,NA,NA,NA,NA,N,3,0,1,2,A,-,09,21801,A,N,D,C,A,A,H,-,A,A,0,NA,NA,NA,NA,Y,NA,A,01,0,1,0,0,0,0,0,0,0,-,-,NA,NA,LOS ANGELES,MONTEBELLO,-118.12001001,34.00985006
6556792,2014,2014-08-14,1947,2014-06-13,1529,1363,NA,5,5,5,1947,0,0,0,NA,0,00F,POTRERO GRANDE DR,ARROYO DR,573,S,N,A,-,N,NA,NA,NA,NA,NA,NA,NA,NA,NA,Y,3,0,1,2,A,-,09,21801,A,N,D,C,A,A,H,-,A,D,0,NA,NA,Y,NA,Y,NA,A,01,0,1,0,0,0,0,0,0,1,-,-,NA,NA,LOS ANGELES,MONTEBELLO,-118.10114955,34.04334825
6556793,2014,2014-08-21,1947,2014-06-12,2123,1229,NA,4,5,5,1947,0,0,0,NA,0,04B,MONTEBELLO BL,CLEVELAND AV,0,NA,Y,A,-,N,NA,NA,NA,NA,NA,NA,NA,NA,NA,Y,4,0,1,2,A,-,09,21801,A,N,-,C,A,A,H,-,C,A,0,NA,NA,NA,NA,Y,NA,A,01,0,0,1,0,0,0,0,0,0,-,-,NA,NA,LOS ANGELES,MONTEBELLO,-118.10760001,34.01191012
6556794,2014,2014-08-14,1947,2014-06-11,1706,1252,NA,3,5,5,1947,0,0,0,NA,0,00B,BEVERLY BL,MONTEBELLO BL,149,W,N,A,-,N,NA,NA,NA,NA,NA,NA,NA,NA,NA,Y,3,0,1,2,A,-,04,21703,NA,N,C,C,A,A,H,-,A,D,0,NA,NA,NA,NA,Y,NA,-,NA,0,1,0,0,0,0,0,0,0,-,-,NA,NA,LOS ANGELES,MONTEBELLO,-118.10644298,34.01727866
6556795,2014,2014-08-14,1947,2014-06-10,1822,1393,NA,2,5,5,1947,0,0,0,NA,0,00D,GREENWOOD AV,BEACH ST,545,S,N,A,-,N,NA,NA,NA,NA,NA,NA,NA,NA,NA,N,4,0,3,4,A,-,09,21804,A,N,D,C,A,A,H,-,A,D,0,NA,NA,NA,NA,Y,NA,A,01,0,0,3,0,0,0,0,0,0,-,-,NA,NA,LOS ANGELES,MONTEBELLO,-118.11769305,33.99791967
6556796,2014,2014-08-14,1947,2014-06-09,0728,1297,NA,1,5,5,1947,0,0,0,NA,0,01D,GREENWOOD AV,OAKWOOD ST,122,S,N,A,-,N,NA,NA,NA,NA,NA,NA,NA,NA,NA,N,4,0,3,2,A,-,09,21804,A,N,D,C,A,A,H,-,A,D,0,NA,NA,NA,NA,Y,NA,A,07,0,0,3,0,0,0,0,0,0,-,-,NA,NA,LOS ANGELES,MONTEBELLO,-118.12313546,33.98866327
6556797,2014,2014-08-14,1947,2014-06-07,1324,1391,NA,6,5,5,1947,0,0,0,NA,0,00A,GARFIELD AV,HAY ST,150,E,N,A,-,N,NA,NA,NA,NA,NA,NA,NA,NA,NA,Y,3,0,4,2,A,-,09,21801,A,N,F,C,A,A,H,-,A,A,0,NA,NA,NA,NA,Y,NA,-,NA,0,2,2,0,0,0,0,0,0,-,-,NA,NA,LOS ANGELES,MONTEBELLO,-118.1323843,34.01918379
6556798,2014,2014-08-14,1947,2014-06-07,1330,1368,NA,6,5,5,1947,0,0,0,NA,0,00A,BEVERLY BL,HAY ST,151,W,N,A,-,N,NA,NA,NA,NA,NA,NA,NA,NA,NA,Y,4,0,2,2,A,-,09,21801,A,N,D,C,A,A,H,-,A,A,0,NA,NA,NA,NA,Y,NA,-,NA,0,0,2,0,0,0,0,0,0,-,-,NA,NA,LOS ANGELES,MONTEBELLO,-118.13094126,34.02090161