CASE_ID,ACCIDENT_YEAR,PROC_DATE,JURIS,COLLISION_DATE,COLLISION_TIME,OFFICER_ID,REPORTING_DISTRICT,DAY_OF_WEEK,CHP_SHIFT,POPULATION,CNTY_CITY_LOC,SPECIAL_COND,BEAT_TYPE,CHP_BEAT_TYPE,CITY_DIVISION_LAPD,CHP_BEAT_CLASS,BEAT_NUMBER,PRIMARY_RD,SECONDARY_RD,DISTANCE,DIRECTION,INTERSECTION,WEATHER_1,WEATHER_2,STATE_HWY_IND,CALTRANS_COUNTY,CALTRANS_DISTRICT,STATE_ROUTE,ROUTE_SUFFIX,POSTMILE_PREFIX,POSTMILE,LOCATION_TYPE,RAMP_INTERSECTION,SIDE_OF_HWY,TOW_AWAY,COLLISION_SEVERITY,NUMBER_KILLED,NUMBER_INJURED,PARTY_COUNT,PRIMARY_COLL_FACTOR,PCF_CODE_OF_VIOL,PCF_VIOL_CATEGORY,PCF_VIOLATION,PCF_VIOL_SUBSECTION,HIT_AND_RUN,TYPE_OF_COLLISION,MVIW,PED_ACTION,ROAD_SURFACE,ROAD_COND_1,ROAD_COND_2,LIGHTING,CONTROL_DEVICE,CHP_ROAD_TYPE,PEDESTRIAN_ACCIDENT,BICYCLE_ACCIDENT,MOTORCYCLE_ACCIDENT,TRUCK_ACCIDENT,NOT_PRIVATE_PROPERTY,ALCOHOL_INVOLVED,STWD_VEHTYPE_AT_FAULT,CHP_VEHTYPE_AT_FAULT,COUNT_SEVERE_INJ,COUNT_VISIBLE_INJ,COUNT_COMPLAINT_PAIN,COUNT_PED_KILLED,COUNT_PED_INJURED,COUNT_BICYCLIST_KILLED,COUNT_BICYCLIST_INJURED,COUNT_MC_KILLED,COUNT_MC_INJURED,PRIMARY_RAMP,SECONDARY_RAMP,LATITUDE,LONGITUDE,COUNTY,CITY,POINT_X,POINT_Y
6563755,2014,2016-06-03,1941,2014-07-20,2345,10008,NA,7,5,7,1941,0,0,0,NA,0,NA,PCH,ATLANTIC AV,200,W,N,A,-,Y,LA,7,1,-,-,6.06,H,-,N,Y,2,0,1,2,A,-,11,21954,A,N,G,B,D,A,H,-,C,A,0,Y,NA,NA,NA,Y,NA,N,NA,1,0,0,0,1,0,0,0,0,-,-,NA,NA,LOS ANGELES,LONG BEACH,-118.18585774,33.78991839
6563757,2014,2014-08-25,1942,2014-07-02,1210,37416,0645,3,5,7,1942,0,0,0,F,0,14TL52,HOLLYWOOD BL,SYCAMORE AV,50,W,N,A,-,N,NA,NA,NA,NA,NA,NA,NA,NA,NA,N,4,0,2,2,A,-,09,21804,A,F,B,C,A,A,H,-,A,D,0,NA,NA,NA,NA,Y,NA,-,99,0,0,2,0,0,0,0,0,0,-,-,NA,NA,LOS ANGELES,LOS ANGELES,-118.34355485,34.10153
6563759,2014,2014-08-25,1941,2014-07-20,1403,10130,NA,7,5,7,1941,0,0,0,NA,0,NA,7TH ST,JUNIPERO AV,0,NA,Y,A,-,N,NA,NA,NA,NA,NA,NA,NA,NA,NA,N,4,0,1,2,D,-,00,NA,NA,N,A,D,A,A,H,-,A,A,0,NA,NA,NA,NA,Y,NA,-,-,0,0,1,0,0,0,0,0,0,-,-,NA,NA,LOS ANGELES,LONG BEACH,-118.1633501,33.77535002
6563841,2014,2014-08-13,1942,2014-06-20,2020,38694,0356,5,5,7,1942,0,0,0,C,0,3T5,37TH ST,WESTERN AV,772,E,N,A,-,N,NA,NA,NA,NA,NA,NA,NA,NA,NA,N,3,0,1,2,A,-,08,22107,NA,N,D,C,A,A,H,-,B,D,0,NA,NA,NA,NA,Y,NA,D,22,0,1,0,0,0,0,0,0,0,-,-,NA,NA,LOS ANGELES,LOS ANGELES,-118.30891,34.02107
6563846,2014,2014-08-26,1928,2014-07-09,1648,111361,H520,3,5,5,1928,0,0,0,NA,0,003,EL SEGUNDO BL,DOTY AV,0,NA,Y,A,-,N,NA,NA,NA,NA,NA,NA,NA,NA,NA,Y,4,0,1,2,A,-,01,23152,A,N,C,C,A,A,H,-,A,A,0,NA,NA,NA,NA,Y,Y,D,22,0,0,1,0,0,0,0,0,0,-,-,NA,NA,LOS ANGELES,HAWTHORNE,-118.33956007,33.91642007
6563850,2014,2014-08-13,1942,2014-06-12,1100,40686,054,4,5,7,1942,0,0,0,E,0,12T41,NORMANDIE AV,190TH ST,24,N,N,A,-,N,NA,NA,NA,NA,NA,NA,NA,NA,NA,N,4,0,1,2,A,-,03,22350,NA,N,C,C,A,A,H,-,A,D,0,NA,NA,NA,NA,Y,NA,J,43,0,0,1,0,0,0,0,0,0,-,-,NA,NA,LOS ANGELES,LOS ANGELES,-118.29925,33.85834
6563862,2014,2016-04-21,9590,2014-06-27,1110,20682,NA,5,1,7,1942,0,1,1,NA,2,063,RT 10,RT 110,150,W,N,A,-,Y,LA,7,10,-,-,14.812,R,2,E,N,4,0,1,2,A,-,03,22350,NA,N,C,C,A,A,H,-,A,D,1,NA,NA,NA,NA,Y,NA,J,48,0,0,1,0,0,0,0,0,0,-,-,34.03828,-118.2733,LOS ANGELES,LOS ANGELES,-118.27443757,34.03810638
6563876,2014,2014-07-24,1942,2014-04-26,0930,38266,0839,6,5,7,1942,0,0,0,H,0,8TL35,OLYMPIC BL,AVE OF THE STARS,200,W,N,A,-,N,NA,NA,NA,NA,NA,NA,NA,NA,NA,Y,3,0,2,2,A,-,07,21658,A,N,D,C,A,A,H,-,A,D,0,NA,NA,NA,NA,Y,NA,A,01,0,1,1,0,0,0,0,0,0,-,-,NA,NA,LOS ANGELES,LOS ANGELES,-118.41392387,34.05581739
6563939,2014,2014-09-23,1942,2014-08-22,1430,36238,NA,5,5,7,1942,0,0,0,NA,0,NA,PICO BL,SAN PEDRO ST,75,W,N,A,-,N,NA,NA,NA,NA,NA,NA,NA,NA,NA,N,3,0,1,2,A,-,17,22517,NA,N,-,E,A,A,H,-,A,D,0,NA,Y,NA,NA,Y,NA,A,01,0,1,0,0,0,0,1,0,0,-,-,NA,NA,LOS ANGELES,LOS ANGELES,-118.25420613,34.03288337
6563943,2014,2014-09-19,1942,2014-08-23,1550,38171,NA,6,5,7,1942,0,0,0,NA,0,NA,VERMONT CANYON RD,COMMONWEALTH CANYON DR,1866,N,N,A,-,N,NA,NA,NA,NA,NA,NA,NA,NA,NA,N,4,0,1,2,A,-,21,22106,NA,N,D,C,A,A,H,-,A,D,0,NA,NA,NA,NA,Y,NA,A,01,0,0,1,0,0,0,0,0,0,-,-,NA,NA,LOS ANGELES,LOS ANGELES,-118.29695305,34.12352706
6563947,2014,2014-09-23,1942,2014-08-23,2220,36023,NA,6,5,7,1942,0,0,0,NA,0,NA,3RD ST,COLUMBIA AV,119,E,N,B,-,N,NA,NA,NA,NA,NA,NA,NA,NA,NA,N,3,0,1,2,A,-,11,21956,A,N,G,B,E,A,H,-,C,D,0,Y,NA,NA,NA,Y,NA,N,60,0,1,0,0,1,0,0,0,0,-,-,NA,NA,LOS ANGELES,LOS ANGELES,-118.26405902,34.05929473
6563955,2014,2014-09-23,1900,2014-08-27,1500,522648,NA,3,5,5,1915,0,0,0,NA,0,NA,GREENLEAF BL,OLEANDER AV,306,E,N,A,-,N,NA,NA,NA,NA,NA,NA,NA,NA,NA,Y,4,0,1,2,A,-,03,22350,NA,N,C,C,A,A,H,-,A,D,0,NA,NA,NA,NA,Y,NA,J,48,0,0,1,0,0,0,0,0,0,-,-,NA,NA,LOS ANGELES,COMPTON,-118.22675456,33.88100152
6563996,2014,2014-07-23,1925,2014-07-07,0937,14881,197,1,5,6,1925,0,0,0,NA,0,001,SAN FERNANDO RD,NEWBY ST,0,NA,Y,A,-,N,NA,NA,NA,NA,NA,NA,NA,NA,NA,Y,3,0,2,2,A,-,09,21802,A,N,D,C,A,A,H,-,A,A,0,NA,NA,NA,NA,Y,NA,A,01,0,1,1,0,0,0,0,0,0,-,-,NA,NA,LOS ANGELES,GLENDALE,-118.28505007,34.16361008
6564015,2014,2014-08-18,1972,2014-07-15,0903,18263,NA,2,5,6,1972,0,0,0,NA,0,NA,REDONDO BEACH BL,WILKIE,240,E,N,A,-,N,NA,NA,NA,NA,NA,NA,NA,NA,NA,N,4,0,1,2,A,-,04,21703,NA,N,C,C,A,A,H,-,A,D,0,NA,NA,NA,NA,Y,NA,A,NA,0,0,1,0,0,0,0,0,0,-,-,NA,NA,LOS ANGELES,TORRANCE,-118.32230124,33.88426161
6564130,2014,2014-08-12,1942,2014-07-17,1035,32774,NA,4,5,7,1942,0,0,0,NA,0,NA,ALY N/ LEADWELL ST,BOTHWELL RD,143,W,N,A,-,N,NA,NA,NA,NA,NA,NA,NA,NA,NA,N,3,0,1,2,A,-,03,22350,NA,N,A,G,A,A,H,-,A,D,0,NA,Y,NA,NA,Y,NA,L,04,0,1,0,0,0,0,1,0,0,-,-,NA,NA,LOS ANGELES,LOS ANGELES,NA,NA
6564166,2014,2014-07-30,1900,2014-05-13,1140,506205,NA,2,5,5,1977,0,0,0,NA,0,NA,CENTRAL AV,TURMONT ST,0,NA,Y,A,-,N,NA,NA,NA,NA,NA,NA,NA,NA,NA,Y,4,0,1,2,A,-,09,21800,A,N,D,C,A,A,H,-,A,A,0,NA,NA,NA,NA,Y,NA,J,48,0,0,1,0,0,0,0,0,0,-,-,NA,NA,LOS ANGELES,CARSON,-118.24861004,33.85344009
6564171,2014,2016-04-21,9535,2014-05-23,0737,017086,NA,5,1,5,1947,0,1,3,NA,2,600,RT 60,FINDLAY AV,3168,W,N,A,-,Y,LA,7,60,-,R,4.56,H,-,E,Y,3,0,1,3,A,-,07,21658,A,F,C,C,A,A,H,-,A,D,1,NA,NA,NA,NA,Y,NA,-,99,0,1,0,0,0,0,0,0,0,-,-,34.03291,-118.13965,LOS ANGELES,MONTEBELLO,-118.1482977,34.03423015
6564174,2014,2016-04-21,9565,2014-05-20,1000,19556,NA,2,1,7,1942,0,1,1,NA,2,064,RT 405,SEPULVEDA BL,300,S,N,A,-,Y,LA,7,405,-,-,34.52,H,-,S,N,3,0,1,2,A,-,08,22107,NA,N,B,C,A,A,H,-,A,D,1,NA,NA,NA,NA,Y,NA,A,01,0,1,0,0,0,0,0,0,0,-,-,34.09297,-118.47608,LOS ANGELES,LOS ANGELES,-118.47602091,34.09281705
6564177,2014,2014-07-30,1970,2014-05-04,1426,196,1970,7,5,4,1970,0,0,0,NA,0,002,GARFIELD AV,MILL RD,0,NA,Y,A,-,N,NA,NA,NA,NA,NA,NA,NA,NA,NA,N,4,0,2,2,A,-,03,22350,NA,N,C,C,A,A,H,-,A,D,0,NA,NA,NA,NA,Y,NA,A,01,0,0,2,0,0,0,0,0,0,-,-,NA,NA,LOS ANGELES,SOUTH PASADENA,-118.14433009,34.11890003
6564182,2014,2014-07-30,1942,2014-05-22,2245,38273,2189,4,5,7,1942,0,0,0,NA,0,15T45,VENTURA BL,WINNETKA AV,0,NA,Y,A,-,N,NA,NA,NA,NA,NA,NA,NA,NA,NA,N,4,0,2,2,A,-,09,21801,A,N,D,C,A,A,H,-,C,A,0,NA,NA,NA,NA,Y,NA,A,01,0,0,2,0,0,0,0,0,0,-,-,NA,NA,LOS ANGELES,LOS ANGELES,-118.57095011,34.17098004
6564185,2014,2014-07-30,1946,2014-05-09,1422,56,NA,5,5,4,1946,0,0,0,NA,0,003,MOUTAIN,ROYAL OAKS,0,NA,Y,A,-,N,NA,NA,NA,NA,NA,NA,NA,NA,NA,Y,4,0,2,2,A,-,09,21806,A,N,A,C,A,A,H,-,A,A,0,NA,NA,NA,NA,Y,NA,A,01,0,0,2,0,0,0,0,0,0,-,-,NA,NA,LOS ANGELES,MONROVIA,-117.98628009,34.14321011
6564198,2014,2016-04-22,1900,2014-05-13,1340,520269,NA,2,5,5,1908,0,0,0,NA,0,NA,RT 19,CEDAR ST,48,N,N,A,-,Y,LA,7,19,-,-,5.66,H,-,S,N,4,0,2,2,A,-,04,21703,NA,N,C,C,A,A,H,-,A,D,0,NA,NA,NA,NA,Y,NA,-,NA,0,0,2,0,0,0,0,0,0,-,-,NA,NA,LOS ANGELES,BELLFLOWER,-118.14267109,33.8714576
6564345,2014,2014-08-22,1941,2014-07-07,1426,6194,NA,1,5,7,1941,0,0,0,NA,0,NA,WALNUT AV,14TH ST,148,S,N,A,-,N,NA,NA,NA,NA,NA,NA,NA,NA,NA,N,4,0,1,2,A,-,21,22106,NA,N,G,B,F,A,H,-,A,D,0,Y,NA,NA,NA,Y,NA,A,NA,0,0,1,0,1,0,0,0,0,-,-,NA,NA,LOS ANGELES,LONG BEACH,-118.17200778,33.78403414
6564357,2014,2014-08-22,1965,2014-07-03,1613,3805,0B1B,4,5,5,1965,0,0,0,NA,0,A001,NEILSON WY,HILL ST,0,NA,Y,A,-,N,NA,NA,NA,NA,NA,NA,NA,NA,NA,N,3,0,2,3,A,-,10,21950,A,F,G,B,B,A,H,-,A,A,0,Y,NA,NA,NA,Y,NA,A,01,0,2,0,0,2,0,0,0,0,-,-,NA,NA,LOS ANGELES,SANTA MONICA,-118.48318008,34.00059006
6564361,2014,2014-08-22,1965,2014-07-06,2100,3483,OBIS,7,5,5,1965,0,0,0,NA,0,B001,LINCOLN BL,SANTA MONICA BL,0,NA,Y,A,-,N,NA,NA,NA,NA,NA,NA,NA,NA,NA,Y,4,0,1,2,A,-,09,21801,A,N,D,D,A,A,H,-,C,A,0,NA,NA,NA,NA,Y,NA,A,01,0,0,1,0,0,0,0,0,0,-,-,NA,NA,LOS ANGELES,SANTA MONICA,-118.4914101,34.01954003
6564365,2014,2014-08-22,1956,2014-07-08,1155,1192,16,2,5,5,1956,0,0,0,NA,0,002,TORRANCE BL,BROADWAY AV,10,E,N,A,-,N,NA,NA,NA,NA,NA,NA,NA,NA,NA,Y,4,0,1,1,A,-,03,22350,NA,N,H,A,A,A,H,-,A,A,0,NA,NA,Y,NA,Y,NA,C,02,0,0,1,0,0,0,0,0,1,-,-,NA,NA,LOS ANGELES,REDONDO BEACH,-118.38670714,33.83830082
6564505,2014,2015-03-24,1955,2014-05-28,1946,40220,87,3,5,6,1955,0,0,0,NA,0,004,TOWNE AV,RIVERSIDE DR,12,N,N,A,-,N,NA,NA,NA,NA,NA,NA,NA,NA,NA,N,4,0,1,2,A,-,03,22350,NA,N,-,C,A,A,H,-,B,-,0,NA,NA,NA,NA,Y,NA,A,01,0,0,1,0,0,0,0,0,0,-,-,NA,NA,LOS ANGELES,POMONA,-117.740126,34.019137
6564627,2014,2015-03-23,1920,2014-05-29,0850,10140,NA,4,5,6,1920,0,0,0,NA,0,005,LAKEWOOD BL,5TH ST,250,N,N,A,-,N,NA,NA,NA,NA,NA,NA,NA,NA,NA,N,4,0,1,2,A,-,03,22350,NA,N,C,C,A,A,H,-,A,A,0,NA,NA,NA,NA,Y,NA,A,01,0,0,1,0,0,0,0,0,0,-,-,NA,NA,LOS ANGELES,DOWNEY,-118.12156893,33.9396635
6564631,2014,2015-03-23,1920,2014-05-01,1220,10140,NA,4,5,6,1920,0,0,0,NA,0,002,FIRESTONE BL,RIVES AV,69,E,N,A,-,N,NA,NA,NA,NA,NA,NA,NA,NA,NA,N,4,0,1,2,A,-,04,21703,NA,N,C,C,A,A,H,-,A,A,0,NA,NA,NA,NA,Y,NA,A,01,0,0,1,0,0,0,0,0,0,-,-,NA,NA,LOS ANGELES,DOWNEY,-118.14192041,33.94477591
6564635,2014,2015-03-19,1920,2014-05-09,0815,10140,NA,5,5,6,1920,0,0,0,NA,0,001,FOSTER RD,BLUEGROVE DR,0,NA,Y,A,-,N,NA,NA,NA,NA,NA,NA,NA,NA,NA,N,4,0,2,2,A,-,09,21801,A,N,D,C,A,A,H,-,A,D,0,NA,NA,NA,NA,Y,NA,A,01,0,0,2,0,0,0,0,0,0,-,-,NA,NA,LOS ANGELES,DOWNEY,-118.13653,33.90931007
6564808,2014,2016-05-28,9580,2014-07-07,1010,19451,NA,1,1,7,1942,0,1,2,NA,2,103,RT 101,WOODMAN AV,1000,N,N,A,-,Y,LA,7,101,-,-,15.1,H,-,S,N,4,0,1,2,A,-,03,22350,NA,N,C,C,A,A,H,-,A,D,1,NA,NA,NA,Y,Y,NA,F,26,0,0,1,0,0,0,0,0,0,-,-,34.15549,-118.43573,LOS ANGELES,LOS ANGELES,-118.43488177,34.15554473
6564848,2014,2016-05-28,9580,2014-07-09,0925,18580,NA,3,1,7,1942,0,1,2,NA,2,100,RT 101,LAUREL CANYON BL,588,S,N,A,-,Y,LA,7,101,-,-,12.74,H,-,S,N,4,0,1,3,A,-,03,22350,NA,N,C,C,A,A,H,-,A,D,1,NA,NA,NA,NA,Y,NA,A,07,0,0,1,0,0,0,0,0,0,-,-,34.15434,-118.39445,LOS ANGELES,LOS ANGELES,-118.39435805,34.15434455
6564876,2014,2016-06-16,9580,2014-07-14,0900,15952,NA,1,1,9,1900,0,1,3,NA,1,120,RT 1,COASTLINE DR,40,N,N,A,-,Y,LA,7,1,-,-,40.08,H,-,S,Y,4,0,1,3,A,-,03,22350,NA,N,C,C,A,A,H,-,A,A,0,NA,NA,NA,NA,Y,NA,A,01,0,0,1,0,0,0,0,0,0,-,-,34.2509,-118.34084,LOS ANGELES,UNINCORPORATED,-118.5678537,34.04181037
6564883,2014,2016-04-21,9530,2014-06-10,2350,20140,NA,2,3,7,1942,0,1,1,NA,2,120,RT 110,CHANNEL ST,200,S,N,A,-,Y,LA,7,110,-,R,1.2,H,-,S,Y,3,0,1,1,A,-,08,22107,NA,N,E,I,A,A,H,-,C,D,1,NA,NA,NA,NA,Y,NA,D,22,0,1,0,0,0,0,0,0,0,-,-,33.75315,-118.29121,LOS ANGELES,LOS ANGELES,-118.29122357,33.75317572
6564884,2014,2014-08-23,1942,2014-06-06,0825,36083,636,5,5,7,1942,0,0,0,NA,0,7TL23,YUCCA ST,CAHUENGA BL,0,NA,Y,A,-,N,NA,NA,NA,NA,NA,NA,NA,NA,NA,Y,4,0,1,3,A,-,12,21453,A,F,D,C,A,A,H,-,A,A,0,NA,NA,NA,NA,Y,NA,-,99,0,0,1,0,0,0,0,0,0,-,-,NA,NA,LOS ANGELES,LOS ANGELES,-118.32969,34.10392007
6564887,2014,2016-04-21,9530,2014-06-07,1600,19722,NA,6,2,7,1941,0,1,1,NA,2,073,RT 710,PACIFIC COAST HWY,95,S,N,A,-,Y,LA,7,710,-,-,6.86,H,-,N,N,4,0,1,2,-,-,-,NA,NA,N,B,C,A,A,H,-,A,D,1,NA,NA,NA,Y,Y,NA,-,-,0,0,1,0,0,0,0,0,0,-,-,33.78947,-118.20775,LOS ANGELES,LONG BEACH,-118.20776919,33.78959617
6564888,2014,2014-08-25,1942,2014-07-09,1850,40058,1401,3,5,7,1942,0,0,0,N,0,14T47,BARRINGTON AV,BROOKHAVEN AV,340,N,N,A,-,N,NA,NA,NA,NA,NA,NA,NA,NA,NA,Y,4,0,1,3,A,-,01,23152,A,N,C,C,A,A,H,-,B,D,0,NA,NA,NA,NA,Y,Y,D,22,0,0,1,0,0,0,0,0,0,-,-,NA,NA,LOS ANGELES,LOS ANGELES,-118.44166018,34.0264666
6564891,2014,2016-04-23,9530,2014-05-25,1145,20388,NA,7,1,7,1942,0,1,1,NA,2,110,RT 110,ROSECRANS AV,2000,S,N,A,-,Y,LA,7,110,-,-,11.51,H,-,S,N,4,0,1,2,A,-,07,21658,A,F,B,C,A,A,H,-,A,D,1,NA,NA,NA,NA,Y,NA,A,01,0,0,1,0,0,0,0,0,0,-,-,33.89473,-118.28537,LOS ANGELES,LOS ANGELES,-118.28639826,33.89659379
6564892,2014,2014-08-04,1942,2014-06-29,1400,36083,2062,7,5,7,1942,0,0,0,NA,0,7TL23,COUNTRY CLUB DR,ARLINGTON AV,0,NA,Y,A,-,N,NA,NA,NA,NA,NA,NA,NA,NA,NA,Y,4,0,1,2,A,-,01,23152,A,N,D,C,A,A,H,-,A,A,0,NA,NA,NA,NA,Y,Y,D,22,0,0,1,0,0,0,0,0,0,-,-,NA,NA,LOS ANGELES,LOS ANGELES,-118.31627008,34.05026009
6564907,2014,2014-08-07,9530,2014-06-01,0510,20675,NA,7,3,9,1900,0,3,5,NA,2,006,VERMONT AV,220TH ST,312,S,N,A,-,N,NA,NA,NA,NA,NA,NA,NA,NA,NA,Y,3,0,1,2,A,-,01,23152,A,N,C,E,A,A,H,-,A,D,0,NA,NA,NA,Y,Y,Y,A,01,0,1,0,0,0,0,0,0,0,-,-,33.82735,-118.29007,LOS ANGELES,UNINCORPORATED,-118.29034567,33.82722432
6564923,2014,2014-09-12,9530,2014-06-10,1810,20214,NA,2,2,5,1977,0,3,5,NA,2,004,DEL AMO BL,SANTA FE AV,550,W,N,A,-,N,NA,NA,NA,NA,NA,NA,NA,NA,NA,N,4,0,1,2,A,-,03,22350,NA,N,C,C,A,A,H,-,A,D,0,NA,NA,NA,Y,Y,NA,F,25,0,0,1,0,0,0,0,0,0,-,-,33.84684,-118.21228,LOS ANGELES,CARSON,-118.21352758,33.84658525
6564927,2014,2016-04-21,9530,2014-06-09,0700,20678,NA,1,1,9,1900,0,1,1,NA,2,410,RT 405,VERMONT AV,1000,S,N,A,-,Y,LA,7,405,-,-,13.09,H,-,N,Y,4,0,1,2,A,-,03,22350,NA,N,C,C,A,-,A,H,A,D,1,NA,NA,NA,NA,Y,NA,D,22,0,0,1,0,0,0,0,0,0,-,-,33.8583,-118.28745,LOS ANGELES,UNINCORPORATED,-118.28642868,33.85796628
6564934,2014,2016-02-05,9530,2014-06-26,0850,19357,NA,4,1,7,1941,0,1,1,NA,2,073,RT 710,ANAHEIM ST,50,S,N,B,-,Y,LA,7,710,-,-,6.331,R,1,S,Y,4,0,1,2,A,-,03,22350,NA,N,C,C,A,A,H,-,A,D,1,NA,NA,NA,NA,Y,NA,D,22,0,0,1,0,0,0,0,0,0,TO,-,33.78217,-118.20854,LOS ANGELES,LONG BEACH,-118.20783857,33.78189216
6564943,2014,2014-08-23,1942,2014-06-12,1200,40899,631,4,5,7,1942,0,0,0,NA,0,6T2,THRASHER AV,BLUE JAY WY,241,N,N,A,-,N,NA,NA,NA,NA,NA,NA,NA,NA,NA,Y,4,0,1,1,C,-,18,NA,NA,N,E,I,A,A,H,-,A,D,0,NA,NA,NA,NA,Y,NA,-,-,0,0,1,0,0,0,0,0,0,-,-,NA,NA,LOS ANGELES,LOS ANGELES,-118.38618891,34.0976661
6564947,2014,2014-08-04,1942,2014-06-13,1225,31387,666,5,5,7,1942,0,0,0,NA,0,6TL2,FOUNTAIN AV,COLE AV,0,NA,Y,A,-,N,NA,NA,NA,NA,NA,NA,NA,NA,NA,Y,4,0,1,3,B,-,22,NA,NA,N,C,C,A,A,H,-,A,A,0,NA,NA,NA,NA,Y,NA,A,01,0,0,1,0,0,0,0,0,0,-,-,NA,NA,LOS ANGELES,LOS ANGELES,-118.32989007,34.09435008
6565039,2014,2015-04-04,1942,2014-06-12,1645,40558,2024,4,5,7,1942,0,0,0,NA,0,20A88,6TH ST,MARIPOSA AV,120,E,N,A,-,N,NA,NA,NA,NA,NA,NA,NA,NA,NA,N,4,0,1,2,A,-,07,21658,A,N,B,C,A,A,H,-,A,D,0,NA,NA,NA,NA,Y,NA,A,01,0,0,1,0,0,0,0,0,0,-,-,NA,NA,LOS ANGELES,LOS ANGELES,-118.29878455,34.06361
6565042,2014,2016-04-21,9530,2014-06-11,0814,020676,NA,3,1,7,1942,0,1,1,NA,2,200,RT 105,STANFORD AV,95,W,N,A,-,Y,LA,7,105,-,R,8.43,H,-,W,Y,3,0,1,3,A,-,07,21658,A,N,B,C,A,A,H,-,A,D,1,NA,NA,Y,NA,Y,NA,A,01,0,1,0,0,0,0,0,0,1,-,-,33.55398,-118.15451,LOS ANGELES,LOS ANGELES,-118.26244418,33.92764993
6565046,2014,2016-04-23,9530,2014-06-11,1445,20678,NA,3,2,7,1942,0,1,1,NA,2,120,RT 110,PACIFIC COAST HWY,1500,N,N,A,-,Y,LA,7,110,-,-,4.37,H,-,S,Y,4,0,1,2,A,-,03,22350,NA,N,C,C,A,A,H,-,A,D,1,NA,NA,NA,NA,Y,NA,A,01,0,0,1,0,0,0,0,0,0,-,-,33.79398,-118.2842,LOS ANGELES,LOS ANGELES,-118.28439463,33.79450194
6565050,2014,2016-04-20,9530,2014-06-11,0815,020680,NA,3,1,7,1942,0,1,1,NA,2,110,RT 110,108TH ST,189,N,N,B,-,Y,LA,7,1,-,-,14.52,H,-,S,N,4,0,1,3,A,-,03,22350,NA,N,C,C,A,A,H,-,A,D,0,NA,NA,NA,NA,Y,NA,A,01,0,0,1,0,0,0,0,0,0,-,-,33.93881,-118.28007,LOS ANGELES,LOS ANGELES,-118.33167989,33.79091211
6565054,2014,2016-04-21,9530,2014-06-11,1515,20661,NA,3,2,5,1956,0,1,1,NA,2,400,RT 405,INGLEWOOD AV,25,N,N,A,-,Y,LA,7,405,-,-,18.22,H,-,S,Y,4,0,1,2,A,-,07,21658,A,N,B,C,A,A,H,-,A,D,1,NA,NA,Y,NA,Y,NA,A,01,0,0,1,0,0,0,0,0,1,-,-,33.8902,-118.3607,LOS ANGELES,REDONDO BEACH,-118.36091875,33.89052737
6565058,2014,2016-04-21,9530,2014-06-10,1255,20751,NA,2,1,7,1941,0,1,1,NA,2,071,RT 710,DEL AMO BL,600,S,N,A,-,Y,LA,7,710,-,-,10.71,H,-,S,N,4,0,1,3,A,-,03,22350,NA,F,C,C,A,A,H,-,A,D,1,NA,NA,NA,NA,Y,NA,A,01,0,0,1,0,0,0,0,0,0,-,-,33.8538,-118.2059,LOS ANGELES,LONG BEACH,-118.20594123,33.84502303
6565062,2014,2016-04-21,9530,2014-06-10,1235,20751,NA,2,1,7,1941,0,1,1,NA,2,072,RT 710,CARSON ST,600,N,N,A,-,Y,LA,7,710,-,-,9.94,H,-,S,N,4,0,1,2,A,-,03,22350,NA,N,C,C,A,-,H,-,A,D,1,NA,NA,NA,NA,Y,NA,A,08,0,0,1,0,0,0,0,0,0,-,-,33.8316,-118.209,LOS ANGELES,LONG BEACH,-118.20885289,33.83408504
6565066,2014,2016-04-21,9530,2014-06-22,0214,020707,NA,7,3,7,1941,0,1,1,NA,2,420,RT 405,RT 710,350,S,N,A,-,Y,LA,7,405,-,-,7.47,H,-,N,Y,2,0,1,1,A,-,01,23152,A,N,E,I,A,A,H,-,C,D,1,NA,NA,NA,NA,Y,Y,A,01,1,0,0,0,0,0,0,0,0,-,-,33.82663,-118.20532,LOS ANGELES,LONG BEACH,-118.20538808,33.82621773
6565070,2014,2016-02-05,9530,2014-06-19,1730,19792,NA,4,2,7,1941,0,1,1,NA,2,073,RT 710,ANAHEIM ST,100,N,N,A,-,Y,LA,7,710,-,-,6.4,H,-,N,Y,4,0,1,2,A,-,07,21658,A,N,B,C,A,A,H,-,A,D,1,NA,NA,Y,NA,Y,NA,A,01,0,0,1,0,0,0,0,0,1,-,-,33.7831,-118.2078,LOS ANGELES,LONG BEACH,-118.20753455,33.78290836
6565081,2014,2014-08-11,9530,2014-05-16,0530,20675,NA,5,3,9,1900,0,3,5,NA,2,001,SLAUSON AV,COMPTON AV,12,E,N,A,-,N,NA,NA,NA,NA,NA,NA,NA,NA,NA,Y,2,0,1,2,D,-,00,NA,NA,F,G,B,B,A,H,-,B,A,0,Y,NA,NA,NA,Y,NA,-,-,1,0,0,0,1,0,0,0,0,-,-,NA,NA,LOS ANGELES,UNINCORPORATED,-118.2477205,33.98933927