CASE_ID,ACCIDENT_YEAR,PROC_DATE,JURIS,COLLISION_DATE,COLLISION_TIME,OFFICER_ID,REPORTING_DISTRICT,DAY_OF_WEEK,CHP_SHIFT,POPULATION,CNTY_CITY_LOC,SPECIAL_COND,BEAT_TYPE,CHP_BEAT_TYPE,CITY_DIVISION_LAPD,CHP_BEAT_CLASS,BEAT_NUMBER,PRIMARY_RD,SECONDARY_RD,DISTANCE,DIRECTION,INTERSECTION,WEATHER_1,WEATHER_2,STATE_HWY_IND,CALTRANS_COUNTY,CALTRANS_DISTRICT,STATE_ROUTE,ROUTE_SUFFIX,POSTMILE_PREFIX,POSTMILE,LOCATION_TYPE,RAMP_INTERSECTION,SIDE_OF_HWY,TOW_AWAY,COLLISION_SEVERITY,NUMBER_KILLED,NUMBER_INJURED,PARTY_COUNT,PRIMARY_COLL_FACTOR,PCF_CODE_OF_VIOL,PCF_VIOL_CATEGORY,PCF_VIOLATION,PCF_VIOL_SUBSECTION,HIT_AND_RUN,TYPE_OF_COLLISION,MVIW,PED_ACTION,ROAD_SURFACE,ROAD_COND_1,ROAD_COND_2,LIGHTING,CONTROL_DEVICE,CHP_ROAD_TYPE,PEDESTRIAN_ACCIDENT,BICYCLE_ACCIDENT,MOTORCYCLE_ACCIDENT,TRUCK_ACCIDENT,NOT_PRIVATE_PROPERTY,ALCOHOL_INVOLVED,STWD_VEHTYPE_AT_FAULT,CHP_VEHTYPE_AT_FAULT,COUNT_SEVERE_INJ,COUNT_VISIBLE_INJ,COUNT_COMPLAINT_PAIN,COUNT_PED_KILLED,COUNT_PED_INJURED,COUNT_BICYCLIST_KILLED,COUNT_BICYCLIST_INJURED,COUNT_MC_KILLED,COUNT_MC_INJURED,PRIMARY_RAMP,SECONDARY_RAMP,LATITUDE,LONGITUDE,COUNTY,CITY,POINT_X,POINT_Y
6565267,2014,2016-05-31,9530,2014-07-02,0340,20714,NA,3,3,7,1941,0,1,1,NA,2,072,RT 710,RT 405,2640,S,N,A,-,Y,LA,7,710,-,-,8.91,H,-,N,Y,4,0,1,2,A,-,01,23152,A,N,C,C,A,A,H,-,D,D,1,NA,NA,NA,NA,Y,Y,A,01,0,0,1,0,0,0,0,0,0,-,-,33.82012,-118.20696,LOS ANGELES,LONG BEACH,-118.20687927,33.81923656
6565268,2014,2016-05-28,9580,2014-07-13,0930,18852,NA,7,1,7,1942,0,1,2,NA,2,103,RT 101,WOODMAN AV,400,N,N,A,-,Y,LA,7,101,-,-,15.06,H,-,S,Y,4,0,1,2,A,-,08,22107,NA,N,E,C,A,A,H,-,A,D,1,NA,NA,NA,NA,Y,NA,A,01,0,0,1,0,0,0,0,0,0,-,-,34.15554,-118.43296,LOS ANGELES,LOS ANGELES,-118.43417673,34.15554175
6565272,2014,2016-06-07,9580,2014-07-14,2200,18637,NA,1,3,7,1942,0,1,3,NA,2,114,RT 118,FOX ST,200,W,N,A,-,Y,LA,7,118,-,R,10.79,H,-,E,N,4,0,1,2,A,-,08,22107,NA,N,B,C,A,A,H,-,D,D,1,NA,NA,NA,NA,Y,NA,A,01,0,0,1,0,0,0,0,0,0,-,-,34.26563,-118.45359,LOS ANGELES,LOS ANGELES,-118.45514075,34.26573315
6565273,2014,2014-08-26,1942,2014-07-02,1020,41502,0839,3,5,7,1942,0,0,0,H,0,8X48,CONSTELLATION BL,CENTURY PARK WEST,200,E,N,A,-,N,NA,NA,NA,NA,NA,NA,NA,NA,NA,N,4,0,1,2,A,-,07,21658,A,F,B,C,A,A,H,-,A,D,0,NA,NA,NA,NA,Y,NA,-,99,0,0,1,0,0,0,0,0,0,-,-,NA,NA,LOS ANGELES,LOS ANGELES,-118.41853395,34.05687147
6565276,2014,2016-05-07,9580,2014-07-02,1330,016550,NA,3,1,9,1900,0,1,2,NA,2,108,RT 101,PALO COMADO CANYON RD,392,N,N,A,-,Y,LA,7,101,-,-,33.76,H,-,N,Y,3,0,1,1,A,-,08,22107,NA,N,E,I,A,A,H,-,A,D,1,NA,NA,NA,NA,Y,NA,A,01,0,1,0,0,0,0,0,0,0,-,-,34.14343,-118.73932,LOS ANGELES,UNINCORPORATED,-118.73935417,34.14331379
6565277,2014,2014-08-26,1942,2014-07-02,0250,36602,0774,3,5,7,1942,0,0,0,G,0,20TL59,LA BREA AV,WASHINGTON BL,600,S,N,A,-,N,NA,NA,NA,NA,NA,NA,NA,NA,NA,N,4,0,1,2,A,-,07,21658,A,F,B,C,A,A,H,-,C,A,0,NA,NA,NA,NA,Y,NA,-,99,0,0,1,0,0,0,0,0,0,-,-,NA,NA,LOS ANGELES,LOS ANGELES,-118.34826681,34.03887638
6565284,2014,2014-08-05,1942,2014-05-09,1415,24517,2074,5,5,7,1942,0,0,0,NA,0,7TL38,HARVARD BL,PICO BL,0,NA,Y,A,-,N,NA,NA,NA,NA,NA,NA,NA,NA,NA,N,4,0,1,2,A,-,10,21950,A,N,G,B,B,A,H,-,A,A,0,Y,NA,NA,NA,Y,NA,A,01,0,0,1,0,1,0,0,0,0,-,-,NA,NA,LOS ANGELES,LOS ANGELES,-118.30416008,34.04722011
6565288,2014,2014-08-05,1942,2014-05-11,1905,37575,0887,7,5,7,1942,0,0,0,H,0,14T47,NATIONAL BL,LIVONIA AV,0,NA,Y,A,-,N,NA,NA,NA,NA,NA,NA,NA,NA,NA,N,4,0,1,2,A,-,10,21950,A,F,G,B,B,A,H,-,A,D,0,Y,NA,NA,NA,Y,NA,-,99,0,0,1,0,1,0,0,0,0,-,-,NA,NA,LOS ANGELES,LOS ANGELES,-118.39208001,34.03129004
6565290,2014,2015-04-20,1941,2014-07-01,2042,6236,NA,2,5,7,1941,0,0,0,NA,0,NA,7TH ST,XIMENO AV,0,NA,Y,A,-,N,NA,NA,NA,NA,NA,NA,NA,NA,NA,N,4,0,3,3,-,-,-,NA,NA,N,D,C,A,A,H,-,C,A,0,NA,NA,NA,NA,Y,NA,-,-,0,0,3,0,0,0,0,0,0,-,-,NA,NA,LOS ANGELES,LONG BEACH,-118.14158,33.77533011
6565292,2014,2014-08-06,1942,2014-05-14,1045,31401,2001,3,5,7,1942,0,0,0,NA,0,20ZL21,WILTON PL,MELROSE AV,0,NA,Y,A,-,N,NA,NA,NA,NA,NA,NA,NA,NA,NA,N,3,0,3,2,A,-,09,21801,A,N,D,C,A,A,H,-,A,A,0,NA,NA,NA,NA,Y,NA,A,01,0,2,1,0,0,0,0,0,0,-,-,NA,NA,LOS ANGELES,LOS ANGELES,-118.31355004,34.08351005
6565296,2014,2014-08-06,1942,2014-05-17,0450,41217,2074,6,5,7,1942,0,0,0,NA,0,20A33,PICO BL,NORMANDIE AV,0,NA,Y,A,-,N,NA,NA,NA,NA,NA,NA,NA,NA,NA,Y,3,0,2,2,A,-,12,21453,A,N,D,C,A,A,H,-,B,A,0,NA,NA,NA,NA,Y,NA,A,01,0,1,1,0,0,0,0,0,0,-,-,NA,NA,LOS ANGELES,LOS ANGELES,-118.3,34.04724003
6565300,2014,2014-08-04,1942,2014-05-30,2135,33757,2088,5,5,7,1942,0,0,0,NA,0,20T59,VERMONT AV,CORDOVA ST,60,S,N,A,-,N,NA,NA,NA,NA,NA,NA,NA,NA,NA,Y,4,0,1,3,A,-,03,22350,NA,N,C,C,A,A,H,-,C,D,0,NA,NA,NA,NA,Y,Y,A,01,0,0,1,0,0,0,0,0,0,-,-,NA,NA,LOS ANGELES,LOS ANGELES,-118.29156,34.03888545
6565304,2014,2014-08-06,1942,2014-05-30,1345,32565,0645,5,5,7,1942,0,0,0,F,0,20TL56,HIGHLAND AV,HAWTHORNE AV,40,N,N,A,-,N,NA,NA,NA,NA,NA,NA,NA,NA,NA,Y,2,0,1,2,A,-,08,22100,A,N,C,C,A,A,H,-,A,A,0,NA,NA,Y,NA,Y,NA,A,01,1,0,0,0,0,0,0,0,1,-,-,NA,NA,LOS ANGELES,LOS ANGELES,-118.33869,34.10064971
6565308,2014,2014-08-06,1942,2014-05-16,0725,39624,0645,5,5,7,1942,0,0,0,F,0,6TL7,HIGHLAND AV,HOLLYWOOD BL,0,NA,Y,A,-,N,NA,NA,NA,NA,NA,NA,NA,NA,NA,N,4,0,2,2,A,-,09,21801,A,N,D,C,A,A,H,-,A,A,0,NA,NA,NA,NA,Y,NA,A,01,0,0,2,0,0,0,0,0,0,-,-,NA,NA,LOS ANGELES,LOS ANGELES,-118.33869004,34.10155004
6565312,2014,2014-08-06,1942,2014-05-16,0005,39764,0645,5,5,7,1942,0,0,0,F,0,6T7,LA BREA AV,DE LONGPRE AV,0,NA,Y,A,-,N,NA,NA,NA,NA,NA,NA,NA,NA,NA,N,4,0,2,2,A,-,04,21703,NA,N,C,C,A,A,H,-,C,D,0,NA,NA,NA,NA,Y,NA,A,07,0,0,2,0,0,0,0,0,0,-,-,NA,NA,LOS ANGELES,LOS ANGELES,-118.34412,34.09614006
6565316,2014,2014-08-06,1942,2014-05-18,0155,33509,2083,7,5,7,1942,0,0,0,NA,0,20L40W,WASHINGTON BL,WESTERN AV,0,NA,Y,A,-,N,NA,NA,NA,NA,NA,NA,NA,NA,NA,N,4,0,1,2,A,-,12,21453,A,N,D,C,A,A,H,-,C,A,0,NA,NA,NA,NA,Y,NA,A,01,0,0,1,0,0,0,0,0,0,-,-,NA,NA,LOS ANGELES,LOS ANGELES,-118.3089901,34.03992004
6565320,2014,2014-08-05,1942,2014-05-17,1110,40340,2045,6,5,7,1942,0,0,0,NA,0,20A54,MARIPOSA ST,8TH ST,70,S,N,A,-,N,NA,NA,NA,NA,NA,NA,NA,NA,NA,N,3,0,1,2,A,-,05,21650,1,N,H,G,A,A,H,-,A,D,0,NA,Y,NA,NA,Y,NA,L,04,0,1,0,0,0,0,1,0,0,-,-,NA,NA,LOS ANGELES,LOS ANGELES,-118.2987269,34.05752804
6565324,2014,2014-08-06,1942,2014-05-15,0925,40427,2011,4,5,7,1942,0,0,0,NA,0,20A1,WESTERN AV,BEVERLY BL,100,S,N,A,-,N,NA,NA,NA,NA,NA,NA,NA,NA,NA,N,4,0,3,2,A,-,04,21703,NA,N,C,C,A,A,H,-,A,A,0,NA,NA,NA,NA,Y,NA,A,01,0,0,3,0,0,0,0,0,0,-,-,NA,NA,LOS ANGELES,LOS ANGELES,-118.30914835,34.07598574
6565328,2014,2014-08-06,1942,2014-05-09,1255,40471,2083,5,5,7,1942,0,0,0,NA,0,20A16,WASHINGTON BL,WESTERN AV,40,E,N,A,-,N,NA,NA,NA,NA,NA,NA,NA,NA,NA,N,4,0,1,2,A,-,08,22107,NA,N,B,C,A,A,H,-,A,D,0,NA,NA,NA,NA,Y,NA,-,NA,0,0,1,0,0,0,0,0,0,-,-,NA,NA,LOS ANGELES,LOS ANGELES,-118.30885824,34.03992167
6565332,2014,2014-08-06,1942,2014-05-15,1840,37715,2049,4,5,7,1942,0,0,0,NA,0,20T59,WESTERN AV,3RD ST,0,NA,Y,A,-,N,NA,NA,NA,NA,NA,NA,NA,NA,NA,N,4,0,1,2,A,-,04,21703,NA,N,C,C,A,A,H,-,C,A,0,NA,NA,NA,NA,Y,NA,A,01,0,0,1,0,0,0,0,0,0,-,-,NA,NA,LOS ANGELES,LOS ANGELES,-118.30912,34.06897
6565336,2014,2014-08-05,1942,2014-05-15,2145,39764,2031,4,5,7,1942,0,0,0,NA,0,6T7,WILSHIRE BL,WILTON AV,30,E,N,A,-,N,NA,NA,NA,NA,NA,NA,NA,NA,NA,N,4,0,1,2,C,-,18,NA,NA,N,H,G,A,A,H,-,C,D,0,NA,Y,NA,NA,Y,NA,-,-,0,0,1,0,0,0,1,0,0,-,-,NA,NA,LOS ANGELES,LOS ANGELES,-118.31411116,34.06169173
6565340,2014,2014-08-05,1942,2014-05-16,1300,32565,2015,5,5,7,1942,0,0,0,NA,0,20TL56,BEVERLY BL,CATALINA ST,8,E,N,A,-,N,NA,NA,NA,NA,NA,NA,NA,NA,NA,N,3,0,1,2,A,-,05,21650,1,N,D,G,A,A,H,-,A,A,0,NA,Y,NA,NA,Y,NA,L,04,0,1,0,0,0,0,1,0,0,-,-,NA,NA,LOS ANGELES,LOS ANGELES,-118.29541363,34.07631
6565344,2014,2014-08-06,1942,2014-05-17,2345,33757,2023,6,5,7,1942,0,0,0,NA,0,20TL59,OXFORD AV,4TH ST,70,N,N,A,-,N,NA,NA,NA,NA,NA,NA,NA,NA,NA,N,3,0,1,2,A,-,01,23152,A,N,C,C,A,A,H,-,C,D,0,NA,NA,NA,NA,Y,Y,A,01,0,1,0,0,0,0,0,0,0,-,-,NA,NA,LOS ANGELES,LOS ANGELES,-118.30784238,34.06733197
6565348,2014,2014-08-08,1942,2014-05-31,2150,25495,2046,6,5,7,1942,0,0,0,NA,0,7T123,8TH ST,BERENDO ST,0,NA,Y,A,-,N,NA,NA,NA,NA,NA,NA,NA,NA,NA,Y,2,0,1,2,A,-,11,21954,A,N,G,B,D,A,H,-,C,A,0,Y,NA,NA,NA,Y,NA,N,60,1,0,0,0,1,0,0,0,0,-,-,NA,NA,LOS ANGELES,LOS ANGELES,-118.29415002,34.05773007
6565352,2014,2014-08-06,1942,2014-05-22,0120,37575,1443,4,5,7,1942,0,0,0,N,0,14T47,VENICE BL,FRANCES AV,0,NA,Y,A,-,N,NA,NA,NA,NA,NA,NA,NA,NA,NA,Y,3,0,2,2,A,-,01,23152,A,N,C,C,A,A,H,-,C,D,0,NA,NA,NA,NA,Y,Y,A,01,0,1,1,0,0,0,0,0,0,-,-,NA,NA,LOS ANGELES,LOS ANGELES,-118.43672005,34.0020401
6565356,2014,2014-12-24,1942,2014-06-12,1800,37468,2056,4,5,7,1942,0,0,0,NA,0,20A54,PICO BL,BERENDO ST,0,NA,Y,A,-,N,NA,NA,NA,NA,NA,NA,NA,NA,NA,N,3,0,1,2,A,-,11,21954,A,N,G,B,D,A,-,-,A,D,0,Y,NA,NA,NA,Y,NA,N,60,0,1,0,0,1,0,0,0,0,-,-,NA,NA,LOS ANGELES,LOS ANGELES,-118.29369008,34.04728012
6565359,2014,2014-08-06,1942,2014-05-18,0340,34762,0891,7,5,7,1942,0,0,0,H,0,8A29,BUNDY DR,PICO BL,10,N,N,A,-,N,NA,NA,NA,NA,NA,NA,NA,NA,NA,Y,4,0,1,2,A,-,01,23152,A,N,C,C,A,A,H,-,C,D,0,NA,NA,NA,NA,Y,Y,A,01,0,0,1,0,0,0,0,0,0,-,-,NA,NA,LOS ANGELES,LOS ANGELES,-118.45022108,34.02939108
6565360,2014,2014-08-07,1942,2014-06-15,1400,37321,2029,7,5,7,1942,0,0,0,NA,0,20A33,6TH ST,VIRGIL AV,0,NA,Y,A,-,N,NA,NA,NA,NA,NA,NA,NA,NA,NA,Y,4,0,1,2,A,-,09,21801,A,N,D,C,A,A,H,-,A,A,0,NA,NA,NA,NA,Y,NA,A,07,0,0,1,0,0,0,0,0,0,-,-,NA,NA,LOS ANGELES,LOS ANGELES,-118.28705,34.06373005
6565385,2014,2016-06-06,1902,2014-07-15,1211,694,12,2,5,5,1902,0,0,0,NA,0,001,SANTA ANITA,RT 210,0,NA,Y,A,-,Y,LA,7,210,-,R,31.725,R,4,W,N,3,0,1,4,A,-,03,22350,NA,N,C,C,A,A,H,-,A,A,0,NA,NA,NA,NA,Y,NA,-,NA,0,1,0,0,0,0,0,0,0,-,-,NA,NA,LOS ANGELES,ARCADIA,-118.03458837,34.14836473
6565388,2014,2016-03-16,1942,2014-07-15,1055,39701,1075,2,5,7,1942,0,0,0,J,0,21TL61,VENTURA BL,WHITE OAK AV,30,W,N,A,-,N,NA,NA,NA,NA,NA,NA,NA,NA,NA,Y,4,0,1,2,A,-,04,21703,NA,F,C,C,A,A,H,-,A,A,0,NA,NA,NA,NA,Y,NA,A,01,0,0,1,0,0,0,0,0,0,-,-,NA,NA,LOS ANGELES,LOS ANGELES,-118.51864438,34.16244484
6565389,2014,2014-08-25,1902,2014-07-23,1208,623,15,3,5,5,1902,0,0,0,NA,0,002,HUNTINGTON DR,CENTENNIAL WY,750,E,N,A,-,N,NA,NA,NA,NA,NA,NA,NA,NA,NA,Y,3,0,1,2,A,-,08,22100,B,N,E,I,A,A,H,-,A,D,0,NA,NA,NA,NA,Y,NA,A,01,0,1,0,0,0,0,0,0,0,-,-,NA,NA,LOS ANGELES,ARCADIA,-118.039406,34.138163
6565399,2014,2014-08-26,1942,2014-07-13,2210,38231,0937,7,5,7,1942,0,0,0,I,0,9U4,WOODMAN AV,VICTORY BL,135,N,N,A,-,N,NA,NA,NA,NA,NA,NA,NA,NA,NA,N,3,0,1,2,A,-,11,21955,NA,F,G,B,D,A,H,-,C,A,0,Y,NA,NA,NA,Y,Y,N,60,0,1,0,0,1,0,0,0,0,-,-,NA,NA,LOS ANGELES,LOS ANGELES,-118.43126,34.18705029
6565403,2014,2014-08-26,1942,2014-07-09,1115,30452,1999,3,5,7,1942,0,0,0,NA,0,9TL53,VENTURA CANYON AV,STAGG ST,200,N,N,A,-,N,NA,NA,NA,NA,NA,NA,NA,NA,NA,N,4,0,1,2,A,-,03,22350,NA,F,G,B,E,A,H,-,A,D,0,Y,NA,NA,NA,Y,NA,-,99,0,0,1,0,1,0,0,0,0,-,-,NA,NA,LOS ANGELES,LOS ANGELES,-118.4287238,34.21322856
6565407,2014,2014-08-26,1942,2014-07-16,1920,39021,0941,3,5,7,1942,0,0,0,I,0,9T57,SEPULVEDA BL,OXNARD ST,5,N,N,A,-,N,NA,NA,NA,NA,NA,NA,NA,NA,NA,N,4,0,1,2,A,-,08,22107,NA,F,D,G,A,A,H,-,B,A,0,NA,Y,NA,NA,Y,NA,-,99,0,0,1,0,0,0,1,0,0,-,-,NA,NA,LOS ANGELES,LOS ANGELES,-118.46616021,34.17938371
6565411,2014,2014-08-26,1942,2014-07-11,2100,38980,1913,5,5,7,1942,0,0,0,NA,0,19T77,ROXFORD ST,BRADLEY AV,0,NA,Y,A,-,N,NA,NA,NA,NA,NA,NA,NA,NA,NA,N,4,0,1,2,A,-,17,24250,NA,F,D,C,A,A,H,-,C,A,0,NA,NA,NA,NA,Y,NA,-,99,0,0,1,0,0,0,0,0,0,-,-,NA,NA,LOS ANGELES,LOS ANGELES,-118.46970002,34.31311011
6565415,2014,2014-08-26,1942,2014-07-09,1930,38356,1596,3,5,7,1942,0,0,0,O,0,16T28,VENTURA,VINELAND,60,E,N,A,-,N,NA,NA,NA,NA,NA,NA,NA,NA,NA,Y,4,0,1,2,A,-,03,22350,NA,F,C,C,A,A,H,-,A,A,0,NA,NA,NA,NA,Y,NA,-,99,0,0,1,0,0,0,0,0,0,-,-,NA,NA,LOS ANGELES,LOS ANGELES,-118.37003063,34.14038045
6565419,2014,2014-08-26,1942,2014-07-09,0815,26736,1774,3,5,7,1942,0,0,0,Q,0,35M25,LASSEN ST,LINDLEY AV,0,NA,Y,A,-,N,NA,NA,NA,NA,NA,NA,NA,NA,NA,Y,3,0,1,2,A,-,09,21801,A,F,E,I,A,A,H,-,A,A,0,NA,NA,NA,NA,Y,NA,-,99,0,1,0,0,0,0,0,0,0,-,-,NA,NA,LOS ANGELES,LOS ANGELES,-118.52735008,34.25000006
6565420,2014,2014-08-26,1900,2014-07-06,1011,405950,2313,7,5,5,1919,0,0,0,NA,0,230T,PIONEER BL,SOUTH ST,752,S,N,A,-,N,NA,NA,NA,NA,NA,NA,NA,NA,NA,N,4,0,1,2,A,-,08,22107,NA,N,D,G,A,A,H,-,A,D,0,NA,Y,NA,NA,Y,NA,L,04,0,0,1,0,0,0,1,0,0,-,-,NA,NA,LOS ANGELES,CERRITOS,-118.08209507,33.85640827
6565423,2014,2014-08-26,1942,2014-07-09,0945,40574,1796,3,5,7,1942,0,0,0,Q,0,9T53,BALBOA BL,NAPA ST,0,NA,Y,A,-,N,NA,NA,NA,NA,NA,NA,NA,NA,NA,N,4,0,1,2,A,-,12,22450,A,F,G,B,B,A,H,-,A,A,0,Y,NA,NA,NA,Y,NA,-,99,0,0,1,0,1,0,0,0,0,-,-,NA,NA,LOS ANGELES,LOS ANGELES,-118.50263013,34.22668001
6565424,2014,2014-08-26,1900,2014-07-18,1421,405950,2311,5,5,5,1919,0,0,0,NA,0,230T,SOUTH ST,ERIC AV,113,E,N,A,-,N,NA,NA,NA,NA,NA,NA,NA,NA,NA,Y,4,0,2,3,A,-,03,22350,NA,N,C,C,A,A,H,-,A,D,0,NA,NA,NA,NA,Y,NA,A,01,0,0,2,0,0,0,0,0,0,-,-,NA,NA,LOS ANGELES,CERRITOS,-118.0930486,33.85833
6565428,2014,2014-08-26,1900,2014-07-15,0748,266683,2316,2,5,5,1919,0,0,0,NA,0,230W,CARMENITA RD,VERA CRUZ ST,0,NA,Y,B,-,N,NA,NA,NA,NA,NA,NA,NA,NA,NA,N,4,0,1,2,A,-,09,21804,A,N,D,C,A,A,H,-,A,D,0,NA,NA,NA,NA,Y,NA,A,07,0,0,1,0,0,0,0,0,0,-,-,NA,NA,LOS ANGELES,CERRITOS,-118.04649006,33.87201007
6565457,2014,2014-08-25,1969,2014-07-04,1224,10097,PATRO,5,5,5,1969,0,0,0,NA,0,0A3,CALIFORNIA AV,SANTA ANA,0,NA,Y,A,-,N,NA,NA,NA,NA,NA,NA,NA,NA,NA,Y,3,0,1,2,D,-,00,NA,NA,N,D,C,A,A,H,-,A,A,0,NA,NA,NA,NA,Y,NA,-,-,0,1,0,0,0,0,0,0,0,-,-,NA,NA,LOS ANGELES,SOUTH GATE,-118.20480012,33.96283006
6565461,2014,2014-08-28,1969,2014-07-03,0430,10186,PATRO,4,5,5,1969,0,0,0,NA,0,002,SOUTHERN AV,CYPRESS AV,75,E,N,A,-,N,NA,NA,NA,NA,NA,NA,NA,NA,NA,Y,4,0,1,3,A,-,08,22107,NA,N,B,E,A,A,H,-,C,D,0,NA,NA,NA,NA,Y,NA,A,01,0,0,1,0,0,0,0,0,0,-,-,NA,NA,LOS ANGELES,SOUTH GATE,-118.21709539,33.95222259
6565465,2014,2014-08-25,1900,2014-07-08,1202,405950,2316,2,5,5,1919,0,0,0,NA,0,230T,NORWALK BL,ARTESIA BL,0,NA,Y,A,-,N,NA,NA,NA,NA,NA,NA,NA,NA,NA,Y,3,0,1,2,A,-,09,21453,C,N,D,C,A,A,H,-,A,A,0,NA,NA,NA,NA,Y,NA,A,01,0,1,0,0,0,0,0,0,0,-,-,NA,NA,LOS ANGELES,CERRITOS,-118.07258008,33.87318005
6565543,2014,2016-04-21,9530,2014-06-16,0805,20678,NA,1,1,7,1942,0,1,1,NA,2,200,RT 105,VERMONT AV,250,E,N,A,-,Y,LA,7,105,-,R,6.82,H,-,W,N,4,0,1,2,A,-,03,22350,NA,N,C,C,A,A,H,-,A,D,1,NA,NA,NA,NA,Y,NA,A,01,0,0,1,0,0,0,0,0,0,-,-,33.92899,-118.29076,LOS ANGELES,LOS ANGELES,-118.29052869,33.92889171
6565568,2014,2016-04-23,9530,2014-06-15,0412,20546,NA,7,3,7,1942,0,1,1,NA,2,110,RT 110,ROSECRANS AV,140,S,N,A,-,Y,LA,7,110,-,-,11.86,H,-,N,Y,3,0,1,1,A,-,01,23152,A,N,E,I,A,A,H,-,C,D,1,NA,NA,NA,NA,Y,Y,A,01,0,1,0,0,0,0,0,0,0,-,-,33.90138,-118.28652,LOS ANGELES,LOS ANGELES,-118.28651167,33.90170303
6565575,2014,2016-04-21,9530,2014-06-17,0543,018278,NA,2,3,7,1941,0,1,1,NA,2,430,RT 405,PALO VERDE AV,200,N,N,A,-,Y,LA,7,405,-,-,1.2,H,-,N,NA,2,0,1,2,A,-,07,21658,A,N,B,C,A,A,H,-,C,D,1,NA,NA,Y,NA,Y,NA,C,02,1,0,0,0,0,0,0,0,1,-,-,33.79735,-118.10824,LOS ANGELES,LONG BEACH,-118.10872152,33.79765266
6565583,2014,2015-05-11,9530,2014-06-15,1330,020687,NA,7,1,9,1900,0,3,5,NA,2,002,SAN PEDRO ST,ROSECRANS AV,200,S,N,A,-,N,NA,NA,NA,NA,NA,NA,NA,NA,NA,N,4,0,1,2,A,-,17,22517,NA,N,B,C,A,A,H,-,A,D,0,NA,NA,NA,NA,Y,NA,A,07,0,0,1,0,0,0,0,0,0,-,-,33.90132,-118.26877,LOS ANGELES,UNINCORPORATED,-118.26888015,33.90142067
6565996,2014,2014-07-25,1942,2014-04-17,1925,34332,1754,4,5,7,1942,0,0,0,Q,0,15T45,RESEDA BL,MAYALL ST,100,S,N,A,-,N,NA,NA,NA,NA,NA,NA,NA,NA,NA,Y,4,0,1,2,A,-,09,21804,A,N,D,C,A,A,H,-,C,A,0,NA,NA,NA,NA,Y,NA,A,01,0,0,1,0,0,0,0,0,0,-,-,NA,NA,LOS ANGELES,LOS ANGELES,-118.53609,34.25299569
6566044,2014,2014-09-09,1942,2014-07-01,2201,39021,1754,2,5,7,1942,0,0,0,Q,0,19TL77,RESEDA BL,MAYALL ST,151,S,N,A,-,N,NA,NA,NA,NA,NA,NA,NA,NA,NA,Y,3,0,2,2,A,-,09,21806,A,N,D,C,A,A,H,-,C,A,0,NA,NA,NA,NA,Y,NA,A,01,0,1,1,0,0,0,0,0,0,-,-,NA,NA,LOS ANGELES,LOS ANGELES,-118.53609,34.25285579
6566048,2014,2014-09-09,1942,2014-07-08,0145,38477,0911,2,5,7,1942,0,0,0,I,0,15T43,SHERMAN WY,FIRMAMENT AV,158,E,N,A,-,N,NA,NA,NA,NA,NA,NA,NA,NA,NA,Y,4,0,1,1,A,-,08,22107,NA,N,E,I,A,A,H,-,C,A,0,NA,NA,NA,NA,Y,NA,J,48,0,0,1,0,0,0,0,0,0,-,-,NA,NA,LOS ANGELES,LOS ANGELES,-118.47188842,34.20111387
6566055,2014,2014-09-09,1900,2014-07-14,1240,520027,2811,1,5,5,1915,0,0,0,NA,0,282T1,CENTRAL AV,148TH ST,0,NA,Y,A,-,N,NA,NA,NA,NA,NA,NA,NA,NA,NA,Y,4,0,1,2,A,-,09,21801,A,N,D,C,A,A,H,-,A,D,0,NA,NA,NA,NA,Y,NA,A,01,0,0,1,0,0,0,0,0,0,-,-,NA,NA,LOS ANGELES,COMPTON,-118.25250005,33.89861005
6566060,2014,2014-09-09,1942,2014-07-01,2207,38531,1253,2,5,7,1942,0,0,0,L,0,18T23,WESTERN,76TH ST,0,NA,Y,A,-,N,NA,NA,NA,NA,NA,NA,NA,NA,NA,N,2,0,3,2,A,-,09,21801,A,N,D,C,A,A,H,-,C,A,0,NA,NA,NA,NA,Y,NA,J,48,1,2,0,0,0,0,0,0,0,-,-,NA,NA,LOS ANGELES,LOS ANGELES,-118.30900002,33.97090005
6566164,2014,2015-04-09,1900,2014-06-27,1818,J26721,NA,5,5,5,1935,0,0,0,NA,0,13211,BLOOMFIELD AV,CENTRALIA ST,200,N,N,A,-,N,NA,NA,NA,NA,NA,NA,NA,NA,NA,Y,4,0,1,3,A,-,04,21703,NA,N,C,C,A,A,H,-,A,A,0,NA,NA,NA,NA,Y,NA,A,NA,0,0,1,0,0,0,0,0,0,-,-,NA,NA,LOS ANGELES,LAKEWOOD,-118.06348,33.83930839
6566245,2014,2015-04-01,1901,2014-06-19,1757,254,10,4,5,5,1901,0,0,0,NA,0,002,ATLANTIC,SAN MARINO,0,NA,Y,A,-,N,NA,NA,NA,NA,NA,NA,NA,NA,NA,N,4,0,2,2,A,-,09,21800,A,N,-,C,A,A,H,-,A,D,0,NA,NA,NA,NA,Y,NA,D,22,0,0,2,0,0,0,0,0,0,-,-,NA,NA,LOS ANGELES,ALHAMBRA,-118.13455009,34.08272004
6566267,2014,2014-09-02,1912,2014-07-09,0855,9393,NA,3,5,6,1912,0,0,0,NA,0,NA,OLIVE AV,LAKE ST,0,NA,Y,A,-,N,NA,NA,NA,NA,NA,NA,NA,NA,NA,Y,4,0,2,3,A,-,12,21453,A,N,D,C,A,A,H,-,A,A,0,NA,NA,NA,NA,Y,NA,A,01,0,0,2,0,0,0,0,0,0,-,-,NA,NA,LOS ANGELES,BURBANK,-118.31437002,34.17557011