CASE_ID,ACCIDENT_YEAR,PROC_DATE,JURIS,COLLISION_DATE,COLLISION_TIME,OFFICER_ID,REPORTING_DISTRICT,DAY_OF_WEEK,CHP_SHIFT,POPULATION,CNTY_CITY_LOC,SPECIAL_COND,BEAT_TYPE,CHP_BEAT_TYPE,CITY_DIVISION_LAPD,CHP_BEAT_CLASS,BEAT_NUMBER,PRIMARY_RD,SECONDARY_RD,DISTANCE,DIRECTION,INTERSECTION,WEATHER_1,WEATHER_2,STATE_HWY_IND,CALTRANS_COUNTY,CALTRANS_DISTRICT,STATE_ROUTE,ROUTE_SUFFIX,POSTMILE_PREFIX,POSTMILE,LOCATION_TYPE,RAMP_INTERSECTION,SIDE_OF_HWY,TOW_AWAY,COLLISION_SEVERITY,NUMBER_KILLED,NUMBER_INJURED,PARTY_COUNT,PRIMARY_COLL_FACTOR,PCF_CODE_OF_VIOL,PCF_VIOL_CATEGORY,PCF_VIOLATION,PCF_VIOL_SUBSECTION,HIT_AND_RUN,TYPE_OF_COLLISION,MVIW,PED_ACTION,ROAD_SURFACE,ROAD_COND_1,ROAD_COND_2,LIGHTING,CONTROL_DEVICE,CHP_ROAD_TYPE,PEDESTRIAN_ACCIDENT,BICYCLE_ACCIDENT,MOTORCYCLE_ACCIDENT,TRUCK_ACCIDENT,NOT_PRIVATE_PROPERTY,ALCOHOL_INVOLVED,STWD_VEHTYPE_AT_FAULT,CHP_VEHTYPE_AT_FAULT,COUNT_SEVERE_INJ,COUNT_VISIBLE_INJ,COUNT_COMPLAINT_PAIN,COUNT_PED_KILLED,COUNT_PED_INJURED,COUNT_BICYCLIST_KILLED,COUNT_BICYCLIST_INJURED,COUNT_MC_KILLED,COUNT_MC_INJURED,PRIMARY_RAMP,SECONDARY_RAMP,LATITUDE,LONGITUDE,COUNTY,CITY,POINT_X,POINT_Y
6566277,2014,2014-08-25,1965,2014-07-08,0807,2539,0B2A,2,5,5,1965,0,0,0,NA,0,B002,LINCOLN BL,OCEAN PARK BL,25,N,N,A,-,N,NA,NA,NA,NA,NA,NA,NA,NA,NA,Y,4,0,1,2,A,-,03,22350,NA,F,C,C,A,A,H,-,A,A,0,NA,NA,NA,NA,Y,NA,A,01,0,0,1,0,0,0,0,0,0,-,-,NA,NA,LOS ANGELES,SANTA MONICA,-118.47637938,34.00699751
6566279,2014,2014-08-22,1912,2014-07-08,1705,9542,NA,2,5,6,1912,0,0,0,NA,0,00B,6TH ST,BETHANY RD,143,S,N,A,-,N,NA,NA,NA,NA,NA,NA,NA,NA,NA,N,3,0,2,2,A,-,08,22107,NA,N,C,E,A,A,H,-,A,D,0,NA,NA,NA,NA,Y,NA,A,01,0,1,1,0,0,0,0,0,0,-,-,NA,NA,LOS ANGELES,BURBANK,-118.31497974,34.19365663
6566281,2014,2014-08-25,1901,2014-07-10,1234,275,26,4,5,5,1901,0,0,0,NA,0,003,COMMONWEALTH AV,DATE AV,35,E,N,A,-,N,NA,NA,NA,NA,NA,NA,NA,NA,NA,N,4,0,2,2,A,-,03,22350,NA,N,C,C,A,A,H,-,A,A,0,NA,NA,NA,NA,Y,NA,A,01,0,0,2,0,0,0,0,0,0,-,-,NA,NA,LOS ANGELES,ALHAMBRA,-118.14804465,34.08785
6566301,2014,2014-08-23,1901,2014-06-23,1716,799,20,1,5,5,1901,0,0,0,NA,0,004,RAMONA RD,WESTMINSTER AV,360,W,N,A,-,N,NA,NA,NA,NA,NA,NA,NA,NA,NA,N,4,0,3,2,D,-,00,NA,NA,N,D,C,A,A,H,-,A,D,0,NA,NA,NA,NA,Y,NA,-,-,0,0,3,0,0,0,0,0,0,-,-,NA,NA,LOS ANGELES,ALHAMBRA,-118.1579284,34.06518696
6566305,2014,2014-08-23,1901,2014-06-25,1217,249,NA,3,5,5,1901,0,0,0,NA,0,002,ALHAMBRA RD,ATLANTIC BL,26,E,N,A,-,N,NA,NA,NA,NA,NA,NA,NA,NA,NA,N,4,0,1,2,A,-,03,22350,NA,N,C,G,A,A,H,-,A,A,0,NA,Y,NA,NA,Y,NA,L,04,0,0,1,0,0,0,1,0,0,-,-,NA,NA,LOS ANGELES,ALHAMBRA,-118.13460793,34.09878052
6566313,2014,2014-08-06,1942,2014-05-24,1340,39177,0326,6,5,7,1942,0,0,0,C,0,18TL23,ADAMS BL,RAYMOND AV,0,NA,Y,B,-,N,NA,NA,NA,NA,NA,NA,NA,NA,NA,N,4,0,1,2,A,-,09,21801,A,N,B,C,A,A,H,-,A,D,0,NA,NA,NA,NA,Y,NA,A,07,0,0,1,0,0,0,0,0,0,-,-,NA,NA,LOS ANGELES,LOS ANGELES,-118.29805011,34.03275009
6566317,2014,2014-08-09,1942,2014-05-24,0545,36754,0394,6,5,7,1942,0,0,0,C,0,18T23,VERNON AV,VERMONT AV,0,NA,Y,A,-,N,NA,NA,NA,NA,NA,NA,NA,NA,NA,Y,3,0,3,2,A,-,12,21453,A,N,D,C,A,A,H,-,B,A,0,NA,NA,NA,NA,Y,NA,-,-,0,2,1,0,0,0,0,0,0,-,-,NA,NA,LOS ANGELES,LOS ANGELES,-118.29157008,34.00368009
6566327,2014,2016-06-06,9575,2014-07-02,1844,19782,NA,3,2,6,1953,0,1,1,NA,2,063,RT 210,MOUNTAIN ST,500,E,N,A,-,Y,LA,7,210,-,R,34.85,H,-,E,N,4,0,2,2,A,-,03,22350,NA,N,C,C,A,A,H,-,A,D,0,NA,NA,NA,NA,Y,NA,A,01,0,0,2,0,0,0,0,0,0,-,-,34.15734,-118.15841,LOS ANGELES,PASADENA,-117.98460498,34.13536486
6566342,2014,2014-08-25,1912,2014-07-08,1633,9589,NA,2,5,6,1912,0,0,0,NA,0,NA,PASS AV,ALAMEDA AV,40,N,N,A,-,N,NA,NA,NA,NA,NA,NA,NA,NA,NA,Y,3,0,3,3,A,-,03,22350,NA,N,C,C,A,A,H,-,A,A,0,NA,NA,NA,NA,Y,NA,A,01,0,1,2,0,0,0,0,0,0,-,-,NA,NA,LOS ANGELES,BURBANK,-118.34442433,34.15287998
6566343,2014,2014-08-25,1928,2014-07-05,1040,368,502,6,5,5,1928,0,0,0,NA,0,001,HAWTHORN BL,120TH ST,0,NA,Y,A,-,N,NA,NA,NA,NA,NA,NA,NA,NA,NA,Y,3,0,3,2,A,-,12,21453,A,N,D,C,A,A,H,-,A,A,0,NA,NA,NA,NA,Y,NA,A,01,0,1,2,0,0,0,0,0,0,-,-,NA,NA,LOS ANGELES,HAWTHORNE,-118.352473,33.923652
6566346,2014,2014-08-25,1912,2014-07-08,1334,9589,NA,2,5,6,1912,0,0,0,NA,0,NA,MAGNOLIA BL,GRIFFITH PARK DR,0,NA,Y,A,-,N,NA,NA,NA,NA,NA,NA,NA,NA,NA,N,4,0,1,2,A,-,09,21804,A,N,D,G,A,A,H,-,A,A,0,NA,Y,NA,NA,Y,NA,L,04,0,0,1,0,0,0,1,0,0,-,-,NA,NA,LOS ANGELES,BURBANK,-118.32358004,34.17573009
6566350,2014,2014-08-25,1912,2014-07-07,1434,11832,NA,1,5,6,1912,0,0,0,NA,0,NA,VERDUGO AV,1ST ST,40,E,N,A,-,N,NA,NA,NA,NA,NA,NA,NA,NA,NA,N,4,0,1,2,A,-,03,22350,NA,N,C,C,A,A,H,-,A,A,0,NA,NA,NA,NA,Y,NA,A,01,0,0,1,0,0,0,0,0,0,-,-,NA,NA,LOS ANGELES,BURBANK,-118.30691287,34.1775724
6566354,2014,2014-08-25,1912,2014-07-12,0300,9483,NA,6,5,6,1912,0,0,0,NA,0,NA,EMPIRE AV,CLYBOURN AV,20,E,N,A,-,N,NA,NA,NA,NA,NA,NA,NA,NA,NA,Y,4,0,1,2,A,-,01,23152,A,F,C,C,A,A,H,-,C,D,0,NA,NA,NA,NA,Y,Y,A,01,0,0,1,0,0,0,0,0,0,-,-,NA,NA,LOS ANGELES,BURBANK,-118.36096423,34.1946553
6566358,2014,2014-08-25,1912,2014-07-07,1615,9542,NA,1,5,6,1912,0,0,0,NA,0,00F,MAGNOLIA BL,BUENA VISTA ST,0,NA,Y,A,-,N,NA,NA,NA,NA,NA,NA,NA,NA,NA,Y,4,0,1,2,A,-,03,22350,NA,N,C,C,A,A,H,-,A,A,0,NA,NA,NA,NA,Y,NA,A,01,0,0,1,0,0,0,0,0,0,-,-,NA,NA,LOS ANGELES,BURBANK,-118.33476011,34.17197006
6566359,2014,2014-08-25,9575,2014-07-09,1020,1564,NA,3,1,9,1900,0,3,5,NA,2,003,SANTA ANITA CANYON DR,ARNO DR,7920,N,N,A,-,N,NA,NA,NA,NA,NA,NA,NA,NA,NA,N,3,0,1,2,A,-,03,22350,NA,N,G,B,E,A,D,-,A,D,0,Y,Y,NA,NA,Y,NA,L,04,0,1,0,0,0,0,1,0,0,-,-,34.17978,-118.02288,LOS ANGELES,UNINCORPORATED,NA,NA
6566362,2014,2014-08-25,1912,2014-07-11,0956,12451,NA,5,5,6,1912,0,0,0,NA,0,NA,VICTORY BL,CHANDLER BL,0,NA,Y,A,-,N,NA,NA,NA,NA,NA,NA,NA,NA,NA,N,4,0,1,2,A,-,05,21650,1,F,D,G,A,A,H,-,A,D,0,NA,Y,NA,NA,Y,Y,L,04,0,0,1,0,0,0,1,0,0,-,-,NA,NA,LOS ANGELES,BURBANK,-118.3200201,34.18075011
6566366,2014,2014-08-25,1912,2014-07-08,1310,9542,NA,2,5,6,1912,0,0,0,NA,0,NA,MAIN ST,CEDAR AV,0,NA,N,A,-,N,NA,NA,NA,NA,NA,NA,NA,NA,NA,N,4,0,1,2,A,-,09,21804,A,N,D,G,A,A,H,-,A,A,0,NA,Y,NA,NA,Y,NA,L,04,0,0,1,0,0,0,1,0,0,-,-,NA,NA,LOS ANGELES,BURBANK,-118.3132001,34.1666701
6566370,2014,2014-08-25,1912,2014-07-09,1202,8017,NA,3,5,6,1912,0,0,0,NA,0,NA,HOLLYWOOD WY,RIVERSIDE DR,0,NA,Y,A,-,N,NA,NA,NA,NA,NA,NA,NA,NA,NA,Y,4,0,2,2,A,-,12,21453,A,N,D,C,A,A,H,-,A,A,0,NA,NA,NA,NA,Y,NA,A,01,0,0,2,0,0,0,0,0,0,-,-,NA,NA,LOS ANGELES,BURBANK,-118.33979001,34.15300001
6566374,2014,2014-08-25,1912,2014-07-14,1827,11832,NA,1,5,6,1912,0,0,0,NA,0,NA,PASS AV,RIVERSIDE DR,187,S,N,B,-,N,NA,NA,NA,NA,NA,NA,NA,NA,NA,Y,3,0,3,2,A,-,09,21804,A,N,D,C,A,A,H,-,A,A,0,NA,NA,NA,NA,Y,NA,A,07,0,1,2,0,0,0,0,0,0,-,-,NA,NA,LOS ANGELES,BURBANK,-118.34376549,34.15151238
6566378,2014,2014-08-25,1912,2014-07-11,1210,9393,NA,5,5,6,1912,0,0,0,NA,0,NA,3RD ST,BETHANY RD,0,NA,Y,A,-,N,NA,NA,NA,NA,NA,NA,NA,NA,NA,Y,4,0,1,2,A,-,09,21802,A,N,D,C,A,A,H,-,A,A,0,NA,NA,NA,NA,Y,NA,A,01,0,0,1,0,0,0,0,0,0,-,-,NA,NA,LOS ANGELES,BURBANK,-118.31899011,34.19042003
6566431,2014,2014-08-27,1942,2014-07-04,2210,31379,1342,5,5,7,1942,0,0,0,M,0,13A85,TRINITY ST,MARTIN LUTHER KING BL,0,NA,Y,A,-,N,NA,NA,NA,NA,NA,NA,NA,NA,NA,N,4,0,2,3,A,-,10,21950,A,F,G,B,B,A,H,-,C,A,0,Y,NA,NA,NA,Y,NA,A,NA,0,0,2,0,2,0,0,0,0,-,-,NA,NA,LOS ANGELES,LOS ANGELES,-118.27043005,34.0111601
6566435,2014,2015-04-21,1942,2014-07-06,2035,39184,1362,7,5,7,1942,0,0,0,M,0,13T53,S MAIN ST,W 52ND ST,0,NA,Y,A,-,N,NA,NA,NA,NA,NA,NA,NA,NA,NA,N,1,1,0,2,A,-,10,21950,A,F,G,B,B,A,H,-,C,A,0,Y,NA,NA,NA,Y,NA,-,99,0,0,0,1,0,0,0,0,0,-,-,NA,NA,LOS ANGELES,LOS ANGELES,-118.27397005,33.9955701
6566443,2014,2014-08-27,1942,2014-07-03,1440,38357,1309,4,5,7,1942,0,0,0,M,0,13TL22,ALAMEDA ST,7TH ST,55,N,N,A,-,N,NA,NA,NA,NA,NA,NA,NA,NA,NA,N,4,0,2,2,A,-,04,21703,NA,F,C,C,A,A,H,-,A,D,0,NA,NA,NA,NA,Y,NA,-,99,0,0,2,0,0,0,0,0,0,-,-,NA,NA,LOS ANGELES,LOS ANGELES,-118.238634,34.035189
6566447,2014,2014-09-02,1942,2014-07-07,1630,34644,0111,1,5,7,1942,0,0,0,A,0,1A1,BUNKER HILL AV,W CESAR E CHAVEZ AV,0,NA,Y,A,-,N,NA,NA,NA,NA,NA,NA,NA,NA,NA,N,4,0,2,2,A,-,09,21802,A,F,A,C,A,A,H,-,A,A,0,NA,NA,NA,NA,Y,NA,-,-,0,0,2,0,0,0,0,0,0,-,-,NA,NA,LOS ANGELES,LOS ANGELES,-118.24465,34.06126001
6566455,2014,2016-05-17,1942,2014-07-05,2325,39049,0477,6,5,7,1942,0,0,0,D,0,2T15,SOTO ST,7TH ST,528,S,N,A,-,Y,LA,7,60,-,R,0.511,R,4,W,Y,4,0,1,3,A,-,03,22350,NA,M,A,C,A,A,H,-,C,D,0,NA,NA,NA,NA,Y,Y,A,01,0,0,1,0,0,0,0,0,0,-,-,NA,NA,LOS ANGELES,LOS ANGELES,-118.21655091,34.02972255
6566459,2014,2014-08-27,1942,2014-07-05,1350,34426,1303,6,5,7,1942,0,0,0,M,0,2TL28,PICO BL,WALL ST,35,E,N,A,-,N,NA,NA,NA,NA,NA,NA,NA,NA,NA,N,4,0,1,2,A,-,03,22350,NA,F,C,C,A,A,H,-,A,D,0,NA,NA,NA,NA,Y,NA,-,99,0,0,1,0,0,0,0,0,0,-,-,NA,NA,LOS ANGELES,LOS ANGELES,-118.25639196,34.03409949
6566467,2014,2014-08-27,1942,2014-07-04,2205,39062,1361,5,5,7,1942,0,0,0,M,0,1T11,VERNON AV,BROADWAY,0,NA,Y,A,-,N,NA,NA,NA,NA,NA,NA,NA,NA,NA,N,3,0,2,3,A,-,10,21950,A,F,G,B,B,A,H,-,C,A,0,Y,NA,NA,NA,Y,NA,-,99,0,1,1,0,2,0,0,0,0,-,-,NA,NA,LOS ANGELES,LOS ANGELES,-118.27837014,34.00380007
6566471,2014,2016-01-12,1942,2014-07-01,0640,39876,1391,2,5,7,1942,0,0,0,M,0,11TL32,GRAND AV,GAGE AV,0,NA,Y,A,-,N,NA,NA,NA,NA,NA,NA,NA,NA,NA,N,4,0,2,2,A,-,08,22107,NA,F,B,C,A,A,H,-,A,A,0,NA,NA,NA,NA,Y,NA,-,99,0,0,2,0,0,0,0,0,0,-,-,NA,NA,LOS ANGELES,LOS ANGELES,-118.28017005,33.98237011
6566475,2014,2014-08-27,1942,2014-07-01,1255,26514,0473,2,5,7,1942,0,0,0,D,0,4A53,SOTO ST,WHITTIER BL,100,N,N,A,-,N,NA,NA,NA,NA,NA,NA,NA,NA,NA,N,4,0,1,2,A,-,21,22106,NA,F,G,B,E,A,H,-,A,D,0,Y,NA,NA,NA,Y,NA,-,99,0,0,1,0,1,0,0,0,0,-,-,NA,NA,LOS ANGELES,LOS ANGELES,-118.21554937,34.03461388
6566476,2014,2014-08-27,1942,2014-07-01,1725,41495,1303,2,5,7,1942,0,0,0,M,0,1A84,STANFORD AV,10TH ST,5,S,N,A,-,N,NA,NA,NA,NA,NA,NA,NA,NA,NA,N,4,0,1,2,A,-,10,21950,A,N,G,B,B,A,H,-,A,A,0,Y,NA,NA,NA,Y,NA,A,01,0,0,1,0,1,0,0,0,0,-,-,NA,NA,LOS ANGELES,LOS ANGELES,-118.24873842,34.03373821
6566564,2014,2014-08-06,1942,2014-05-09,0730,39689,0392,5,5,7,1942,0,0,0,C,0,3A15,VERNON BL,LEIMERT BL,0,NA,Y,A,-,N,NA,NA,NA,NA,NA,NA,NA,NA,NA,N,4,0,1,2,A,-,09,21801,A,N,D,C,A,A,H,-,A,A,0,NA,NA,NA,NA,Y,NA,A,01,0,0,1,0,0,0,0,0,0,-,-,NA,NA,LOS ANGELES,LOS ANGELES,-118.33084005,34.0036601
6566568,2014,2014-08-11,1942,2014-05-24,1025,36399,0394,6,5,7,1942,0,0,0,C,0,3TL5,ARLINGTON AV,41ST DR,0,NA,Y,A,-,N,NA,NA,NA,NA,NA,NA,NA,NA,NA,Y,4,0,2,2,A,-,09,21802,A,N,D,C,A,A,H,-,A,A,0,NA,NA,NA,NA,Y,NA,A,01,0,0,2,0,0,0,0,0,0,-,-,NA,NA,LOS ANGELES,LOS ANGELES,-118.31824,34.00899
6566572,2014,2014-08-27,1975,2014-07-08,0959,395,NA,2,5,6,1975,0,0,0,NA,0,TRAFFI,BARRANCA AV,NORTH GARVEY AV,0,NA,Y,A,-,N,NA,NA,NA,NA,NA,NA,NA,NA,NA,Y,4,0,1,2,A,-,12,21453,A,N,D,C,A,A,H,-,A,A,0,NA,NA,NA,NA,Y,NA,D,22,0,0,1,0,0,0,0,0,0,-,-,NA,NA,LOS ANGELES,WEST COVINA,-117.88128007,34.0726501
6566579,2014,2014-08-06,9530,2014-05-26,1415,13604,NA,1,2,9,1900,0,3,5,NA,2,001,EL SEGUNDO BL,STANFORD AV,91,E,N,A,-,N,NA,NA,NA,NA,NA,NA,NA,NA,NA,Y,4,0,1,2,A,-,07,21658,A,N,C,C,A,A,H,-,A,D,0,NA,NA,NA,NA,Y,NA,A,07,0,0,1,0,0,0,0,0,0,-,-,33.91618,-118.26208,LOS ANGELES,UNINCORPORATED,-118.26221065,33.91634
6566580,2014,2014-08-28,9545,2014-07-06,1255,016936,NA,7,1,9,1900,0,3,5,NA,2,004,AVENUE O,220TH ST EAST,508,E,N,A,-,N,NA,NA,NA,NA,NA,NA,NA,NA,NA,N,3,0,2,1,A,-,08,22107,NA,N,F,A,A,A,H,-,A,D,0,NA,NA,NA,NA,Y,NA,D,22,0,1,1,0,0,0,0,0,0,-,-,NA,NA,LOS ANGELES,UNINCORPORATED,-117.73656588,34.61646756
6566587,2014,2016-04-21,9530,2014-04-29,1015,20726,NA,2,1,7,1941,0,1,1,NA,2,071,RT 710,WILLOW ST,425,N,N,A,-,Y,LA,7,710,-,-,7.964,R,2,S,Y,3,0,1,1,A,-,03,22350,NA,N,F,A,A,A,H,-,A,D,1,NA,NA,NA,Y,Y,NA,F,27,0,1,0,0,0,0,0,0,0,-,-,33.80573,-118.20769,LOS ANGELES,LONG BEACH,-118.20747004,33.80550735
6566588,2014,2016-05-28,9545,2014-07-08,1350,014565,NA,2,1,9,1900,0,1,3,NA,1,012,RT 138,140TH ST W,80,E,N,A,-,Y,LA,7,138,-,-,25.07,H,-,W,Y,2,0,1,2,A,-,03,22350,NA,N,C,C,A,A,H,-,A,D,0,NA,NA,NA,Y,Y,NA,D,22,1,0,0,0,0,0,0,0,0,-,-,34.77552,-118.37835,LOS ANGELES,UNINCORPORATED,-118.37828244,34.77545764
6566616,2014,2014-08-06,9530,2014-06-08,1515,20699,NA,7,2,9,1900,0,3,5,NA,2,002,EL SEGUNDO BL,WILLOW BROOK AV,556,W,N,A,-,N,NA,NA,NA,NA,NA,NA,NA,NA,NA,Y,4,0,1,2,A,-,08,22100,B,N,D,C,A,A,H,-,A,D,0,NA,NA,NA,NA,Y,NA,D,22,0,0,1,0,0,0,0,0,0,-,-,33.91654,-118.2347,LOS ANGELES,UNINCORPORATED,-118.23349793,33.91614
6566620,2014,2014-08-06,9530,2014-06-06,0515,20675,NA,5,3,9,1900,0,3,5,NA,2,003,PANNES AV,WYMORE AV,208,N,N,A,-,N,NA,NA,NA,NA,NA,NA,NA,NA,NA,Y,2,0,1,2,A,-,21,22106,NA,N,B,C,A,A,H,-,B,D,0,NA,NA,Y,NA,Y,NA,D,22,1,0,0,0,0,0,0,0,1,-,-,33.88396,-118.20179,LOS ANGELES,UNINCORPORATED,-118.20184348,33.88412926
6566632,2014,2014-08-06,9530,2014-05-02,1845,20643,NA,5,2,9,1900,0,3,5,NA,2,001,CENTRAL AV,58TH DR,52,S,N,A,-,N,NA,NA,NA,NA,NA,NA,NA,NA,NA,Y,4,0,2,2,A,-,01,23152,A,N,D,C,A,A,H,-,A,D,0,NA,NA,NA,NA,Y,Y,A,08,0,0,2,0,0,0,0,0,0,-,-,33.9876,-118.2563,LOS ANGELES,UNINCORPORATED,-118.25646,33.98770739
6566721,2014,2014-08-26,1901,2014-07-04,2321,177,17,5,5,5,1901,0,0,0,NA,0,004,ELM ST,VALLEY BL,2,S,N,A,-,N,NA,NA,NA,NA,NA,NA,NA,NA,NA,N,3,0,1,2,A,-,11,21950,B,N,D,B,B,A,H,-,C,D,0,Y,NA,NA,NA,Y,NA,N,60,0,1,0,0,1,0,0,0,0,-,-,NA,NA,LOS ANGELES,ALHAMBRA,-118.15081992,34.07695452
6566725,2014,2014-08-28,1901,2014-07-04,2309,654,07,5,5,5,1901,0,0,0,NA,0,001,MISSION RD,STONEMAN AV,25,E,N,A,-,N,NA,NA,NA,NA,NA,NA,NA,NA,NA,N,4,0,1,2,A,-,03,22350,NA,N,C,C,A,A,H,-,C,A,0,NA,NA,NA,NA,Y,NA,A,01,0,0,1,0,0,0,0,0,0,-,-,NA,NA,LOS ANGELES,ALHAMBRA,-118.12187669,34.09013129
6566729,2014,2014-08-26,1901,2014-07-01,1018,134,18,2,5,5,1901,0,0,0,NA,0,004,ATLANTIC BL,SHORB ST,0,NA,Y,A,-,N,NA,NA,NA,NA,NA,NA,NA,NA,NA,Y,4,0,2,2,A,-,09,21801,A,N,A,C,A,A,H,-,A,A,0,NA,NA,NA,NA,Y,NA,A,01,0,0,2,0,0,0,0,0,0,-,-,NA,NA,LOS ANGELES,ALHAMBRA,-118.13452007,34.07942006
6566733,2014,2014-08-28,1901,2014-07-01,1904,244,02,2,5,5,1901,0,0,0,NA,0,001,GRAND AV,GARFIELD,15,W,N,A,-,N,NA,NA,NA,NA,NA,NA,NA,NA,NA,N,4,0,1,2,A,-,03,22350,NA,F,C,C,A,A,H,-,A,A,0,NA,NA,NA,NA,Y,NA,-,NA,0,0,1,0,0,0,0,0,0,-,-,NA,NA,LOS ANGELES,ALHAMBRA,-118.12963322,34.09904002
6566737,2014,2014-08-26,1965,2014-07-14,1303,3693,0B4A,1,5,5,1965,0,0,0,NA,0,B004,CARLYLE AV,23RD ST,0,NA,Y,B,-,N,NA,NA,NA,NA,NA,NA,NA,NA,NA,Y,3,0,4,2,A,-,12,22450,A,N,A,C,A,A,H,-,A,D,0,NA,NA,NA,NA,Y,NA,A,07,0,1,3,0,0,0,0,0,0,-,-,NA,NA,LOS ANGELES,SANTA MONICA,-118.4914401,34.04384008
6566741,2014,2014-08-26,1965,2014-07-12,1329,3566,0B3A,6,5,5,1965,0,0,0,NA,0,B003,WILSHIRE BL,BERKELEY ST,88,W,N,A,-,N,NA,NA,NA,NA,NA,NA,NA,NA,NA,NA,4,0,1,2,A,-,01,23152,A,M,C,C,A,A,H,-,A,A,0,NA,NA,NA,NA,Y,Y,A,01,0,0,1,0,0,0,0,0,0,-,-,NA,NA,LOS ANGELES,SANTA MONICA,-118.47304543,34.03955843
6566745,2014,2014-08-26,1901,2014-07-10,1911,171,01,4,5,5,1901,0,0,0,NA,0,001,GARFIELD,ALHAMBRA RD,0,NA,Y,A,-,N,NA,NA,NA,NA,NA,NA,NA,NA,NA,Y,2,0,1,2,A,-,09,21801,A,N,D,C,A,A,H,-,A,A,0,NA,NA,NA,NA,Y,NA,-,NA,1,0,0,0,0,0,0,0,0,-,-,NA,NA,LOS ANGELES,ALHAMBRA,-118.13069014,34.10065004
6566749,2014,2014-09-03,1901,2014-07-10,2351,177,21,4,5,5,1901,0,0,0,NA,0,004,MONTEZUMA AV,PALM,65,E,N,A,-,N,NA,NA,NA,NA,NA,NA,NA,NA,NA,Y,4,0,1,2,A,-,08,22107,NA,N,F,E,A,A,H,-,D,D,0,NA,NA,NA,NA,Y,NA,A,01,0,0,1,0,0,0,0,0,0,-,-,NA,NA,LOS ANGELES,ALHAMBRA,-118.14668,34.06786
6566753,2014,2014-08-26,1901,2014-07-06,1809,263,10,7,5,5,1901,0,0,0,NA,0,002,S 4TH ST,LINDA VISTA AV,440,N,N,A,-,N,NA,NA,NA,NA,NA,NA,NA,NA,NA,N,3,0,1,2,A,-,09,21804,A,N,D,C,A,A,H,-,A,D,0,NA,NA,Y,NA,Y,NA,A,01,0,1,0,0,0,0,0,0,1,-,-,NA,NA,LOS ANGELES,ALHAMBRA,-118.12741,34.08599652
6566757,2014,2014-08-26,1901,2014-07-10,1853,207,06,4,5,5,1901,0,0,0,NA,0,001,MISSION RD,6TH ST,0,NA,Y,A,-,N,NA,NA,NA,NA,NA,NA,NA,NA,NA,Y,4,0,2,2,A,-,12,21453,A,N,D,C,A,A,H,-,A,A,0,NA,NA,NA,NA,Y,Y,A,01,0,0,2,0,0,0,0,0,0,-,-,NA,NA,LOS ANGELES,ALHAMBRA,-118.12956013,34.0868701
6566761,2014,2014-08-28,1901,2014-07-10,1839,241,23,4,5,5,1901,0,0,0,NA,0,003,MAIN ST,MARENGO AV,4,E,N,A,-,N,NA,NA,NA,NA,NA,NA,NA,NA,NA,Y,3,0,1,2,A,-,12,21453,A,N,D,G,A,A,H,-,A,A,0,NA,Y,NA,NA,Y,NA,A,01,0,1,0,0,0,0,1,0,0,-,-,NA,NA,LOS ANGELES,ALHAMBRA,-118.14200682,34.09151036
6566765,2014,2014-08-26,1901,2014-07-09,0853,163,22,3,5,5,1901,0,0,0,NA,0,003,FREMONT AV,POPLAR BL,0,NA,Y,A,-,N,NA,NA,NA,NA,NA,NA,NA,NA,NA,Y,4,0,1,2,A,-,12,21453,A,N,D,C,A,A,H,-,A,A,0,NA,NA,NA,NA,Y,NA,A,01,0,0,1,0,0,0,0,0,0,-,-,NA,NA,LOS ANGELES,ALHAMBRA,-118.15204003,34.0913601
6566774,2014,2014-08-28,1965,2014-07-07,0915,3816,B002,1,5,5,1965,0,0,0,NA,0,0B21,BAY ST,3RD ST,19,E,N,A,-,N,NA,NA,NA,NA,NA,NA,NA,NA,NA,N,3,0,1,1,A,-,-,NA,NA,N,H,G,A,A,H,-,A,D,0,NA,Y,NA,NA,Y,NA,L,04,0,1,0,0,0,0,1,0,0,-,-,NA,NA,LOS ANGELES,SANTA MONICA,-118.48738258,34.00828402
6566778,2014,2014-08-26,1965,2014-07-12,1140,3808,0B3B,6,5,5,1965,0,0,0,NA,0,003,SANTA MONICA BL,9TH ST,0,NA,Y,A,-,N,NA,NA,NA,NA,NA,NA,NA,NA,NA,Y,3,0,3,2,A,-,09,21804,A,N,D,C,A,A,H,-,A,A,0,NA,NA,NA,NA,Y,NA,A,01,0,1,2,0,0,0,0,0,0,-,-,NA,NA,LOS ANGELES,SANTA MONICA,-118.49049012,34.02025008
6566782,2014,2016-05-24,1965,2014-07-03,0630,2539,OB3E,4,5,5,1965,0,0,0,NA,0,NA,RT 10,CLOVERFIELD BL,0,NA,Y,A,-,Y,LA,7,10,-,R,3.427,R,1,W,N,4,0,1,2,A,-,05,21202,NA,N,D,G,A,A,H,-,A,A,0,NA,Y,NA,NA,Y,NA,-,NA,0,0,1,0,0,0,1,0,0,-,-,NA,NA,LOS ANGELES,SANTA MONICA,-118.46791015,34.02496713
6566786,2014,2014-08-26,1965,2014-07-15,1145,3693,0B3D,2,5,5,1965,0,0,0,NA,0,B003,PICO BL,19TH ST,94,E,N,A,-,N,NA,NA,NA,NA,NA,NA,NA,NA,NA,N,3,0,1,2,C,-,18,NA,NA,N,H,G,A,B,G,-,A,-,0,NA,Y,NA,NA,Y,NA,-,-,0,1,0,0,0,0,1,0,0,-,-,NA,NA,LOS ANGELES,SANTA MONICA,-118.47023806,34.01906752