CASE_ID,ACCIDENT_YEAR,PROC_DATE,JURIS,COLLISION_DATE,COLLISION_TIME,OFFICER_ID,REPORTING_DISTRICT,DAY_OF_WEEK,CHP_SHIFT,POPULATION,CNTY_CITY_LOC,SPECIAL_COND,BEAT_TYPE,CHP_BEAT_TYPE,CITY_DIVISION_LAPD,CHP_BEAT_CLASS,BEAT_NUMBER,PRIMARY_RD,SECONDARY_RD,DISTANCE,DIRECTION,INTERSECTION,WEATHER_1,WEATHER_2,STATE_HWY_IND,CALTRANS_COUNTY,CALTRANS_DISTRICT,STATE_ROUTE,ROUTE_SUFFIX,POSTMILE_PREFIX,POSTMILE,LOCATION_TYPE,RAMP_INTERSECTION,SIDE_OF_HWY,TOW_AWAY,COLLISION_SEVERITY,NUMBER_KILLED,NUMBER_INJURED,PARTY_COUNT,PRIMARY_COLL_FACTOR,PCF_CODE_OF_VIOL,PCF_VIOL_CATEGORY,PCF_VIOLATION,PCF_VIOL_SUBSECTION,HIT_AND_RUN,TYPE_OF_COLLISION,MVIW,PED_ACTION,ROAD_SURFACE,ROAD_COND_1,ROAD_COND_2,LIGHTING,CONTROL_DEVICE,CHP_ROAD_TYPE,PEDESTRIAN_ACCIDENT,BICYCLE_ACCIDENT,MOTORCYCLE_ACCIDENT,TRUCK_ACCIDENT,NOT_PRIVATE_PROPERTY,ALCOHOL_INVOLVED,STWD_VEHTYPE_AT_FAULT,CHP_VEHTYPE_AT_FAULT,COUNT_SEVERE_INJ,COUNT_VISIBLE_INJ,COUNT_COMPLAINT_PAIN,COUNT_PED_KILLED,COUNT_PED_INJURED,COUNT_BICYCLIST_KILLED,COUNT_BICYCLIST_INJURED,COUNT_MC_KILLED,COUNT_MC_INJURED,PRIMARY_RAMP,SECONDARY_RAMP,LATITUDE,LONGITUDE,COUNTY,CITY,POINT_X,POINT_Y
6568466,2014,2016-04-23,9590,2014-06-28,1735,20677,NA,6,2,7,1942,0,1,2,NA,2,071,RT 101,ALVARADO ST,10,N,N,A,-,Y,LA,7,101,-,-,2.88,H,-,S,N,4,0,4,4,A,-,03,22350,NA,N,C,C,A,A,H,-,A,D,1,NA,NA,NA,NA,Y,NA,A,07,0,0,4,0,0,0,0,0,0,-,-,34.07218,-118.26776,LOS ANGELES,LOS ANGELES,-118.26713386,34.07203655
6568469,2014,2014-08-07,1900,2014-06-14,0517,527114,0463,6,5,4,1936,0,0,0,NA,0,46T1E,LA MIRADA BL,ALICANTE RD,18,N,N,A,-,N,NA,NA,NA,NA,NA,NA,NA,NA,NA,Y,4,0,1,2,A,-,01,23152,A,N,C,C,A,A,H,-,B,A,0,NA,NA,NA,NA,Y,Y,A,07,0,0,1,0,0,0,0,0,0,-,-,NA,NA,LOS ANGELES,LA MIRADA,-118.01189,33.90263935
6568473,2014,2014-08-06,1900,2014-06-14,1311,491337,2603,6,5,6,1950,0,0,0,NA,0,262T1,30TH ST E,PEAR BLOSSOM HWY,0,NA,Y,A,-,N,NA,NA,NA,NA,NA,NA,NA,NA,NA,Y,2,0,1,1,A,-,08,22107,NA,N,E,I,A,A,H,-,A,A,0,NA,NA,NA,NA,Y,Y,A,01,1,0,0,0,0,0,0,0,0,-,-,NA,NA,LOS ANGELES,PALMDALE,-118.07347009,34.5417401
6568477,2014,2014-08-06,1900,2014-06-27,1445,260305,0468,5,5,4,1936,0,0,0,NA,0,46T1P,ROSECRANS AV,BEACH BL,56,E,N,A,-,N,NA,NA,NA,NA,NA,NA,NA,NA,NA,Y,4,0,1,1,A,-,08,22107,NA,N,E,I,A,A,H,-,A,D,0,NA,NA,NA,NA,Y,NA,A,01,0,0,1,0,0,0,0,0,0,-,-,NA,NA,LOS ANGELES,LA MIRADA,-117.98720947,33.89623985
6568561,2014,2014-08-06,1942,2014-06-29,2235,41140,883,7,5,7,1942,0,0,0,NA,0,8A29,PICO BL,PONTIUS AV,15,W,N,A,-,N,NA,NA,NA,NA,NA,NA,NA,NA,NA,N,3,0,1,2,A,-,11,21955,NA,F,G,B,D,A,H,-,C,D,0,Y,NA,NA,NA,Y,NA,N,60,0,1,0,0,1,0,0,0,0,-,-,NA,NA,LOS ANGELES,LOS ANGELES,-118.43621237,34.03644882
6568565,2014,2014-08-05,1942,2014-06-26,1310,33191,899,4,5,7,1942,0,0,0,NA,0,14TL47,VENICE BL,LA CIENEGA BL,100,W,N,A,-,N,NA,NA,NA,NA,NA,NA,NA,NA,NA,Y,4,0,1,3,A,-,03,22350,NA,F,C,C,A,A,H,-,A,D,0,NA,NA,NA,NA,Y,NA,-,99,0,0,1,0,0,0,0,0,0,-,-,NA,NA,LOS ANGELES,LOS ANGELES,-118.37816048,34.03501341
6568569,2014,2014-08-06,1942,2014-06-20,0155,31745,1495,5,5,7,1942,0,0,0,N,0,18TL23,LINCOLN BL,SEPULVEDA BL,371,W,N,A,-,N,NA,NA,NA,NA,NA,NA,NA,NA,NA,Y,3,0,3,1,A,-,03,22350,NA,M,A,I,A,A,H,-,C,A,0,NA,NA,NA,NA,Y,NA,A,08,0,1,2,0,0,0,0,0,0,-,-,NA,NA,LOS ANGELES,LOS ANGELES,-118.39733592,33.95296566
6568573,2014,2014-08-06,1942,2014-06-30,2130,36602,1409,1,5,7,1942,0,0,0,N,0,20TL59,VENICE BL,BAGLEY AV,6,W,N,A,-,N,NA,NA,NA,NA,NA,NA,NA,NA,NA,N,2,0,1,2,A,-,11,21456,B,F,G,B,B,A,H,-,C,A,0,Y,NA,NA,NA,Y,NA,N,60,1,0,0,0,1,0,0,0,0,-,-,NA,NA,LOS ANGELES,LOS ANGELES,-118.3951763,34.02552069
6568577,2014,2014-08-07,1942,2014-06-27,2220,37511,2044,5,5,7,1942,0,0,0,NA,0,7T23,8TH,KINGSLEY,120,W,N,A,-,N,NA,NA,NA,NA,NA,NA,NA,NA,NA,N,4,0,1,2,A,-,09,21804,A,N,A,G,A,A,H,-,C,D,0,NA,Y,NA,NA,Y,NA,-,-,0,0,1,0,0,0,1,0,0,-,-,NA,NA,LOS ANGELES,LOS ANGELES,-118.3034654,34.05769641
6568581,2014,2014-08-06,1942,2014-06-28,1150,32565,2053,6,5,7,1942,0,0,0,NA,0,20TL56,OLYMPIC BL,HARVARD BL,28,W,N,A,-,N,NA,NA,NA,NA,NA,NA,NA,NA,NA,Y,4,0,2,2,A,-,12,21453,A,N,D,C,A,A,H,-,A,A,0,NA,NA,NA,NA,Y,NA,A,01,0,0,2,0,0,0,0,0,0,-,-,NA,NA,LOS ANGELES,LOS ANGELES,-118.30426221,34.05260744
6568585,2014,2014-08-06,1942,2014-06-29,1450,32565,2011,7,5,7,1942,0,0,0,NA,0,20TL56,BEVERLY BL,VAN NESS AV,20,E,N,A,-,N,NA,NA,NA,NA,NA,NA,NA,NA,NA,Y,3,0,2,2,A,-,09,21801,A,N,D,C,A,A,H,-,A,A,0,NA,NA,Y,NA,Y,NA,A,01,0,2,0,0,0,0,0,0,1,-,-,NA,NA,LOS ANGELES,LOS ANGELES,-118.31563408,34.07623
6568589,2014,2014-08-06,1942,2014-06-28,2245,40024,2042,6,5,7,1942,0,0,0,NA,0,20T59,8TH ST,GRAMERCY PL,0,NA,Y,A,-,N,NA,NA,NA,NA,NA,NA,NA,NA,NA,N,4,0,1,2,A,-,09,21802,A,N,D,C,A,A,H,-,C,A,0,NA,NA,NA,NA,Y,NA,A,01,0,0,1,0,0,0,0,0,0,-,-,NA,NA,LOS ANGELES,LOS ANGELES,-118.31322003,34.05805001
6568597,2014,2014-08-05,1942,2014-06-10,1440,34837,0646,2,5,7,1942,0,0,0,F,0,6A45,HIGHLAND AV,SUNSET BL,0,NA,Y,A,-,N,NA,NA,NA,NA,NA,NA,NA,NA,NA,Y,2,0,1,3,A,-,03,22350,NA,N,C,C,A,A,H,-,A,A,0,NA,NA,Y,NA,Y,NA,C,02,1,0,0,0,0,0,0,0,1,-,-,NA,NA,LOS ANGELES,LOS ANGELES,-118.33866004,34.09797005
6568601,2014,2014-08-07,1942,2014-06-10,1120,32896,0663,2,5,7,1942,0,0,0,F,0,14TL47,SANTA MONICA BL,MCCADDEN PL,0,NA,Y,A,-,N,NA,NA,NA,NA,NA,NA,NA,NA,NA,Y,4,0,2,2,A,-,07,21658,A,N,B,C,A,A,H,-,A,A,0,NA,NA,NA,NA,Y,NA,-,-,0,0,2,0,0,0,0,0,0,-,-,NA,NA,LOS ANGELES,LOS ANGELES,-118.3374401,34.09070001
6568617,2014,2014-08-06,1942,2014-06-15,2005,40491,0621,7,5,7,1942,0,0,0,F,0,8T35,WILLOW GLEN RD,APOLLO DR,370,W,N,A,-,N,NA,NA,NA,NA,NA,NA,NA,NA,NA,Y,3,0,1,1,A,-,01,23152,A,N,H,I,A,A,H,-,C,D,0,NA,NA,NA,NA,Y,Y,A,01,0,1,0,0,0,0,0,0,0,-,-,NA,NA,LOS ANGELES,LOS ANGELES,-118.3676891,34.11688306
6568621,2014,2014-08-06,1942,2014-06-13,1100,39624,0625,5,5,7,1942,0,0,0,F,0,7TL23,FRANKLIN AV,LAS PALMAS AV,0,NA,Y,A,-,N,NA,NA,NA,NA,NA,NA,NA,NA,NA,NA,4,0,1,2,A,-,07,21658,A,N,H,J,A,A,E,-,A,D,0,NA,NA,Y,NA,Y,NA,A,07,0,0,1,0,0,0,0,0,1,-,-,NA,NA,LOS ANGELES,LOS ANGELES,-118.33639003,34.10517001
6568625,2014,2014-08-06,1942,2014-06-13,2230,40315,0668,5,5,7,1942,0,0,0,F,0,8T35,FOUNTAIN AV,WESTERN AV,9,W,N,A,-,N,NA,NA,NA,NA,NA,NA,NA,NA,NA,N,3,0,1,2,A,-,05,21650,1,N,H,G,A,A,H,-,C,A,0,NA,Y,NA,NA,Y,NA,L,04,0,1,0,0,0,0,1,0,0,-,-,NA,NA,LOS ANGELES,LOS ANGELES,-118.30922967,34.09488026
6568629,2014,2014-08-06,1942,2014-06-21,1940,39299,0646,6,5,7,1942,0,0,0,F,0,6T7,VINE ST,SELMA AV,100,N,N,A,-,N,NA,NA,NA,NA,NA,NA,NA,NA,NA,N,4,0,1,2,A,-,09,21804,NA,N,D,G,A,A,H,-,B,D,0,NA,Y,NA,NA,Y,NA,A,01,0,0,1,0,0,0,1,0,0,-,-,NA,NA,LOS ANGELES,LOS ANGELES,-118.32666578,34.10007424
6568633,2014,2014-08-05,1942,2014-06-29,1735,37357,2024,7,5,7,1942,0,0,0,NA,0,20A14,KINGSLEY DR,6TH ST,150,S,N,A,-,N,NA,NA,NA,NA,NA,NA,NA,NA,NA,Y,3,0,1,3,A,-,03,22350,NA,F,C,E,A,A,H,-,A,D,0,NA,NA,NA,NA,Y,NA,-,99,0,1,0,0,0,0,0,0,0,-,-,NA,NA,LOS ANGELES,LOS ANGELES,-118.3028555,34.06315863
6568672,2014,2014-08-06,1961,2014-06-13,1510,7240,1961,5,5,3,1961,0,0,0,NA,0,NA,GLENOAKS BL,ARROYO ST,0,NA,Y,A,-,N,NA,NA,NA,NA,NA,NA,NA,NA,NA,Y,3,0,1,2,A,-,09,21801,A,N,D,C,A,A,H,-,A,A,0,NA,NA,NA,NA,Y,NA,A,01,0,1,0,0,0,0,0,0,0,-,-,NA,NA,LOS ANGELES,SAN FERNANDO,-118.42429006,34.2855801
6568779,2014,2014-08-26,1942,2014-07-05,0430,34871,1265,6,5,7,1942,0,0,0,L,0,12X59,VERMONT,81ST ST,0,NA,Y,A,-,N,NA,NA,NA,NA,NA,NA,NA,NA,NA,N,4,0,1,2,A,-,01,23152,A,N,D,C,A,A,H,-,B,A,0,NA,NA,NA,NA,Y,Y,A,01,0,0,1,0,0,0,0,0,0,-,-,NA,NA,LOS ANGELES,LOS ANGELES,-118.291616,33.96545
6568787,2014,2014-08-06,1942,2014-06-30,1510,37724,1258,1,5,7,1942,0,0,0,L,0,12T73,MAIN ST,FLORENCE AV,1,S,N,A,-,N,NA,NA,NA,NA,NA,NA,NA,NA,NA,N,3,0,1,2,A,-,01,23152,A,F,D,G,A,A,H,-,A,A,0,NA,Y,NA,NA,Y,Y,D,22,0,1,0,0,0,0,1,0,0,-,-,NA,NA,LOS ANGELES,LOS ANGELES,-118.27393994,33.97467726
6568795,2014,2014-08-06,1942,2014-06-28,1600,39291,1233,6,5,7,1942,0,0,0,L,0,12T73,SLAUSON AV,SAINT ANDREWS PL,0,NA,Y,A,-,N,NA,NA,NA,NA,NA,NA,NA,NA,NA,Y,3,0,1,2,A,-,09,21801,A,N,D,C,A,A,H,-,A,A,0,NA,NA,Y,NA,Y,NA,D,22,0,1,0,0,0,0,0,0,1,-,-,NA,NA,LOS ANGELES,LOS ANGELES,-118.31138012,33.98913001
6568804,2014,2016-04-25,9565,2014-06-08,0309,020556,NA,7,3,7,1942,0,1,1,NA,2,064,RT 405,CHURCH LN,700,N,N,A,-,Y,LA,7,405,-,-,33.71,H,-,N,Y,2,0,2,3,A,-,01,23152,A,N,C,C,A,A,D,-,C,D,1,NA,NA,NA,NA,Y,Y,D,22,1,0,1,0,0,0,0,0,0,-,-,34.08242,-118.4731,LOS ANGELES,LOS ANGELES,-118.47341266,34.08125681
6568812,2014,2016-04-21,9565,2014-06-05,2050,020343,NA,4,2,9,1900,0,1,1,NA,2,012,RT 105,WESTERN AV,500,E,N,A,-,Y,LA,7,105,-,R,5.83,H,-,W,Y,4,0,2,2,A,-,08,22107,NA,N,D,C,A,A,H,-,C,D,1,NA,NA,NA,NA,Y,NA,A,01,0,0,2,0,0,0,0,0,0,-,-,33.92637,-118.3066,LOS ANGELES,UNINCORPORATED,-118.30745919,33.92608651
6568848,2014,2016-04-21,9565,2014-06-06,2015,20445,NA,5,2,7,1942,0,1,1,NA,2,063,RT 405,OLYMPIC BL,300,N,N,A,-,Y,LA,7,405,-,-,30.27,H,-,S,Y,4,0,1,2,A,-,03,22350,NA,N,C,C,A,A,D,-,B,D,1,NA,NA,NA,NA,Y,NA,A,01,0,0,1,0,0,0,0,0,0,-,-,34.04046,-118.44151,LOS ANGELES,LOS ANGELES,-118.44072556,34.03990167
6568882,2014,2014-08-23,1951,2014-07-17,1333,727,1951,4,5,3,1951,0,0,0,NA,0,705,PALOS VERDES DR W,VIA CORTA,87,E,N,A,-,N,NA,NA,NA,NA,NA,NA,NA,NA,NA,N,4,0,2,3,A,-,04,21703,NA,N,C,C,A,A,H,-,A,A,0,NA,NA,NA,NA,Y,NA,-,NA,0,0,2,0,0,0,0,0,0,-,-,NA,NA,LOS ANGELES,PALOS VERDES EST,-118.39026438,33.80031921
6568892,2014,2014-08-28,9530,2014-06-12,0930,18278,NA,4,1,9,1900,0,3,5,NA,2,002,EL SEGUNDO BL,MAIN ST,330,W,N,A,-,N,NA,NA,NA,NA,NA,NA,NA,NA,NA,Y,4,0,1,2,A,-,07,21658,A,N,B,C,A,A,H,-,A,D,0,NA,NA,NA,Y,Y,NA,F,26,0,0,1,0,0,0,0,0,0,-,-,33.91634,-118.27536,LOS ANGELES,UNINCORPORATED,-118.41703572,33.91637
6568900,2014,2016-04-21,9530,2014-06-13,1805,017860,NA,5,2,7,1941,0,1,1,NA,2,430,RT 405,BELLFLOWER BL,615,S,N,A,-,Y,LA,7,405,-,-,2.12,H,-,S,Y,4,0,2,3,A,-,03,22350,NA,N,C,C,A,A,H,-,A,D,1,NA,NA,NA,Y,Y,NA,G,27,0,0,2,0,0,0,0,0,0,-,-,33.80265,-118.12274,LOS ANGELES,LONG BEACH,-118.12271279,33.8026289
6568903,2014,2016-04-25,9565,2014-06-07,1727,16943,NA,6,2,6,1933,0,1,1,NA,2,060,RT 405,MANCHESTER BL,100,N,N,A,-,Y,LA,7,405,-,-,23.38,H,-,S,N,4,0,1,2,A,-,08,22107,NA,N,B,C,A,A,H,-,A,D,1,NA,NA,NA,NA,Y,NA,A,01,0,0,1,0,0,0,0,0,0,-,-,33.96991,-118.37152,LOS ANGELES,INGLEWOOD,-118.36960691,33.96195326
6568916,2014,2014-08-05,9530,2014-06-17,1740,20751,NA,2,2,9,1900,0,3,5,NA,2,002,ALAMEDA ST,126TH ST,40,S,N,A,-,N,NA,NA,NA,NA,NA,NA,NA,NA,NA,N,4,0,1,3,A,-,03,22350,NA,N,C,C,A,A,H,-,A,D,0,NA,NA,NA,NA,Y,NA,D,22,0,0,1,0,0,0,0,0,0,-,-,33.9178,-118.2239,LOS ANGELES,UNINCORPORATED,-118.22383546,33.91788098
6568924,2014,2014-08-05,9530,2014-06-14,1226,020793,NA,6,1,9,1900,0,3,5,NA,2,001,HOOPER AV,77TH ST,0,NA,Y,A,-,N,NA,NA,NA,NA,NA,NA,NA,NA,NA,Y,4,0,2,2,A,-,07,21658,A,N,B,D,A,A,H,-,A,D,0,NA,NA,NA,NA,Y,NA,D,22,0,0,2,0,0,0,0,0,0,-,-,33.97,-118.25211,LOS ANGELES,UNINCORPORATED,-118.25202008,33.96978001
6568952,2014,2016-04-21,9530,2014-06-11,0545,018278,NA,3,3,7,1942,0,1,1,NA,2,410,RT 405,VERMONT AV,510,W,N,A,-,Y,LA,7,405,-,-,13.47,H,-,S,Y,4,0,2,2,A,-,03,22350,NA,N,C,C,A,A,H,-,C,D,1,NA,NA,NA,NA,Y,NA,A,01,0,0,2,0,0,0,0,0,0,-,-,33.85976,-118.29377,LOS ANGELES,LOS ANGELES,-118.29276727,33.85970124
6568997,2014,2014-09-02,1900,2014-06-18,1205,507891,1516,3,5,5,1954,0,0,0,NA,0,151T1,TELEGRAPH RD,PARAMOUNT BL,41,E,N,A,-,N,NA,NA,NA,NA,NA,NA,NA,NA,NA,N,3,0,2,5,A,-,09,21801,A,N,D,C,A,A,H,-,A,A,0,NA,NA,Y,NA,Y,NA,D,22,0,1,1,0,0,0,0,0,0,-,-,NA,NA,LOS ANGELES,PICO RIVERA,-118.11569782,33.96698083
6569009,2014,2016-04-21,9530,2014-06-01,1220,20406,NA,7,1,7,1942,0,1,1,NA,2,400,RT 405,NORMANDALE AV,545,S,N,A,-,Y,LA,7,405,-,-,13.7,H,-,N,Y,3,0,4,8,A,-,03,22350,NA,N,C,C,A,A,H,-,A,D,1,NA,NA,NA,NA,Y,NA,E,22,0,3,1,0,0,0,0,0,0,-,-,33.5135,-118.1753,LOS ANGELES,LOS ANGELES,-118.2965976,33.85992073
6569045,2014,2014-08-26,1900,2014-07-08,0921,405950,2311,2,5,5,1919,0,0,0,NA,0,230T,SOUTH ST,GRIDLEY RD,20,E,N,B,-,N,NA,NA,NA,NA,NA,NA,NA,NA,NA,N,3,0,1,2,A,-,05,21650,1,N,D,G,A,A,H,-,A,A,0,NA,Y,NA,NA,Y,NA,L,04,0,1,0,0,0,0,1,0,0,-,-,NA,NA,LOS ANGELES,CERRITOS,-118.09090427,33.8585
6569053,2014,2014-08-25,1900,2014-07-18,1549,405950,2316,5,5,5,1919,0,0,0,NA,0,230Y,183RD ST,CARMENITA RD,11,W,N,A,-,N,NA,NA,NA,NA,NA,NA,NA,NA,NA,Y,4,0,1,2,A,-,12,21453,A,N,D,C,A,A,H,-,A,A,0,NA,NA,NA,NA,Y,NA,D,22,0,0,1,0,0,0,0,0,0,-,-,NA,NA,LOS ANGELES,CERRITOS,-118.04644616,33.86601
6569089,2014,2014-08-06,1900,2014-06-12,1700,408371,2314,4,5,5,1919,0,0,0,NA,0,234,NORWALK BL,195TH ST,0,NA,Y,A,-,N,NA,NA,NA,NA,NA,NA,NA,NA,NA,Y,4,0,1,2,A,-,07,21658,A,N,C,C,A,A,H,-,A,A,0,NA,NA,NA,NA,Y,NA,A,07,0,0,1,0,0,0,0,0,0,-,-,NA,NA,LOS ANGELES,CERRITOS,-118.07230011,33.8533601
6569092,2014,2016-01-12,1912,2014-07-17,1628,12451,NA,4,5,6,1912,0,0,0,NA,0,NA,1ST ST,CYPRESS,0,NA,Y,A,-,N,NA,NA,NA,NA,NA,NA,NA,NA,NA,Y,4,0,1,3,A,-,08,22107,NA,N,B,C,A,A,H,-,A,D,0,NA,NA,NA,NA,Y,NA,A,01,0,0,1,0,0,0,0,0,0,-,-,NA,NA,LOS ANGELES,BURBANK,-118.31489014,34.18327002
6569096,2014,2014-08-27,1912,2014-07-16,1315,8991,BURBA,3,5,6,1912,0,0,0,NA,0,NA,LINCOLN ST,ALAMEDA AV,0,NA,Y,A,-,N,NA,NA,NA,NA,NA,NA,NA,NA,NA,N,4,0,1,2,A,-,21,22106,NA,N,C,C,A,A,H,-,A,A,0,NA,NA,NA,NA,Y,NA,D,22,0,0,1,0,0,0,0,0,0,-,-,NA,NA,LOS ANGELES,BURBANK,-118.3260201,34.15893011
6569100,2014,2014-08-26,1912,2014-07-16,1015,8017,NA,3,5,6,1912,0,0,0,NA,0,NA,SAN FERNANDO BL,HOLLYWOOD WY,0,NA,Y,A,-,N,NA,NA,NA,NA,NA,NA,NA,NA,NA,Y,4,0,1,2,A,-,08,22107,NA,N,D,C,A,A,H,-,A,A,0,NA,NA,NA,NA,Y,NA,A,01,0,0,1,0,0,0,0,0,0,-,-,NA,NA,LOS ANGELES,BURBANK,-118.34873001,34.2052801
6569103,2014,2014-08-25,1961,2014-07-20,0845,6490,1961,7,5,3,1961,0,0,0,NA,0,002,NORTH MACLAY AV,DE GARMO ST,0,NA,Y,A,-,N,NA,NA,NA,NA,NA,NA,NA,NA,NA,N,4,0,2,3,A,-,09,21802,A,N,D,C,A,A,H,-,A,A,0,NA,NA,NA,NA,Y,NA,A,01,0,0,2,0,0,0,0,0,0,-,-,NA,NA,LOS ANGELES,SAN FERNANDO,-118.43212011,34.29002002
6569125,2014,2016-06-16,1941,2014-07-11,2309,10120,NA,5,5,7,1941,0,0,0,NA,0,NA,PACIFIC AV,RT 1,24,S,N,A,-,Y,LA,7,1,-,-,6.511,I,6,S,N,3,0,1,2,A,-,03,22350,NA,M,C,G,A,A,H,-,C,A,0,NA,Y,NA,NA,Y,NA,A,NA,0,1,0,0,0,0,1,0,0,-,-,NA,NA,LOS ANGELES,LONG BEACH,-118.19361906,33.78980805
6569129,2014,2016-06-16,1941,2014-07-13,0146,10564,NA,7,5,7,1941,0,0,0,NA,0,NA,RT 1,RT 103,2,W,N,A,-,Y,LA,7,1,-,-,8.26,H,-,S,Y,4,0,1,1,A,-,03,22350,NA,N,A,I,A,A,H,-,D,D,0,NA,NA,NA,NA,Y,NA,A,NA,0,0,1,0,0,0,0,0,0,-,-,NA,NA,LOS ANGELES,LONG BEACH,-118.22437234,33.78982618
6569133,2014,2014-09-03,1941,2014-07-14,1128,5048,NA,1,5,7,1941,0,0,0,NA,0,NA,LONG BEACH BL,COLUMBIA ST,60,N,N,A,-,N,NA,NA,NA,NA,NA,NA,NA,NA,NA,N,4,0,1,2,A,-,04,21703,NA,N,C,C,A,A,H,-,A,D,0,NA,NA,NA,NA,Y,NA,A,NA,0,0,1,0,0,0,0,0,0,-,-,NA,NA,LOS ANGELES,LONG BEACH,-118.18948,33.80924454
6569147,2014,2016-01-12,9580,2014-07-06,1750,019952,NA,7,2,9,1900,0,3,5,NA,1,040,ENCINAL CANYON RD,LECHUSA RD,6,W,N,A,-,N,NA,NA,NA,NA,NA,NA,NA,NA,NA,Y,4,0,1,2,A,-,09,21802,A,N,D,C,A,A,H,-,A,D,0,NA,NA,Y,NA,Y,NA,C,02,0,0,1,0,0,0,0,0,1,-,-,34.07727,-118.87757,LOS ANGELES,UNINCORPORATED,-118.87768,34.07743
6569150,2014,2016-05-07,9580,2014-07-12,0500,020728,NA,6,3,3,1989,0,1,2,NA,2,106,RT 101,LAS VIRGENES RD,2200,S,N,A,-,Y,LA,7,101,-,-,30.63,H,-,N,Y,3,0,1,1,A,-,08,22107,NA,N,F,A,A,A,H,-,A,D,1,NA,NA,NA,NA,Y,NA,A,01,0,1,0,0,0,0,0,0,0,-,-,34.15151,-118.69174,LOS ANGELES,CALABASAS,-118.69170807,34.15129744
6569151,2014,2016-05-28,9580,2014-07-07,1345,019952,NA,1,1,7,1942,0,1,2,NA,2,101,RT 101,COLDWATER CANYON AV,1742,S,N,A,-,Y,LA,7,101,-,-,13.55,H,-,N,Y,4,0,1,2,A,-,03,22350,NA,N,C,C,A,A,H,-,A,D,1,NA,NA,NA,NA,Y,NA,A,01,0,0,1,0,0,0,0,0,0,-,-,34.15689,-118.40815,LOS ANGELES,LOS ANGELES,-118.40792394,34.15680724
6569154,2014,2016-06-16,9580,2014-07-12,1145,020728,NA,6,1,9,1900,0,1,3,NA,1,271,RT 1,RT 27,700,E,N,A,-,Y,LA,7,1,-,-,40.6,H,-,S,N,3,0,1,1,A,-,03,22350,NA,N,F,A,A,A,H,-,A,D,0,NA,Y,NA,NA,Y,NA,L,04,0,1,0,0,0,0,1,0,0,-,-,34.03971,-118.57617,LOS ANGELES,UNINCORPORATED,-118.57636341,34.03990943
6569158,2014,2016-06-16,9580,2014-07-13,2015,019952,NA,7,2,7,1942,0,1,3,NA,1,120,RT 1,RT 27,1000,S,N,A,-,Y,LA,7,1,-,-,40.58,H,-,S,Y,3,0,2,2,A,-,01,23152,A,N,C,C,A,A,A,-,C,D,0,NA,NA,NA,NA,Y,Y,A,01,0,1,1,0,0,0,0,0,0,-,-,34.03999,-118.57771,LOS ANGELES,LOS ANGELES,-118.57601629,34.03995981
6569182,2014,2016-05-25,9580,2014-07-08,0925,019451,NA,2,1,7,1942,0,1,2,NA,2,102,RT 101,VAN NUYS BL,1056,N,N,A,-,Y,LA,7,101,-,-,16.14,H,-,N,Y,4,0,2,3,A,-,03,22350,NA,N,C,C,A,A,H,-,A,D,1,NA,NA,NA,NA,Y,NA,A,01,0,0,2,0,0,0,0,0,0,-,-,34.15791,-118.14545,LOS ANGELES,LOS ANGELES,-118.45230081,34.15775109
6569186,2014,2016-06-07,9580,2014-07-08,0810,16349,NA,2,1,7,1942,0,1,3,NA,2,171,RT 170,VICTORY BL,20,S,N,A,-,Y,LA,7,170,-,R,17.447,R,1,S,N,4,0,1,2,A,-,21,22106,NA,N,C,C,A,A,H,-,A,A,1,NA,NA,NA,NA,Y,NA,A,07,0,0,1,0,0,0,0,0,0,TO,-,34.18655,-118.40228,LOS ANGELES,LOS ANGELES,-118.40198312,34.18945177
6569190,2014,2016-05-28,9580,2014-07-09,0925,019451,NA,3,1,7,1942,0,1,2,NA,2,103,RT 101,LOUISE AV,1000,N,N,A,-,Y,LA,7,101,-,-,19.93,H,-,S,Y,4,0,2,4,A,-,03,22350,NA,N,C,C,A,A,H,-,A,D,1,NA,NA,NA,NA,Y,NA,A,07,0,0,2,0,0,0,0,0,0,-,-,34.17103,-118.51088,LOS ANGELES,LOS ANGELES,-118.51322675,34.17109083
6569194,2014,2016-06-07,9580,2014-07-10,0935,017228,NA,4,1,7,1942,0,1,3,NA,2,171,RT 170,MAGNOLIA BL,365,S,N,A,-,Y,LA,7,170,-,R,15.3,H,-,S,Y,4,0,1,7,A,-,03,22350,NA,N,C,C,A,A,H,-,A,D,1,NA,NA,NA,NA,Y,NA,A,01,0,0,1,0,0,0,0,0,0,-,-,34.16308,-118.38195,LOS ANGELES,LOS ANGELES,-118.38240534,34.16396066
6569198,2014,2016-05-28,9580,2014-07-12,0214,20462,NA,6,3,7,1942,0,1,2,NA,2,101,RT 101,WOODMAN AV,1000,S,N,A,-,Y,LA,7,101,-,-,14.7,H,-,S,N,3,0,3,1,A,-,01,23152,A,N,E,I,A,A,H,-,D,D,1,NA,NA,NA,NA,Y,Y,A,01,0,2,1,0,0,0,0,0,0,-,-,34.15586,-118.42575,LOS ANGELES,LOS ANGELES,-118.42787109,34.15553541