CASE_ID,ACCIDENT_YEAR,PROC_DATE,JURIS,COLLISION_DATE,COLLISION_TIME,OFFICER_ID,REPORTING_DISTRICT,DAY_OF_WEEK,CHP_SHIFT,POPULATION,CNTY_CITY_LOC,SPECIAL_COND,BEAT_TYPE,CHP_BEAT_TYPE,CITY_DIVISION_LAPD,CHP_BEAT_CLASS,BEAT_NUMBER,PRIMARY_RD,SECONDARY_RD,DISTANCE,DIRECTION,INTERSECTION,WEATHER_1,WEATHER_2,STATE_HWY_IND,CALTRANS_COUNTY,CALTRANS_DISTRICT,STATE_ROUTE,ROUTE_SUFFIX,POSTMILE_PREFIX,POSTMILE,LOCATION_TYPE,RAMP_INTERSECTION,SIDE_OF_HWY,TOW_AWAY,COLLISION_SEVERITY,NUMBER_KILLED,NUMBER_INJURED,PARTY_COUNT,PRIMARY_COLL_FACTOR,PCF_CODE_OF_VIOL,PCF_VIOL_CATEGORY,PCF_VIOLATION,PCF_VIOL_SUBSECTION,HIT_AND_RUN,TYPE_OF_COLLISION,MVIW,PED_ACTION,ROAD_SURFACE,ROAD_COND_1,ROAD_COND_2,LIGHTING,CONTROL_DEVICE,CHP_ROAD_TYPE,PEDESTRIAN_ACCIDENT,BICYCLE_ACCIDENT,MOTORCYCLE_ACCIDENT,TRUCK_ACCIDENT,NOT_PRIVATE_PROPERTY,ALCOHOL_INVOLVED,STWD_VEHTYPE_AT_FAULT,CHP_VEHTYPE_AT_FAULT,COUNT_SEVERE_INJ,COUNT_VISIBLE_INJ,COUNT_COMPLAINT_PAIN,COUNT_PED_KILLED,COUNT_PED_INJURED,COUNT_BICYCLIST_KILLED,COUNT_BICYCLIST_INJURED,COUNT_MC_KILLED,COUNT_MC_INJURED,PRIMARY_RAMP,SECONDARY_RAMP,LATITUDE,LONGITUDE,COUNTY,CITY,POINT_X,POINT_Y
6572520,2014,2014-08-28,1906,2014-07-01,1330,4405,1706,2,5,5,1906,0,0,0,NA,0,003,PACIFIC AV,BIG DALTON AV,0,NA,Y,A,-,N,NA,NA,NA,NA,NA,NA,NA,NA,NA,Y,4,0,3,3,A,-,04,21703,NA,N,C,C,A,A,H,-,B,A,0,NA,NA,NA,NA,Y,NA,A,01,0,0,3,0,0,0,0,0,0,-,-,NA,NA,LOS ANGELES,BALDWIN PARK,-117.95505008,34.08124003
6572534,2014,2014-08-27,1906,2014-07-03,2054,2878,1906,4,5,5,1906,0,0,0,NA,0,003,PUENTE AV,DUTCH ST,0,NA,Y,A,-,N,NA,NA,NA,NA,NA,NA,NA,NA,NA,N,2,0,1,2,A,-,11,21954,A,N,B,B,D,A,H,-,C,D,0,Y,NA,NA,NA,Y,NA,N,60,1,0,0,0,1,0,0,0,0,-,-,NA,NA,LOS ANGELES,BALDWIN PARK,-117.95584005,34.07601009
6572535,2014,2014-08-27,1953,2014-07-19,1327,7176,1953,6,5,6,1953,0,0,0,NA,0,003,HILL AV,MAPLE ST,0,NA,Y,A,-,N,NA,NA,NA,NA,NA,NA,NA,NA,NA,Y,4,0,2,2,A,-,12,21453,A,N,D,C,A,A,H,-,A,A,0,NA,NA,NA,NA,Y,NA,A,01,0,0,2,0,0,0,0,0,0,-,-,NA,NA,LOS ANGELES,PASADENA,-118.12140012,34.15286012
6572539,2014,2014-08-27,1953,2014-07-20,0128,5472,1953,7,5,6,1953,0,0,0,NA,0,003,COLORADO BL,PARKWOOD AV,0,NA,Y,B,-,N,NA,NA,NA,NA,NA,NA,NA,NA,NA,Y,3,0,1,1,A,-,07,21658,A,N,E,I,A,A,H,-,C,A,0,NA,NA,NA,NA,Y,NA,A,01,0,1,0,0,0,0,0,0,0,-,-,NA,NA,LOS ANGELES,PASADENA,-118.11185001,34.14603006
6572543,2014,2014-08-27,1953,2014-07-20,0314,0347,1953,7,5,6,1953,0,0,0,NA,0,005,FAIR OAKS AV,COLORADO BL,0,NA,Y,B,-,N,NA,NA,NA,NA,NA,NA,NA,NA,NA,Y,3,0,1,2,A,-,03,22350,NA,M,B,C,A,A,H,-,C,A,0,NA,NA,NA,NA,Y,NA,-,NA,0,1,0,0,0,0,0,0,0,-,-,NA,NA,LOS ANGELES,PASADENA,-118.15048012,34.14578011
6572547,2014,2014-08-27,1953,2014-07-20,1844,0366,PASAD,7,5,6,1953,0,0,0,NA,0,005,CALIFORNIA BL,LAKE AV,200,W,N,A,-,N,NA,NA,NA,NA,NA,NA,NA,NA,NA,Y,4,0,1,1,B,-,22,NA,NA,N,F,I,A,A,H,-,A,A,0,NA,NA,NA,NA,Y,NA,A,01,0,0,1,0,0,0,0,0,0,-,-,NA,NA,LOS ANGELES,PASADENA,-118.13293953,34.13588
6572551,2014,2014-08-27,1953,2014-07-23,1605,5281,1953,3,5,6,1953,0,0,0,NA,0,001,FAIR OAKS AV,GLENARM ST,0,NA,Y,A,-,N,NA,NA,NA,NA,NA,NA,NA,NA,NA,Y,4,0,1,2,A,-,09,21801,A,N,D,C,A,A,H,-,A,A,0,NA,NA,NA,NA,Y,NA,A,01,0,0,1,0,0,0,0,0,0,-,-,NA,NA,LOS ANGELES,PASADENA,-118.15031,34.12753
6572555,2014,2014-08-27,1953,2014-07-23,1749,7867,1953,3,5,6,1953,0,0,0,NA,0,005,UNION ST,LOS ROBLES AV,0,NA,Y,A,-,N,NA,NA,NA,NA,NA,NA,NA,NA,NA,N,3,0,1,2,A,-,10,21950,A,M,D,B,C,A,H,-,A,A,0,Y,NA,NA,NA,Y,NA,-,NA,0,1,0,0,1,0,0,0,0,-,-,NA,NA,LOS ANGELES,PASADENA,-118.14145007,34.14722005
6572559,2014,2016-01-12,1953,2014-07-09,1543,3191,NA,3,5,6,1953,0,0,0,NA,0,003,HILL AV,CORDOVA ST,0,NA,Y,A,-,N,NA,NA,NA,NA,NA,NA,NA,NA,NA,Y,4,0,1,2,A,-,09,21801,A,N,D,C,A,A,H,-,A,A,0,NA,NA,NA,NA,Y,NA,-,NA,0,0,1,0,0,0,0,0,0,-,-,NA,NA,LOS ANGELES,PASADENA,-118.12132001,34.14264007
6572642,2014,2014-08-11,1942,2014-06-17,1140,38033,1643,2,5,7,1942,0,0,0,P,0,19TL72,SAN FERNANDO RD,PIERCE ST,0,NA,Y,A,-,N,NA,NA,NA,NA,NA,NA,NA,NA,NA,Y,4,0,4,3,A,-,09,21801,A,N,D,C,A,A,H,-,A,A,0,NA,NA,NA,NA,Y,NA,A,07,0,0,4,0,0,0,0,0,0,-,-,NA,NA,LOS ANGELES,LOS ANGELES,-118.41893001,34.26310008
6572662,2014,2014-08-26,1942,2014-07-22,1520,38689,1519,2,5,7,1942,0,0,0,O,0,15T44,VANOWEN ST,SATSUMA AV,55,E,N,A,-,N,NA,NA,NA,NA,NA,NA,NA,NA,NA,N,3,0,1,3,A,-,03,22350,NA,F,C,C,A,A,H,-,A,A,0,NA,NA,Y,NA,Y,NA,C,02,0,1,0,0,0,0,0,0,1,-,-,NA,NA,LOS ANGELES,LOS ANGELES,-118.36689846,34.19398
6572678,2014,2014-08-19,1942,2014-07-23,0620,37080,1033,3,5,7,1942,0,0,0,J,0,19TL63,VICTORY BL,WILBUR AV,0,NA,Y,A,-,N,NA,NA,NA,NA,NA,NA,NA,NA,NA,Y,4,0,1,2,A,-,12,21453,A,N,D,C,A,A,H,-,A,A,0,NA,NA,NA,NA,Y,NA,A,08,0,0,1,0,0,0,0,0,0,-,-,NA,NA,LOS ANGELES,LOS ANGELES,-118.54474004,34.18658011
6572682,2014,2014-08-11,1942,2014-06-20,1435,38033,1663,5,5,7,1942,0,0,0,P,0,19TL72,SAN FERNANDO RD,TRUESDALE ST,105,N,N,A,-,N,NA,NA,NA,NA,NA,NA,NA,NA,NA,Y,2,0,2,2,A,-,05,21650,NA,N,A,C,A,A,H,-,A,A,0,NA,NA,NA,NA,Y,NA,A,01,2,0,0,0,0,0,0,0,0,-,-,NA,NA,LOS ANGELES,LOS ANGELES,-118.39709022,34.24246537
6572686,2014,2014-08-11,1942,2014-06-20,0555,40207,1681,5,5,7,1942,0,0,0,P,0,17T15,REMICK AV,ART ST,427,S,N,A,-,N,NA,NA,NA,NA,NA,NA,NA,NA,NA,Y,4,0,1,4,A,-,-,NA,NA,N,B,E,A,A,H,-,B,D,0,NA,NA,NA,NA,Y,NA,A,01,0,0,1,0,0,0,0,0,0,-,-,NA,NA,LOS ANGELES,LOS ANGELES,-118.40047082,34.22610911
6572690,2014,2014-08-11,1942,2014-06-19,1645,38033,1654,4,5,7,1942,0,0,0,P,0,19TL72,OSBORNE ST,NORRIS AV,120,W,N,A,-,N,NA,NA,NA,NA,NA,NA,NA,NA,NA,N,4,0,1,2,A,-,03,22350,NA,N,C,C,A,A,H,-,A,A,0,NA,NA,NA,NA,Y,NA,D,22,0,0,1,0,0,0,0,0,0,-,-,NA,NA,LOS ANGELES,LOS ANGELES,-118.40433888,34.25797379
6572694,2014,2014-08-11,1942,2014-06-26,1130,30596,1581,4,5,7,1942,0,0,0,O,0,17TL17,WILKINSON AV,VALLEY SPRING LN,40,N,N,A,-,N,NA,NA,NA,NA,NA,NA,NA,NA,NA,Y,3,0,1,2,A,-,08,22107,NA,N,C,E,A,A,H,-,A,D,0,NA,NA,NA,NA,Y,NA,D,22,0,1,0,0,0,0,0,0,0,-,-,NA,NA,LOS ANGELES,LOS ANGELES,-118.40417,34.14685971
6572706,2014,2014-09-03,1942,2014-06-24,2200,38185,1964,2,5,7,1942,0,0,0,NA,0,19T25,NORDHOFF ST,VAN NUYS BL,170,W,N,A,-,N,NA,NA,NA,NA,NA,NA,NA,NA,NA,N,3,0,1,2,A,-,05,21650,NA,N,H,G,A,A,H,-,C,A,0,NA,Y,NA,NA,Y,NA,L,04,0,1,0,0,0,0,1,0,0,-,-,NA,NA,LOS ANGELES,LOS ANGELES,-118.45081137,34.23541702
6572724,2014,2014-08-28,1900,2014-07-01,1409,525141,2318,2,5,5,1919,0,0,0,NA,0,230T,BLOOMFIELD AV,166TH ST,0,NA,Y,A,-,N,NA,NA,NA,NA,NA,NA,NA,NA,NA,Y,4,0,3,2,A,-,12,21453,A,N,D,C,A,A,H,-,A,A,0,NA,NA,NA,NA,Y,NA,A,08,0,0,3,0,0,0,0,0,0,-,-,NA,NA,LOS ANGELES,CERRITOS,-118.06408003,33.88047007
6572732,2014,2014-08-28,1900,2014-07-07,2120,519554,0541,1,5,3,1921,0,0,0,NA,0,58T1EM,HUNTINGTON DR,BUENA VISTA ST,59,E,N,A,-,N,NA,NA,NA,NA,NA,NA,NA,NA,NA,N,2,0,1,2,A,-,11,21954,A,N,A,B,D,A,H,-,C,A,0,Y,NA,NA,NA,Y,NA,N,60,1,0,0,0,1,0,0,0,0,-,-,NA,NA,LOS ANGELES,DUARTE,-117.97735546,34.13969
6572733,2014,2016-05-28,1900,2014-07-15,1120,481824,2610,2,5,6,1950,0,0,0,NA,0,263T1,RT 138,17TH ST EAST,0,NA,Y,A,-,Y,LA,7,138,-,-,45.47,H,-,W,Y,3,0,1,2,A,-,03,22350,NA,N,C,C,A,A,H,-,A,A,0,NA,NA,NA,NA,Y,NA,D,22,0,1,0,0,0,0,0,0,0,-,-,NA,NA,LOS ANGELES,PALMDALE,-118.09828805,34.5796705
6572736,2014,2014-08-28,1953,2014-07-10,0955,9296,NA,4,5,6,1953,0,0,0,NA,0,NA,FAIR OAKS AV,BELLEFONTAINE ST,0,NA,Y,A,-,N,NA,NA,NA,NA,NA,NA,NA,NA,NA,NA,4,0,1,2,A,-,05,21650,1,N,D,G,A,A,H,-,A,A,0,NA,Y,NA,NA,Y,NA,L,04,0,0,1,0,0,0,1,0,0,-,-,NA,NA,LOS ANGELES,PASADENA,-118.15036004,34.13159006
6572737,2014,2016-05-28,1900,2014-07-09,0230,530600,2603,3,5,6,1950,0,0,0,NA,0,263T1,PEARBLOSSOM HWY,RT 138,0,NA,Y,A,-,Y,LA,7,138,-,-,51.41,I,6,E,N,4,0,1,2,A,-,01,23152,A,N,C,C,A,A,H,-,C,A,0,NA,NA,NA,NA,Y,Y,D,22,0,0,1,0,0,0,0,0,0,-,-,NA,NA,LOS ANGELES,PALMDALE,-118.03038419,34.54273392
6572739,2014,2016-06-07,1900,2014-07-05,2144,529470,0453,6,5,6,1949,0,0,0,NA,0,45K4P,STUDEBAKER RD,RT 105,0,NA,Y,A,-,Y,LA,7,105,-,R,18.144,I,5,E,Y,4,0,1,1,A,-,01,23152,A,N,A,I,A,A,H,-,C,A,0,NA,NA,NA,NA,Y,Y,A,01,0,0,1,0,0,0,0,0,0,-,-,NA,NA,LOS ANGELES,NORWALK,-118.09930115,33.91426485
6572740,2014,2014-08-28,1953,2014-07-16,1508,9296,NA,3,5,6,1953,0,0,0,NA,0,NA,SAN GABRIEL BL,NINA ST,0,NA,Y,A,-,N,NA,NA,NA,NA,NA,NA,NA,NA,NA,Y,3,0,1,4,A,-,09,21802,A,N,D,C,A,A,H,-,A,A,0,NA,NA,NA,NA,Y,NA,A,01,0,1,0,0,0,0,0,0,0,-,-,NA,NA,LOS ANGELES,PASADENA,-118.09457012,34.14706011
6572743,2014,2014-09-19,1900,2014-07-06,1240,440103,0454,7,5,6,1949,0,0,0,NA,0,45TLD,ROSECRANS AV,CARMENITA RD,70,E,N,A,-,N,NA,NA,NA,NA,NA,NA,NA,NA,NA,N,4,0,2,2,A,-,07,21658,A,N,B,C,A,A,H,-,A,A,0,NA,NA,NA,NA,Y,NA,A,01,0,0,2,0,0,0,0,0,0,-,-,NA,NA,LOS ANGELES,NORWALK,-118.04641982,33.90248
6572744,2014,2014-08-28,1953,2014-07-18,1109,7176,1953,5,5,6,1953,0,0,0,NA,0,002,MOUNTAIN ST,FAIR OAKS AV,0,NA,Y,A,-,N,NA,NA,NA,NA,NA,NA,NA,NA,NA,N,4,0,2,2,A,-,12,21453,A,N,D,C,A,A,H,-,A,A,0,NA,NA,NA,NA,Y,NA,A,01,0,0,2,0,0,0,0,0,0,-,-,NA,NA,LOS ANGELES,PASADENA,-118.15061006,34.16146007
6572745,2014,2014-08-27,1900,2014-07-02,1811,201654,2612,3,5,6,1950,0,0,0,NA,0,262T1,PAINTBRUSH DR,ALLYSSUM PL,0,NA,Y,A,-,N,NA,NA,NA,NA,NA,NA,NA,NA,NA,N,4,0,1,2,A,-,04,21703,NA,N,C,C,A,A,H,-,A,D,0,NA,NA,NA,NA,Y,NA,D,22,0,0,1,0,0,0,0,0,0,-,-,NA,NA,LOS ANGELES,PALMDALE,-118.17268,34.55946003
6572747,2014,2014-08-28,1900,2014-07-10,1105,449495,0451,4,5,6,1949,0,0,0,NA,0,43T1,IMPERIAL HWY,JERSEY AV,115,E,N,A,-,N,NA,NA,NA,NA,NA,NA,NA,NA,NA,N,4,0,1,2,A,-,09,21801,A,N,D,C,A,A,H,-,A,D,0,NA,NA,NA,NA,Y,NA,A,01,0,0,1,0,0,0,0,0,0,-,-,NA,NA,LOS ANGELES,NORWALK,-118.08581177,33.91726
6572748,2014,2014-08-28,1953,2014-07-18,1402,7176,1953,5,5,6,1953,0,0,0,NA,0,004,SAN PASQUAL ST,SAN GABRIEL BL,0,NA,Y,A,-,N,NA,NA,NA,NA,NA,NA,NA,NA,NA,Y,4,0,1,3,A,-,12,21453,A,N,D,C,A,-,H,-,A,A,0,NA,NA,NA,NA,Y,NA,A,01,0,0,1,0,0,0,0,0,0,-,-,NA,NA,LOS ANGELES,PASADENA,-118.09461005,34.13783012
6572752,2014,2014-08-28,1906,2014-07-25,1812,4405,1906,5,5,5,1906,0,0,0,NA,0,003,PUENTE AV,EDISON POLE #111179E,14,N,N,A,-,N,NA,NA,NA,NA,NA,NA,NA,NA,NA,N,4,0,1,3,A,-,-,NA,NA,N,C,C,A,A,H,-,B,A,0,NA,NA,NA,NA,Y,NA,A,01,0,0,1,0,0,0,0,0,0,-,-,NA,NA,LOS ANGELES,BALDWIN PARK,NA,NA
6572756,2014,2014-08-28,1906,2014-07-12,1202,1791,1906,6,5,5,1906,0,0,0,NA,0,003,PUENTE AV,TOWNE CNTR,0,NA,Y,A,-,N,NA,NA,NA,NA,NA,NA,NA,NA,NA,Y,4,0,2,3,A,-,09,21801,A,N,D,C,A,A,H,-,A,A,0,NA,NA,NA,NA,Y,NA,A,01,0,0,2,0,0,0,0,0,0,-,-,NA,NA,LOS ANGELES,BALDWIN PARK,-117.95905005,34.07299004
6572757,2014,2014-08-27,1900,2014-07-06,1821,403161,1417,7,5,1,1932,0,0,0,NA,0,141T3D,TEMPLE AV,AZUSA AV,0,NA,Y,A,-,N,NA,NA,NA,NA,NA,NA,NA,NA,NA,Y,3,0,2,2,A,-,03,22350,NA,N,C,E,A,A,H,-,A,A,0,NA,NA,NA,NA,Y,NA,A,08,0,1,1,0,0,0,0,0,0,-,-,34.0246,-117.91796,LOS ANGELES,INDUSTRY,-117.91770003,34.02468011
6572760,2014,2014-08-27,1906,2014-07-06,1526,2872,1906,7,5,5,1906,0,0,0,NA,0,002,MERCED AV,PALM AV,0,NA,Y,A,-,N,NA,NA,NA,NA,NA,NA,NA,NA,NA,Y,4,0,2,2,A,-,03,22350,NA,N,C,C,A,A,H,-,A,D,0,NA,NA,NA,NA,Y,NA,A,01,0,0,2,0,0,0,0,0,0,-,-,NA,NA,LOS ANGELES,BALDWIN PARK,-117.97354004,34.0884701
6572761,2014,2014-08-19,1900,2014-07-29,1155,290645,1412,2,5,1,1932,0,0,0,NA,0,141T3,TEMPLE AV,PEREZ PL,0,NA,Y,A,-,N,NA,NA,NA,NA,NA,NA,NA,NA,NA,Y,4,0,1,2,A,-,09,21801,A,N,A,C,A,A,H,-,A,A,0,NA,NA,NA,NA,Y,NA,D,22,0,0,1,0,0,0,0,0,0,-,-,NA,NA,LOS ANGELES,INDUSTRY,-118.00087013,34.05465007
6572770,2014,2016-01-12,1942,2014-07-07,1820,HARO,182,1,5,7,1942,0,0,0,R,0,1X38,PICO BL,HOPE ST,75,W,N,A,-,N,NA,NA,NA,NA,NA,NA,NA,NA,NA,Y,4,0,2,1,A,-,-,NA,NA,N,A,I,A,A,H,-,A,A,0,NA,NA,NA,NA,Y,Y,A,01,0,0,2,0,0,0,0,0,0,-,-,NA,NA,LOS ANGELES,LOS ANGELES,-118.26592735,34.03961781
6572774,2014,2014-08-28,1942,2014-07-02,0900,37505,0123,3,5,7,1942,0,0,0,A,0,13TL53,BROADWAY,1ST ST,83,N,N,A,-,N,NA,NA,NA,NA,NA,NA,NA,NA,NA,Y,4,0,1,2,A,-,08,22107,NA,N,D,C,A,A,H,-,A,A,0,NA,NA,NA,NA,Y,NA,A,01,0,0,1,0,0,0,0,0,0,-,-,NA,NA,LOS ANGELES,LOS ANGELES,-118.245396,34.053811
6572778,2014,2014-08-28,1942,2014-07-01,0900,32973,0182,2,5,7,1942,0,0,0,A,0,13T22,GRAND AV,PICO BL,120,N,N,B,-,N,NA,NA,NA,NA,NA,NA,NA,NA,NA,N,3,0,1,2,A,-,11,21954,A,N,G,B,D,A,H,-,A,A,0,Y,NA,NA,NA,Y,Y,N,60,0,1,0,0,1,0,0,0,0,-,-,NA,NA,LOS ANGELES,LOS ANGELES,-118.26419225,34.03919946
6572781,2014,2016-05-23,1900,2014-07-14,1545,196195,1416,1,5,1,1932,0,0,0,NA,0,141T5,AZUSA AV,RT 60,100,S,N,A,-,Y,LA,7,60,-,-,17.811,R,4,E,Y,4,0,1,2,A,-,07,21658,A,N,B,C,A,A,H,-,A,D,0,NA,NA,NA,Y,Y,NA,F,25,0,0,1,0,0,0,0,0,0,-,EF,NA,NA,LOS ANGELES,INDUSTRY,-117.93385839,33.99744266
6572782,2014,2014-08-28,1942,2014-07-05,1010,41343,0182,6,5,7,1942,0,0,0,A,0,1A35,FIGUEROA ST,PICO BL,108,N,N,A,-,N,NA,NA,NA,NA,NA,NA,NA,NA,NA,Y,3,0,1,2,A,-,08,22102,NA,N,D,D,A,A,H,-,A,A,0,NA,NA,Y,NA,Y,NA,A,01,0,1,0,0,0,0,0,0,1,-,-,NA,NA,LOS ANGELES,LOS ANGELES,-118.26780183,34.0408802
6572784,2014,2014-08-11,1942,2014-05-14,1830,41905,1141,3,5,7,1942,0,0,0,K,0,11A51,MARIPOSA AV,HOLLYWOOD BL,15,W,N,A,-,N,NA,NA,NA,NA,NA,NA,NA,NA,NA,N,3,0,1,2,A,-,21,22106,NA,N,G,B,E,A,H,-,A,D,0,Y,NA,NA,NA,Y,NA,A,01,0,1,0,0,1,0,0,0,0,-,-,NA,NA,LOS ANGELES,LOS ANGELES,-118.29947,34.10177
6572786,2014,2014-08-28,1942,2014-07-04,1610,36238,0182,5,5,7,1942,0,0,0,A,0,1TL24,PICO BL,FIGUEROA ST,0,NA,Y,A,-,N,NA,NA,NA,NA,NA,NA,NA,NA,NA,N,4,0,1,2,A,-,09,21801,A,N,D,G,A,A,H,-,A,A,0,NA,Y,NA,NA,Y,NA,A,07,0,0,1,0,0,0,1,0,0,-,-,NA,NA,LOS ANGELES,LOS ANGELES,-118.26801007,34.04064009
6572790,2014,2014-09-29,1942,2014-07-04,1520,38171,0153,5,5,7,1942,0,0,0,A,0,11TL32,HILL ST,7TH ST,0,NA,Y,A,-,N,NA,NA,NA,NA,NA,NA,NA,NA,NA,N,3,0,1,2,A,-,-,NA,NA,N,G,B,B,A,H,-,A,A,0,Y,NA,NA,NA,Y,NA,-,-,0,1,0,0,1,0,0,0,0,-,-,NA,NA,LOS ANGELES,LOS ANGELES,-118.25449001,34.0459301
6572792,2014,2014-08-07,1972,2014-05-06,2245,20192,NA,2,5,6,1972,0,0,0,NA,0,NA,TORRANCE BL,HENRIETTA ST,50,E,N,A,-,N,NA,NA,NA,NA,NA,NA,NA,NA,NA,Y,3,0,1,1,A,-,01,23152,A,N,F,I,A,A,H,-,C,A,0,NA,NA,NA,NA,Y,Y,A,NA,0,1,0,0,0,0,0,0,0,-,-,NA,NA,LOS ANGELES,TORRANCE,-118.37093566,33.83757
6572794,2014,2014-08-28,1942,2014-07-04,1800,34426,0111,5,5,7,1942,0,0,0,A,0,2TL28,ORD ST,HILL ST,0,NA,Y,A,-,N,NA,NA,NA,NA,NA,NA,NA,NA,NA,N,4,0,2,3,A,-,10,21950,A,N,G,B,B,A,H,-,A,A,0,Y,NA,NA,NA,Y,NA,A,08,0,0,2,0,2,0,0,0,0,-,-,NA,NA,LOS ANGELES,LOS ANGELES,-118.2404901,34.06074002
6572796,2014,2014-08-07,1942,2014-05-21,0755,37469,0639,3,5,7,1942,0,0,0,F,0,6TL7,WESTERN AV,HOLLYWOOD BL,3,N,N,A,-,N,NA,NA,NA,NA,NA,NA,NA,NA,NA,Y,2,0,1,2,A,-,09,21804,A,N,H,G,A,A,H,-,A,A,0,NA,Y,NA,NA,Y,NA,L,04,1,0,0,0,0,0,1,0,0,-,-,NA,NA,LOS ANGELES,LOS ANGELES,-118.30927019,34.10175823
6572798,2014,2014-08-28,1942,2014-07-06,1850,34458,0118,7,5,7,1942,0,0,0,A,0,4TL4,MAIN ST,LEROY ST,12,E,N,A,-,N,NA,NA,NA,NA,NA,NA,NA,NA,NA,N,3,0,1,2,A,-,10,21950,A,N,G,B,B,A,H,-,A,A,0,Y,NA,NA,NA,Y,NA,A,01,0,1,0,0,1,0,0,0,0,-,-,NA,NA,LOS ANGELES,LOS ANGELES,-118.22955711,34.06578827
6572800,2014,2014-08-06,1942,2014-05-14,2040,40102,0829,3,5,7,1942,0,0,0,H,0,6T7,WILSHIRE BL,MANNING AV,100,W,N,A,-,N,NA,NA,NA,NA,NA,NA,NA,NA,NA,Y,3,0,1,3,A,-,09,21801,A,F,F,J,A,A,H,-,C,D,0,NA,NA,Y,NA,Y,NA,-,99,0,1,0,0,0,0,0,0,1,-,-,NA,NA,LOS ANGELES,LOS ANGELES,-118.43606796,34.06078783
6572814,2014,2014-09-03,1941,2014-07-26,1215,6162,NA,6,5,7,1941,0,0,0,NA,0,901T,WARDLOW RD,PALO VERDE AV,35,E,N,A,-,N,NA,NA,NA,NA,NA,NA,NA,NA,NA,N,3,0,1,2,A,-,-,NA,NA,N,C,C,A,A,H,-,A,A,0,NA,NA,Y,NA,Y,NA,C,NA,0,1,0,0,0,0,0,0,1,-,-,NA,NA,LOS ANGELES,LONG BEACH,-118.10775502,33.81887
6572819,2014,2014-09-02,1942,2014-07-23,2000,38471,1664,3,5,7,1942,0,0,0,P,0,16TL26,GLENOAKS BL,SHELDON ST,20,N,N,A,-,N,NA,NA,NA,NA,NA,NA,NA,NA,NA,Y,4,0,1,2,A,-,12,21453,A,F,A,C,A,A,H,-,C,A,0,NA,NA,NA,NA,Y,Y,-,99,0,0,1,0,0,0,0,0,0,-,-,NA,NA,LOS ANGELES,LOS ANGELES,-118.38398276,34.24647181
6572823,2014,2014-09-03,1942,2014-07-22,1700,38356,1077,2,5,7,1942,0,0,0,J,0,16TL28,VENTURA BL,ENCINO AV,450,W,N,A,-,N,NA,NA,NA,NA,NA,NA,NA,NA,NA,N,4,0,1,2,A,-,09,21804,A,F,D,C,A,A,H,-,A,A,0,NA,NA,NA,NA,Y,NA,-,99,0,0,1,0,0,0,0,0,0,-,-,NA,NA,LOS ANGELES,LOS ANGELES,-118.51565701,34.16171658
6572826,2014,2014-09-03,1941,2014-07-13,1527,6265,NA,7,5,7,1941,0,0,0,NA,0,901T,JUNIPERO,7TH,90,S,N,A,-,N,NA,NA,NA,NA,NA,NA,NA,NA,NA,Y,4,0,1,2,A,-,08,22107,NA,N,D,C,A,A,H,-,A,D,0,NA,NA,NA,NA,Y,NA,A,NA,0,0,1,0,0,0,0,0,0,-,-,NA,NA,LOS ANGELES,LONG BEACH,-118.16338766,33.77510521
6572827,2014,2014-09-02,1942,2014-07-22,0055,30983,0938,2,5,7,1942,0,0,0,I,0,9T53,VICTORY BL,VARNA AV,150,W,N,A,-,N,NA,NA,NA,NA,NA,NA,NA,NA,NA,N,3,0,1,2,A,-,07,21658,A,F,C,G,A,A,H,-,C,D,0,NA,Y,NA,NA,Y,NA,-,99,0,1,0,0,0,0,1,0,0,-,-,NA,NA,LOS ANGELES,LOS ANGELES,-118.42522509,34.18667
6572830,2014,2014-09-03,1941,2014-07-24,2013,6088,NA,4,5,7,1941,0,0,0,NA,0,901T,JUNIPERO AV,1ST ST,0,NA,Y,A,-,N,NA,NA,NA,NA,NA,NA,NA,NA,NA,N,4,0,1,2,A,-,12,22450,A,N,D,G,A,A,H,-,C,A,0,NA,Y,NA,NA,Y,NA,L,NA,0,0,1,0,0,0,1,0,0,-,-,NA,NA,LOS ANGELES,LONG BEACH,-118.16630001,33.76528004
6572831,2014,2014-09-02,1942,2014-07-17,0805,37080,1025,4,5,7,1942,0,0,0,J,0,19TL73,GAULT ST,RESEDA BL,0,NA,Y,A,-,N,NA,NA,NA,NA,NA,NA,NA,NA,NA,N,4,0,1,2,A,-,10,21950,A,F,G,C,B,A,H,-,A,A,0,Y,NA,NA,NA,Y,NA,-,99,0,0,1,0,1,0,0,0,0,-,-,NA,NA,LOS ANGELES,LOS ANGELES,-118.5360401,34.19930001
6572834,2014,2014-09-18,1941,2014-07-25,1227,10558,NA,5,5,7,1941,0,0,0,NA,0,901,OCEAN BL,64TH PL,0,NA,Y,A,-,N,NA,NA,NA,NA,NA,NA,NA,NA,NA,Y,2,0,1,2,A,-,08,22100,5,N,D,C,A,A,H,-,A,D,0,NA,NA,Y,NA,Y,NA,A,NA,1,0,0,0,0,0,0,0,1,-,-,NA,NA,LOS ANGELES,LONG BEACH,-118.12170013,33.74788011
6572837,2014,2014-09-03,1941,2014-07-22,1701,5870,NA,2,5,7,1941,0,0,0,NA,0,017,LAKEWOOD BL,WARDLOW RD,1300,S,N,A,-,N,NA,NA,NA,NA,NA,NA,NA,NA,NA,Y,3,0,1,3,A,-,03,22350,NA,N,C,C,A,A,H,-,A,D,0,NA,NA,NA,NA,Y,NA,A,01,0,1,0,0,0,0,0,0,0,-,-,NA,NA,LOS ANGELES,LONG BEACH,-118.13905371,33.81529741