CASE_ID,ACCIDENT_YEAR,PROC_DATE,JURIS,COLLISION_DATE,COLLISION_TIME,OFFICER_ID,REPORTING_DISTRICT,DAY_OF_WEEK,CHP_SHIFT,POPULATION,CNTY_CITY_LOC,SPECIAL_COND,BEAT_TYPE,CHP_BEAT_TYPE,CITY_DIVISION_LAPD,CHP_BEAT_CLASS,BEAT_NUMBER,PRIMARY_RD,SECONDARY_RD,DISTANCE,DIRECTION,INTERSECTION,WEATHER_1,WEATHER_2,STATE_HWY_IND,CALTRANS_COUNTY,CALTRANS_DISTRICT,STATE_ROUTE,ROUTE_SUFFIX,POSTMILE_PREFIX,POSTMILE,LOCATION_TYPE,RAMP_INTERSECTION,SIDE_OF_HWY,TOW_AWAY,COLLISION_SEVERITY,NUMBER_KILLED,NUMBER_INJURED,PARTY_COUNT,PRIMARY_COLL_FACTOR,PCF_CODE_OF_VIOL,PCF_VIOL_CATEGORY,PCF_VIOLATION,PCF_VIOL_SUBSECTION,HIT_AND_RUN,TYPE_OF_COLLISION,MVIW,PED_ACTION,ROAD_SURFACE,ROAD_COND_1,ROAD_COND_2,LIGHTING,CONTROL_DEVICE,CHP_ROAD_TYPE,PEDESTRIAN_ACCIDENT,BICYCLE_ACCIDENT,MOTORCYCLE_ACCIDENT,TRUCK_ACCIDENT,NOT_PRIVATE_PROPERTY,ALCOHOL_INVOLVED,STWD_VEHTYPE_AT_FAULT,CHP_VEHTYPE_AT_FAULT,COUNT_SEVERE_INJ,COUNT_VISIBLE_INJ,COUNT_COMPLAINT_PAIN,COUNT_PED_KILLED,COUNT_PED_INJURED,COUNT_BICYCLIST_KILLED,COUNT_BICYCLIST_INJURED,COUNT_MC_KILLED,COUNT_MC_INJURED,PRIMARY_RAMP,SECONDARY_RAMP,LATITUDE,LONGITUDE,COUNTY,CITY,POINT_X,POINT_Y
6572838,2014,2014-09-03,1941,2014-07-26,1434,5995,NA,6,5,7,1941,0,0,0,NA,0,901T,6TH ST,CEDAR AV,0,NA,Y,A,-,N,NA,NA,NA,NA,NA,NA,NA,NA,NA,Y,4,0,1,3,A,-,12,21453,A,N,A,C,A,A,H,-,A,A,0,NA,NA,NA,NA,Y,NA,A,NA,0,0,1,0,0,0,0,0,0,-,-,NA,NA,LOS ANGELES,LONG BEACH,-118.19506,33.77414004
6572841,2014,2014-09-02,1941,2014-07-25,1829,5870,451,5,5,7,1941,0,0,0,NA,0,011,10TH ST,MOLINO AV,0,NA,Y,A,-,N,NA,NA,NA,NA,NA,NA,NA,NA,NA,Y,3,0,1,2,A,-,09,21802,A,N,D,C,A,A,H,-,A,A,0,NA,NA,NA,NA,Y,NA,A,01,0,1,0,0,0,0,0,0,0,-,-,NA,NA,LOS ANGELES,LONG BEACH,-118.16115012,33.77896011
6572869,2014,2014-09-03,1941,2014-07-24,1730,6067,NA,4,5,7,1941,0,0,0,NA,0,901T,PALMER CT,20TH ST,0,NA,Y,A,-,N,NA,NA,NA,NA,NA,NA,NA,NA,NA,N,3,0,1,2,C,-,18,NA,NA,N,B,G,A,A,H,-,A,D,0,NA,Y,NA,NA,Y,NA,-,-,0,1,0,0,0,0,1,0,0,-,-,NA,NA,LOS ANGELES,LONG BEACH,-118.19026002,33.79349008
6572873,2014,2014-09-03,1941,2014-07-23,0800,5200,NA,3,5,7,1941,0,0,0,NA,0,901T,PARK AV,BROADWAY ST,0,NA,Y,A,-,N,NA,NA,NA,NA,NA,NA,NA,NA,NA,N,3,0,1,2,D,-,00,NA,NA,N,D,G,A,A,H,-,A,A,0,NA,Y,NA,NA,Y,NA,-,-,0,1,0,0,0,0,1,0,0,-,-,NA,NA,LOS ANGELES,LONG BEACH,-118.13722004,33.76445003
6572874,2014,2014-09-02,1942,2014-07-23,1615,41239,1514,3,5,7,1942,0,0,0,O,0,15T44,BEN AV,DEHOUGNE ST,0,NA,Y,A,-,N,NA,NA,NA,NA,NA,NA,NA,NA,NA,Y,4,0,1,2,A,-,12,22450,A,F,D,C,A,A,H,-,A,A,0,NA,NA,NA,NA,Y,NA,A,01,0,0,1,0,0,0,0,0,0,-,-,NA,NA,LOS ANGELES,LOS ANGELES,-118.39433012,34.19584001
6572877,2014,2014-09-03,1941,2014-07-18,1932,10326,NA,5,5,7,1941,0,0,0,NA,0,901,2ND ST,TIVOLI,0,NA,Y,A,-,N,NA,NA,NA,NA,NA,NA,NA,NA,NA,Y,4,0,1,2,A,-,12,21453,A,N,D,C,A,A,H,-,A,A,0,NA,NA,Y,NA,Y,NA,C,NA,0,0,1,0,0,0,0,0,1,-,-,NA,NA,LOS ANGELES,LONG BEACH,-118.12628002,33.75748006
6572881,2014,2016-06-09,1972,2014-07-17,1956,19522,NA,4,5,6,1972,0,0,0,NA,0,NA,ARTESIA BL,HAWTHORNE BL,0,NA,Y,A,-,Y,LA,7,90,-,-,4.696,I,5,W,Y,4,0,1,2,A,-,09,21801,A,N,A,C,A,A,H,-,B,A,0,NA,NA,NA,NA,Y,NA,D,NA,0,0,1,0,0,0,0,0,0,-,-,NA,NA,LOS ANGELES,TORRANCE,-118.35270013,33.87290008
6572882,2014,2014-08-28,1900,2014-07-18,1309,491337,2619,5,5,6,1950,0,0,0,NA,0,262T1,10TH ST WEST,AVENUE M-8,344,N,N,A,-,N,NA,NA,NA,NA,NA,NA,NA,NA,NA,Y,4,0,1,2,A,-,08,22107,NA,N,B,C,A,A,H,-,A,D,0,NA,NA,NA,NA,Y,NA,A,01,0,0,1,0,0,0,0,0,0,-,-,NA,NA,LOS ANGELES,PALMDALE,-118.14772256,34.63943324
6572883,2014,2014-08-09,1906,2014-06-22,1652,2899,1906,7,5,5,1906,0,0,0,NA,0,001,RAMONA BL,FRANCISQUITO AV,0,NA,Y,A,-,N,NA,NA,NA,NA,NA,NA,NA,NA,NA,N,3,0,1,2,A,-,05,21202,A,F,D,G,A,A,H,-,-,A,0,NA,Y,NA,NA,Y,NA,L,04,0,1,0,0,0,0,1,0,0,-,-,NA,NA,LOS ANGELES,BALDWIN PARK,-117.98917011,34.07973005
6572884,2014,2014-12-24,1942,2014-06-25,2030,39352,1557,3,5,7,1942,0,0,0,O,0,15A43,LANKERSHIM BL,VINELAND AV,0,NA,Y,A,-,N,NA,NA,NA,NA,NA,NA,NA,NA,NA,N,4,0,1,2,D,-,00,NA,NA,N,D,C,A,-,H,-,C,A,0,NA,NA,NA,NA,Y,NA,-,-,0,0,1,0,0,0,0,0,0,-,-,NA,NA,LOS ANGELES,LOS ANGELES,-118.3704701,34.15801011
6572885,2014,2014-08-28,1972,2014-07-16,1439,18450,NA,3,5,6,1972,0,0,0,NA,0,NA,SEPULVEDA BL,MADRONA,60,E,N,A,-,N,NA,NA,NA,NA,NA,NA,NA,NA,NA,Y,4,0,1,3,A,-,03,22350,NA,N,C,C,A,A,H,-,A,A,0,NA,NA,NA,NA,Y,NA,A,NA,0,0,1,0,0,0,0,0,0,-,-,NA,NA,LOS ANGELES,TORRANCE,-118.34487361,33.82502551
6572887,2014,2014-08-07,1906,2014-06-20,1251,4400,1906,5,5,5,1906,0,0,0,NA,0,003,VINELAND AV,JEREMIE AV,31,N,N,A,-,N,NA,NA,NA,NA,NA,NA,NA,NA,NA,N,4,0,1,2,D,-,00,NA,NA,N,-,C,A,A,H,-,A,D,0,NA,NA,NA,NA,Y,NA,-,-,0,0,1,0,0,0,0,0,0,-,-,NA,NA,LOS ANGELES,BALDWIN PARK,-117.9556606,34.08413236
6572888,2014,2014-08-07,1942,2014-06-27,0815,37714,1555,5,5,7,1942,0,0,0,O,0,9A5,CAMARILLO ST,CAHUENGA,200,W,N,A,-,N,NA,NA,NA,NA,NA,NA,NA,NA,NA,N,4,0,1,2,A,-,-,NA,NA,N,C,C,A,A,H,-,A,D,0,NA,NA,NA,NA,Y,NA,A,01,0,0,1,0,0,0,0,0,0,-,-,NA,NA,LOS ANGELES,LOS ANGELES,-118.36220948,34.15765668
6572889,2014,2014-09-11,1972,2014-07-12,1440,17624,NA,6,5,6,1972,0,0,0,NA,0,NA,PRAIRIE,182,0,NA,Y,A,-,N,NA,NA,NA,NA,NA,NA,NA,NA,NA,Y,4,0,2,2,A,-,09,21801,A,N,D,C,A,A,H,-,A,A,0,NA,NA,NA,NA,Y,NA,A,NA,0,0,2,0,0,0,0,0,0,-,-,NA,NA,LOS ANGELES,TORRANCE,-118.3438,33.86558006
6572891,2014,2014-08-07,1906,2014-06-26,1340,1791,1906,4,5,5,1906,0,0,0,NA,0,002,LOS ANGELES ST,HORNBROOK AV,0,NA,Y,A,-,N,NA,NA,NA,NA,NA,NA,NA,NA,NA,Y,4,0,2,2,A,-,12,22450,A,N,D,C,A,A,H,-,A,A,0,NA,NA,NA,NA,Y,NA,A,01,0,0,2,0,0,0,0,0,0,-,-,NA,NA,LOS ANGELES,BALDWIN PARK,-117.98189011,34.09218001
6572892,2014,2014-08-07,1942,2014-06-12,1440,38689,1641,4,5,7,1942,0,0,0,P,0,15T44,VAN NUYS BL,O MELVENY ST,86,S,N,-,-,N,NA,NA,NA,NA,NA,NA,NA,NA,NA,N,3,0,1,2,A,-,08,22107,NA,N,A,G,A,A,H,-,A,A,0,NA,Y,NA,NA,Y,NA,A,07,0,1,0,0,0,0,1,0,0,-,-,NA,NA,LOS ANGELES,LOS ANGELES,-118.42987233,34.26043328
6572893,2014,2014-08-28,1972,2014-07-15,1719,16610,NA,2,5,6,1972,0,0,0,NA,0,NA,LOMITA BL,CRENSHAW BL,1393,W,N,A,-,N,NA,NA,NA,NA,NA,NA,NA,NA,NA,Y,4,0,1,2,A,-,09,21801,A,N,D,C,A,A,H,-,A,D,0,NA,NA,NA,NA,Y,NA,A,NA,0,0,1,0,0,0,0,0,0,-,-,NA,NA,LOS ANGELES,TORRANCE,-118.33203251,33.807685
6572895,2014,2014-08-07,1906,2014-06-26,1713,2836,1906,4,5,5,1906,0,0,0,NA,0,002,BLEECKER ST,ELECTRIC POLE #446338E,15,S,N,A,-,N,NA,NA,NA,NA,NA,NA,NA,NA,NA,N,3,0,1,3,A,-,06,21750,NA,N,B,C,A,A,H,-,A,D,0,NA,NA,NA,NA,Y,NA,A,01,0,1,0,0,0,0,0,0,0,-,-,NA,NA,LOS ANGELES,BALDWIN PARK,NA,NA
6572896,2014,2014-08-07,1942,2014-06-15,1015,30596,1617,7,5,7,1942,0,0,0,P,0,17TL17,ORO VISTA AV,GROVE ST,140,N,N,A,-,N,NA,NA,NA,NA,NA,NA,NA,NA,NA,N,3,0,1,2,A,-,09,21804,A,N,C,G,A,A,H,-,A,D,0,NA,Y,NA,NA,Y,NA,L,04,0,1,0,0,0,0,1,0,0,-,-,NA,NA,LOS ANGELES,LOS ANGELES,-118.31575349,34.27085395
6572897,2014,2016-01-12,1972,2014-07-12,0848,17647,NA,6,5,6,1972,0,0,0,NA,0,NA,ARTESIA,VAN NESS,10,W,N,A,-,N,NA,NA,NA,NA,NA,NA,NA,NA,NA,N,3,0,1,2,A,-,03,22350,NA,N,C,C,A,A,H,-,A,A,0,NA,NA,NA,NA,Y,NA,A,NA,0,1,0,0,0,0,0,0,0,-,-,NA,NA,LOS ANGELES,TORRANCE,-118.31787288,33.87292
6572899,2014,2014-08-07,1906,2014-06-25,1734,2287,1906,3,5,5,1906,0,0,0,NA,0,003,PUENTE AV,TOWNE CENTER,0,NA,Y,A,-,N,NA,NA,NA,NA,NA,NA,NA,NA,NA,Y,3,0,1,2,A,-,08,22107,NA,N,D,G,A,A,H,-,A,A,0,NA,Y,NA,NA,Y,NA,L,04,0,1,0,0,0,0,1,0,0,-,-,NA,NA,LOS ANGELES,BALDWIN PARK,-117.95905005,34.07299004
6572900,2014,2014-08-07,1942,2014-06-15,1920,36336,1653,7,5,7,1942,0,0,0,P,0,9T55,OSBORNE ST,TELFAIR AV,0,NA,Y,A,-,N,NA,NA,NA,NA,NA,NA,NA,NA,NA,Y,3,0,3,2,A,-,09,21801,A,N,A,C,A,A,H,-,A,A,0,NA,NA,NA,NA,Y,Y,A,01,0,2,1,0,0,0,0,0,0,-,-,NA,NA,LOS ANGELES,LOS ANGELES,-118.41298006,34.25163005
6572901,2014,2016-06-09,1972,2014-07-13,0830,17624,NA,7,5,6,1972,0,0,0,NA,0,NA,HAWTHORNE,TORRANCE,150,S,N,A,-,Y,LA,7,107,-,-,2.22,H,-,N,Y,4,0,1,2,A,-,-,NA,NA,N,C,C,A,A,H,-,A,D,0,NA,NA,NA,NA,Y,Y,A,NA,0,0,1,0,0,0,0,0,0,-,-,NA,NA,LOS ANGELES,TORRANCE,-118.35341665,33.83712895
6572903,2014,2014-08-07,1972,2014-06-26,0705,14197,NA,4,5,6,1972,0,0,0,NA,0,NA,190TH ST,CRENSHAW,110,W,N,A,-,N,NA,NA,NA,NA,NA,NA,NA,NA,NA,Y,4,0,1,3,A,-,03,22350,NA,N,C,C,A,A,H,-,A,A,0,NA,NA,NA,NA,Y,NA,A,NA,0,0,1,0,0,0,0,0,0,-,-,NA,NA,LOS ANGELES,TORRANCE,-118.32835161,33.85831297
6572904,2014,2014-08-07,1942,2014-06-13,0140,35471,1676,5,5,7,1942,0,0,0,P,0,19T75,LA TUNA CANYON,SUNLAND BL,300,E,N,A,-,N,NA,NA,NA,NA,NA,NA,NA,NA,NA,N,3,0,1,1,A,-,03,22350,NA,N,E,I,A,A,A,-,D,D,0,NA,NA,NA,NA,Y,NA,A,01,0,1,0,0,0,0,0,0,0,-,-,NA,NA,LOS ANGELES,LOS ANGELES,-118.36613496,34.23413
6572905,2014,2014-08-28,1972,2014-07-11,1020,14197,NA,5,5,6,1972,0,0,0,NA,0,NA,190TH ST,ANZA AV,0,NA,Y,A,-,N,NA,NA,NA,NA,NA,NA,NA,NA,NA,Y,4,0,2,2,A,-,12,21453,A,N,D,C,A,A,H,-,A,A,0,NA,NA,NA,NA,Y,NA,A,NA,0,0,2,0,0,0,0,0,0,-,-,NA,NA,LOS ANGELES,TORRANCE,-118.3654801,33.85827008
6572907,2014,2014-08-12,1972,2014-06-23,1148,18450,NA,1,5,6,1972,0,0,0,NA,0,NA,MADRONA AV,SPENCER ST,30,N,N,A,-,N,NA,NA,NA,NA,NA,NA,NA,NA,NA,Y,4,0,1,4,A,-,03,22350,NA,N,C,C,A,A,H,-,A,A,0,NA,NA,NA,NA,Y,NA,A,NA,0,0,1,0,0,0,0,0,0,-,-,NA,NA,LOS ANGELES,TORRANCE,-118.34483,33.84519228
6572908,2014,2014-08-07,1942,2014-06-26,0740,33340,1513,4,5,7,1942,0,0,0,O,0,15TL47,WHITSETT AV,ARCHWOOD ST,0,NA,Y,A,-,N,NA,NA,NA,NA,NA,NA,NA,NA,NA,N,4,0,1,2,A,-,12,22450,A,N,B,C,A,A,H,-,A,D,0,NA,NA,NA,NA,Y,NA,A,08,0,0,1,0,0,0,0,0,0,-,-,NA,NA,LOS ANGELES,LOS ANGELES,-118.4052501,34.19211001
6572909,2014,2014-08-28,1972,2014-07-10,1942,18450,NA,4,5,6,1972,0,0,0,NA,0,NA,VAN NESS,182ND ST,65,S,N,A,-,N,NA,NA,NA,NA,NA,NA,NA,NA,NA,N,4,0,1,2,A,-,08,22107,NA,N,D,H,A,A,H,-,A,D,0,NA,Y,NA,NA,Y,NA,L,NA,0,0,1,0,0,0,1,0,0,-,-,NA,NA,LOS ANGELES,TORRANCE,-118.31781884,33.86538173
6572912,2014,2014-08-07,1942,2014-06-26,0940,33340,1538,4,5,7,1942,0,0,0,O,0,15TL47,VINELAND AV,OXNARD ST,0,NA,Y,A,-,N,NA,NA,NA,NA,NA,NA,NA,NA,NA,N,4,0,1,2,A,-,-,NA,NA,N,D,C,A,A,H,-,A,A,0,NA,NA,NA,NA,Y,NA,A,07,0,0,1,0,0,0,0,0,0,-,-,NA,NA,LOS ANGELES,LOS ANGELES,-118.3703001,34.17943003
6572914,2014,2014-08-28,1900,2014-07-10,1140,253807,2169,4,5,6,1950,0,0,0,NA,0,261T1,RANCHO VISTA BL,LOWES DR,0,NA,Y,A,-,N,NA,NA,NA,NA,NA,NA,NA,NA,NA,N,4,0,1,2,A,-,08,22100,A,N,D,C,A,A,H,-,A,A,0,NA,NA,NA,NA,Y,NA,A,08,0,0,1,0,0,0,0,0,0,-,-,NA,NA,LOS ANGELES,PALMDALE,-118.14449,34.60172
6572915,2014,2014-08-07,1942,2014-06-27,1210,33779,1574,5,5,7,1942,0,0,0,O,0,15TL44,BEN AV,DEHOUGNE ST,0,NA,Y,A,-,N,NA,NA,NA,NA,NA,NA,NA,NA,NA,N,3,0,1,2,A,-,09,21804,A,N,D,G,A,A,H,-,A,A,0,NA,Y,NA,NA,Y,NA,L,04,0,1,0,0,0,0,1,0,0,-,-,NA,NA,LOS ANGELES,LOS ANGELES,-118.39433012,34.19584001
6572916,2014,2014-08-09,1942,2014-06-22,2020,41399,905,7,5,7,1942,0,0,0,NA,0,9A5,SATICOY,KESTER,0,NA,Y,A,-,N,NA,NA,NA,NA,NA,NA,NA,NA,NA,N,4,0,1,2,A,-,00,20001,A,F,B,C,A,A,H,-,B,D,0,NA,NA,NA,NA,Y,NA,-,99,0,0,1,0,0,0,0,0,0,-,-,NA,NA,LOS ANGELES,LOS ANGELES,-118.45747003,34.20847004
6572918,2014,2014-08-28,1900,2014-07-26,1147,491337,2619,6,5,6,1950,0,0,0,NA,0,262T1,DIVISION ST,AVENUE Q,0,NA,Y,A,-,N,NA,NA,NA,NA,NA,NA,NA,NA,NA,Y,4,0,1,2,A,-,09,21802,A,N,D,C,A,A,H,-,A,A,0,NA,NA,NA,NA,Y,NA,A,01,0,0,1,0,0,0,0,0,0,-,-,NA,NA,LOS ANGELES,PALMDALE,-118.12971003,34.58711003
6572919,2014,2014-08-07,1942,2014-06-27,1650,3481,1525,5,5,7,1942,0,0,0,O,0,21TL62,VICTORY BL,SIMPSON AV,0,NA,Y,A,-,N,NA,NA,NA,NA,NA,NA,NA,NA,NA,N,4,0,2,2,A,-,09,21801,A,N,D,C,A,A,H,-,A,D,0,NA,NA,NA,NA,Y,NA,A,01,0,0,2,0,0,0,0,0,0,-,-,NA,NA,LOS ANGELES,LOS ANGELES,-118.38887001,34.18668009
6572922,2014,2014-09-02,1900,2014-07-23,0515,530600,2607,3,5,6,1950,0,0,0,NA,0,263T1,AVENUE S,45TH ST EAST,0,NA,Y,A,-,N,NA,NA,NA,NA,NA,NA,NA,NA,NA,Y,4,0,2,2,A,-,12,22450,A,M,D,C,A,A,H,-,A,A,0,NA,NA,NA,NA,Y,Y,A,07,0,0,2,0,0,0,0,0,0,-,-,NA,NA,LOS ANGELES,PALMDALE,-118.04954005,34.55809004
6572923,2014,2015-12-07,1942,2014-06-24,2040,39444,1566,2,5,7,1942,0,0,0,O,0,15T45,RIVERSIDE DR,VENTURA FWY,455,N,N,A,-,N,NA,NA,NA,NA,NA,NA,NA,NA,NA,Y,4,0,1,1,A,-,08,22107,NA,N,E,I,A,A,H,-,C,A,0,NA,NA,NA,NA,Y,NA,A,01,0,0,1,0,0,0,0,0,0,-,-,NA,NA,LOS ANGELES,LOS ANGELES,NA,NA
6572926,2014,2016-01-12,1900,2014-07-18,1157,491337,2611,5,5,6,1950,0,0,0,NA,0,262T1,RT 138,10TH ST EAST,36,E,N,A,-,N,NA,NA,NA,NA,NA,NA,NA,NA,NA,N,4,0,1,3,A,-,08,22107,NA,N,C,C,A,A,H,-,A,A,0,NA,NA,NA,NA,Y,NA,A,01,0,0,1,0,0,0,0,0,0,-,-,NA,NA,LOS ANGELES,PALMDALE,-118.14768966,34.60563547
6572927,2014,2014-08-07,1942,2014-06-27,1905,393207,1063,5,5,7,1942,0,0,0,J,0,10EL4,RESEDA BL,CLARK ST,0,NA,Y,A,-,N,NA,NA,NA,NA,NA,NA,NA,NA,NA,Y,4,0,3,3,A,-,09,21801,A,N,D,C,A,A,H,-,A,A,0,NA,NA,NA,NA,Y,NA,A,01,0,0,3,0,0,0,0,0,0,-,-,NA,NA,LOS ANGELES,LOS ANGELES,-118.53600011,34.17037008
6572930,2014,2014-08-28,1900,2014-07-17,1210,475111,2603,4,5,6,1950,0,0,0,NA,0,263T1,30TH ST EAST,TUMBLEWEED DR,0,NA,Y,A,-,N,NA,NA,NA,NA,NA,NA,NA,NA,NA,N,4,0,1,2,A,-,05,21650,NA,N,D,C,A,A,H,-,A,D,0,NA,NA,NA,NA,Y,NA,A,01,0,0,1,0,0,0,0,0,0,-,-,NA,NA,LOS ANGELES,PALMDALE,-118.07617006,34.55029006
6572931,2014,2014-08-07,1942,2014-06-30,1410,39192,1018,1,5,7,1942,0,0,0,J,0,10TL36,WOODLEY AV,VALERIO ST,80,S,N,A,-,N,NA,NA,NA,NA,NA,NA,NA,NA,NA,Y,4,0,1,2,A,-,21,22106,NA,N,D,C,A,A,H,-,A,D,0,NA,NA,NA,NA,Y,NA,A,07,0,0,1,0,0,0,0,0,0,-,-,NA,NA,LOS ANGELES,LOS ANGELES,-118.48367609,34.20461062
6572934,2014,2014-08-28,1900,2014-07-16,2020,523109,2612,3,5,6,1950,0,0,0,NA,0,260T1,RANCHO VISTA BL,COUNTRY CLUB DR,528,W,N,A,-,N,NA,NA,NA,NA,NA,NA,NA,NA,NA,N,4,0,1,2,A,-,08,22107,NA,N,C,C,A,A,H,-,C,A,0,NA,NA,NA,NA,Y,NA,A,01,0,0,1,0,0,0,0,0,0,-,-,NA,NA,LOS ANGELES,PALMDALE,-118.141015,34.601821
6572935,2014,2014-08-07,1942,2014-06-27,1730,34309,1015,5,5,7,1942,0,0,0,J,0,10X18W,SATICOY ST,HESPERIA AV,20,W,N,A,-,N,NA,NA,NA,NA,NA,NA,NA,NA,NA,Y,4,0,3,2,A,-,03,22350,NA,N,C,C,A,A,H,-,A,D,0,NA,NA,NA,NA,Y,NA,A,01,0,0,3,0,0,0,0,0,0,-,-,NA,NA,LOS ANGELES,LOS ANGELES,-118.52633604,34.20839
6572936,2014,2014-08-07,1942,2014-06-30,1555,26805,1656,1,5,7,1942,0,0,0,P,0,16SLO5,FOOTHILL BL,SHERMAN GROVE,80,W,N,A,-,N,NA,NA,NA,NA,NA,NA,NA,NA,NA,Y,3,0,2,3,A,-,03,22350,NA,N,C,C,A,A,H,-,A,A,0,NA,NA,NA,NA,Y,NA,-,NA,0,1,1,0,0,0,0,0,0,-,-,NA,NA,LOS ANGELES,LOS ANGELES,-118.3203842,34.259724
6572938,2014,2014-08-28,1900,2014-07-14,0459,527062,2602,1,5,6,1950,0,0,0,NA,0,262T1,AVENUE S,PARK & RIDE DR,0,NA,Y,A,-,N,NA,NA,NA,NA,NA,NA,NA,NA,NA,Y,4,0,2,2,D,-,00,NA,NA,N,D,C,A,A,H,-,C,A,0,NA,NA,NA,NA,Y,NA,-,-,0,0,2,0,0,0,0,0,0,-,-,NA,NA,LOS ANGELES,PALMDALE,-118.126198,34.55797
6572939,2014,2014-08-07,1953,2014-06-16,1158,4830,1953,1,5,6,1953,0,0,0,NA,0,005,OAKLAND AV,UNION ST,10,S,N,A,-,N,NA,NA,NA,NA,NA,NA,NA,NA,NA,N,3,0,2,2,A,-,00,23103,NA,N,C,C,A,-,H,-,A,A,0,NA,NA,NA,NA,Y,NA,-,NA,0,1,1,0,0,0,0,0,0,-,-,NA,NA,LOS ANGELES,PASADENA,-118.1397392,34.14719259
6572940,2014,2014-08-07,1942,2014-06-29,0430,39918,1602,7,5,7,1942,0,0,0,P,0,16A23,DEL SUR,TELFAIR,0,NA,Y,A,-,N,NA,NA,NA,NA,NA,NA,NA,NA,NA,Y,3,0,1,2,A,-,03,22350,NA,N,A,E,A,A,H,-,C,D,0,NA,NA,NA,NA,Y,NA,-,NA,0,1,0,0,0,0,0,0,0,-,-,NA,NA,LOS ANGELES,LOS ANGELES,-118.43582013,34.27326011
6572942,2014,2014-08-28,1900,2014-07-09,1950,248079,2611,3,5,6,1950,0,0,0,NA,0,264T1,PALMDALE BL,TRADE CENTER DR,0,NA,Y,A,-,N,NA,NA,NA,NA,NA,NA,NA,NA,NA,Y,4,0,2,2,A,-,12,21453,A,N,D,C,A,A,H,-,A,A,0,NA,NA,NA,NA,Y,NA,A,01,0,0,2,0,0,0,0,0,0,-,-,NA,NA,LOS ANGELES,PALMDALE,-118.14352005,34.58580007
6572943,2014,2014-08-07,1906,2014-06-30,1650,4404,1906,1,5,5,1906,0,0,0,NA,0,003,DALWOOD ST,PUENTE AV,209,E,N,A,-,N,NA,NA,NA,NA,NA,NA,NA,NA,NA,Y,3,0,1,1,A,-,08,22107,NA,N,B,-,A,A,H,-,A,D,0,NA,NA,NA,NA,Y,NA,A,01,0,1,0,0,0,0,0,0,0,-,-,NA,NA,LOS ANGELES,BALDWIN PARK,-117.96375,34.06858
6572944,2014,2015-09-25,1942,2014-06-27,1410,41300,RD168,5,5,7,1942,0,0,0,NA,0,16A81,SUNLAND,NEW HAVEN,50,S,N,A,-,N,NA,NA,NA,NA,NA,NA,NA,NA,NA,Y,3,0,1,3,A,-,03,22350,NA,N,A,D,A,A,H,-,A,A,0,NA,NA,NA,NA,Y,NA,-,NA,0,1,0,0,0,0,0,0,0,-,-,NA,NA,LOS ANGELES,LOS ANGELES,-118.36596619,34.2263443
6572946,2014,2014-08-28,1900,2014-07-05,1750,480768,2603,6,5,6,1950,0,0,0,NA,0,263T1,PEARBLOSSOM HWY,25TH ST EAST,0,NA,Y,A,-,N,NA,NA,NA,NA,NA,NA,NA,NA,NA,N,4,0,1,4,D,-,00,NA,NA,N,B,C,A,A,H,-,A,A,0,NA,NA,Y,NA,Y,NA,-,-,0,0,1,0,0,0,0,0,1,-,-,NA,NA,LOS ANGELES,PALMDALE,-118.08254007,34.53795006
6572947,2014,2014-08-07,1942,2014-06-24,1440,35346,1527,2,5,7,1942,0,0,0,O,0,15A21,VINELAND AV,ERWIN ST,12,S,N,A,-,N,NA,NA,NA,NA,NA,NA,NA,NA,NA,N,4,0,1,2,A,-,09,21802,A,N,D,C,A,A,H,-,A,A,0,NA,NA,NA,NA,Y,NA,A,01,0,0,1,0,0,0,0,0,0,-,-,NA,NA,LOS ANGELES,LOS ANGELES,-118.37032,34.18301709
6572950,2014,2014-08-28,1900,2014-07-04,1946,442490,2608,5,5,6,1950,0,0,0,NA,0,264T1,27TH ST EAST,AVENUE R-5,117,S,N,A,-,N,NA,NA,NA,NA,NA,NA,NA,NA,NA,N,3,0,1,2,A,-,11,21954,A,N,G,B,D,A,H,-,B,D,0,Y,NA,NA,NA,Y,NA,N,60,0,1,0,0,1,0,0,0,0,-,-,NA,NA,LOS ANGELES,PALMDALE,-118.08100697,34.56822922
6572951,2014,2014-08-07,1942,2014-06-29,1400,38857,1585,7,5,7,1942,0,0,0,O,0,9TL54,VINELAND AV,BLUFFSIDE DR,160,S,N,A,-,N,NA,NA,NA,NA,NA,NA,NA,NA,NA,Y,4,0,1,2,A,-,09,21801,A,N,D,C,A,A,H,-,A,A,0,NA,NA,NA,NA,Y,NA,A,01,0,0,1,0,0,0,0,0,0,-,-,NA,NA,LOS ANGELES,LOS ANGELES,-118.37028321,34.14158131
6572953,2014,2014-08-28,1972,2014-07-04,2155,19839,NA,5,5,6,1972,0,0,0,NA,0,NA,PRAIRIE AV,178TH ST,100,N,N,A,-,N,NA,NA,NA,NA,NA,NA,NA,NA,NA,Y,3,0,1,3,A,-,01,23152,A,N,C,E,A,A,H,-,C,A,0,NA,NA,NA,NA,Y,Y,D,NA,0,1,0,0,0,0,0,0,0,-,-,NA,NA,LOS ANGELES,TORRANCE,-118.34381772,33.86901427
6572954,2014,2014-08-28,1900,2014-07-12,1245,135095,2619,6,5,6,1950,0,0,0,NA,0,262T1,AVENUE O-8,10TH ST WEST,1860,W,N,A,-,N,NA,NA,NA,NA,NA,NA,NA,NA,NA,Y,3,0,1,2,A,-,09,21802,A,N,D,C,A,A,H,-,A,A,0,NA,NA,Y,NA,Y,NA,A,01,0,1,0,0,0,0,0,0,1,-,-,NA,NA,LOS ANGELES,PALMDALE,-118.14772,34.60917