CASE_ID,ACCIDENT_YEAR,PROC_DATE,JURIS,COLLISION_DATE,COLLISION_TIME,OFFICER_ID,REPORTING_DISTRICT,DAY_OF_WEEK,CHP_SHIFT,POPULATION,CNTY_CITY_LOC,SPECIAL_COND,BEAT_TYPE,CHP_BEAT_TYPE,CITY_DIVISION_LAPD,CHP_BEAT_CLASS,BEAT_NUMBER,PRIMARY_RD,SECONDARY_RD,DISTANCE,DIRECTION,INTERSECTION,WEATHER_1,WEATHER_2,STATE_HWY_IND,CALTRANS_COUNTY,CALTRANS_DISTRICT,STATE_ROUTE,ROUTE_SUFFIX,POSTMILE_PREFIX,POSTMILE,LOCATION_TYPE,RAMP_INTERSECTION,SIDE_OF_HWY,TOW_AWAY,COLLISION_SEVERITY,NUMBER_KILLED,NUMBER_INJURED,PARTY_COUNT,PRIMARY_COLL_FACTOR,PCF_CODE_OF_VIOL,PCF_VIOL_CATEGORY,PCF_VIOLATION,PCF_VIOL_SUBSECTION,HIT_AND_RUN,TYPE_OF_COLLISION,MVIW,PED_ACTION,ROAD_SURFACE,ROAD_COND_1,ROAD_COND_2,LIGHTING,CONTROL_DEVICE,CHP_ROAD_TYPE,PEDESTRIAN_ACCIDENT,BICYCLE_ACCIDENT,MOTORCYCLE_ACCIDENT,TRUCK_ACCIDENT,NOT_PRIVATE_PROPERTY,ALCOHOL_INVOLVED,STWD_VEHTYPE_AT_FAULT,CHP_VEHTYPE_AT_FAULT,COUNT_SEVERE_INJ,COUNT_VISIBLE_INJ,COUNT_COMPLAINT_PAIN,COUNT_PED_KILLED,COUNT_PED_INJURED,COUNT_BICYCLIST_KILLED,COUNT_BICYCLIST_INJURED,COUNT_MC_KILLED,COUNT_MC_INJURED,PRIMARY_RAMP,SECONDARY_RAMP,LATITUDE,LONGITUDE,COUNTY,CITY,POINT_X,POINT_Y
6572955,2014,2014-08-07,1942,2014-06-26,1500,33729,1599,4,5,7,1942,0,0,0,O,0,15T44,MACAPA DR,BASELINE TRL,768,S,N,A,-,N,NA,NA,NA,NA,NA,NA,NA,NA,NA,Y,4,0,1,1,A,-,03,22350,NA,N,E,I,A,A,H,-,A,A,0,NA,NA,NA,NA,Y,NA,A,01,0,0,1,0,0,0,0,0,0,-,-,NA,NA,LOS ANGELES,LOS ANGELES,-118.34612798,34.11861116
6572957,2014,2014-08-28,1972,2014-07-03,1351,18450,NA,4,5,6,1972,0,0,0,NA,0,NA,CARSON ST,ACACIA,65,E,N,A,-,N,NA,NA,NA,NA,NA,NA,NA,NA,NA,Y,4,0,1,2,A,-,09,21801,A,N,D,C,A,A,H,-,A,D,0,NA,NA,NA,NA,Y,NA,A,NA,0,0,1,0,0,0,0,0,0,-,-,NA,NA,LOS ANGELES,TORRANCE,-118.32604638,33.83134
6572958,2014,2014-08-28,1900,2014-07-10,1325,491337,2619,4,5,6,1950,0,0,0,NA,0,262T1,10TH ST WEST,TECHNOLOGY DR,0,NA,Y,A,-,N,NA,NA,NA,NA,NA,NA,NA,NA,NA,Y,4,0,1,1,A,-,12,21453,A,N,E,I,A,A,H,-,A,A,0,NA,NA,NA,NA,Y,NA,A,01,0,0,1,0,0,0,0,0,0,-,-,NA,NA,LOS ANGELES,PALMDALE,-118.14762006,34.59447011
6572959,2014,2014-08-07,1942,2014-06-26,1150,38689,1512,4,5,7,1942,0,0,0,O,0,15T44,COLDWATER CANYON AV,VANOWEN ST,170,S,N,A,-,N,NA,NA,NA,NA,NA,NA,NA,NA,NA,N,4,0,2,2,A,-,09,21804,A,N,D,C,A,A,H,-,A,A,0,NA,NA,NA,NA,Y,NA,A,01,0,0,2,0,0,0,0,0,0,-,-,NA,NA,LOS ANGELES,LOS ANGELES,-118.4138,34.19347372
6572965,2014,2014-08-07,1900,2014-05-27,0747,405950,2318,2,5,5,1919,0,0,0,NA,0,2305,SHOEMAKER RD,BEACH ST,0,NA,Y,A,-,N,NA,NA,NA,NA,NA,NA,NA,NA,NA,Y,3,0,3,2,A,-,09,21802,A,N,D,C,A,A,H,-,A,D,0,NA,NA,NA,NA,Y,NA,A,08,0,1,2,0,0,0,0,0,0,-,-,NA,NA,LOS ANGELES,CERRITOS,-118.05520008,33.87648001
6572969,2014,2014-08-07,1900,2014-05-25,1100,257075,0814,7,5,4,1960,0,0,0,NA,0,81K2,VALLEY CENTER AV,CYPRESS ST,93,N,N,A,-,N,NA,NA,NA,NA,NA,NA,NA,NA,NA,N,4,0,1,2,A,-,08,22100,B,N,D,C,A,A,H,-,A,D,0,NA,NA,NA,NA,Y,NA,A,08,0,0,1,0,0,0,0,0,0,-,-,NA,NA,LOS ANGELES,SAN DIMAS,-117.83764,34.09605494
6572981,2014,2014-08-07,1942,2014-03-31,1330,35729,2053,1,5,7,1942,0,0,0,NA,0,20A16,OLYMPIC BL,HARVARD BL,0,NA,Y,A,-,N,NA,NA,NA,NA,NA,NA,NA,NA,NA,N,3,0,2,2,A,-,-,NA,NA,N,D,C,A,A,H,-,A,A,0,NA,NA,NA,NA,Y,NA,A,07,0,1,1,0,0,0,0,0,0,-,-,NA,NA,LOS ANGELES,LOS ANGELES,-118.30417004,34.05261002
6572985,2014,2014-08-06,1942,2014-03-29,0215,40026,2031,6,5,7,1942,0,0,0,NA,0,20A1,WESTERN,INGRAHAM ST,0,NA,Y,A,-,N,NA,NA,NA,NA,NA,NA,NA,NA,NA,Y,4,0,1,2,A,-,09,21801,A,F,B,C,A,A,H,-,C,D,0,NA,NA,NA,NA,Y,NA,-,99,0,0,1,0,0,0,0,0,0,-,-,NA,NA,LOS ANGELES,LOS ANGELES,-118.30909005,34.06069007
6572989,2014,2014-08-06,1942,2014-03-17,1105,40460,2056,1,5,7,1942,0,0,0,NA,0,7TL23,VERMONT AV,SAN MARINO ST,0,NA,Y,A,-,N,NA,NA,NA,NA,NA,NA,NA,NA,NA,Y,4,0,1,2,A,-,09,21801,A,F,A,C,A,A,H,-,A,A,0,NA,NA,NA,NA,Y,NA,A,01,0,0,1,0,0,0,0,0,0,-,-,NA,NA,LOS ANGELES,LOS ANGELES,-118.29164011,34.05500009
6573029,2014,2014-09-03,1972,2014-07-07,1808,18263,NA,1,5,6,1972,0,0,0,NA,0,NA,CRENSHAW,CARSON,0,NA,Y,A,-,N,NA,NA,NA,NA,NA,NA,NA,NA,NA,N,4,0,1,2,A,-,11,21950,B,N,G,B,B,A,H,-,A,A,0,Y,NA,NA,NA,Y,NA,N,NA,0,0,1,0,1,0,0,0,0,-,-,NA,NA,LOS ANGELES,TORRANCE,-118.32861001,33.83131003
6573050,2014,2015-04-14,1972,2014-07-08,1206,18874,NA,2,5,6,1972,0,0,0,NA,0,NA,TORRANCE BL,MADRID AV,0,NA,Y,A,-,N,NA,NA,NA,NA,NA,NA,NA,NA,NA,Y,3,0,1,1,A,-,01,23152,A,N,E,I,A,A,H,-,A,D,0,NA,NA,NA,NA,Y,Y,A,NA,0,1,0,0,0,0,0,0,0,-,-,NA,NA,LOS ANGELES,TORRANCE,-118.32516001,33.8363901
6573123,2014,2014-08-28,1900,2014-07-22,1116,528232,1126,2,5,6,1992,0,0,0,NA,0,111T2,AVENUE J,20TH ST WEST,56,E,N,A,-,N,NA,NA,NA,NA,NA,NA,NA,NA,NA,N,4,0,1,2,A,-,08,22107,NA,N,B,C,A,A,H,-,A,A,0,NA,NA,NA,NA,Y,NA,D,22,0,0,1,0,0,0,0,0,0,-,-,NA,NA,LOS ANGELES,LANCASTER,-118.1654741,34.68942
6573131,2014,2014-08-27,1900,2014-07-11,1430,531566,1132,5,5,6,1992,0,0,0,NA,0,112T1,AVENUE J,20TH ST WEST,309,W,N,A,-,N,NA,NA,NA,NA,NA,NA,NA,NA,NA,N,4,0,1,2,A,-,04,21703,NA,N,C,C,A,A,H,-,A,A,0,NA,NA,NA,NA,Y,NA,D,22,0,0,1,0,0,0,0,0,0,-,-,NA,NA,LOS ANGELES,LANCASTER,-118.16668577,34.68942
6573135,2014,2014-08-28,1900,2014-07-21,1356,528232,1122,1,5,6,1992,0,0,0,NA,0,112T1,NEWGROVE ST,FERN AV,96,E,N,A,-,N,NA,NA,NA,NA,NA,NA,NA,NA,NA,N,4,0,2,2,A,-,08,22107,NA,N,B,C,A,A,H,-,A,D,0,NA,NA,NA,NA,Y,NA,A,01,0,0,2,0,0,0,0,0,0,-,-,NA,NA,LOS ANGELES,LANCASTER,-118.14368415,34.6939651
6573171,2014,2014-08-18,1900,2014-04-02,1300,4136136,1399,3,5,5,1935,0,0,0,NA,0,132T2,COVER ST,PARAMOUNT BL,1602,E,N,A,-,N,NA,NA,NA,NA,NA,NA,NA,NA,NA,Y,4,0,1,1,A,-,03,22350,NA,N,E,I,A,A,H,-,A,D,0,NA,NA,NA,NA,Y,NA,D,NA,0,0,1,0,0,0,0,0,0,-,-,NA,NA,LOS ANGELES,LAKEWOOD,-118.15470616,33.82757
6573172,2014,2014-08-09,1942,2014-04-29,1400,40725,1881,2,5,7,1942,0,0,0,R,0,18A41,REDONDO BEACH BL,ORCHARD AV,0,NA,Y,A,-,N,NA,NA,NA,NA,NA,NA,NA,NA,NA,Y,3,0,2,3,A,-,09,21802,A,F,D,C,A,A,H,-,A,A,0,NA,NA,NA,NA,Y,NA,D,22,0,1,1,0,0,0,0,0,0,-,-,NA,NA,LOS ANGELES,LOS ANGELES,-118.28833006,33.89258002
6573195,2014,2014-08-11,1900,2014-05-03,0020,526351,1331,6,5,5,1908,0,0,0,NA,0,133T1,ROSECRANS AV,WOODRUFF AV,0,NA,Y,A,-,N,NA,NA,NA,NA,NA,NA,NA,NA,NA,Y,4,0,1,2,A,-,01,23152,A,N,D,C,A,A,H,-,C,A,0,NA,NA,NA,NA,Y,Y,A,NA,0,0,1,0,0,0,0,0,0,-,-,NA,NA,LOS ANGELES,BELLFLOWER,-118.11668002,33.90203
6573197,2014,2014-08-28,1900,2014-07-18,1111,507891,1517,5,5,5,1954,0,0,0,NA,0,151T1,SLAUSON AV,ROSEMEAD BL,2,W,N,A,-,N,NA,NA,NA,NA,NA,NA,NA,NA,NA,N,3,0,1,2,A,-,05,21650,NA,N,H,G,A,A,H,-,A,A,0,NA,Y,NA,NA,Y,NA,L,04,0,1,0,0,0,0,1,0,0,-,-,NA,NA,LOS ANGELES,PICO RIVERA,-118.10509609,33.970952080000004
6573255,2014,2014-08-26,1900,2014-07-15,0816,516691,2826,2,5,5,1915,0,0,0,NA,0,282T2,ROSECRANS AV,WILLIAMS AV,41,E,N,A,-,N,NA,NA,NA,NA,NA,NA,NA,NA,NA,N,4,0,1,2,A,-,21,22106,NA,N,C,C,A,A,H,-,A,D,0,NA,NA,NA,NA,Y,NA,A,07,0,0,1,0,0,0,0,0,0,-,-,NA,NA,LOS ANGELES,COMPTON,-118.19053517,33.90366122
6573259,2014,2014-08-26,1900,2014-07-14,2200,48476,2846,1,5,5,1915,0,0,0,NA,0,281T1,COMPTON BL,BULLIS RD,0,NA,Y,A,-,N,NA,NA,NA,NA,NA,NA,NA,NA,NA,Y,4,0,1,2,A,-,12,21453,A,N,D,C,A,A,H,-,C,A,0,NA,NA,NA,NA,Y,NA,A,01,0,0,1,0,0,0,0,0,0,-,-,NA,NA,LOS ANGELES,COMPTON,-118.20660002,33.89602005
6573271,2014,2014-08-26,1900,2014-07-09,1604,519941,2812,3,5,5,1915,0,0,0,NA,0,283T1,WILMINGTON AV,132ND ST,0,NA,Y,A,-,N,NA,NA,NA,NA,NA,NA,NA,NA,NA,N,4,0,1,2,A,-,09,21802,A,N,B,C,A,A,H,-,A,D,0,NA,NA,NA,NA,Y,NA,A,01,0,0,1,0,0,0,0,0,0,-,-,NA,NA,LOS ANGELES,COMPTON,-118.23915013,33.91225002
6573275,2014,2014-08-26,1900,2014-07-09,1500,522648,2844,3,5,5,1915,0,0,0,NA,0,283T3,LONG BEACH BL,BENNETT ST,0,NA,Y,A,-,N,NA,NA,NA,NA,NA,NA,NA,NA,NA,Y,4,0,1,2,A,-,09,21802,A,N,D,-,A,A,H,-,A,D,0,NA,NA,NA,NA,Y,NA,A,01,0,0,1,0,0,0,0,0,0,-,-,NA,NA,LOS ANGELES,COMPTON,-118.20537013,33.88303012
6573279,2014,2014-08-26,1900,2014-07-11,2045,523965,2846,5,5,5,1915,0,0,0,NA,0,283T1,ALONDRA BL,HOLLY AV,3,W,N,A,-,N,NA,NA,NA,NA,NA,NA,NA,NA,NA,Y,2,0,1,2,A,-,03,22350,NA,F,G,B,D,A,H,-,C,D,0,Y,NA,NA,NA,Y,NA,A,01,1,0,0,0,1,0,0,0,0,-,-,NA,NA,LOS ANGELES,COMPTON,-118.20116986,33.88872
6573365,2014,2014-08-27,1900,2014-07-04,1420,525758,1335,5,5,5,1908,0,0,0,NA,0,133T1,PALM ST,VIRGINIA AV,135,E,N,A,-,N,NA,NA,NA,NA,NA,NA,NA,NA,NA,Y,3,0,3,3,A,-,01,23152,A,N,D,C,A,A,H,-,A,D,0,NA,NA,NA,NA,Y,Y,A,NA,0,1,2,0,0,0,0,0,0,-,-,NA,NA,LOS ANGELES,BELLFLOWER,-118.13921618,33.87658847
6573414,2014,2014-08-08,1942,2014-04-29,1800,37688,0326,2,5,7,1942,0,0,0,C,0,3F71,ADAMS BL,NORMANDIE AV,0,NA,Y,A,-,N,NA,NA,NA,NA,NA,NA,NA,NA,NA,N,4,0,1,3,A,-,07,21658,A,N,B,C,A,A,H,-,A,A,0,NA,NA,NA,NA,Y,NA,A,01,0,0,1,0,0,0,0,0,0,-,-,NA,NA,LOS ANGELES,LOS ANGELES,-118.30024003,34.03272011
6573421,2014,2014-08-08,1900,2014-06-22,1621,509582,1320,7,5,5,1935,0,0,0,NA,0,132T2,DOWNEY AV,CANDLEWOOD ST,0,NA,Y,A,-,N,NA,NA,NA,NA,NA,NA,NA,NA,NA,Y,4,0,2,2,A,-,12,21453,A,N,D,C,A,A,H,-,A,A,0,NA,NA,NA,NA,Y,NA,A,NA,0,0,2,0,0,0,0,0,0,-,-,NA,NA,LOS ANGELES,LAKEWOOD,-118.15115009,33.85386009
6573422,2014,2014-08-08,1942,2014-05-25,1415,40529,0321,7,5,7,1942,0,0,0,C,0,12T73,ALSACE AV,ROSELAND ST,146,N,N,A,-,N,NA,NA,NA,NA,NA,NA,NA,NA,NA,N,4,0,1,2,A,-,09,21804,A,N,H,G,A,A,H,-,A,D,0,NA,Y,NA,NA,Y,NA,L,04,0,0,1,0,0,0,1,0,0,-,-,NA,NA,LOS ANGELES,LOS ANGELES,-118.35687084,34.02849069
6573426,2014,2015-03-12,1942,2014-07-02,0530,38825,0363,3,5,7,1942,0,0,0,C,0,25EL2,MARTIN LUTHER KING JR BL,CRENSHAW BL,300,W,N,A,-,N,NA,NA,NA,NA,NA,NA,NA,NA,NA,Y,4,0,1,2,A,-,09,21801,A,N,D,C,A,A,H,-,C,D,0,NA,NA,NA,NA,Y,NA,A,01,0,0,1,0,0,0,0,0,0,-,-,NA,NA,LOS ANGELES,LOS ANGELES,-118.33598103,34.01131448
6573429,2014,2014-08-08,1900,2014-06-19,2110,533005,1332,4,5,5,1908,0,0,0,NA,0,133T2,SOMERSET BL,STEVENS AV,0,NA,Y,A,-,N,NA,NA,NA,NA,NA,NA,NA,NA,NA,Y,4,0,1,2,A,-,09,21802,A,N,A,C,A,A,H,-,C,A,0,NA,NA,NA,NA,Y,NA,A,01,0,0,1,0,0,0,0,0,0,-,-,NA,NA,LOS ANGELES,BELLFLOWER,-118.1303301,33.89656003
6573430,2014,2014-08-08,1942,2014-06-24,0930,33599,0358,2,5,7,1942,0,0,0,C,0,3T5,JEFFERSON BL,MCCLINTOCK AV,0,NA,Y,A,-,N,NA,NA,NA,NA,NA,NA,NA,NA,NA,N,3,0,1,2,A,-,09,21801,A,N,D,C,A,A,H,-,A,A,0,NA,NA,NA,NA,Y,NA,A,01,0,1,0,0,0,0,0,0,0,-,-,NA,NA,LOS ANGELES,LOS ANGELES,-118.28711004,34.02505002
6573434,2014,2014-08-08,1942,2014-05-25,0025,31745,0314,7,5,7,1942,0,0,0,C,0,18T23,7TH AV,27TH ST,88,N,N,A,-,N,NA,NA,NA,NA,NA,NA,NA,NA,NA,Y,3,0,1,4,A,-,01,23152,A,N,B,E,A,A,H,-,C,A,0,NA,NA,NA,NA,Y,Y,D,22,0,1,0,0,0,0,0,0,0,-,-,NA,NA,LOS ANGELES,LOS ANGELES,-118.324026,34.030844
6573447,2014,2014-08-23,1900,2014-06-21,2352,522136,1334,6,5,5,1908,0,0,0,NA,0,136D,CLARK AV,PARK ST,0,NA,Y,A,-,N,NA,NA,NA,NA,NA,NA,NA,NA,NA,Y,4,0,1,2,A,-,09,21801,A,N,D,C,A,A,H,-,C,A,0,NA,NA,NA,NA,Y,NA,-,NA,0,0,1,0,0,0,0,0,0,-,-,NA,NA,LOS ANGELES,BELLFLOWER,-118.13390014,33.87842002
6573454,2014,2014-08-28,1900,2014-06-17,1530,526351,1348,2,5,3,1903,0,0,0,NA,0,134A,166TH ST,PIONEER BL,0,NA,Y,A,-,N,NA,NA,NA,NA,NA,NA,NA,NA,NA,Y,2,0,2,3,A,-,04,21703,NA,N,C,C,A,A,H,-,A,A,0,NA,NA,NA,NA,Y,NA,A,07,1,0,1,0,0,0,0,0,0,-,-,NA,NA,LOS ANGELES,ARTESIA,-118.08242009,33.88038009
6573521,2014,2014-08-27,1900,2014-07-11,1915,478087,0531,5,5,5,1959,0,0,0,NA,0,53T1PM,MARSHALL ST,ROCKHOLD AV,135,W,N,A,-,N,NA,NA,NA,NA,NA,NA,NA,NA,NA,Y,4,0,1,2,A,-,21,22106,NA,N,D,C,A,A,H,-,A,D,0,NA,NA,NA,NA,Y,NA,A,01,0,0,1,0,0,0,0,0,0,-,-,NA,NA,LOS ANGELES,ROSEMEAD,-118.08344484,34.07489
6573522,2014,2014-08-27,1976,2014-07-21,1430,297,NA,1,5,5,1976,0,0,0,NA,0,002,PICKERING AV,PENN ST,0,NA,Y,A,-,N,NA,NA,NA,NA,NA,NA,NA,NA,NA,Y,3,0,2,2,A,-,12,21453,A,N,D,C,A,A,H,-,A,A,0,NA,NA,NA,NA,Y,NA,A,01,0,2,0,0,0,0,0,0,0,-,-,NA,NA,LOS ANGELES,WHITTIER,-118.04205003,33.97542004
6573523,2014,2014-09-03,1942,2014-07-15,1445,39739,1037,2,5,7,1942,0,0,0,J,0,10X6,BALBOA,HAYNES ST,30,S,N,A,-,N,NA,NA,NA,NA,NA,NA,NA,NA,NA,Y,3,0,1,2,A,-,-,NA,NA,N,D,C,A,A,H,-,A,D,0,NA,NA,NA,NA,Y,NA,-,NA,0,1,0,0,0,0,0,0,0,-,-,NA,NA,LOS ANGELES,LOS ANGELES,-118.50111,34.18922771
6573526,2014,2014-08-27,1976,2014-07-01,1804,850,NA,2,5,5,1976,0,0,0,NA,0,002,MAGNOLIA AV,CAMILLA,15,N,N,A,-,N,NA,NA,NA,NA,NA,NA,NA,NA,NA,N,4,0,1,2,A,-,09,21802,A,N,H,G,A,A,H,-,A,A,0,NA,Y,NA,NA,Y,NA,A,01,0,0,1,0,0,0,1,0,0,-,-,NA,NA,LOS ANGELES,WHITTIER,-118.05026,33.98456113
6573527,2014,2014-08-27,1942,2014-07-10,1710,35433,2118,4,5,7,1942,0,0,0,NA,0,21EL3,MCNULTY AV,CANTARA ST,0,NA,Y,A,-,N,NA,NA,NA,NA,NA,NA,NA,NA,NA,N,3,0,1,2,A,-,08,22107,NA,F,B,G,A,A,H,-,A,D,0,NA,Y,NA,NA,Y,NA,-,99,0,1,0,0,0,0,1,0,0,-,-,NA,NA,LOS ANGELES,LOS ANGELES,-118.58641003,34.2189801
6573529,2014,2014-08-27,1900,2014-07-11,1920,502886,0524,5,5,4,1971,0,0,0,NA,0,52T1PM,LOWER AZUSA RD,BALDWIN AV,0,NA,Y,A,-,N,NA,NA,NA,NA,NA,NA,NA,NA,NA,Y,4,0,1,2,D,-,00,NA,NA,N,B,C,A,A,H,-,A,A,0,NA,NA,NA,NA,Y,NA,-,-,0,0,1,0,0,0,0,0,0,-,-,NA,NA,LOS ANGELES,TEMPLE CITY,-118.04897012,34.09069009
6573531,2014,2014-08-27,1942,2014-07-18,1600,38354,1522,5,5,7,1942,0,0,0,O,0,10T35,COLDWATER CANYON AV,VICTORY BL,83,S,N,A,-,N,NA,NA,NA,NA,NA,NA,NA,NA,NA,N,3,0,1,2,A,-,09,21804,NA,F,D,G,A,A,H,-,A,A,0,NA,Y,NA,NA,Y,NA,-,99,0,1,0,0,0,0,1,0,0,-,-,NA,NA,LOS ANGELES,LOS ANGELES,-118.41380516,34.18645238
6573535,2014,2014-08-27,1942,2014-07-21,0220,38354,2136,1,5,7,1942,0,0,0,NA,0,17T13,SATICOY ST,OWENSMOUTH AV,0,NA,Y,B,-,N,NA,NA,NA,NA,NA,NA,NA,NA,NA,Y,2,0,2,5,A,-,01,23152,A,N,D,C,A,A,H,-,C,A,0,NA,NA,NA,NA,Y,Y,A,07,1,1,0,0,0,0,0,0,0,-,-,NA,NA,LOS ANGELES,LOS ANGELES,-118.60157999,34.20832011
6573539,2014,2014-08-27,1942,2014-07-18,2205,38765,1915,5,5,7,1942,0,0,0,NA,0,21T65,HERRICK AV,POLK ST,141,S,N,A,-,N,NA,NA,NA,NA,NA,NA,NA,NA,NA,N,4,0,1,2,A,-,-,NA,NA,F,G,B,D,A,H,-,C,D,0,Y,NA,NA,NA,Y,Y,N,60,0,0,1,0,1,0,0,0,0,-,-,NA,NA,LOS ANGELES,LOS ANGELES,-118.45237344,34.30467248
6573541,2014,2014-08-27,1900,2014-07-08,1723,528684,0530,2,5,5,1959,0,0,0,NA,0,53T1PM,WALNUT GROVE AV,GRAND AV,2,S,N,A,-,N,NA,NA,NA,NA,NA,NA,NA,NA,NA,N,4,0,1,2,A,-,21,22106,NA,N,C,C,A,A,H,-,A,A,0,NA,NA,Y,NA,Y,NA,A,07,0,0,1,0,0,0,0,0,1,-,-,NA,NA,LOS ANGELES,ROSEMEAD,-118.08363881,34.09176461
6573543,2014,2014-08-27,1942,2014-07-20,1105,38603,1611,7,5,7,1942,0,0,0,P,0,9TL52,CORCORAN ST,GLENOAKS BL,0,NA,Y,A,-,N,NA,NA,NA,NA,NA,NA,NA,NA,NA,Y,3,0,4,3,A,-,09,21802,A,F,D,C,A,A,H,-,A,A,0,NA,NA,NA,NA,Y,NA,-,99,0,1,3,0,0,0,0,0,0,-,-,NA,NA,LOS ANGELES,LOS ANGELES,-118.42271013,34.28411005
6573545,2014,2014-08-27,1900,2014-07-01,1415,475320,1364,2,5,5,1952,0,0,0,NA,0,136AP,TEXACO AV,RICHFIELD ST,200,S,N,A,-,N,NA,NA,NA,NA,NA,NA,NA,NA,NA,N,4,0,1,2,A,-,08,22107,NA,N,G,G,A,A,H,-,A,D,0,NA,Y,NA,NA,Y,Y,L,NA,0,0,1,0,0,0,1,0,0,-,-,NA,NA,LOS ANGELES,PARAMOUNT,-118.17314699,33.90126155
6573547,2014,2014-08-27,1942,2014-07-19,2010,40643,1952,6,5,7,1942,0,0,0,NA,0,17T13,DEVONSHIRE ST,BLUCHER AV,20,W,N,A,-,N,NA,NA,NA,NA,NA,NA,NA,NA,NA,N,4,0,1,2,A,-,-,NA,NA,F,B,C,A,A,H,-,C,A,0,NA,NA,NA,NA,Y,NA,-,99,0,0,1,0,0,0,0,0,0,-,-,NA,NA,LOS ANGELES,LOS ANGELES,-118.47337607,34.25733
6573550,2014,2014-09-02,1976,2014-07-16,0538,334,NA,3,5,5,1976,0,0,0,NA,0,NA,LAMBERT RD,SANTA FE SPRINGS RD,0,NA,Y,B,-,N,NA,NA,NA,NA,NA,NA,NA,NA,NA,Y,4,0,2,2,A,-,12,21453,A,N,D,C,A,A,H,-,C,A,0,NA,NA,NA,NA,Y,NA,-,-,0,0,2,0,0,0,0,0,0,-,-,NA,NA,LOS ANGELES,WHITTIER,-118.04589003,33.96378004
6573554,2014,2016-06-09,1976,2014-07-11,0919,203,NA,5,5,5,1976,0,0,0,NA,0,NA,WHITTIER BL,SANTA GERTRUDES RD,10,W,N,A,-,Y,LA,7,72,-,-,0.98,H,-,S,Y,4,0,1,2,A,-,-,NA,NA,N,C,C,A,A,H,-,A,A,0,NA,NA,NA,NA,Y,NA,A,01,0,0,1,0,0,0,0,0,0,-,-,NA,NA,LOS ANGELES,WHITTIER,-117.99249331,33.94396675
6573555,2014,2014-08-27,1942,2014-07-22,1925,39021,1041,2,5,7,1942,0,0,0,J,0,9T57,VENTURA BL,TAMPA AV,150,E,N,A,-,N,NA,NA,NA,NA,NA,NA,NA,NA,NA,N,4,0,1,2,A,-,04,21703,NA,F,C,C,A,A,H,-,B,A,0,NA,NA,NA,NA,Y,NA,-,99,0,0,1,0,0,0,0,0,0,-,-,NA,NA,LOS ANGELES,LOS ANGELES,-118.55297506,34.17263066
6573557,2014,2014-08-27,1900,2014-07-04,1950,550672,1363,5,5,5,1952,0,0,0,NA,0,136F,SAN MATEO ST,SAN ANTONIO ST,150,E,N,A,-,N,NA,NA,NA,NA,NA,NA,NA,NA,NA,N,3,0,1,2,A,-,-,NA,NA,N,B,C,A,A,H,-,B,D,0,NA,Y,NA,NA,Y,NA,L,04,0,1,0,0,0,0,1,0,0,-,-,NA,NA,LOS ANGELES,PARAMOUNT,-118.18349678,33.89873689
6573558,2014,2014-08-27,1976,2014-07-05,1630,328,NA,6,5,5,1976,0,0,0,NA,0,002,NEWLIN AV,LA CUARTA ST,90,N,N,A,-,N,NA,NA,NA,NA,NA,NA,NA,NA,NA,N,3,0,1,2,A,-,11,21954,A,N,G,B,E,A,H,-,A,D,0,Y,NA,NA,NA,Y,NA,N,60,0,1,0,0,1,0,0,0,0,-,-,NA,NA,LOS ANGELES,WHITTIER,-118.04088069,33.96847677
6573562,2014,2016-06-09,1976,2014-07-14,1751,266,NA,1,5,5,1976,0,0,0,NA,0,NA,RT 72,BRIGHT AV,0,NA,Y,A,-,Y,LA,7,72,-,-,3.893,I,5,N,Y,4,0,1,2,A,-,09,21801,A,N,D,C,A,A,H,-,A,D,0,NA,NA,NA,NA,Y,NA,A,01,0,0,1,0,0,0,0,0,0,-,-,NA,NA,LOS ANGELES,WHITTIER,-118.03614538,33.96515402
6573566,2014,2014-08-27,1976,2014-07-14,1110,428,NA,1,5,5,1976,0,0,0,NA,0,002,MULBERRY DR,SANTA FE SPRINGS RD,35,E,N,B,-,N,NA,NA,NA,NA,NA,NA,NA,NA,NA,Y,4,0,1,2,A,-,21,22106,NA,N,C,C,A,A,H,-,A,A,0,NA,NA,NA,NA,Y,NA,A,01,0,0,1,0,0,0,0,0,0,-,-,NA,NA,LOS ANGELES,WHITTIER,-118.05066286,33.95873726
6573567,2014,2014-08-27,1942,2014-07-20,1830,34796,1961,7,5,7,1942,0,0,0,NA,0,19A93,LANGDON ST,TUPPER ST,220,S,N,A,-,N,NA,NA,NA,NA,NA,NA,NA,NA,NA,N,4,0,1,2,A,-,04,21703,NA,F,D,C,A,A,H,-,A,D,0,NA,NA,NA,NA,Y,Y,-,99,0,0,1,0,0,0,0,0,0,-,-,NA,NA,LOS ANGELES,LOS ANGELES,-118.46977,34.23855655
6573578,2014,2014-08-27,1976,2014-07-17,1413,274,NA,4,5,5,1976,0,0,0,NA,0,NA,WASHINGTON AV,LA CUARTA ST,269,N,N,A,-,N,NA,NA,NA,NA,NA,NA,NA,NA,NA,N,3,0,1,2,A,-,11,21954,A,N,G,B,D,A,H,-,A,D,0,Y,NA,NA,NA,Y,NA,N,60,0,1,0,0,1,0,0,0,0,-,-,NA,NA,LOS ANGELES,WHITTIER,-118.03501982,33.96890751
6573592,2014,2014-08-27,1942,2014-07-19,0311,36336,1005,6,5,7,1942,0,0,0,J,0,16T23,KESWICK ST,HATTON PL,27,E,N,A,-,N,NA,NA,NA,NA,NA,NA,NA,NA,NA,Y,2,0,3,3,A,-,01,23152,A,N,B,E,E,A,H,-,C,D,0,Y,NA,NA,NA,Y,Y,A,01,2,0,1,0,1,0,0,0,0,-,-,NA,NA,LOS ANGELES,LOS ANGELES,-118.52350417,34.21160994