CASE_ID,ACCIDENT_YEAR,PROC_DATE,JURIS,COLLISION_DATE,COLLISION_TIME,OFFICER_ID,REPORTING_DISTRICT,DAY_OF_WEEK,CHP_SHIFT,POPULATION,CNTY_CITY_LOC,SPECIAL_COND,BEAT_TYPE,CHP_BEAT_TYPE,CITY_DIVISION_LAPD,CHP_BEAT_CLASS,BEAT_NUMBER,PRIMARY_RD,SECONDARY_RD,DISTANCE,DIRECTION,INTERSECTION,WEATHER_1,WEATHER_2,STATE_HWY_IND,CALTRANS_COUNTY,CALTRANS_DISTRICT,STATE_ROUTE,ROUTE_SUFFIX,POSTMILE_PREFIX,POSTMILE,LOCATION_TYPE,RAMP_INTERSECTION,SIDE_OF_HWY,TOW_AWAY,COLLISION_SEVERITY,NUMBER_KILLED,NUMBER_INJURED,PARTY_COUNT,PRIMARY_COLL_FACTOR,PCF_CODE_OF_VIOL,PCF_VIOL_CATEGORY,PCF_VIOLATION,PCF_VIOL_SUBSECTION,HIT_AND_RUN,TYPE_OF_COLLISION,MVIW,PED_ACTION,ROAD_SURFACE,ROAD_COND_1,ROAD_COND_2,LIGHTING,CONTROL_DEVICE,CHP_ROAD_TYPE,PEDESTRIAN_ACCIDENT,BICYCLE_ACCIDENT,MOTORCYCLE_ACCIDENT,TRUCK_ACCIDENT,NOT_PRIVATE_PROPERTY,ALCOHOL_INVOLVED,STWD_VEHTYPE_AT_FAULT,CHP_VEHTYPE_AT_FAULT,COUNT_SEVERE_INJ,COUNT_VISIBLE_INJ,COUNT_COMPLAINT_PAIN,COUNT_PED_KILLED,COUNT_PED_INJURED,COUNT_BICYCLIST_KILLED,COUNT_BICYCLIST_INJURED,COUNT_MC_KILLED,COUNT_MC_INJURED,PRIMARY_RAMP,SECONDARY_RAMP,LATITUDE,LONGITUDE,COUNTY,CITY,POINT_X,POINT_Y
6575253,2014,2014-08-06,9530,2014-05-24,1550,19722,NA,6,2,9,1900,0,3,5,NA,2,004,WILMINGTON AV,W VICTORIA ST,85,S,N,A,-,N,NA,NA,NA,NA,NA,NA,NA,NA,NA,Y,4,0,2,3,A,-,03,22350,NA,F,C,C,A,A,H,-,A,A,0,NA,NA,NA,NA,Y,NA,A,07,0,0,2,0,0,0,0,0,0,-,-,33.86758,-118.23562,LOS ANGELES,UNINCORPORATED,-118.23574,33.86762198
6575256,2014,2014-09-03,1920,2014-06-26,2030,11992,NA,4,5,6,1920,0,0,0,NA,0,004,TELEGRAPH RD,LINDELL AV,0,NA,Y,A,-,N,NA,NA,NA,NA,NA,NA,NA,NA,NA,N,3,0,1,2,A,-,09,21802,A,N,D,G,A,A,H,-,C,A,0,NA,Y,NA,NA,Y,NA,A,01,0,1,0,0,0,0,1,0,0,-,-,NA,NA,LOS ANGELES,DOWNEY,-118.10930011,33.96044008
6575260,2014,2014-09-03,1900,2014-06-28,1514,517853,NA,6,5,5,1977,0,0,0,NA,0,NA,DOMINGUEZ ST,AVALON BL,500,E,N,A,-,N,NA,NA,NA,NA,NA,NA,NA,NA,NA,Y,3,0,2,2,A,-,09,21801,A,N,B,C,A,A,H,-,A,A,0,NA,NA,Y,NA,Y,NA,A,07,0,1,1,0,0,0,0,0,2,-,-,NA,NA,LOS ANGELES,CARSON,-118.26144225,33.84130032
6575261,2014,2014-08-06,1942,2014-05-23,0320,35925,0393,5,5,7,1942,0,0,0,C,0,25EL1,VERNON AV,8TH AV,266,W,N,A,-,N,NA,NA,NA,NA,NA,NA,NA,NA,NA,N,4,0,1,3,A,-,03,22350,NA,N,B,E,A,A,H,-,C,D,0,NA,NA,NA,NA,Y,NA,A,01,0,0,1,0,0,0,0,0,0,-,-,NA,NA,LOS ANGELES,LOS ANGELES,-118.32664597,34.003660000000004
6575264,2014,2014-09-03,1942,2014-06-22,0320,41481,NA,7,5,7,1942,0,0,0,NA,0,NA,HOOVER,108TH ST,0,NA,Y,A,-,N,NA,NA,NA,NA,NA,NA,NA,NA,NA,N,4,0,3,2,A,-,12,21453,A,F,D,C,A,A,H,-,C,A,0,NA,NA,NA,NA,Y,NA,-,99,0,0,3,0,0,0,0,0,0,-,-,NA,NA,LOS ANGELES,LOS ANGELES,-118.28697003,33.93823007
6575268,2014,2014-09-03,1900,2014-06-28,0754,515164,NA,6,5,5,1977,0,0,0,NA,0,NA,AVALON BL,GARDENA BL,0,NA,Y,A,-,N,NA,NA,NA,NA,NA,NA,NA,NA,NA,Y,3,0,2,2,A,-,12,21453,A,N,D,C,A,A,H,-,A,A,0,NA,NA,NA,NA,Y,NA,-,-,0,2,0,0,0,0,0,0,0,-,-,NA,NA,LOS ANGELES,CARSON,-118.26467008,33.88235003
6575269,2014,2014-08-06,1942,2014-05-15,1200,36439,0334,4,5,7,1942,0,0,0,C,0,3A19,11TH AV,36TH ST,0,NA,Y,A,-,N,NA,NA,NA,NA,NA,NA,NA,NA,NA,N,4,0,2,2,A,-,09,21802,A,N,D,C,A,A,H,-,A,A,0,NA,NA,NA,NA,Y,NA,A,01,0,0,2,0,0,0,0,0,0,-,-,NA,NA,LOS ANGELES,LOS ANGELES,-118.32953,34.02293
6575270,2014,2014-08-06,9530,2014-05-27,1914,020774,NA,2,2,9,1900,0,3,5,NA,2,002,SANTA ANA BL,ALAMEDA ST,210,W,N,A,-,N,NA,NA,NA,NA,NA,NA,NA,NA,NA,N,4,0,1,2,A,-,05,21650,1,N,A,G,A,A,H,-,B,D,0,NA,Y,NA,NA,Y,NA,L,04,0,0,1,0,0,0,1,0,0,-,-,33.9333,-118.22723,LOS ANGELES,UNINCORPORATED,-118.22676392,33.93290404
6575273,2014,2014-08-06,1942,2014-05-02,2140,41226,0311,5,5,7,1942,0,0,0,C,0,3A64,HAUSER AV,GEER ST,0,NA,Y,A,-,N,NA,NA,NA,NA,NA,NA,NA,NA,NA,N,3,0,1,2,D,-,00,NA,NA,F,G,B,E,A,H,-,C,D,0,Y,NA,NA,NA,Y,NA,-,-,0,1,0,0,1,0,0,0,0,-,-,NA,NA,LOS ANGELES,LOS ANGELES,-118.36356011,34.03013008
6575277,2014,2014-08-06,1942,2014-05-13,1525,38594,0356,2,5,7,1942,0,0,0,C,0,3A55,39TH PL,WILTON PL,0,NA,Y,A,-,N,NA,NA,NA,NA,NA,NA,NA,NA,NA,Y,4,0,2,2,A,-,09,21802,A,N,D,C,A,A,H,-,A,A,0,NA,NA,NA,NA,Y,NA,A,01,0,0,2,0,0,0,0,0,0,-,-,NA,NA,LOS ANGELES,LOS ANGELES,-118.31519001,34.01370001
6575278,2014,2016-04-23,9530,2014-05-19,2145,20744,NA,1,2,9,1900,0,1,1,NA,2,120,RT 110,RT 405,46,S,N,A,-,Y,LA,7,405,-,-,12.925,R,2,S,Y,3,0,1,1,A,-,01,23152,A,N,E,I,A,A,H,-,C,D,1,NA,NA,NA,NA,Y,NA,A,08,0,1,0,0,0,0,0,0,0,TO,-,33.897,-118.285,LOS ANGELES,UNINCORPORATED,-118.28416046,33.856417
6575283,2014,2014-08-08,1942,2014-04-19,1250,R2138,2041,6,5,7,1942,0,0,0,NA,0,34TF34,WESTCHESTER PL,OLYMPIC BL,0,NA,Y,A,-,N,NA,NA,NA,NA,NA,NA,NA,NA,NA,Y,3,0,1,2,A,-,09,21802,NA,N,D,C,A,A,H,-,A,A,0,NA,NA,Y,NA,Y,NA,A,01,0,1,0,0,0,0,0,0,1,-,-,NA,NA,LOS ANGELES,LOS ANGELES,-118.31656004,34.05249011
6575287,2014,2014-08-08,1942,2014-04-22,1355,37416,2088,2,5,7,1942,0,0,0,NA,0,8TL26,HOOVER ST,VENICE BL,18,S,N,A,-,N,NA,NA,NA,NA,NA,NA,NA,NA,NA,N,4,0,1,2,A,-,09,21801,A,N,A,C,A,A,H,-,A,A,0,NA,NA,NA,NA,Y,NA,A,01,0,0,1,0,0,0,0,0,0,-,-,NA,NA,LOS ANGELES,LOS ANGELES,-118.28414901,34.04375064
6575295,2014,2014-08-08,1942,2014-04-25,1215,35945,1409,5,5,7,1942,0,0,0,N,0,8T35,CANFIELD AV,VENICE BL,36,N,N,A,-,N,NA,NA,NA,NA,NA,NA,NA,NA,NA,N,4,0,1,2,A,-,11,21954,A,N,G,B,E,A,H,-,A,D,0,Y,NA,NA,NA,Y,NA,N,60,0,0,1,0,1,0,0,0,0,-,-,NA,NA,LOS ANGELES,LOS ANGELES,-118.39434514,34.02616251
6575299,2014,2014-08-07,1942,2014-04-25,2345,41214,1823,5,5,7,1942,0,0,0,R,0,NA,CENTURY,SAN PEDRO,400,E,N,B,C,N,NA,NA,NA,NA,NA,NA,NA,NA,NA,Y,4,0,1,5,A,-,01,23152,A,F,C,C,A,B,H,-,C,A,0,NA,NA,NA,NA,Y,Y,A,01,0,0,1,0,0,0,0,0,0,-,-,NA,NA,LOS ANGELES,LOS ANGELES,-118.26821372,33.94559
6575303,2014,2014-08-18,1975,2014-04-25,0316,416,NA,5,5,6,1975,0,0,0,NA,0,004,CAMERON AV,CALIFORNIA AV,181,E,N,A,-,N,NA,NA,NA,NA,NA,NA,NA,NA,NA,Y,3,0,1,4,A,-,01,23152,A,M,E,E,A,A,H,-,C,D,0,NA,NA,NA,NA,Y,Y,A,01,0,1,0,0,0,0,0,0,0,-,-,NA,NA,LOS ANGELES,WEST COVINA,-117.93450233,34.06359224
6575307,2014,2014-08-08,1942,2014-04-02,0835,38310,2031,3,5,7,1942,0,0,0,NA,0,14TL47,WILSHIRE BL,BRONSON AV,0,NA,Y,A,-,N,NA,NA,NA,NA,NA,NA,NA,NA,NA,Y,3,0,1,3,A,-,09,21801,A,N,D,C,A,A,H,-,A,D,0,NA,NA,NA,NA,Y,NA,A,01,0,1,0,0,0,0,0,0,0,-,-,NA,NA,LOS ANGELES,LOS ANGELES,-118.31791007,34.06170004
6575315,2014,2014-08-08,1942,2014-04-12,0240,37511,0635,6,5,7,1942,0,0,0,F,0,8TL35,HIGHLAND AV,PAT MOORE WY,60,N,N,A,-,N,NA,NA,NA,NA,NA,NA,NA,NA,NA,Y,3,0,1,1,A,-,01,23152,A,N,F,J,A,A,H,-,C,D,0,NA,NA,NA,NA,Y,Y,A,07,0,1,0,0,0,0,0,0,0,-,-,NA,NA,LOS ANGELES,LOS ANGELES,-118.33623,34.11139
6575319,2014,2014-08-08,1942,2014-04-03,1530,40213,0635,4,5,7,1942,0,0,0,F,0,6A1,FRANKLIN AV,HIGHLAND AV,20,W,N,A,-,N,NA,NA,NA,NA,NA,NA,NA,NA,NA,Y,2,0,2,3,A,-,05,21650,NA,N,B,C,A,A,H,-,A,D,0,NA,NA,NA,NA,Y,NA,A,01,1,0,1,0,0,0,0,0,0,-,-,NA,NA,LOS ANGELES,LOS ANGELES,-118.33840579,34.10415634
6575327,2014,2014-08-12,1942,2014-04-16,0315,39049,0645,3,5,7,1942,0,0,0,F,0,6A49,HOLLYWOOD BL,HIGHLAND,20,W,N,A,-,N,NA,NA,NA,NA,NA,NA,NA,NA,NA,Y,4,0,1,3,A,-,01,23152,A,N,D,C,A,A,H,-,C,A,0,NA,NA,NA,NA,Y,Y,A,01,0,0,1,0,0,0,0,0,0,-,-,NA,NA,LOS ANGELES,LOS ANGELES,-118.33875594,34.10155
6575346,2014,2014-08-11,1942,2014-06-13,1805,24517,0826,5,5,7,1942,0,0,0,H,0,7TL38,SUNSET BL,KENTER AV,0,NA,Y,A,-,N,NA,NA,NA,NA,NA,NA,NA,NA,NA,Y,3,0,7,2,A,-,09,21804,NA,N,A,C,A,A,A,-,A,A,0,NA,NA,NA,NA,Y,NA,A,07,0,2,5,0,0,0,0,0,0,-,-,NA,NA,LOS ANGELES,LOS ANGELES,-118.47827011,34.05854003
6575351,2014,2014-08-08,1942,2014-04-24,0905,38510,0328,4,5,7,1942,0,0,0,C,0,3XL95,ADAMS BL,SCARFF ST,8,W,N,A,-,N,NA,NA,NA,NA,NA,NA,NA,NA,NA,N,3,0,1,2,A,-,05,21650,1,N,H,G,A,A,G,-,A,D,0,NA,Y,NA,NA,Y,NA,L,04,0,1,0,0,0,0,1,0,0,-,-,NA,NA,LOS ANGELES,LOS ANGELES,-118.28147339,34.03059011
6575355,2014,2016-04-21,9530,2014-04-11,1715,18745,NA,5,2,5,1977,0,1,1,NA,2,410,RT 405,WILMINGTON AV,500,N,N,A,-,Y,LA,7,405,-,-,9.68,H,-,N,N,3,0,1,2,A,-,03,22350,NA,F,C,C,A,A,H,-,A,D,1,NA,NA,NA,NA,Y,NA,A,01,0,1,0,0,0,0,0,0,0,-,-,33.82687,-118.25072,LOS ANGELES,CARSON,-118.24337033,33.82591577
6575359,2014,2014-08-08,1942,2014-04-16,1710,36615,0896,3,5,7,1942,0,0,0,H,0,3A34,43RD ST,VERMONT AV,53,E,N,A,-,N,NA,NA,NA,NA,NA,NA,NA,NA,NA,N,4,0,1,2,A,-,10,21952,NA,N,G,B,F,A,H,-,A,D,0,Y,NA,NA,NA,Y,NA,A,01,0,0,1,0,1,0,0,0,0,-,-,NA,NA,LOS ANGELES,LOS ANGELES,-118.29137547,34.00547
6575610,2014,2014-08-18,1900,2014-07-18,1254,517022,0454,5,5,6,1949,0,0,0,NA,0,43T1D,IMPERIAL HWY,NORWALK BL,114,W,N,A,-,N,NA,NA,NA,NA,NA,NA,NA,NA,NA,Y,3,0,2,3,A,-,03,22350,NA,N,C,C,A,A,H,-,A,A,0,NA,NA,NA,Y,Y,NA,A,01,0,2,0,0,0,0,0,0,0,-,-,NA,NA,LOS ANGELES,NORWALK,-118.07307494,33.91719
6575611,2014,2014-08-18,1900,2014-07-22,1215,516551,0454,2,5,6,1949,0,0,0,NA,0,43T1,UNION ST,SAN ANTONIO DR,0,NA,Y,A,-,N,NA,NA,NA,NA,NA,NA,NA,NA,NA,N,4,0,1,2,A,-,07,21658,A,N,B,C,A,A,H,-,-,A,0,NA,NA,NA,Y,Y,NA,G,27,0,0,1,0,0,0,0,0,0,-,-,NA,NA,LOS ANGELES,NORWALK,-118.074067,33.91189
6575612,2014,2014-08-26,1900,2014-07-23,0901,516551,0454,3,5,6,1949,0,0,0,NA,0,43T1,BLOOMFIELD AV,IMPERIAL HWY,60,S,N,A,-,N,NA,NA,NA,NA,NA,NA,NA,NA,NA,Y,3,0,1,3,A,-,01,23152,A,N,C,C,A,A,H,-,A,A,0,NA,NA,NA,NA,Y,Y,D,22,0,1,0,0,0,0,0,0,0,-,-,NA,NA,LOS ANGELES,NORWALK,-118.063982,33.91701804
6575619,2014,2016-01-12,1900,2014-07-24,0700,442391,0461,4,5,4,1936,0,0,0,NA,0,46T1,FOSTER RD,VALLEY VIEW AV,0,NA,Y,A,-,N,NA,NA,NA,NA,NA,NA,NA,NA,NA,N,3,0,1,2,A,-,10,21950,A,N,G,B,B,A,H,-,A,A,0,Y,NA,NA,NA,Y,NA,D,22,0,1,0,0,1,0,0,0,0,-,-,NA,NA,LOS ANGELES,LA MIRADA,-118.02931004,33.90975004
6575623,2014,2016-06-07,9580,2014-07-22,1335,19319,NA,2,1,7,1942,0,1,3,NA,2,170,RT 170,MAGNOLIA BL,500,S,N,A,-,Y,LA,7,170,-,R,15.21,H,-,N,Y,4,0,2,2,A,-,07,21658,A,N,C,C,A,-,H,-,A,D,1,NA,NA,NA,NA,Y,NA,A,01,0,0,2,0,0,0,0,0,0,-,-,34.16324,-118.38171,LOS ANGELES,LOS ANGELES,-118.38159272,34.16269676
6575696,2014,2016-06-07,9580,2014-07-29,0835,16088,NA,2,1,7,1942,0,1,3,NA,2,171,RT 170,OXNARD ST,10,S,N,A,-,Y,LA,7,170,-,R,16.66,H,-,S,N,4,0,1,3,A,-,03,22350,NA,N,C,C,A,A,H,-,A,D,1,NA,NA,NA,NA,Y,NA,A,01,0,0,1,0,0,0,0,0,0,-,-,34.17939,-118.39528,LOS ANGELES,LOS ANGELES,-118.39562306,34.17994154
6575697,2014,2016-06-04,9580,2014-07-28,0800,017228,NA,1,1,7,1942,0,1,1,NA,2,407,RT 405,NORDHOFF ST,100,S,N,B,-,Y,LA,7,405,-,-,44.55,H,-,S,N,4,0,2,3,A,-,03,22350,NA,F,C,C,A,A,H,-,A,D,1,NA,NA,NA,NA,Y,NA,-,99,0,0,2,0,0,0,0,0,0,-,-,34.23307,-118.47339,LOS ANGELES,LOS ANGELES,-118.47320644,34.23266282
6575698,2014,2016-05-25,9580,2014-07-27,1830,018185,NA,7,2,7,1942,0,1,1,NA,2,405,RT 405,LA RIVER CHANNEL,10,S,N,A,-,Y,LA,7,405,-,-,39.754,R,2,S,Y,4,0,1,1,A,-,03,22350,NA,N,E,I,A,A,H,-,A,D,1,NA,NA,NA,NA,Y,NA,A,01,0,0,1,0,0,0,0,0,0,-,-,34.163,-118.4706,LOS ANGELES,LOS ANGELES,-118.4697079,34.16476929
6575699,2014,2016-05-18,9580,2014-07-26,1435,20003,NA,6,2,7,1942,0,1,2,NA,2,103,RT 101,WHITE OAK AV,100,N,N,A,-,Y,LA,7,101,-,-,20.27,H,-,S,N,4,0,1,2,A,-,03,22350,NA,N,C,C,A,A,H,-,A,D,1,NA,NA,NA,NA,Y,NA,A,01,0,0,1,0,0,0,0,0,0,-,-,34.1709,-118.52141,LOS ANGELES,LOS ANGELES,-118.51916868,34.17109205
6575700,2014,2016-05-20,9580,2014-07-26,1305,18325,NA,6,1,7,1942,0,1,2,NA,2,104,RT 101,CANOGA AV,100,N,N,A,-,Y,LA,7,101,-,-,24.89,H,-,N,N,4,0,1,3,A,-,03,22350,NA,N,C,C,A,A,H,-,A,D,1,NA,NA,NA,NA,Y,NA,A,01,0,0,1,0,0,0,0,0,0,-,-,34.16959,-118.59807,LOS ANGELES,LOS ANGELES,-118.59797636,34.16963308
6575701,2014,2016-05-28,9580,2014-07-25,1045,18852,NA,5,1,7,1942,0,1,2,NA,2,101,RT 101,COLDWATER CANYON AV,300,S,N,A,-,Y,LA,7,101,-,-,13.82,H,-,S,Y,3,0,2,2,A,-,03,22350,NA,N,C,C,A,A,H,-,A,D,1,NA,NA,NA,NA,Y,NA,A,01,0,1,1,0,0,0,0,0,0,-,-,34.15431,-118.39352,LOS ANGELES,LOS ANGELES,-118.41263638,34.15663539
6575702,2014,2016-06-07,9580,2014-07-24,1720,019611,NA,4,2,7,1942,0,1,3,NA,2,117,RT 118,SEPULVEDA BL,250,W,N,A,-,Y,LA,7,118,-,R,10.02,H,-,W,Y,3,0,1,3,A,-,03,22350,NA,N,C,C,A,A,H,-,A,D,1,NA,NA,NA,NA,Y,NA,A,01,0,1,0,0,0,0,0,0,0,-,-,34.26594,-118.4697,LOS ANGELES,LOS ANGELES,-118.46840088,34.2660671
6575703,2014,2016-06-07,9580,2014-07-24,1640,18322,NA,4,2,7,1942,0,1,3,NA,2,116,RT 118,BALBOA BL,1584,E,N,A,-,Y,LA,7,118,-,R,8.1,H,-,E,N,4,0,1,2,C,-,18,NA,NA,N,E,J,A,A,H,-,A,D,1,NA,NA,NA,NA,Y,NA,-,-,0,0,1,0,0,0,0,0,0,-,-,34.27574,-118.49506,LOS ANGELES,LOS ANGELES,-118.49711097,34.27700009
6575705,2014,2016-06-04,9580,2014-07-22,1520,17400,NA,2,2,9,1900,0,1,3,NA,1,270,RT 27,WOODLAND CREST RD,1320,S,N,A,-,Y,LA,7,27,-,-,9.57,H,-,S,Y,3,0,1,1,A,-,03,22350,NA,N,E,I,A,A,H,-,A,D,0,NA,NA,NA,NA,Y,NA,A,01,0,1,0,0,0,0,0,0,0,-,-,34.14097,-118.60419,LOS ANGELES,UNINCORPORATED,-118.60425095,34.14117294
6575706,2014,2016-06-04,9580,2014-07-20,1200,018580,NA,7,1,7,1942,0,1,1,NA,2,404,RT 405,VALLEY VISTA BL,633,S,N,A,-,Y,LA,7,405,-,-,38.37,H,-,S,Y,4,0,1,4,A,-,03,22350,NA,N,C,C,A,A,H,-,A,D,1,NA,NA,NA,NA,Y,NA,A,07,0,0,1,0,0,0,0,0,0,-,-,34.14741,-118.47028,LOS ANGELES,LOS ANGELES,-118.47115206,34.14504473
6575707,2014,2014-08-28,1900,2014-07-15,1515,531486,0461,2,5,4,1936,0,0,0,NA,0,46T1/P,VALLEY VIEW AV,ADOREE ST,45,N,N,A,-,N,NA,NA,NA,NA,NA,NA,NA,NA,NA,N,4,0,3,3,A,-,09,21804,A,N,D,C,A,A,H,-,A,D,0,NA,NA,NA,NA,Y,NA,A,01,0,0,3,0,0,0,0,0,0,-,-,NA,NA,LOS ANGELES,LA MIRADA,-118.02936,33.91455338
6575708,2014,2016-01-13,1900,2014-07-29,1000,442391,0465,2,5,4,1936,0,0,0,NA,0,46T1,STAGE RD,DALMATIAN AV,0,NA,Y,A,-,N,NA,NA,NA,NA,NA,NA,NA,NA,NA,NA,4,0,3,2,A,-,04,21703,NA,N,C,C,A,A,D,-,A,D,0,NA,NA,NA,NA,Y,NA,A,01,0,0,3,0,0,0,0,0,0,-,-,NA,NA,LOS ANGELES,LA MIRADA,-118.0089401,33.88644011
6575709,2014,2014-08-28,1900,2014-07-23,1045,514341,0463,3,5,4,1936,0,0,0,NA,0,46T2,LA MIRADA BL,CIVIC CENTER DR,375,N,N,A,-,N,NA,NA,NA,NA,NA,NA,NA,NA,NA,Y,3,0,1,2,A,-,07,21658,A,N,B,C,A,A,H,-,A,D,0,NA,NA,NA,NA,Y,NA,A,01,0,1,0,0,0,0,0,0,0,-,-,NA,NA,LOS ANGELES,LA MIRADA,-118.011703,33.906354
6575710,2014,2014-08-28,1900,2014-07-10,2345,478963,0456,4,5,6,1949,0,0,0,NA,0,43T1/E,NORWALK BL,166TH ST,0,NA,Y,A,-,N,NA,NA,NA,NA,NA,NA,NA,NA,NA,N,3,0,1,2,A,-,17,21451,A,N,H,G,A,A,H,-,C,A,0,NA,Y,NA,NA,Y,Y,A,01,0,1,0,0,0,0,1,0,0,-,-,NA,NA,LOS ANGELES,NORWALK,-118.07272004,33.88038003
6575711,2014,2014-08-28,1900,2014-07-16,0825,507776,0454,3,5,6,1949,0,0,0,NA,0,43T1/D,SAN ANTONIO DR,UNION ST,0,NA,Y,A,-,N,NA,NA,NA,NA,NA,NA,NA,NA,NA,N,4,0,1,2,A,-,05,21650,1,N,H,G,A,A,D,-,A,A,0,NA,Y,NA,NA,Y,NA,L,04,0,0,1,0,0,0,1,0,0,-,-,NA,NA,LOS ANGELES,NORWALK,-118.074037,33.911884
6575712,2014,2014-09-24,1900,2014-07-28,1805,531486,0454,1,5,6,1949,0,0,0,NA,0,4JT1,ROSECRANS AV,GREENSTONE AV,225,W,N,A,-,N,NA,NA,NA,NA,NA,NA,NA,NA,NA,Y,4,0,1,3,A,-,09,21801,A,N,D,C,A,A,H,-,A,D,0,NA,NA,Y,NA,Y,NA,A,01,0,0,1,0,0,0,0,0,1,-,-,NA,NA,LOS ANGELES,NORWALK,-118.05853987,33.90242
6575713,2014,2014-08-28,1900,2014-07-25,1530,516689,0451,5,5,6,1949,0,0,0,NA,0,45T1,FIRESTONE BL,ORR AND DAY RD,0,NA,Y,A,-,N,NA,NA,NA,NA,NA,NA,NA,NA,NA,N,4,0,1,2,D,-,00,NA,NA,N,G,B,B,A,H,-,A,A,0,Y,NA,NA,NA,Y,NA,-,-,0,0,1,0,1,0,0,0,0,-,-,NA,NA,LOS ANGELES,NORWALK,-118.09129013,33.91772012
6575714,2014,2014-08-28,1900,2014-07-26,0902,279461,0451,6,5,6,1949,0,0,0,NA,0,43T1/D,ORR AND DAY RD,IMPERIAL HWY,2,N,N,A,-,N,NA,NA,NA,NA,NA,NA,NA,NA,NA,N,3,0,1,2,A,-,05,21650,1,N,H,G,A,A,H,-,A,D,0,NA,Y,NA,NA,Y,NA,L,04,0,1,0,0,0,0,1,0,0,-,-,NA,NA,LOS ANGELES,NORWALK,-118.09171687,33.91710482
6575761,2014,2016-06-07,9580,2014-07-22,0745,018101,NA,2,1,7,1942,0,1,3,NA,2,115,RT 118,FOX ST,150,E,N,A,-,Y,LA,7,118,-,R,10.9,H,-,W,Y,4,0,1,2,A,-,03,22350,NA,N,C,C,A,A,H,-,A,D,1,NA,NA,NA,NA,Y,NA,A,01,0,0,1,0,0,0,0,0,0,-,-,34.26615,-118.457,LOS ANGELES,LOS ANGELES,-118.45293342,34.26599798
6575948,2014,2014-08-18,1969,2014-07-21,0631,10171,TRAFF,1,5,5,1969,0,0,0,NA,0,004,BRYSON AV,FILESTONE BLVD,0,NA,Y,A,-,N,NA,NA,NA,NA,NA,NA,NA,NA,NA,N,4,0,1,2,A,-,03,22350,NA,N,C,C,A,A,H,-,A,A,0,NA,NA,NA,NA,Y,NA,D,22,0,0,1,0,0,0,0,0,0,-,-,NA,NA,LOS ANGELES,SOUTH GATE,-118.192004,33.952699
6575964,2014,2014-08-18,1969,2014-07-11,0630,10097,PATRO,5,5,5,1969,0,0,0,NA,0,0A3,SAN ANTONIO AV,MISSOURI AV,0,NA,Y,A,-,N,NA,NA,NA,NA,NA,NA,NA,NA,NA,Y,3,0,4,4,A,-,12,22450,A,F,D,C,A,A,H,-,-,D,0,NA,NA,NA,NA,Y,NA,D,22,0,2,2,0,0,0,0,0,0,-,-,NA,NA,LOS ANGELES,SOUTH GATE,-118.20611007,33.94644005
6576049,2014,2014-08-19,1976,2014-07-14,1432,397,NA,1,5,5,1976,0,0,0,NA,0,NA,MAR VISTA ST,MILTON AV,0,NA,Y,A,-,N,NA,NA,NA,NA,NA,NA,NA,NA,NA,Y,4,0,4,2,A,-,09,21802,A,N,D,C,A,A,H,-,A,A,0,NA,NA,NA,NA,Y,NA,A,07,0,0,4,0,0,0,0,0,0,-,-,NA,NA,LOS ANGELES,WHITTIER,-118.03973009,33.9736801
6576138,2014,2014-08-14,1900,2014-07-17,1130,462141,2114,4,5,5,1943,0,0,0,NA,0,212T4,LUGO AV,ATLANTIC AV,117,W,N,A,-,N,NA,NA,NA,NA,NA,NA,NA,NA,NA,N,4,0,1,1,A,-,03,22350,NA,N,A,I,A,A,H,-,A,A,0,NA,NA,NA,NA,Y,NA,D,22,0,0,1,0,0,0,0,0,0,-,-,NA,NA,LOS ANGELES,LYNWOOD,-118.18861056,33.91954222
6576152,2014,2016-06-04,9575,2014-07-18,1315,16325,NA,5,1,6,1912,0,1,1,NA,2,051,RT 5,ALAMEDA AV,528,N,N,A,-,Y,LA,7,5,-,-,28.558,H,-,N,N,4,0,2,2,A,-,07,21658,A,N,B,C,A,A,H,-,A,D,1,NA,NA,NA,Y,Y,NA,F,27,0,0,2,0,0,0,0,0,0,-,-,34.17394,-118.30673,LOS ANGELES,BURBANK,-118.3054947,34.17158759
6576165,2014,2016-06-11,9575,2014-07-25,1010,15935,NA,5,1,9,1900,0,3,5,NA,2,002,WINDSOR AV,RT 210,50,N,N,A,-,Y,LA,7,210,-,R,22.292,R,4,W,N,4,0,1,2,A,-,21,22106,NA,N,C,C,A,A,H,-,A,A,1,NA,NA,NA,NA,Y,NA,D,22,0,0,1,0,0,0,0,0,0,-,-,34.18157,-118.16908,LOS ANGELES,UNINCORPORATED,-118.17205023,34.18274899
6576173,2014,2016-04-21,1942,2014-06-30,2140,00001,NA,1,5,7,1942,0,0,0,NA,0,NA,ROSCOE BL,GLENOAKS AV,159,W,N,A,-,Y,LA,7,5,-,-,33.176,R,4,N,Y,2,0,2,2,C,-,18,NA,NA,N,D,C,A,A,H,-,C,A,0,NA,NA,NA,NA,Y,NA,-,-,1,1,0,0,0,0,0,0,0,-,-,34.22184,-118.35949,LOS ANGELES,LOS ANGELES,-118.35804754,34.2208878