CASE_ID,ACCIDENT_YEAR,PROC_DATE,JURIS,COLLISION_DATE,COLLISION_TIME,OFFICER_ID,REPORTING_DISTRICT,DAY_OF_WEEK,CHP_SHIFT,POPULATION,CNTY_CITY_LOC,SPECIAL_COND,BEAT_TYPE,CHP_BEAT_TYPE,CITY_DIVISION_LAPD,CHP_BEAT_CLASS,BEAT_NUMBER,PRIMARY_RD,SECONDARY_RD,DISTANCE,DIRECTION,INTERSECTION,WEATHER_1,WEATHER_2,STATE_HWY_IND,CALTRANS_COUNTY,CALTRANS_DISTRICT,STATE_ROUTE,ROUTE_SUFFIX,POSTMILE_PREFIX,POSTMILE,LOCATION_TYPE,RAMP_INTERSECTION,SIDE_OF_HWY,TOW_AWAY,COLLISION_SEVERITY,NUMBER_KILLED,NUMBER_INJURED,PARTY_COUNT,PRIMARY_COLL_FACTOR,PCF_CODE_OF_VIOL,PCF_VIOL_CATEGORY,PCF_VIOLATION,PCF_VIOL_SUBSECTION,HIT_AND_RUN,TYPE_OF_COLLISION,MVIW,PED_ACTION,ROAD_SURFACE,ROAD_COND_1,ROAD_COND_2,LIGHTING,CONTROL_DEVICE,CHP_ROAD_TYPE,PEDESTRIAN_ACCIDENT,BICYCLE_ACCIDENT,MOTORCYCLE_ACCIDENT,TRUCK_ACCIDENT,NOT_PRIVATE_PROPERTY,ALCOHOL_INVOLVED,STWD_VEHTYPE_AT_FAULT,CHP_VEHTYPE_AT_FAULT,COUNT_SEVERE_INJ,COUNT_VISIBLE_INJ,COUNT_COMPLAINT_PAIN,COUNT_PED_KILLED,COUNT_PED_INJURED,COUNT_BICYCLIST_KILLED,COUNT_BICYCLIST_INJURED,COUNT_MC_KILLED,COUNT_MC_INJURED,PRIMARY_RAMP,SECONDARY_RAMP,LATITUDE,LONGITUDE,COUNTY,CITY,POINT_X,POINT_Y
6578358,2014,2014-09-22,1942,2014-06-14,0610,33340,2149,6,5,7,1942,0,0,0,NA,0,15TL47,SHERMAN WY,WINNETKA AV,0,NA,Y,A,-,N,NA,NA,NA,NA,NA,NA,NA,NA,NA,Y,3,0,1,2,A,-,-,NA,NA,N,B,C,A,A,H,-,A,A,0,NA,NA,NA,NA,Y,NA,-,-,0,1,0,0,0,0,0,0,0,-,-,NA,NA,LOS ANGELES,LOS ANGELES,-118.57099,34.20114011
6578362,2014,2014-08-19,1942,2014-06-23,1040,37737,2118,1,5,7,1942,0,0,0,NA,0,15TL45,ROSCOE BL,MASON AV,25,E,N,A,-,N,NA,NA,NA,NA,NA,NA,NA,NA,NA,Y,4,0,3,1,A,-,03,22350,NA,N,E,I,A,A,H,-,A,D,0,NA,NA,NA,NA,Y,NA,E,22,0,0,3,0,0,0,0,0,0,-,-,NA,NA,LOS ANGELES,LOS ANGELES,-118.57969747,34.22009188
6578374,2014,2014-08-19,1942,2014-06-23,1550,40587,2149,1,5,7,1942,0,0,0,NA,0,21TL64,VANOWEN ST,OAKDALE AV,0,NA,Y,A,-,N,NA,NA,NA,NA,NA,NA,NA,NA,NA,Y,4,0,1,2,A,-,12,21453,A,N,D,C,A,A,H,-,A,A,0,NA,NA,NA,NA,Y,NA,D,22,0,0,1,0,0,0,0,0,0,-,-,NA,NA,LOS ANGELES,LOS ANGELES,-118.56662013,34.19382007
6578378,2014,2014-08-19,1942,2014-06-26,1625,38033,2146,4,5,7,1942,0,0,0,NA,0,19TL72,VAN OWEN ST,ALABAMA AV,60,W,N,A,-,N,NA,NA,NA,NA,NA,NA,NA,NA,NA,Y,3,0,1,3,A,-,03,22350,NA,N,C,C,A,A,H,-,A,A,0,NA,NA,NA,NA,Y,NA,A,01,0,1,0,0,0,0,0,0,0,-,-,NA,NA,LOS ANGELES,LOS ANGELES,-118.59919808,34.19374
6578389,2014,2014-08-19,1942,2014-07-25,2145,38326,1039,5,5,7,1942,0,0,0,J,0,10T37,HASKELL AV,VANOWEN ST,0,NA,Y,A,-,N,NA,NA,NA,NA,NA,NA,NA,NA,NA,Y,4,0,2,2,A,-,09,21801,A,N,D,C,A,A,H,-,C,A,0,NA,NA,NA,NA,Y,NA,D,22,0,0,2,0,0,0,0,0,0,-,-,NA,NA,LOS ANGELES,LOS ANGELES,-118.47488007,34.19391009
6578390,2014,2015-09-28,1942,2014-06-29,1600,38857,2197,7,5,7,1942,0,0,0,NA,0,9TL54,PHAETON DR,RUSTON RD,8,W,N,A,-,N,NA,NA,NA,NA,NA,NA,NA,NA,NA,Y,3,0,1,2,C,-,18,NA,NA,N,D,C,A,A,H,-,A,A,0,NA,NA,NA,NA,Y,NA,-,-,0,1,0,0,0,0,0,0,0,-,-,NA,NA,LOS ANGELES,LOS ANGELES,-118.5737,34.15073
6578397,2014,2014-08-19,1942,2014-07-24,1815,36336,1025,4,5,7,1942,0,0,0,J,0,16T23,CHIMINEAS AV,GAULT ST,5,S,N,A,-,N,NA,NA,NA,NA,NA,NA,NA,NA,NA,N,3,0,1,2,A,-,09,21801,A,N,D,G,A,A,H,-,A,D,0,NA,Y,NA,NA,Y,NA,D,22,0,1,0,0,0,0,1,0,0,-,-,NA,NA,LOS ANGELES,LOS ANGELES,-118.52844977,34.19929629
6578410,2014,2014-08-19,1942,2014-07-01,2310,38380,1434,2,5,7,1942,0,0,0,N,0,14TL47,VENICE BL,CENTINELA AV,30,E,N,A,-,N,NA,NA,NA,NA,NA,NA,NA,NA,NA,N,4,0,1,2,A,-,03,22350,NA,N,C,C,A,A,H,-,C,D,0,NA,NA,NA,NA,Y,NA,D,22,0,0,1,0,0,0,0,0,0,-,-,NA,NA,LOS ANGELES,LOS ANGELES,-118.43351593,34.00379324
6578412,2014,2016-04-21,9535,2014-06-18,2005,18527,NA,3,2,5,1915,0,1,1,NA,2,074,RT 710,ALONDRA BL,100,S,N,A,-,Y,LA,7,710,-,-,13.93,H,-,N,N,3,0,1,2,A,-,07,21658,A,N,B,C,A,A,H,-,B,D,1,NA,NA,NA,Y,Y,NA,G,25,0,1,0,0,0,0,0,0,0,-,-,33.88803,-118.18916,LOS ANGELES,COMPTON,-118.18888468,33.88883328
6578421,2014,2016-05-25,9580,2014-07-22,1430,016550,NA,2,2,3,1989,0,1,2,NA,2,107,RT 101,VALLEY CIRCLE BL,1500,N,N,A,-,Y,LA,7,101,-,-,27.62,H,-,S,Y,3,0,4,5,A,-,03,22350,NA,N,C,C,A,A,H,-,A,D,1,NA,NA,NA,NA,Y,NA,D,22,0,1,3,0,0,0,0,0,0,-,-,34.15805,-118.64179,LOS ANGELES,CALABASAS,-118.64174203,34.15773761
6578422,2014,2014-08-19,1942,2014-06-17,0630,33191,1449,2,5,7,1942,0,0,0,N,0,14TL47,VENICE BL,MCLAUGHLIN AV,0,NA,Y,A,-,N,NA,NA,NA,NA,NA,NA,NA,NA,NA,Y,4,0,1,3,A,-,12,21453,A,N,D,C,A,A,H,-,A,D,0,NA,Y,NA,NA,Y,NA,D,22,0,0,1,0,0,0,0,0,0,-,-,NA,NA,LOS ANGELES,LOS ANGELES,-118.42465009,34.00872011
6578430,2014,2014-08-15,1942,2014-05-04,1050,R2138,1489,7,5,7,1942,0,0,0,N,0,34TF34,ARBOR VITAE,AVIATION BL,465,W,N,A,-,N,NA,NA,NA,NA,NA,NA,NA,NA,NA,Y,3,0,2,2,A,-,05,21650,NA,N,A,C,A,A,H,-,A,D,0,NA,NA,NA,NA,Y,NA,A,01,0,1,1,0,0,0,0,0,0,-,-,NA,NA,LOS ANGELES,LOS ANGELES,-118.37858036,33.95265043
6578441,2014,2016-06-07,9580,2014-07-30,0705,16088,NA,3,1,7,1942,0,1,3,NA,2,171,RT 170,RIVERSIDE DR,5,N,N,A,-,Y,LA,7,170,-,R,14.87,H,-,S,Y,4,0,3,2,A,-,07,21658,A,N,B,C,A,A,H,-,A,D,1,NA,NA,NA,NA,Y,NA,A,01,0,0,3,0,0,0,0,0,0,-,-,34.15786,-118.37965,LOS ANGELES,LOS ANGELES,-118.37977901,34.15794947
6578442,2014,2014-08-19,1942,2014-06-24,0750,36083,646,2,5,7,1942,0,0,0,NA,0,7T23,CAHUENGA BL,SELMA AV,0,NA,Y,A,-,N,NA,NA,NA,NA,NA,NA,NA,NA,NA,Y,2,0,1,2,A,-,-,NA,NA,N,B,C,A,A,H,-,A,D,0,NA,NA,Y,Y,Y,NA,C,02,1,0,0,0,0,0,0,0,1,-,-,NA,NA,LOS ANGELES,LOS ANGELES,-118.32953014,34.09977003
6578446,2014,2016-05-25,1942,2014-07-03,1000,39022,0635,4,5,7,1942,0,0,0,F,0,7T23,HIGHLAND AV,PAT MOORE WY,0,NA,Y,A,-,Y,LA,7,101,-,-,7.75,R,4,S,Y,4,0,1,3,A,-,08,22100,A,N,B,C,A,A,H,-,A,D,0,NA,NA,NA,Y,Y,NA,A,08,0,0,1,0,0,0,0,0,0,-,-,NA,NA,LOS ANGELES,LOS ANGELES,-118.33471416,34.11053795
6578449,2014,2016-06-04,9580,2014-07-15,1040,019851,NA,2,1,7,1942,0,1,1,NA,2,405,RT 415,VICTORY BL,1056,S,N,A,-,Y,LA,7,405,-,-,41.16,H,-,S,N,4,0,1,3,A,-,03,22350,NA,N,C,C,A,A,H,-,A,D,1,NA,NA,NA,NA,Y,NA,A,07,0,0,1,0,0,0,0,0,0,-,-,34.18394,-118.47316,LOS ANGELES,LOS ANGELES,-118.47307524,34.183674860000004
6578457,2014,2016-06-07,9580,2014-07-28,1555,018322,NA,1,2,7,1942,0,1,3,NA,2,116,RT 118,PORTER RANCH DR,250,E,N,A,-,Y,LA,7,118,-,R,4.027,R,1,E,Y,3,0,2,4,A,-,03,22350,NA,F,C,C,A,A,H,-,A,D,1,NA,NA,NA,NA,Y,NA,-,99,0,2,0,0,0,0,0,0,0,FR,-,34.27314,-118.56769,LOS ANGELES,LOS ANGELES,-118.56684258,34.27320985
6578464,2014,2014-08-19,9535,2014-07-05,2155,020790,NA,6,2,9,1900,0,3,5,NA,2,001,RECORD AV,DOZIER ST,0,NA,Y,A,-,N,NA,NA,NA,NA,NA,NA,NA,NA,NA,N,4,0,1,2,A,-,09,21801,A,N,D,C,A,A,H,-,C,A,0,NA,NA,NA,NA,Y,NA,D,22,0,0,1,0,0,0,0,0,0,-,-,34.04147,-118.18228,LOS ANGELES,UNINCORPORATED,-118.18231005,34.04146009
6578480,2014,2014-08-19,9535,2014-07-09,0730,19090,NA,3,1,6,1922,1,4,S,NA,2,901,MILDRED ST,SANTA ANITA AV,60,W,N,A,-,N,NA,NA,NA,NA,NA,NA,NA,NA,NA,N,3,0,1,2,A,-,08,22107,NA,N,B,G,A,A,H,-,A,D,0,NA,Y,NA,NA,Y,NA,L,04,0,1,0,0,0,0,1,0,0,-,-,34.0668,-118.0436,LOS ANGELES,EL MONTE,-118.0426264,34.0670913
6578484,2014,2016-04-21,9535,2014-06-26,1532,12125,NA,4,2,6,1922,0,1,1,NA,2,400,RT 10,DURFEE AV,700,W,N,A,-,Y,LA,7,10,-,-,30.38,H,-,E,N,4,0,1,2,A,-,03,22350,NA,N,B,C,A,A,H,-,A,D,6,NA,NA,Y,NA,Y,NA,C,02,0,0,1,0,0,0,0,0,1,-,-,34.06534,-118.01588,LOS ANGELES,EL MONTE,-118.01353855,34.06484248
6578488,2014,2015-11-19,9535,2014-06-24,0930,16100,NA,2,1,3,1914,0,1,1,NA,2,501,RT 5,GREENWOOD AV,300,S,N,A,-,Y,LA,7,5,-,-,10,H,-,S,N,4,0,1,3,A,-,03,22350,NA,N,C,C,A,A,H,-,A,D,1,NA,NA,NA,NA,Y,NA,A,01,0,0,1,0,0,0,0,0,0,-,-,33.97911,-118.12911,LOS ANGELES,COMMERCE,-118.1271749,33.97803425
6578490,2014,2015-11-20,9535,2014-06-27,1135,16100,NA,5,1,3,1914,0,1,1,NA,2,501,RT 5,GREENWOOD AV,166,N,N,A,-,Y,LA,7,5,-,-,10.09,H,-,S,Y,2,0,1,2,A,-,03,22350,NA,N,C,C,A,A,H,-,A,D,1,NA,NA,NA,Y,Y,NA,F,26,1,0,0,0,0,0,0,0,0,-,-,33.97911,-118.12911,LOS ANGELES,COMMERCE,-118.12813728,33.97903177
6578492,2014,2014-08-12,9535,2014-06-26,1525,13989,NA,4,2,9,1900,0,3,5,NA,2,006,YOUNG AV,LERIDA PL,280,E,N,A,-,N,NA,NA,NA,NA,NA,NA,NA,NA,NA,Y,4,0,2,2,A,-,09,21804,A,N,H,C,A,A,H,-,A,D,0,NA,NA,NA,NA,Y,NA,A,08,0,0,2,0,0,0,0,0,0,-,-,34.05202,-118.10152,LOS ANGELES,UNINCORPORATED,-118.10116083,34.05177924
6578496,2014,2015-09-25,9535,2014-06-05,1445,19550,NA,4,2,9,1900,0,3,5,NA,2,001,DOZIER ST,RECORD AV,0,NA,Y,A,-,N,NA,NA,NA,NA,NA,NA,NA,NA,NA,Y,3,0,1,2,A,-,09,21802,A,N,D,C,A,A,H,-,A,A,0,NA,NA,Y,NA,Y,NA,A,01,0,1,0,0,0,0,0,0,1,-,-,34.04133,-118.18226,LOS ANGELES,UNINCORPORATED,-118.18231005,34.04146009
6578500,2014,2014-08-12,9535,2014-06-21,2108,20794,NA,6,2,9,1900,0,2,4,NA,2,014,CESAR E CHAVEZ AV,CARMELITA AV,330,W,N,A,-,N,NA,NA,NA,NA,NA,NA,NA,NA,NA,N,4,0,1,2,A,-,11,21954,A,N,G,B,D,A,H,-,C,D,0,Y,NA,NA,NA,Y,NA,N,60,0,0,1,0,1,0,0,0,0,-,-,34.04053,-118.17933,LOS ANGELES,UNINCORPORATED,-118.17851705,34.04056
6578502,2014,2016-04-21,9535,2014-06-21,0124,19125,NA,6,3,1,1973,0,1,1,NA,2,072,RT 710,ATLANTIC BL,30,N,N,A,-,Y,LA,7,710,-,-,21.96,H,-,N,Y,3,0,1,3,A,-,03,22350,NA,N,E,I,A,A,H,-,C,D,1,NA,NA,NA,Y,Y,Y,A,01,0,1,0,0,0,0,0,0,0,-,-,33.99785,-118.17655,LOS ANGELES,VERNON,-118.17641924,33.9980986
6578504,2014,2016-04-21,9535,2014-06-25,1545,17598,NA,3,2,9,1900,0,1,1,NA,2,420,RT 10,EASTERN AV,300,W,N,A,-,Y,LA,7,10,-,-,20.725,R,1,E,N,4,0,2,2,A,-,03,22350,NA,N,C,C,A,A,H,-,A,D,1,NA,NA,NA,NA,Y,NA,A,01,0,0,2,0,0,0,0,0,0,TO,-,34.05962,-118.17413,LOS ANGELES,UNINCORPORATED,-118.17529015,34.05960589
6578508,2014,2015-11-20,9535,2014-06-25,1820,18527,NA,3,2,9,1900,0,1,3,NA,2,600,RT 60,3RD ST,150,W,N,A,-,Y,LA,7,60,-,R,2.56,H,-,E,N,4,0,2,2,A,-,03,22350,NA,N,C,C,A,A,H,-,A,D,1,NA,NA,NA,NA,Y,NA,A,07,0,0,2,0,0,0,0,0,0,-,-,34.03273,-118.18163,LOS ANGELES,UNINCORPORATED,-118.18180831,34.03275135
6578512,2014,2016-04-21,9535,2014-06-24,1715,13421,NA,2,2,9,1900,0,1,3,NA,2,600,RT 60,EASTERN AV,240,W,N,A,-,Y,LA,7,60,-,R,2.974,R,1,E,Y,4,0,1,2,A,-,03,22350,NA,N,C,C,A,A,H,-,A,D,1,NA,NA,NA,NA,Y,NA,A,01,0,0,1,0,0,0,0,0,0,TO,-,34.03465,-118.17424,LOS ANGELES,UNINCORPORATED,-118.17510871,34.03474261
6578513,2014,2016-06-04,9535,2014-07-02,1110,16100,NA,3,1,5,1959,0,1,1,NA,2,401,RT 10,RT 164,2000,E,N,A,-,Y,LA,7,10,-,-,27.25,H,-,W,N,4,0,3,3,A,-,04,21703,NA,N,C,C,A,A,-,-,A,D,0,NA,NA,NA,Y,Y,NA,F,26,0,0,3,0,0,0,0,0,0,-,-,34.059,-118.164,LOS ANGELES,ROSEMEAD,-118.06622878,34.07247883
6578516,2014,2014-08-12,9535,2014-06-24,1330,12125,NA,2,1,9,1900,0,2,4,NA,2,022,OLYMPIC BL,WOODS AV,78,E,N,A,-,N,NA,NA,NA,NA,NA,NA,NA,NA,NA,N,4,0,1,2,A,-,03,22350,NA,N,C,C,A,A,H,-,A,A,0,NA,NA,NA,NA,Y,NA,A,01,0,0,1,0,0,0,0,0,0,-,-,34.01639,-118.15904,LOS ANGELES,UNINCORPORATED,-118.15928024,34.01646005
6578520,2014,2016-04-21,9535,2014-06-26,1145,019626,NA,4,1,6,1922,0,1,1,NA,2,400,RT 10,RT 605,40,W,N,A,-,Y,LA,7,10,-,-,31.18,H,-,E,N,4,0,1,3,A,-,03,22350,NA,F,C,C,A,A,H,-,A,D,0,NA,NA,NA,NA,Y,NA,A,07,0,0,1,0,0,0,0,0,0,TO,-,34.06488,-117.99962,LOS ANGELES,EL MONTE,-117.99964336,34.06503604
6578524,2014,2015-11-20,9535,2014-06-20,0800,17086,NA,5,1,9,1900,0,1,3,NA,2,601,RT 60,3RD ST,360,W,N,A,-,Y,LA,7,60,-,R,2.52,H,-,W,N,4,0,1,2,A,-,03,22350,NA,N,B,C,A,A,H,-,A,D,1,NA,NA,Y,NA,Y,NA,C,02,0,0,1,0,0,0,0,0,1,-,-,34.03273,-118.18229,LOS ANGELES,UNINCORPORATED,-118.18248266,34.03265734
6578527,2014,2016-04-21,9535,2014-06-18,1910,20363,NA,3,2,4,1907,0,1,1,NA,2,073,RT 710,FLORENCE AV,250,S,N,A,-,Y,LA,7,710,-,-,19.68,H,-,S,Y,4,0,1,2,A,-,08,22107,NA,N,B,C,A,A,H,-,B,D,1,NA,NA,NA,NA,Y,NA,A,01,0,0,1,0,0,0,0,0,0,-,-,33.96527,-118.16894,LOS ANGELES,BELL,-118.16798973,33.96742551
6578528,2014,2014-08-12,9535,2014-06-23,1445,13421,NA,1,2,9,1900,0,2,4,NA,2,024,WHITTIER BL,FETTERLY AV,0,NA,Y,A,-,N,NA,NA,NA,NA,NA,NA,NA,NA,NA,Y,4,0,1,2,A,-,09,21801,A,N,A,C,A,A,H,-,A,A,0,NA,NA,NA,NA,Y,NA,A,01,0,0,1,0,0,0,0,0,0,-,-,34.02222,-118.16318,LOS ANGELES,UNINCORPORATED,-118.16457003,34.02195007
6578531,2014,2016-04-23,9535,2014-06-22,1400,19090,NA,7,2,5,1906,0,1,1,NA,2,651,RT 605,WALNUT CREEK,25,N,N,A,-,Y,LA,7,605,-,R,19.94,H,-,S,Y,4,0,1,1,A,-,01,23152,A,N,E,I,A,A,H,-,A,D,1,NA,NA,NA,NA,Y,Y,A,01,0,0,1,0,0,0,0,0,0,-,-,34.0602,-118.001,LOS ANGELES,BALDWIN PARK,-118.00092991,34.06151383
6578532,2014,2014-08-12,9535,2014-06-23,1820,12125,NA,1,2,9,1900,0,2,4,NA,2,014,CESAR E CHAVEZ AV,MEDNIK AV,0,NA,Y,A,-,N,NA,NA,NA,NA,NA,NA,NA,NA,NA,Y,4,0,1,2,A,-,09,21801,A,N,D,C,A,A,H,-,A,A,0,NA,NA,NA,NA,Y,NA,A,01,0,0,1,0,0,0,0,0,0,-,-,34.04059,-118.16195,LOS ANGELES,UNINCORPORATED,-118.16188004,34.04061011
6578534,2014,2016-04-21,9535,2014-06-27,0610,18281,NA,5,1,6,1922,0,1,1,NA,2,401,RT 10,BALDWIN AV,500,W,N,A,-,Y,LA,7,10,-,-,27.87,H,-,W,Y,4,0,3,5,A,-,03,22350,NA,N,C,C,A,A,H,-,A,D,0,NA,NA,NA,NA,Y,NA,A,07,0,0,3,0,0,0,0,0,0,-,-,34.07259,-118.05709,LOS ANGELES,EL MONTE,-118.05551182,34.07273276
6578535,2014,2016-04-23,9535,2014-06-21,0320,18188,NA,6,3,5,1969,0,1,1,NA,2,075,RT 710,LOS ANGELES RIVER,853,N,N,A,-,Y,LA,7,710,-,-,17.61,H,-,S,Y,3,0,1,1,A,-,01,23152,A,N,E,I,A,A,H,-,C,D,1,NA,NA,NA,NA,Y,Y,A,01,0,1,0,0,0,0,0,0,0,-,-,33.9369,-118.1738,LOS ANGELES,SOUTH GATE,-118.17265872,33.93802546
6578536,2014,2014-08-12,9535,2014-06-27,2040,20387,NA,5,2,9,1900,0,3,5,NA,2,001,HERBERT AV,EAGLE ST,222,S,N,A,-,N,NA,NA,NA,NA,NA,NA,NA,NA,NA,N,4,0,1,2,A,-,08,22107,NA,N,B,E,A,A,H,-,C,D,0,NA,Y,NA,NA,Y,NA,L,04,0,0,1,0,0,0,1,0,0,-,-,34.03052,-118.18324,LOS ANGELES,UNINCORPORATED,-118.18366087,34.03067436
6578539,2014,2016-04-21,9535,2014-06-15,1835,020669,NA,7,2,4,1907,0,1,1,NA,2,073,RT 710,BANDINI BL,499,N,N,A,-,Y,LA,7,710,-,-,22.154,R,2,N,N,2,0,1,1,A,-,03,22350,NA,N,E,I,A,A,H,-,A,D,1,NA,NA,Y,NA,Y,NA,C,02,1,0,0,0,0,0,0,0,1,-,-,33.99934,-118.17384,LOS ANGELES,BELL,-118.17484124,34.00050726
6578540,2014,2014-08-12,9535,2014-06-27,2050,20381,NA,5,2,9,1900,0,3,5,NA,2,002,DOWNEY RD,6TH ST,30,S,N,A,-,N,NA,NA,NA,NA,NA,NA,NA,NA,NA,Y,4,0,2,3,A,-,03,22350,NA,N,B,E,A,A,H,-,C,D,0,NA,NA,NA,NA,Y,NA,A,07,0,0,2,0,0,0,0,0,0,-,-,34.02827,-118.18017999999999,LOS ANGELES,UNINCORPORATED,-118.13009358,33.94495852
6578543,2014,2016-02-05,9535,2014-06-18,1520,15044,NA,3,2,5,1959,0,1,1,NA,2,400,RT 10,SAN GABRIEL BL,350,E,N,A,-,Y,LA,7,1,-,-,25.92,H,-,S,Y,4,0,1,2,A,-,03,22350,NA,N,C,D,A,A,H,-,A,D,0,NA,NA,NA,NA,Y,NA,A,01,0,0,1,0,0,0,0,0,0,-,-,34.072,-118.08719,LOS ANGELES,ROSEMEAD,-118.39623785,33.93139882
6578544,2014,2016-04-23,9535,2014-06-25,1740,13421,NA,3,2,9,1900,0,1,1,NA,2,650,RT 605,VALLEY BL,870,S,N,A,-,Y,LA,7,605,-,R,19.23,H,-,N,Y,4,0,3,2,A,-,03,22350,NA,N,C,C,A,A,H,-,A,D,1,NA,NA,NA,NA,Y,NA,A,01,0,0,3,0,0,0,0,0,0,-,-,34.04979,-118.00667,LOS ANGELES,UNINCORPORATED,-118.00550953,34.05182099
6578546,2014,2016-04-23,9535,2014-06-27,1315,17802,NA,5,1,5,1969,0,1,1,NA,2,074,RT 710,LOS ANGELES RIVER,400,S,N,A,-,Y,LA,7,710,-,-,17.25,H,-,N,N,4,0,1,2,A,-,03,22350,NA,N,C,C,A,A,H,-,A,D,1,NA,NA,NA,Y,Y,NA,A,01,0,0,1,0,0,0,0,0,0,-,-,33.93418,-118.17694,LOS ANGELES,SOUTH GATE,-118.17685246,33.93437062
6578547,2014,2016-04-21,9535,2014-06-29,1430,17802,NA,7,2,5,1943,0,1,1,NA,2,105,RT 105,RT 710,1200,W,N,A,-,Y,LA,7,105,-,R,13.24,H,-,W,Y,4,0,1,2,A,-,03,22350,NA,N,C,C,A,A,H,-,A,D,7,NA,NA,NA,NA,Y,NA,A,07,0,0,1,0,0,0,0,0,0,-,-,33.91605,-118.18934,LOS ANGELES,LYNWOOD,-118.18339572,33.91415932
6578548,2014,2015-11-19,9535,2014-06-30,1400,12125,NA,1,2,3,1914,0,1,1,NA,2,501,RT 5,WASHINGTON BL,1500,N,N,A,-,Y,LA,7,5,-,-,11.87,H,-,S,N,4,0,1,2,A,-,04,21703,NA,N,C,C,A,A,H,-,A,D,1,NA,NA,NA,NA,Y,NA,A,07,0,0,1,0,0,0,0,0,0,-,-,34.00128,-118.15017,LOS ANGELES,COMMERCE,-118.14792326,33.99907453
6578551,2014,2015-11-20,9535,2014-06-18,2215,20161,NA,3,3,5,1947,0,1,3,NA,2,620,RT 60,PARAMOUNT BL,50,W,N,A,-,Y,LA,7,60,-,R,7.76,H,-,E,N,4,0,1,2,A,-,07,21658,A,N,C,C,A,A,H,-,C,D,1,NA,NA,NA,NA,Y,Y,A,01,0,0,1,0,0,0,0,0,0,-,-,34.03572,-118.09383,LOS ANGELES,MONTEBELLO,-118.09308893,34.0358681
6578552,2014,2015-11-20,9535,2014-06-30,2310,18594,NA,1,3,3,1914,0,1,1,NA,2,500,RT 5,GARFIELD AV,250,S,N,A,-,Y,LA,7,5,-,-,10.83,H,-,N,N,4,0,5,3,A,-,04,21703,NA,N,C,C,A,A,H,-,C,D,1,NA,NA,NA,NA,Y,NA,A,01,0,0,5,0,0,0,0,0,0,-,-,33.99655,-118.14524,LOS ANGELES,COMMERCE,-118.13680289,33.98698468
6578553,2014,2016-04-23,9535,2014-06-28,1525,18655,NA,6,2,5,1969,0,1,1,NA,2,074,RT 710,LOS ANGELES RIVER,100,N,N,A,-,Y,LA,7,710,-,-,17.36,H,-,N,Y,4,0,5,4,A,-,03,22350,NA,N,C,C,A,A,H,-,A,D,1,NA,NA,NA,Y,Y,NA,G,25,0,0,5,0,0,0,0,0,0,-,-,33.2512,-118.1342,LOS ANGELES,SOUTH GATE,-118.17552119,33.93543666
6578556,2014,2016-04-21,9535,2014-06-28,1834,18188,NA,6,2,5,1948,0,1,1,NA,2,070,RT 710,FLORA DR,830,N,N,A,-,Y,LA,7,710,-,-,25.38,H,-,N,Y,4,0,1,2,A,-,03,22350,NA,N,B,C,A,A,H,-,A,D,1,NA,NA,NA,NA,Y,NA,A,07,0,0,1,0,0,0,0,0,0,-,-,34.04911,-118.16651,LOS ANGELES,MONTEREY PARK,-118.16870199,34.04646941
6578558,2014,2016-06-11,9535,2014-07-01,1720,19363,NA,2,2,5,1952,0,1,1,NA,2,104,RT 105,RT 710,60,E,N,A,-,Y,LA,7,710,-,R,15.899,R,2,N,N,4,0,1,2,A,-,03,22350,NA,M,C,C,A,A,H,-,A,D,1,NA,NA,NA,NA,Y,NA,I,11,0,0,1,0,0,0,0,0,0,TO,-,33.91472,-118.17966,LOS ANGELES,PARAMOUNT,-118.1793321,33.91575181
6578559,2014,2014-08-13,1942,2014-06-27,2045,39217,2189,5,5,7,1942,0,0,0,NA,0,9T57,PENFIELD AV,VENTURA BL,0,NA,Y,A,-,N,NA,NA,NA,NA,NA,NA,NA,NA,NA,N,2,0,1,2,A,-,09,21802,A,N,D,C,A,A,H,-,A,A,0,NA,NA,Y,NA,Y,NA,A,01,1,0,0,0,0,0,0,0,1,-,-,NA,NA,LOS ANGELES,LOS ANGELES,-118.56897008,34.17169007
6578560,2014,2016-04-20,9535,2014-06-25,1910,19437,NA,3,2,9,1900,0,1,3,NA,2,066,RT 164,RT 60,510,N,N,A,-,Y,LA,7,164,-,-,3.46,H,-,S,Y,3,0,1,2,A,-,08,22107,NA,N,C,C,A,A,H,-,A,A,0,NA,NA,NA,NA,Y,NA,A,08,0,1,0,0,0,0,0,0,0,-,-,34.04224,-118.06437,LOS ANGELES,UNINCORPORATED,-118.06437867,34.04305453
6578585,2014,2015-04-02,1907,2014-06-08,2235,229,2,7,5,4,1907,0,0,0,NA,0,NA,FLORENCE AV,HELIOTROPE AV,66,W,N,A,-,N,NA,NA,NA,NA,NA,NA,NA,NA,NA,N,4,0,1,2,A,-,21,22106,NA,N,C,C,A,A,H,-,C,D,0,NA,NA,Y,NA,Y,NA,C,02,0,0,1,0,0,0,0,0,1,-,-,33.96246,-118.17913,LOS ANGELES,BELL,-118.18100546,33.96955303