CASE_ID,ACCIDENT_YEAR,PROC_DATE,JURIS,COLLISION_DATE,COLLISION_TIME,OFFICER_ID,REPORTING_DISTRICT,DAY_OF_WEEK,CHP_SHIFT,POPULATION,CNTY_CITY_LOC,SPECIAL_COND,BEAT_TYPE,CHP_BEAT_TYPE,CITY_DIVISION_LAPD,CHP_BEAT_CLASS,BEAT_NUMBER,PRIMARY_RD,SECONDARY_RD,DISTANCE,DIRECTION,INTERSECTION,WEATHER_1,WEATHER_2,STATE_HWY_IND,CALTRANS_COUNTY,CALTRANS_DISTRICT,STATE_ROUTE,ROUTE_SUFFIX,POSTMILE_PREFIX,POSTMILE,LOCATION_TYPE,RAMP_INTERSECTION,SIDE_OF_HWY,TOW_AWAY,COLLISION_SEVERITY,NUMBER_KILLED,NUMBER_INJURED,PARTY_COUNT,PRIMARY_COLL_FACTOR,PCF_CODE_OF_VIOL,PCF_VIOL_CATEGORY,PCF_VIOLATION,PCF_VIOL_SUBSECTION,HIT_AND_RUN,TYPE_OF_COLLISION,MVIW,PED_ACTION,ROAD_SURFACE,ROAD_COND_1,ROAD_COND_2,LIGHTING,CONTROL_DEVICE,CHP_ROAD_TYPE,PEDESTRIAN_ACCIDENT,BICYCLE_ACCIDENT,MOTORCYCLE_ACCIDENT,TRUCK_ACCIDENT,NOT_PRIVATE_PROPERTY,ALCOHOL_INVOLVED,STWD_VEHTYPE_AT_FAULT,CHP_VEHTYPE_AT_FAULT,COUNT_SEVERE_INJ,COUNT_VISIBLE_INJ,COUNT_COMPLAINT_PAIN,COUNT_PED_KILLED,COUNT_PED_INJURED,COUNT_BICYCLIST_KILLED,COUNT_BICYCLIST_INJURED,COUNT_MC_KILLED,COUNT_MC_INJURED,PRIMARY_RAMP,SECONDARY_RAMP,LATITUDE,LONGITUDE,COUNTY,CITY,POINT_X,POINT_Y
6579026,2014,2014-08-15,1942,2014-06-18,1725,39085,2143,3,5,7,1942,0,0,0,NA,0,10TL32,VANOWEN ST,FALLBROOK AV,39,W,N,A,-,N,NA,NA,NA,NA,NA,NA,NA,NA,NA,Y,4,0,1,2,A,-,09,21804,A,N,D,C,A,A,H,-,A,D,0,NA,NA,NA,NA,Y,NA,A,01,0,0,1,0,0,0,0,0,0,-,-,NA,NA,LOS ANGELES,LOS ANGELES,-118.62353876,34.19372
6579027,2014,2014-08-15,1942,2014-06-20,1025,33340,2187,5,5,7,1942,0,0,0,NA,0,15TL47,VENTURA BL,CANOGA AV,313,W,N,A,-,N,NA,NA,NA,NA,NA,NA,NA,NA,NA,Y,4,0,1,2,A,-,03,22350,NA,N,D,G,A,A,H,-,A,D,0,NA,Y,NA,NA,Y,NA,L,04,0,0,1,0,0,0,1,0,0,-,-,NA,NA,LOS ANGELES,LOS ANGELES,-118.59844543,34.16805655
6579028,2014,2014-08-20,1942,2014-06-24,1556,39096,2149,2,5,7,1942,0,0,0,NA,0,15TL42,DE SOTO AV,NORDHOFF ST,0,NA,Y,A,-,N,NA,NA,NA,NA,NA,NA,NA,NA,NA,Y,4,0,2,2,A,-,09,21801,A,N,D,C,A,A,H,-,A,A,0,NA,NA,NA,NA,Y,NA,A,07,0,0,2,0,0,0,0,0,0,-,-,NA,NA,LOS ANGELES,LOS ANGELES,-118.58855001,34.23548003
6579029,2014,2015-09-28,1942,2014-06-26,1215,41365,2125,4,5,7,1942,0,0,0,NA,0,21EL3,FARRALONE,COHASSET,0,NA,Y,A,-,N,NA,NA,NA,NA,NA,NA,NA,NA,NA,N,4,0,1,2,A,-,09,21802,A,N,B,C,A,A,H,-,A,D,0,NA,NA,NA,NA,Y,NA,A,01,0,0,1,0,0,0,0,0,0,-,-,NA,NA,LOS ANGELES,LOS ANGELES,-118.61033005,34.20649011
6579030,2014,2014-08-15,1942,2014-06-15,1745,35514,RD214,7,5,7,1942,0,0,0,NA,0,21XL7,VICTORY BL,WOODLAKE AV,0,NA,Y,A,-,N,NA,NA,NA,NA,NA,NA,NA,NA,NA,Y,4,0,1,3,A,-,12,21453,A,N,D,C,A,A,H,-,A,A,0,NA,NA,NA,NA,Y,NA,-,NA,0,0,1,0,0,0,0,0,0,-,-,NA,NA,LOS ANGELES,LOS ANGELES,-118.63147009,34.18643003
6579031,2014,2014-08-15,1942,2014-06-16,1040,37093,2175,1,5,7,1942,0,0,0,NA,0,21A57,OXNARD ST,SHOUP AV,0,NA,Y,A,-,N,NA,NA,NA,NA,NA,NA,NA,NA,NA,Y,3,0,3,2,A,-,12,21453,A,N,D,C,A,A,H,-,A,A,0,NA,NA,NA,NA,Y,NA,-,NA,0,1,2,0,0,0,0,0,0,-,-,NA,NA,LOS ANGELES,LOS ANGELES,-118.61459007,34.17919009
6579032,2014,2014-08-15,1942,2014-06-30,0045,39224,1645,1,5,7,1942,0,0,0,P,0,16A23,GLENOAKS BL,GAIN ST,276,N,N,A,-,N,NA,NA,NA,NA,NA,NA,NA,NA,NA,Y,3,0,3,2,A,-,-,NA,NA,N,C,D,A,A,H,-,C,D,0,NA,NA,NA,NA,Y,Y,A,01,0,3,0,0,0,0,0,0,0,-,-,NA,NA,LOS ANGELES,LOS ANGELES,-118.40751301,34.26976783
6579033,2014,2014-08-15,1942,2014-06-24,1940,38765,1035,2,5,7,1942,0,0,0,J,0,21T65,LINDLEY AV,VICTORY BL,0,NA,Y,A,-,N,NA,NA,NA,NA,NA,NA,NA,NA,NA,N,4,0,1,2,A,-,05,21650,1,N,G,G,A,A,H,-,A,A,0,NA,Y,NA,NA,Y,NA,L,04,0,0,1,0,0,0,1,0,0,-,-,NA,NA,LOS ANGELES,LOS ANGELES,-118.52728001,34.18661005
6579034,2014,2016-04-25,9590,2014-06-24,1650,15575,NA,2,2,7,1942,0,1,2,NA,2,070,RT 101,FIGUEROA ST,25,S,N,A,-,Y,LA,7,101,-,-,1.45,H,-,N,N,3,0,1,2,A,-,03,22350,NA,N,B,C,A,A,H,-,A,D,1,NA,NA,Y,NA,Y,NA,C,02,0,1,0,0,0,0,0,0,1,-,-,34.06113,-118.24737,LOS ANGELES,LOS ANGELES,-118.24729722,34.06107947
6579040,2014,2014-08-15,1928,2014-06-10,1627,324,516,2,5,5,1928,0,0,0,NA,0,503,HAWTHORNE BL,ROSECRANS AV,0,NA,Y,A,-,N,NA,NA,NA,NA,NA,NA,NA,NA,NA,Y,4,0,1,2,A,-,09,21453,C,N,D,C,A,A,F,H,A,A,0,NA,NA,NA,NA,Y,NA,A,01,0,0,1,0,0,0,0,0,0,-,-,NA,NA,LOS ANGELES,HAWTHORNE,-118.35277002,33.90192004
6579055,2014,2016-04-27,9565,2014-06-17,1837,20468,NA,2,2,5,1928,0,1,1,NA,2,060,RT 405,EL SEGUNDO BL,800,N,N,A,-,Y,LA,7,405,-,-,20.64,H,-,S,Y,3,0,3,6,A,-,08,22107,NA,N,C,C,A,A,H,-,A,D,1,NA,NA,NA,NA,Y,NA,A,01,0,3,0,0,0,0,0,0,0,-,-,33.92292,-118.36891,LOS ANGELES,HAWTHORNE,-118.36902376,33.92227656
6579060,2014,2014-08-26,9565,2014-06-13,1830,20604,NA,5,2,9,1900,0,2,4,NA,2,024,IMPERIAL HWY,SAINT ANDREWS PL,0,NA,Y,A,-,N,NA,NA,NA,NA,NA,NA,NA,NA,NA,Y,3,0,3,4,A,-,12,22450,A,F,D,C,A,A,H,-,A,D,0,NA,NA,NA,NA,Y,NA,-,99,0,1,2,0,0,0,0,0,0,-,-,33.9309,-118.31174,LOS ANGELES,UNINCORPORATED,-118.3112901,33.93116011
6579154,2014,2014-08-22,1942,2014-07-05,1700,40529,1863,6,5,7,1942,0,0,0,R,0,3TL57,IMPERIAL HWY,AVALON BL,29,W,N,A,-,N,NA,NA,NA,NA,NA,NA,NA,NA,NA,N,4,0,3,2,A,-,09,21801,A,N,B,C,A,A,H,-,A,A,0,NA,NA,NA,NA,Y,NA,D,22,0,0,3,0,0,0,0,0,0,-,-,NA,NA,LOS ANGELES,LOS ANGELES,-118.2652754,33.93104126
6579155,2014,2014-09-04,1942,2014-07-06,0905,40059,1871,7,5,7,1942,0,0,0,R,0,18T23,ROSECRANS AV,FIGUEROA,25,W,N,A,-,N,NA,NA,NA,NA,NA,NA,NA,NA,NA,N,3,0,2,2,A,-,08,22100,A,N,D,C,A,A,H,-,A,A,0,NA,NA,NA,NA,Y,NA,A,01,0,1,1,0,0,0,0,0,0,-,-,NA,NA,LOS ANGELES,LOS ANGELES,-118.28286222,33.90188918
6579156,2014,2014-08-22,1942,2014-07-14,0350,40696,1241,1,5,7,1942,0,0,0,L,0,3TL5,WEST BL,64TH ST,0,NA,Y,A,-,N,NA,NA,NA,NA,NA,NA,NA,NA,NA,NA,4,0,2,3,A,-,09,21802,A,N,D,C,A,A,H,-,C,A,0,NA,NA,NA,NA,Y,NA,A,01,0,0,2,0,0,0,0,0,0,-,-,NA,NA,LOS ANGELES,LOS ANGELES,-118.33518011,33.98177011
6579172,2014,2014-09-02,1942,2014-07-13,1855,40529,1213,7,5,7,1942,0,0,0,L,0,12T73,SLAUSON AV,WESTERN AV,102,E,N,A,-,N,NA,NA,NA,NA,NA,NA,NA,NA,NA,N,4,0,2,3,A,-,05,21460,A,N,A,C,D,A,H,-,A,A,0,Y,NA,NA,NA,Y,NA,A,01,0,0,2,0,0,0,0,0,0,-,-,NA,NA,LOS ANGELES,LOS ANGELES,-118.30861424,33.989144
6579205,2014,2015-04-18,1941,2014-07-17,1200,5200,NA,4,5,7,1941,0,0,0,NA,0,NA,VENETIA DR,2ND ST,105,S,N,A,-,N,NA,NA,NA,NA,NA,NA,NA,NA,NA,N,4,0,1,2,A,-,-,NA,NA,N,D,G,A,A,H,-,A,D,0,NA,Y,NA,NA,Y,NA,L,NA,0,0,1,0,0,0,1,0,0,-,-,NA,NA,LOS ANGELES,LONG BEACH,-118.12710785,33.75734289
6579213,2014,2015-04-15,1941,2014-07-23,1220,NA,NA,3,5,7,1941,0,0,0,NA,0,NA,ATLANTIC AV,ANAHEIM,2,S,N,A,-,N,NA,NA,NA,NA,NA,NA,NA,NA,NA,N,4,0,1,2,A,-,10,21952,NA,N,G,B,B,A,H,-,A,A,0,Y,NA,NA,NA,Y,NA,N,NA,0,0,1,0,1,0,0,0,0,-,-,NA,NA,LOS ANGELES,LONG BEACH,-118.18504007,33.78260452
6579214,2014,2015-04-30,1941,2014-07-24,2053,5145,2,4,5,7,1941,0,0,0,NA,0,NA,VIA ORO AV,CARSON,285,N,N,A,-,N,NA,NA,NA,NA,NA,NA,NA,NA,NA,N,3,0,1,2,A,-,-,NA,NA,N,H,G,A,A,H,-,C,D,0,NA,Y,NA,NA,Y,NA,L,NA,0,1,0,0,0,0,1,0,0,-,-,NA,NA,LOS ANGELES,LONG BEACH,-118.21249719,33.83254143
6579222,2014,2015-04-14,1941,2014-07-25,0508,10549,NA,5,5,7,1941,0,0,0,NA,0,NA,PACIFIC AV,PACIFIC AV 2630,0,NA,N,A,-,N,NA,NA,NA,NA,NA,NA,NA,NA,NA,N,4,0,1,2,A,-,11,21955,NA,N,D,J,D,A,H,-,A,D,0,Y,NA,NA,NA,Y,NA,-,NA,0,0,1,0,1,0,0,0,0,-,-,NA,NA,LOS ANGELES,LONG BEACH,-118.193719,33.805016
6579403,2014,2016-06-08,9590,2014-07-15,0840,20748,NA,2,1,7,1942,0,1,2,NA,2,072,RT 101,VIRGIL AV,300,N,N,A,-,Y,LA,7,101,-,-,4.17,H,-,N,Y,4,0,1,2,A,-,03,22350,NA,N,C,C,A,A,H,-,A,D,1,NA,NA,NA,NA,Y,NA,A,01,0,0,1,0,0,0,0,0,0,-,-,34.07863,-118.28756,LOS ANGELES,LOS ANGELES,-118.28833121,34.07874777
6579407,2014,2016-05-31,9590,2014-07-02,0905,16551,NA,3,1,7,1942,0,1,1,NA,2,011,RT 110,STADIUM HILL,500,N,N,A,-,Y,LA,7,110,-,-,24.84,H,-,S,N,4,0,1,4,A,-,03,22350,NA,F,C,C,A,A,H,-,A,D,1,NA,NA,NA,NA,Y,Y,A,08,0,0,1,0,0,0,0,0,0,-,-,34.07112,-118.23563,LOS ANGELES,LOS ANGELES,-118.2345937,34.0729593
6579411,2014,2016-06-11,9590,2014-07-12,2210,20372,NA,6,3,7,1942,0,1,1,NA,2,062,RT 10,HOOVER ST,500,W,N,A,-,Y,LA,7,10,-,-,14.11,H,-,E,N,4,0,1,2,A,-,03,22350,NA,N,C,C,A,A,H,-,C,D,1,NA,NA,NA,NA,Y,NA,A,01,0,0,1,0,0,0,0,0,0,-,-,NA,NA,LOS ANGELES,LOS ANGELES,-118.28647263,34.03679944
6579415,2014,2016-05-31,9590,2014-07-12,0805,20342,NA,6,1,7,1942,0,1,1,NA,2,013,RT 110,AVENUE 52,150,S,N,A,-,Y,LA,7,110,-,-,27.996,R,1,S,Y,4,0,1,3,A,-,03,22350,NA,N,C,C,A,A,H,-,A,A,1,NA,NA,NA,NA,Y,NA,A,01,0,0,1,0,0,0,0,0,0,-,-,34.10274,-118.19749,LOS ANGELES,LOS ANGELES,-118.19730218,34.10290986
6579419,2014,2016-06-11,9590,2014-07-20,0040,20352,NA,7,3,7,1942,0,1,1,NA,2,062,RT 10,OAK SHADE RD,250,W,N,B,-,Y,LA,7,10,-,-,14.652,R,2,E,Y,4,0,1,1,A,-,01,23152,A,N,E,I,A,A,H,-,C,D,1,NA,NA,NA,NA,Y,Y,A,01,0,0,1,0,0,0,0,0,0,TO,-,34.03755,-118.27808,LOS ANGELES,LOS ANGELES,-118.27712111,34.03800437
6579420,2014,2014-08-28,1900,2014-07-16,0700,524504,NA,3,5,6,1985,0,0,0,NA,0,62T1,VALENCIA BL,MAGIC MOUNTAIN PKWY,6,N,N,A,-,N,NA,NA,NA,NA,NA,NA,NA,NA,NA,Y,4,0,1,2,A,-,03,22350,NA,N,C,C,A,A,H,-,A,A,0,NA,NA,NA,NA,Y,NA,A,01,0,0,1,0,0,0,0,0,0,-,-,NA,NA,LOS ANGELES,SANTA CLARITA,-118.54983397,34.41597568
6579424,2014,2014-08-28,1900,2014-07-16,1300,524504,0627,3,5,6,1985,0,0,0,NA,0,62T1,VALLE DEL ORO,NEWHALL AV,330,N,N,A,-,N,NA,NA,NA,NA,NA,NA,NA,NA,NA,Y,4,0,1,4,A,-,08,22107,NA,N,D,E,A,A,H,-,A,D,0,NA,NA,NA,NA,Y,NA,A,01,0,0,1,0,0,0,0,0,0,-,-,NA,NA,LOS ANGELES,SANTA CLARITA,-118.51414871,34.37150861
6579428,2014,2015-03-10,1900,2014-07-16,1845,509580,0644,3,5,6,1985,0,0,0,NA,0,64T1,BOUQUET CANYON PLZ,CINEMA DR,40,S,N,A,-,N,NA,NA,NA,NA,NA,NA,NA,NA,NA,N,3,0,1,2,D,-,00,NA,NA,N,C,G,A,A,H,-,A,A,0,NA,Y,NA,NA,Y,NA,-,-,0,1,0,0,0,0,1,0,0,-,-,NA,NA,LOS ANGELES,SANTA CLARITA,-118.54203155,34.41913135
6579432,2014,2014-08-28,1900,2014-07-18,1250,4073654,0642,5,5,6,1985,0,0,0,NA,0,64T1,BOUQUET CANYON RD,ESPUELLA DR,330,E,N,A,-,N,NA,NA,NA,NA,NA,NA,NA,NA,NA,Y,4,0,2,2,A,-,03,22350,NA,N,C,C,A,A,H,-,A,D,0,NA,NA,NA,NA,Y,NA,A,01,0,0,2,0,0,0,0,0,0,-,-,NA,NA,LOS ANGELES,SANTA CLARITA,-118.53467729,34.43057028
6579434,2014,2016-06-04,9590,2014-07-15,1450,16642,NA,2,2,7,1942,0,1,1,NA,2,010,RT 110,COLLEGE ST,50,N,N,A,-,Y,LA,7,110,-,-,24.17,H,-,N,Y,4,0,1,2,A,-,03,22350,NA,N,C,C,A,A,H,-,A,D,1,NA,NA,Y,NA,Y,NA,C,02,0,0,1,0,0,0,0,0,1,-,-,34.06626,-118.24092,LOS ANGELES,LOS ANGELES,-118.24221608,34.06577691
6579436,2014,2014-08-28,1900,2014-07-20,2039,523421,0635,7,5,6,1985,0,0,0,NA,0,61T1,FLOWERPARK DR,POPPYSEED LN,45,N,N,A,-,N,NA,NA,NA,NA,NA,NA,NA,NA,NA,Y,4,0,1,1,A,-,01,23152,A,N,E,I,A,C,H,-,A,D,0,NA,NA,NA,NA,Y,Y,A,01,0,0,1,0,0,0,0,0,0,-,-,NA,NA,LOS ANGELES,SANTA CLARITA,-118.40644042,34.42929235
6579438,2014,2016-05-31,9590,2014-07-15,1903,20679,NA,2,2,7,1942,0,1,1,NA,2,012,RT 110,PASADENA AV,1000,N,N,A,-,Y,LA,7,110,-,-,29.69,H,-,N,NA,3,0,1,2,A,-,07,21658,A,N,B,C,A,A,H,-,A,D,1,NA,NA,Y,NA,Y,NA,-,-,0,1,0,0,0,0,0,0,1,-,-,NA,NA,LOS ANGELES,LOS ANGELES,-118.17385781,34.11416625
6579458,2014,2015-04-07,1972,2014-06-24,0958,14197,NA,2,5,6,1972,0,0,0,NA,0,NA,PALOS VERDES BL,SEPULVEDA BL,0,NA,Y,A,-,N,NA,NA,NA,NA,NA,NA,NA,NA,NA,Y,4,0,1,2,A,-,17,21451,A,N,D,C,A,A,H,-,A,A,0,NA,NA,NA,NA,Y,NA,D,NA,0,0,1,0,0,0,0,0,0,-,-,NA,NA,LOS ANGELES,TORRANCE,-118.36926011,33.82714012
6579468,2014,2015-04-07,1906,2014-06-20,0346,2891,NA,5,5,5,1906,0,0,0,NA,0,002,BALDWIN PARK BL,LOS ANGELES,0,NA,Y,A,-,N,NA,NA,NA,NA,NA,NA,NA,NA,NA,NA,4,0,1,2,D,-,00,NA,NA,N,B,D,A,A,H,-,C,A,0,NA,NA,NA,NA,Y,NA,-,-,0,0,1,0,0,0,0,0,0,-,-,NA,NA,LOS ANGELES,BALDWIN PARK,-117.96494013,34.09224008
6579524,2014,2015-04-01,1942,2014-06-12,1510,31387,898,4,5,7,1942,0,0,0,NA,0,6T2,ROBERTSON BL,KINCARDINE AV,0,NA,Y,A,-,N,NA,NA,NA,NA,NA,NA,NA,NA,NA,Y,4,0,2,2,A,-,12,21453,A,N,D,C,A,A,H,-,A,A,0,NA,NA,NA,NA,Y,NA,A,01,0,0,2,0,0,0,0,0,0,-,-,NA,NA,LOS ANGELES,LOS ANGELES,-118.38990007,34.03291011
6579555,2014,2015-04-01,1907,2014-06-06,1410,801,1,5,5,4,1907,0,0,0,NA,0,NA,FLORENCE AV,FLORA AV,0,NA,Y,A,-,N,NA,NA,NA,NA,NA,NA,NA,NA,NA,N,4,0,1,2,A,-,03,22350,NA,N,C,C,A,A,H,-,A,A,0,NA,NA,NA,NA,Y,NA,A,01,0,0,1,0,0,0,0,0,0,-,-,NA,NA,LOS ANGELES,BELL,-118.19167003,33.97069
6579581,2014,2016-04-23,9530,2014-06-18,2315,20080,NA,3,3,6,1972,0,1,1,NA,2,400,RT 405,CRENSHAW BL,100,N,N,A,-,Y,LA,7,405,-,-,15.49,H,-,S,N,3,0,1,2,A,-,01,23152,A,M,C,C,A,A,H,-,C,D,1,NA,NA,NA,NA,Y,Y,A,01,0,1,0,0,0,0,0,0,0,-,-,33.8639,-118.3271,LOS ANGELES,TORRANCE,-118.32690558,33.86458494
6579595,2014,2015-04-06,1900,2014-06-14,1230,279461,0458,6,5,6,1949,0,0,0,NA,0,45T1B,166TH ST,CLARKDALE AV,0,NA,Y,A,-,N,NA,NA,NA,NA,NA,NA,NA,NA,NA,Y,4,0,1,2,A,-,09,21801,A,N,D,C,A,A,H,-,A,D,0,NA,NA,NA,NA,Y,NA,A,01,0,0,1,0,0,0,0,0,0,-,-,NA,NA,LOS ANGELES,NORWALK,-118.07974009,33.88038005
6579647,2014,2014-08-13,1942,2014-04-30,1050,40095,0351,3,5,7,1942,0,0,0,C,0,3A15,LA BREA AV,JEFFERSON BL,0,NA,Y,A,-,N,NA,NA,NA,NA,NA,NA,NA,NA,NA,Y,4,0,1,2,A,-,09,21801,A,N,D,C,A,A,H,-,A,A,0,NA,NA,NA,NA,Y,NA,A,07,0,0,1,0,0,0,0,0,0,-,-,NA,NA,LOS ANGELES,LOS ANGELES,-118.35487009,34.0255201
6579655,2014,2014-08-08,1942,2014-04-25,1555,24517,0841,5,5,7,1942,0,0,0,H,0,7TL38,WILSHIRE BL,BUNDY DR,0,NA,Y,A,-,N,NA,NA,NA,NA,NA,NA,NA,NA,NA,Y,4,0,2,4,A,-,12,21453,A,N,D,C,A,A,H,-,A,A,0,NA,NA,NA,NA,Y,NA,A,01,0,0,2,0,0,0,0,0,0,-,-,NA,NA,LOS ANGELES,LOS ANGELES,-118.46750007,34.04407008
6579659,2014,2014-08-08,1942,2014-04-02,1845,40913,649,3,5,7,1942,0,0,0,NA,0,6X76,HOLLYWOOD BL,KINGSLEY,45,E,N,C,-,N,NA,NA,NA,NA,NA,NA,NA,NA,NA,N,2,0,1,2,A,-,11,21954,A,N,G,B,D,A,H,-,B,D,0,Y,NA,NA,NA,Y,NA,N,60,1,0,0,0,1,0,0,0,0,-,-,NA,NA,LOS ANGELES,LOS ANGELES,-118.30337184,34.10174356
6579663,2014,2014-08-08,1942,2014-04-09,1200,41451,882,3,5,7,1942,0,0,0,NA,0,8A53,SAWTELLE BL,MISSISSIPPI,55,S,N,A,-,N,NA,NA,NA,NA,NA,NA,NA,NA,NA,N,3,0,1,2,C,-,18,NA,NA,N,H,G,A,A,H,-,A,D,0,NA,Y,NA,NA,Y,NA,-,-,0,1,0,0,0,0,1,0,0,-,-,NA,NA,LOS ANGELES,LOS ANGELES,-118.44236064,34.0394697
6579664,2014,2014-08-20,1942,2014-04-26,2205,37613,2083,6,5,7,1942,0,0,0,NA,0,20T59,WESTERN AV,VENICE BL,205,N,N,A,-,N,NA,NA,NA,NA,NA,NA,NA,NA,NA,N,4,0,1,2,A,-,05,21650,1,N,H,G,A,A,H,-,C,D,0,NA,Y,NA,NA,Y,NA,L,04,0,0,1,0,0,0,1,0,0,-,-,NA,NA,LOS ANGELES,LOS ANGELES,-118.30903377,34.04413221
6579667,2014,2014-08-19,1942,2014-04-08,1745,41439,0897,2,5,7,1942,0,0,0,H,0,8A34,SAWTELLE AV,IOWA AV,0,NA,Y,A,-,N,NA,NA,NA,NA,NA,NA,NA,NA,NA,Y,2,0,4,2,A,-,09,21802,A,N,D,C,A,A,H,-,A,A,0,NA,NA,NA,NA,Y,NA,A,07,1,2,1,0,0,0,0,0,0,-,-,NA,NA,LOS ANGELES,LOS ANGELES,-118.44743006,34.04534002
6579668,2014,2014-08-20,1942,2014-04-06,1800,41221,2029,7,5,7,1942,0,0,0,NA,0,20A88,VIRGIL AV,3RD ST,14,N,N,A,-,N,NA,NA,NA,NA,NA,NA,NA,NA,NA,N,4,0,1,2,A,-,10,21950,A,N,A,B,B,A,H,-,A,A,0,Y,NA,NA,NA,Y,NA,A,01,0,0,1,0,1,0,0,0,0,-,-,NA,NA,LOS ANGELES,LOS ANGELES,-118.28682,34.0690184
6579671,2014,2014-08-20,1942,2014-04-08,2115,38266,2022,2,5,7,1942,0,0,0,NA,0,20T59,GRAMERCY PL,4TH ST,35,N,N,A,-,N,NA,NA,NA,NA,NA,NA,NA,NA,NA,N,4,0,1,2,A,-,03,22350,NA,F,C,C,A,A,H,-,C,D,0,NA,NA,NA,NA,Y,NA,-,99,0,0,1,0,0,0,0,0,0,-,-,NA,NA,LOS ANGELES,LOS ANGELES,-118.31284843,34.06723598
6579672,2014,2014-09-02,1942,2014-04-03,1820,39049,2002,4,5,7,1942,0,0,0,NA,0,6A67,MELROSE AV,WESTERN AV,80,E,N,A,-,N,NA,NA,NA,NA,NA,NA,NA,NA,NA,N,3,0,1,2,A,-,-,NA,NA,N,H,G,A,A,H,-,A,-,0,NA,Y,NA,NA,Y,NA,L,04,0,1,0,0,0,0,1,0,0,-,-,NA,NA,LOS ANGELES,LOS ANGELES,-118.3088663,34.08351
6579676,2014,2015-12-03,1942,2014-04-20,1030,40812,648,7,5,7,1942,0,0,0,NA,0,6A15,SUNSET BL,WESTERN AV,0,NA,Y,A,-,N,NA,NA,NA,NA,NA,NA,NA,NA,NA,Y,4,0,1,2,A,-,12,21453,A,N,D,C,A,A,H,-,A,A,0,NA,NA,NA,NA,Y,NA,A,01,0,0,1,0,0,0,0,0,0,-,-,NA,NA,LOS ANGELES,LOS ANGELES,-118.30922007,34.0981001
6579680,2014,2014-08-13,1942,2014-04-24,1605,32565,2045,4,5,7,1942,0,0,0,NA,0,20TL56,JAMES M WOOD BL,NORMANDIE AV,0,NA,N,A,-,N,NA,NA,NA,NA,NA,NA,NA,NA,NA,N,2,0,1,2,A,-,09,21801,A,N,H,G,A,A,H,-,A,A,0,NA,Y,NA,NA,Y,NA,L,04,1,0,0,0,0,0,1,0,0,-,-,NA,NA,LOS ANGELES,LOS ANGELES,-118.29981,34.0559
6579844,2014,2014-08-28,1900,2014-07-06,2045,403161,1418,7,5,1,1932,0,0,0,NA,0,141T5P,COLIMA RD,STONER CREEK RD,0,NA,Y,A,-,N,NA,NA,NA,NA,NA,NA,NA,NA,NA,Y,3,0,2,2,A,-,09,21801,A,F,C,E,A,A,H,-,C,A,0,NA,NA,NA,NA,Y,NA,A,01,0,1,1,0,0,0,0,0,0,-,-,33.98997,-117.91351,LOS ANGELES,INDUSTRY,-117.91342011,33.98996004
6579847,2014,2016-05-28,1900,2014-07-01,2315,460154,2611,2,5,6,1950,0,0,0,NA,0,262T1,RT 138,SIERRA HWY,0,NA,Y,A,-,Y,LA,7,138,-,-,44.41,H,-,E,Y,4,0,1,2,A,-,03,22350,NA,N,C,C,A,A,H,-,C,A,0,NA,NA,NA,NA,Y,NA,A,01,0,0,1,0,0,0,0,0,0,-,-,NA,NA,LOS ANGELES,PALMDALE,-118.11679877,34.57951177
6579851,2014,2016-05-28,1900,2014-07-03,1000,530043,2607,4,5,6,1950,0,0,0,NA,0,264T1,RT 138,THE PLACE ON 47TH ST,0,NA,Y,A,-,Y,LA,7,138,-,-,50.16,H,-,W,Y,4,0,1,3,A,-,12,21453,A,N,D,C,A,A,H,-,A,A,0,NA,NA,NA,NA,Y,NA,A,07,0,0,1,0,0,0,0,0,0,-,-,NA,NA,LOS ANGELES,PALMDALE,-118.04528328,34.55545297
6579855,2014,2014-08-28,1900,2014-07-21,1004,290645,1412,1,5,1,1932,0,0,0,NA,0,141T3,BALDWIN PARK BL,AMAR RD,0,NA,Y,A,-,N,NA,NA,NA,NA,NA,NA,NA,NA,NA,N,4,0,1,2,A,-,09,21801,A,N,B,C,A,A,H,-,A,A,0,NA,NA,NA,NA,Y,NA,A,01,0,0,1,0,0,0,0,0,0,-,-,NA,NA,LOS ANGELES,INDUSTRY,-117.98798005,34.06114011
6579859,2014,2014-08-28,1900,2014-07-18,0635,530169,1434,5,5,4,1937,0,0,0,NA,0,143T1,VALLEY BL,WICKFORD AV,328,W,N,B,-,N,NA,NA,NA,NA,NA,NA,NA,NA,NA,Y,3,0,1,2,A,-,07,21658,A,N,F,I,A,A,H,-,A,D,0,NA,NA,Y,NA,Y,NA,-,NA,0,1,0,0,0,0,0,0,1,-,-,NA,NA,LOS ANGELES,LA PUENTE,-117.93319889,34.01030604
6579865,2014,2016-05-28,1900,2014-07-07,0919,491337,2611,1,5,6,1950,0,0,0,NA,0,262T1,RT 138,3RD ST EAST,0,NA,Y,A,-,Y,LA,7,138,-,-,43.95,I,5,E,Y,4,0,1,2,A,-,12,21453,A,N,D,C,A,A,H,-,A,A,0,NA,NA,NA,NA,Y,NA,A,07,0,0,1,0,0,0,0,0,0,-,-,NA,NA,LOS ANGELES,PALMDALE,-118.12484221,34.57985792