CASE_ID,ACCIDENT_YEAR,PROC_DATE,JURIS,COLLISION_DATE,COLLISION_TIME,OFFICER_ID,REPORTING_DISTRICT,DAY_OF_WEEK,CHP_SHIFT,POPULATION,CNTY_CITY_LOC,SPECIAL_COND,BEAT_TYPE,CHP_BEAT_TYPE,CITY_DIVISION_LAPD,CHP_BEAT_CLASS,BEAT_NUMBER,PRIMARY_RD,SECONDARY_RD,DISTANCE,DIRECTION,INTERSECTION,WEATHER_1,WEATHER_2,STATE_HWY_IND,CALTRANS_COUNTY,CALTRANS_DISTRICT,STATE_ROUTE,ROUTE_SUFFIX,POSTMILE_PREFIX,POSTMILE,LOCATION_TYPE,RAMP_INTERSECTION,SIDE_OF_HWY,TOW_AWAY,COLLISION_SEVERITY,NUMBER_KILLED,NUMBER_INJURED,PARTY_COUNT,PRIMARY_COLL_FACTOR,PCF_CODE_OF_VIOL,PCF_VIOL_CATEGORY,PCF_VIOLATION,PCF_VIOL_SUBSECTION,HIT_AND_RUN,TYPE_OF_COLLISION,MVIW,PED_ACTION,ROAD_SURFACE,ROAD_COND_1,ROAD_COND_2,LIGHTING,CONTROL_DEVICE,CHP_ROAD_TYPE,PEDESTRIAN_ACCIDENT,BICYCLE_ACCIDENT,MOTORCYCLE_ACCIDENT,TRUCK_ACCIDENT,NOT_PRIVATE_PROPERTY,ALCOHOL_INVOLVED,STWD_VEHTYPE_AT_FAULT,CHP_VEHTYPE_AT_FAULT,COUNT_SEVERE_INJ,COUNT_VISIBLE_INJ,COUNT_COMPLAINT_PAIN,COUNT_PED_KILLED,COUNT_PED_INJURED,COUNT_BICYCLIST_KILLED,COUNT_BICYCLIST_INJURED,COUNT_MC_KILLED,COUNT_MC_INJURED,PRIMARY_RAMP,SECONDARY_RAMP,LATITUDE,LONGITUDE,COUNTY,CITY,POINT_X,POINT_Y
6580936,2014,2014-08-07,1942,2014-05-18,0400,41302,0311,7,5,7,1942,0,0,0,C,0,3A1,JEFFERSON,CLYDE AV,200,W,N,A,-,N,NA,NA,NA,NA,NA,NA,NA,NA,NA,Y,4,0,1,3,A,-,03,22350,NA,N,C,E,A,A,H,-,C,D,0,NA,NA,NA,NA,Y,NA,A,01,0,0,1,0,0,0,0,0,0,-,-,NA,NA,LOS ANGELES,LOS ANGELES,-118.3692555,34.02636505
6580937,2014,2016-04-16,1942,2014-05-14,0915,38310,0853,3,5,7,1942,0,0,0,H,0,8TL35,BELOIT AV,SANTA MONICA BL,91,N,N,A,-,Y,LA,7,2,-,-,3.631,I,6,W,N,4,0,1,2,A,-,09,21802,A,N,B,D,A,A,H,-,A,D,0,NA,NA,NA,NA,Y,NA,A,01,0,0,1,0,0,0,0,0,0,-,-,NA,NA,LOS ANGELES,LOS ANGELES,-118.44691013,34.04690914
6580938,2014,2014-08-07,1942,2014-05-23,1330,41330,0812,5,5,7,1942,0,0,0,H,0,8A1,SUNSET BL,BRISTOL CIR,0,NA,Y,A,-,N,NA,NA,NA,NA,NA,NA,NA,NA,NA,Y,3,0,2,2,A,-,09,21801,A,N,D,C,A,A,H,-,A,D,0,NA,NA,NA,NA,Y,NA,A,01,0,1,1,0,0,0,0,0,0,-,-,NA,NA,LOS ANGELES,LOS ANGELES,-118.48883005,34.05644004
6580940,2014,2014-08-07,1942,2014-05-11,1800,40377,0399,7,5,7,1942,0,0,0,C,0,3XL58,FIGUEROA ST,VERNON AV,165,N,N,A,-,N,NA,NA,NA,NA,NA,NA,NA,NA,NA,N,4,0,4,2,A,-,09,21804,A,N,D,C,A,A,H,-,A,D,0,NA,NA,NA,NA,Y,NA,A,01,0,0,4,0,0,0,0,0,0,-,-,NA,NA,LOS ANGELES,LOS ANGELES,-118.28273206,34.00420247
6580941,2014,2014-08-08,1942,2014-05-05,0935,36553,0882,1,5,7,1942,0,0,0,H,0,8TL35,OLYMPIC BL,CORINTH AV,0,NA,Y,A,-,N,NA,NA,NA,NA,NA,NA,NA,NA,NA,N,4,0,1,2,A,-,03,22350,NA,N,C,C,A,A,H,-,A,D,0,NA,NA,NA,NA,Y,NA,A,01,0,0,1,0,0,0,0,0,0,-,-,NA,NA,LOS ANGELES,LOS ANGELES,-118.44220005,34.03757003
6580942,2014,2014-08-07,1942,2014-05-29,1630,37966,0899,4,5,7,1942,0,0,0,H,0,8TL28,VENICE BL,NATIONAL BL,35,E,N,A,-,N,NA,NA,NA,NA,NA,NA,NA,NA,NA,Y,3,0,1,3,A,-,03,22350,NA,N,C,C,A,A,H,-,A,D,0,NA,NA,NA,NA,Y,NA,A,07,0,1,0,0,0,0,0,0,0,-,-,NA,NA,LOS ANGELES,LOS ANGELES,-118.38820355,34.02947261
6580944,2014,2014-08-07,1942,2014-05-09,2220,40950,0311,5,5,7,1942,0,0,0,C,0,3A1,ADAMS BL,HAUSER BL,0,NA,Y,A,-,N,NA,NA,NA,NA,NA,NA,NA,NA,NA,Y,3,0,3,3,A,-,09,21801,A,N,D,C,A,A,H,-,C,A,0,NA,NA,NA,NA,Y,NA,A,01,0,2,1,0,0,0,0,0,0,-,-,NA,NA,LOS ANGELES,LOS ANGELES,-118.36265011,34.03247009
6580945,2014,2016-04-26,1942,2014-05-09,1110,36553,0824,5,5,7,1942,0,0,0,H,0,8TL35,PACIFIC COAST HWY,ENTRADA DR,300,S,N,A,-,Y,LA,7,1,-,-,36.94,H,-,N,N,4,0,1,2,A,-,03,22350,NA,N,C,C,A,A,H,-,A,D,0,NA,NA,NA,NA,Y,NA,A,07,0,0,1,0,0,0,0,0,0,-,-,NA,NA,LOS ANGELES,LOS ANGELES,-118.51795579,34.0273677
6580946,2014,2014-08-07,1942,2014-05-15,1230,31255,2,4,5,7,1942,0,0,0,NA,0,001,WESTWOOD BL,WILSHIRE BL,50,N,N,A,-,N,NA,NA,NA,NA,NA,NA,NA,NA,NA,N,4,0,1,2,A,-,07,21658,A,N,B,C,A,A,H,-,A,D,0,NA,NA,NA,NA,Y,NA,A,01,0,0,1,0,0,0,0,0,0,-,-,NA,NA,LOS ANGELES,LOS ANGELES,-118.44402775,34.05888376
6580949,2014,2014-08-08,1942,2014-05-31,1315,40899,0849,6,5,7,1942,0,0,0,H,0,6T2,WOOSTER ST,GREGORY AV,295,S,N,A,-,N,NA,NA,NA,NA,NA,NA,NA,NA,NA,Y,4,0,1,3,A,-,09,21804,A,N,D,C,A,A,H,-,A,D,0,NA,NA,NA,NA,Y,NA,A,01,0,0,1,0,0,0,0,0,0,-,-,NA,NA,LOS ANGELES,LOS ANGELES,-118.38238813,34.0621109
6580950,2014,2015-09-28,1942,2014-05-06,1820,36589,886,2,5,7,1942,0,0,0,NA,0,6TL4,PICO BL,MOTOR AV,200,W,N,A,-,N,NA,NA,NA,NA,NA,NA,NA,NA,NA,N,4,0,2,3,A,-,03,22350,NA,F,C,C,A,A,H,-,A,D,0,NA,NA,NA,NA,Y,NA,-,99,0,0,2,0,0,0,0,0,0,-,-,NA,NA,LOS ANGELES,LOS ANGELES,-118.41119081,34.04971649
6580953,2014,2014-08-08,1942,2014-05-24,1730,36256,0814,6,5,7,1942,0,0,0,H,0,8A98,CHURCH LN,SUNSET BL,75,N,N,B,-,N,NA,NA,NA,NA,NA,NA,NA,NA,NA,N,4,0,1,4,A,-,03,22350,NA,N,C,C,A,A,H,-,A,A,0,NA,NA,NA,NA,Y,NA,A,01,0,0,1,0,0,0,0,0,0,-,-,NA,NA,LOS ANGELES,LOS ANGELES,-118.46759163,34.07258806
6580954,2014,2014-08-07,1942,2014-05-09,1510,36589,835,5,5,7,1942,0,0,0,NA,0,8TL28,SANTA MONICA BL,VETERAN AV,150,W,N,A,-,N,NA,NA,NA,NA,NA,NA,NA,NA,NA,N,4,0,1,2,A,-,-,NA,NA,N,B,C,A,A,H,-,A,D,0,NA,NA,Y,NA,Y,NA,C,02,0,0,1,0,0,0,0,0,1,-,-,NA,NA,LOS ANGELES,LOS ANGELES,-118.44059703,34.04878525
6580957,2014,2014-08-07,1942,2014-05-25,1315,31255,2038,7,5,7,1942,0,0,0,NA,0,20TL56,VERMONT AV,WILSHIRE BL,0,NA,Y,A,-,N,NA,NA,NA,NA,NA,NA,NA,NA,NA,Y,2,0,5,2,A,-,09,21801,A,N,D,C,A,A,H,-,A,A,0,NA,NA,NA,NA,Y,NA,A,07,1,3,1,0,0,0,0,0,0,-,-,NA,NA,LOS ANGELES,LOS ANGELES,-118.29168007,34.06180007
6580958,2014,2014-08-07,1942,2014-05-16,1440,39993,0885,5,5,7,1942,0,0,0,H,0,8TL28,PATRICIA AV,PICO BL,17,S,N,A,-,N,NA,NA,NA,NA,NA,NA,NA,NA,NA,N,3,0,2,3,A,-,08,22103,NA,N,D,D,A,A,H,-,A,D,0,NA,NA,NA,NA,Y,NA,A,01,0,1,1,0,0,0,0,0,0,-,-,NA,NA,LOS ANGELES,LOS ANGELES,-118.41901841,34.0451415
6580964,2014,2014-09-03,1941,2014-07-27,1409,10068,NA,7,5,7,1941,0,0,0,NA,0,NA,2ND ST,SORRENTO DR,0,NA,Y,A,-,N,NA,NA,NA,NA,NA,NA,NA,NA,NA,Y,4,0,1,2,A,-,-,NA,NA,N,D,C,A,A,H,-,A,A,0,NA,NA,Y,NA,Y,NA,C,NA,0,0,1,0,0,0,0,0,1,-,-,NA,NA,LOS ANGELES,LONG BEACH,-118.12844007,33.75795008
6580968,2014,2014-09-03,1941,2014-07-27,0926,10130,NA,7,5,7,1941,0,0,0,NA,0,NA,CHERRY AV,7TH ST,90,N,N,A,-,N,NA,NA,NA,NA,NA,NA,NA,NA,NA,Y,3,0,1,2,A,-,06,21750,NA,N,B,C,A,A,H,-,A,D,0,NA,NA,Y,NA,Y,NA,C,NA,0,1,0,0,0,0,0,0,1,-,-,NA,NA,LOS ANGELES,LONG BEACH,-118.167664,33.7756
6580972,2014,2014-09-03,1941,2014-07-27,1843,10056,NA,7,5,7,1941,0,0,0,NA,0,NA,JUNIPERO AV,14TH ST,0,NA,Y,A,-,N,NA,NA,NA,NA,NA,NA,NA,NA,NA,N,4,0,1,2,A,-,03,22350,NA,N,C,C,A,A,H,-,A,D,0,NA,NA,Y,NA,Y,NA,C,NA,0,0,1,0,0,0,0,0,1,-,-,NA,NA,LOS ANGELES,LONG BEACH,-118.16335013,33.78442007
6580976,2014,2015-03-09,1941,2014-08-28,0715,10538,NA,4,5,7,1941,0,0,0,NA,0,NA,N PARAMOUNT BL,E 68TH ST,0,NA,Y,A,-,N,NA,NA,NA,NA,NA,NA,NA,NA,NA,Y,3,0,3,2,D,-,00,NA,NA,N,-,C,A,A,H,-,A,A,0,NA,NA,NA,NA,Y,NA,-,-,0,1,2,0,0,0,0,0,0,-,-,NA,NA,LOS ANGELES,LONG BEACH,-118.16003004,33.87831007
6580980,2014,2016-01-12,1941,2014-07-28,1917,5795,NA,1,5,7,1941,0,0,0,NA,0,NA,GARDENIA AV,8TH ST,150,S,N,A,-,N,NA,NA,NA,NA,NA,NA,NA,NA,NA,N,4,0,1,2,A,-,09,21800,A,N,B,G,A,A,H,-,B,D,0,NA,Y,NA,NA,Y,NA,L,NA,0,0,1,0,0,0,1,0,0,-,-,NA,NA,LOS ANGELES,LONG BEACH,-118.16878,33.77673866
6581000,2014,2016-06-09,1976,2014-07-30,1147,429,NA,3,5,5,1976,0,0,0,NA,0,002,WHITTIER BL,PAINTER AV,40,W,N,A,-,Y,LA,7,72,-,-,3.66,H,-,S,Y,3,0,1,2,A,-,03,22350,NA,N,C,C,A,A,H,-,A,A,0,NA,NA,Y,NA,Y,NA,A,01,0,1,0,0,0,0,0,0,1,-,-,NA,NA,LOS ANGELES,WHITTIER,-118.03288443,33.96316704
6581015,2014,2014-09-02,1900,2014-07-18,1836,10198,NA,5,5,5,1952,0,0,0,NA,0,PATROL,GARFIELD AV,SOMERSET RANCH RD,0,NA,Y,A,-,N,NA,NA,NA,NA,NA,NA,NA,NA,NA,Y,4,0,1,2,A,-,12,21453,A,N,D,C,A,A,H,-,A,A,0,NA,NA,NA,NA,Y,NA,A,07,0,0,1,0,0,0,0,0,0,-,-,NA,NA,LOS ANGELES,PARAMOUNT,-118.16891003,33.91050003
6581019,2014,2014-09-02,1969,2014-07-17,1453,10171,TRAFF,4,5,5,1969,0,0,0,NA,0,003,CALIFORNIA AV,TENAYA AV,0,NA,Y,A,-,N,NA,NA,NA,NA,NA,NA,NA,NA,NA,Y,3,0,2,2,A,-,09,21801,A,N,D,C,A,A,H,-,A,D,0,NA,NA,NA,NA,Y,NA,A,07,0,1,1,0,0,0,0,0,0,-,-,NA,NA,LOS ANGELES,SOUTH GATE,-118.20816011,33.93909002
6581023,2014,2014-09-02,1969,2014-07-07,1823,10100,PATRO,1,5,5,1969,0,0,0,NA,0,003,TWEEDY BL,MALLISON AV,0,NA,Y,A,-,N,NA,NA,NA,NA,NA,NA,NA,NA,NA,N,4,0,1,2,A,-,09,21801,A,N,A,C,A,A,H,-,A,D,0,NA,NA,NA,NA,Y,NA,A,01,0,0,1,0,0,0,0,0,0,-,-,NA,NA,LOS ANGELES,SOUTH GATE,-118.19874011,33.94345001
6581027,2014,2014-09-02,1969,2014-07-16,2126,10059,PATRO,3,5,5,1969,0,0,0,NA,0,004,WASHINGTON AV,TENAYA AV,21,W,N,A,-,N,NA,NA,NA,NA,NA,NA,NA,NA,NA,Y,3,0,2,2,A,-,08,22107,NA,N,B,A,A,A,H,-,C,D,0,NA,NA,NA,NA,Y,Y,A,01,0,1,1,0,0,0,0,0,0,-,-,NA,NA,LOS ANGELES,SOUTH GATE,-118.18744,33.93684
6581031,2014,2014-09-02,1969,2014-07-11,2250,10182,PATRO,5,5,5,1969,0,0,0,NA,0,004,MISSOURI AV,BRYSON AV,0,NA,Y,A,-,N,NA,NA,NA,NA,NA,NA,NA,NA,NA,N,3,0,1,2,A,-,12,22450,A,F,D,G,A,A,H,-,C,A,0,NA,Y,NA,NA,Y,NA,A,01,0,1,0,0,0,0,1,0,0,-,-,NA,NA,LOS ANGELES,SOUTH GATE,-118.19317004,33.94506009
6581035,2014,2014-09-02,1969,2014-07-09,1913,10182,PATRO,3,5,5,1969,0,0,0,NA,0,005,GARFIELD AV,FIRESTONE BL,10,N,N,A,-,N,NA,NA,NA,NA,NA,NA,NA,NA,NA,Y,4,0,1,2,A,-,03,22350,NA,N,C,C,A,A,H,-,A,A,0,NA,NA,NA,NA,Y,NA,A,07,0,0,1,0,0,0,0,0,0,-,-,NA,NA,LOS ANGELES,SOUTH GATE,-118.16524171,33.94911654
6581039,2014,2014-09-08,1969,2014-07-09,1731,10186,PATRO,3,5,5,1969,0,0,0,NA,0,002,LONG BEACH BL,SOUTHERN AV,0,NA,Y,A,-,N,NA,NA,NA,NA,NA,NA,NA,NA,NA,N,3,0,1,2,A,-,09,21801,A,F,B,G,A,-,A,H,A,A,0,NA,Y,NA,NA,Y,NA,A,07,0,1,0,0,0,0,1,0,0,-,-,NA,NA,LOS ANGELES,SOUTH GATE,-118.21834,33.9523601
6581095,2014,2014-09-02,1942,2014-07-21,1100,34216,1028,1,5,7,1942,0,0,0,J,0,10X28,WOODLEY,VICTORY,0,NA,Y,A,-,N,NA,NA,NA,NA,NA,NA,NA,NA,NA,N,4,0,1,2,A,-,10,21950,A,F,G,B,B,A,H,-,A,A,0,Y,NA,NA,NA,Y,Y,-,99,0,0,1,0,1,0,0,0,0,-,-,NA,NA,LOS ANGELES,LOS ANGELES,-118.48365001,34.18662001
6581103,2014,2014-09-02,1942,2014-07-09,1330,39746,0749,3,5,7,1942,0,0,0,G,0,8T35,WILSHIRE BL,WINDSOR BL,75,E,N,A,-,N,NA,NA,NA,NA,NA,NA,NA,NA,NA,N,4,0,1,2,A,-,04,21703,NA,N,C,C,A,A,D,-,A,D,0,NA,NA,NA,NA,Y,NA,A,01,0,0,1,0,0,0,0,0,0,-,-,NA,NA,LOS ANGELES,LOS ANGELES,-118.32118294,34.06175426
6581107,2014,2014-09-02,1942,2014-07-07,1900,36530,0727,1,5,7,1942,0,0,0,G,0,20T59,HIGHLAND AV,2ND ST,33,N,N,A,-,N,NA,NA,NA,NA,NA,NA,NA,NA,NA,N,4,0,2,3,A,-,03,22350,NA,N,C,C,A,A,H,-,A,D,0,NA,NA,NA,NA,Y,NA,A,07,0,0,2,0,0,0,0,0,0,-,-,NA,NA,LOS ANGELES,LOS ANGELES,-118.338638,34.07114
6581111,2014,2014-09-02,1942,2014-07-05,1645,37966,0701,6,5,7,1942,0,0,0,G,0,6TL2,MELROSE AV,KILKEA DR,0,NA,Y,A,-,N,NA,NA,NA,NA,NA,NA,NA,NA,NA,Y,4,0,2,2,A,-,09,21801,A,N,D,C,A,A,H,-,A,D,0,NA,NA,NA,NA,Y,NA,A,07,0,0,2,0,0,0,0,0,0,-,-,NA,NA,LOS ANGELES,LOS ANGELES,-118.36695009,34.08373012
6581115,2014,2014-09-02,1942,2014-07-03,1515,37538,0723,4,5,7,1942,0,0,0,G,0,7X52,CRESCENT HEIGHTS,BEVERLY BL,125,S,N,A,-,N,NA,NA,NA,NA,NA,NA,NA,NA,NA,Y,3,0,1,2,A,-,09,21804,A,N,D,C,A,A,H,-,A,D,0,NA,NA,NA,NA,Y,NA,A,07,0,1,0,0,0,0,0,0,0,-,-,NA,NA,LOS ANGELES,LOS ANGELES,-118.36587,34.07574716
6581119,2014,2014-09-02,1942,2014-07-02,2000,41166,0784,3,5,7,1942,0,0,0,G,0,7A1,WASHINGTON BL,ORANGE DR,0,NA,Y,A,-,N,NA,NA,NA,NA,NA,NA,NA,NA,NA,N,4,0,1,2,A,-,09,21802,A,N,D,C,A,A,H,-,C,D,0,NA,NA,NA,NA,Y,NA,A,01,0,0,1,0,0,0,0,0,0,-,-,NA,NA,LOS ANGELES,LOS ANGELES,-118.34969011,34.04081001
6581193,2014,2014-08-14,1909,2014-07-25,1926,560,1909,5,5,4,1909,0,0,0,NA,0,NORTH,EASTERN AV,LUBEC ST,93,N,N,A,-,N,NA,NA,NA,NA,NA,NA,NA,NA,NA,Y,3,0,3,3,A,-,01,23153,A,N,C,C,A,A,H,-,A,A,0,NA,NA,NA,Y,Y,Y,F,NA,0,1,2,0,0,0,0,0,0,-,-,NA,NA,LOS ANGELES,BELL GARDENS,-118.16427166,33.97181302
6581202,2014,2014-09-02,1942,2014-07-01,0940,39546,0881,2,5,7,1942,0,0,0,H,0,6T7W2,BUNDY DR,TENNESSEE AV,0,NA,Y,A,-,N,NA,NA,NA,NA,NA,NA,NA,NA,NA,N,4,0,1,2,A,-,-,NA,NA,N,D,C,A,A,H,-,A,D,0,NA,NA,Y,NA,Y,NA,C,02,0,0,1,0,0,0,0,0,1,-,-,NA,NA,LOS ANGELES,LOS ANGELES,-118.45182013,34.03079004
6581206,2014,2014-08-28,1942,2014-07-03,1535,41324,0859,4,5,7,1942,0,0,0,H,0,8A49,LA CIENEGA BL,CASHIO,0,NA,Y,A,-,N,NA,NA,NA,NA,NA,NA,NA,NA,NA,Y,3,0,1,4,A,-,09,21801,A,N,D,B,F,A,H,-,A,A,0,Y,NA,NA,NA,Y,NA,A,01,0,1,0,0,1,0,0,0,0,-,-,NA,NA,LOS ANGELES,LOS ANGELES,-118.37616008,34.05071009
6581209,2014,2014-08-28,1942,2014-07-24,1430,38033,1913,4,5,7,1942,0,0,0,NA,0,19TL72,SAN FERNANDO RD,ROXFORD ST,10,S,N,A,-,N,NA,NA,NA,NA,NA,NA,NA,NA,NA,N,3,0,1,2,A,-,09,21801,A,F,B,G,A,A,H,-,A,A,0,NA,Y,NA,NA,Y,Y,-,99,0,1,0,0,0,0,1,0,0,-,-,NA,NA,LOS ANGELES,LOS ANGELES,-118.4731762,34.30997096
6581210,2014,2014-08-28,1942,2014-07-08,1400,37700,0885,2,5,7,1942,0,0,0,H,0,14TL52,MANNING AV,PICO BL,8,S,N,A,-,N,NA,NA,NA,NA,NA,NA,NA,NA,NA,N,4,0,1,2,A,-,09,21804,A,N,B,C,A,A,H,-,A,D,0,NA,NA,NA,NA,Y,NA,A,08,0,0,1,0,0,0,0,0,0,-,-,NA,NA,LOS ANGELES,LOS ANGELES,-118.42284495,34.04295199
6581214,2014,2014-08-28,1942,2014-07-02,1630,40899,7T38,3,5,7,1942,0,0,0,NA,0,0819,MAPLETON DR,PARKWOOD DR,150,E,N,A,-,N,NA,NA,NA,NA,NA,NA,NA,NA,NA,Y,3,0,2,2,A,-,06,21751,NA,N,A,C,A,A,H,-,A,D,0,NA,NA,NA,NA,Y,NA,A,01,0,1,1,0,0,0,0,0,0,-,-,NA,NA,LOS ANGELES,LOS ANGELES,-118.4345,34.08487
6581218,2014,2014-08-28,1942,2014-07-08,2150,40157,0809,2,5,7,1942,0,0,0,H,0,6T7,COLDWATER CANYON DR,ARROWOOD DR,67,N,N,A,-,N,NA,NA,NA,NA,NA,NA,NA,NA,NA,Y,3,0,1,2,A,-,03,22350,NA,N,C,E,A,A,H,-,C,D,0,NA,NA,NA,NA,Y,NA,A,01,0,1,0,0,0,0,0,0,0,-,-,NA,NA,LOS ANGELES,LOS ANGELES,-118.40549,34.10703377
6581222,2014,2014-08-28,1942,2014-07-03,1300,37416,0855,4,5,7,1942,0,0,0,H,0,8TL26,OHIO AV,KELTON AV,17,E,N,A,-,N,NA,NA,NA,NA,NA,NA,NA,NA,NA,Y,3,0,1,2,A,-,09,21802,C,N,D,C,A,A,H,-,A,A,0,NA,NA,NA,NA,Y,NA,A,01,0,1,0,0,0,0,0,0,0,-,-,NA,NA,LOS ANGELES,LOS ANGELES,-118.44230528,34.05309809
6581226,2014,2016-01-12,1942,2014-07-03,1900,36255,0833,4,5,7,1942,0,0,0,H,0,14A1,WESTWOOD BL,ROCHESTER AV,0,NA,Y,A,-,N,NA,NA,NA,NA,NA,NA,NA,NA,NA,NA,4,0,1,2,A,-,10,21950,A,N,G,B,B,A,-,-,A,A,0,Y,NA,NA,NA,Y,NA,A,01,0,0,1,0,1,0,0,0,0,-,-,NA,NA,LOS ANGELES,LOS ANGELES,-118.44231004,34.05618011
6581230,2014,2014-08-28,1942,2014-07-20,1245,26319,1705,7,5,7,1942,0,0,0,Q,0,19TL74,SAN FERNANDO RD,SUNSHINE CANYON RD,250,N,N,A,-,N,NA,NA,NA,NA,NA,NA,NA,NA,NA,Y,2,0,3,1,A,-,03,22350,NA,N,E,I,A,A,H,-,A,A,0,NA,NA,NA,NA,Y,Y,A,07,3,0,0,0,0,0,0,0,0,-,-,NA,NA,LOS ANGELES,LOS ANGELES,-118.50340941,34.32418424
6581234,2014,2014-08-28,1942,2014-07-07,1415,24517,0889,1,5,7,1942,0,0,0,H,0,7TL38,HOLT AV,18TH ST,0,NA,Y,A,-,N,NA,NA,NA,NA,NA,NA,NA,NA,NA,Y,4,0,1,2,A,-,09,21802,A,F,D,C,A,-,H,-,A,A,0,NA,NA,NA,NA,Y,NA,A,01,0,0,1,0,0,0,0,0,0,-,-,NA,NA,LOS ANGELES,LOS ANGELES,-118.38001012,34.04515005
6581238,2014,2014-08-28,1942,2014-07-08,0900,33191,882,2,5,7,1942,0,0,0,NA,0,14TL47,COLBY AV,GATEWAY BL,0,NA,Y,A,-,N,NA,NA,NA,NA,NA,NA,NA,NA,NA,Y,3,0,3,2,A,-,09,21802,A,N,D,C,A,A,H,-,A,A,0,NA,NA,NA,NA,Y,NA,A,08,0,1,2,0,0,0,0,0,0,-,-,NA,NA,LOS ANGELES,LOS ANGELES,-118.44191007,34.03282009
6581242,2014,2014-08-28,1942,2014-07-05,0155,39217,1035,6,5,7,1942,0,0,0,J,0,17TL12,VANOWEN ST,ZELZAH AV,191,W,N,A,-,N,NA,NA,NA,NA,NA,NA,NA,NA,NA,N,3,0,1,2,A,-,01,23152,F,N,C,E,A,A,H,-,D,D,0,NA,NA,NA,NA,Y,NA,A,01,0,1,0,0,0,0,0,0,0,-,-,NA,NA,LOS ANGELES,LOS ANGELES,-118.52359035,34.19387793
6581246,2014,2014-08-27,1942,2014-07-22,1930,38996,1006,2,5,7,1942,0,0,0,J,0,9T56,STRATHERN ST,WHITE OAK AV,110,E,N,A,-,N,NA,NA,NA,NA,NA,NA,NA,NA,NA,Y,4,0,1,3,A,-,01,23152,A,M,C,E,A,A,H,-,A,D,0,NA,NA,NA,NA,Y,Y,A,01,0,0,1,0,0,0,0,0,0,-,-,NA,NA,LOS ANGELES,LOS ANGELES,-118.51823678,34.21566
6581250,2014,2014-08-28,1942,2014-07-04,1740,24517,0893,5,5,7,1942,0,0,0,H,0,7TL38,EXPOSITION BL,SEPULVEDA BL,295,W,N,A,-,N,NA,NA,NA,NA,NA,NA,NA,NA,NA,Y,4,0,1,2,A,-,06,21750,NA,N,B,E,A,A,H,-,A,D,0,NA,NA,NA,NA,Y,NA,A,07,0,0,1,0,0,0,0,0,0,-,-,NA,NA,LOS ANGELES,LOS ANGELES,-118.43510869,34.03504685
6581251,2014,2014-09-02,1942,2014-07-02,2235,39635,0931,3,5,7,1942,0,0,0,I,0,21T65,VICTORY BL,ERWIN ST,0,NA,Y,A,-,N,NA,NA,NA,NA,NA,NA,NA,NA,NA,Y,3,0,1,2,A,-,01,23152,A,N,D,C,A,A,H,-,C,A,0,NA,NA,NA,NA,Y,Y,A,01,0,1,0,0,0,0,0,0,0,-,-,NA,NA,LOS ANGELES,LOS ANGELES,NA,NA
6581254,2014,2014-08-28,1942,2014-07-04,1030,38310,0811,5,5,7,1942,0,0,0,H,0,8TL35,PALISADES DR,SUNSET BL,400,N,N,A,-,N,NA,NA,NA,NA,NA,NA,NA,NA,NA,N,4,0,1,2,A,-,09,21804,A,N,D,C,A,A,H,-,A,D,0,NA,NA,NA,NA,Y,NA,A,01,0,0,1,0,0,0,0,0,0,-,-,NA,NA,LOS ANGELES,LOS ANGELES,-118.55210595,34.04548103
6581258,2014,2014-08-28,1942,2014-07-23,1920,40119,1023,3,5,7,1942,0,0,0,J,0,10T35,SHERMAN WAY,VANALDEN AV,59,E,N,A,-,N,NA,NA,NA,NA,NA,NA,NA,NA,NA,N,3,0,1,2,A,-,08,22100,A,F,B,C,A,A,H,-,A,D,0,NA,NA,Y,NA,Y,NA,-,99,0,1,0,0,0,0,0,0,1,-,-,NA,NA,LOS ANGELES,LOS ANGELES,-118.54893523,34.20102776
6581259,2014,2014-09-02,1942,2014-07-05,1920,31652,0904,6,5,7,1942,0,0,0,I,0,19T73,SEPULVEDA BL,VALERIO ST,0,NA,Y,A,-,N,NA,NA,NA,NA,NA,NA,NA,NA,NA,Y,4,0,2,2,A,-,01,23152,A,N,D,C,A,A,H,-,A,A,0,NA,NA,NA,NA,Y,Y,A,07,0,0,2,0,0,0,0,0,0,-,-,NA,NA,LOS ANGELES,LOS ANGELES,-118.46621011,34.20484011
6581262,2014,2014-08-28,1942,2014-07-21,1720,33294,1995,1,5,7,1942,0,0,0,NA,0,35M74,TOBIAS AV,PARTHENIA ST,300,N,N,A,-,N,NA,NA,NA,NA,NA,NA,NA,NA,NA,N,3,0,1,2,A,-,06,21750,NA,F,B,G,A,A,H,-,A,A,0,NA,Y,NA,NA,Y,NA,-,99,0,1,0,0,0,0,1,0,0,-,-,NA,NA,LOS ANGELES,LOS ANGELES,-118.45168,34.22883288
6581263,2014,2014-09-02,1942,2014-07-17,2315,27792,0914,4,5,7,1942,0,0,0,I,0,10T35W,VANOWEN ST,CEDROS AV,536,W,N,A,-,N,NA,NA,NA,NA,NA,NA,NA,NA,NA,Y,3,0,3,2,A,-,01,23152,A,N,A,C,A,A,H,-,C,A,0,NA,NA,NA,NA,Y,NA,A,01,0,1,2,0,0,0,0,0,0,-,-,NA,NA,LOS ANGELES,LOS ANGELES,-118.45488923,34.1939374
6581266,2014,2014-08-28,1942,2014-07-03,1430,41502,0881,4,5,7,1942,0,0,0,H,0,8XU8,MISSOURI AV,BARRINGTON AV,0,NA,Y,A,-,N,NA,NA,NA,NA,NA,NA,NA,NA,NA,Y,3,0,1,2,A,-,08,22101,D,N,D,C,A,A,H,-,A,D,0,NA,NA,NA,NA,Y,NA,-,NA,0,1,0,0,0,0,0,0,0,-,-,NA,NA,LOS ANGELES,LOS ANGELES,-118.45160012,34.03857008