CASE_ID,ACCIDENT_YEAR,PROC_DATE,JURIS,COLLISION_DATE,COLLISION_TIME,OFFICER_ID,REPORTING_DISTRICT,DAY_OF_WEEK,CHP_SHIFT,POPULATION,CNTY_CITY_LOC,SPECIAL_COND,BEAT_TYPE,CHP_BEAT_TYPE,CITY_DIVISION_LAPD,CHP_BEAT_CLASS,BEAT_NUMBER,PRIMARY_RD,SECONDARY_RD,DISTANCE,DIRECTION,INTERSECTION,WEATHER_1,WEATHER_2,STATE_HWY_IND,CALTRANS_COUNTY,CALTRANS_DISTRICT,STATE_ROUTE,ROUTE_SUFFIX,POSTMILE_PREFIX,POSTMILE,LOCATION_TYPE,RAMP_INTERSECTION,SIDE_OF_HWY,TOW_AWAY,COLLISION_SEVERITY,NUMBER_KILLED,NUMBER_INJURED,PARTY_COUNT,PRIMARY_COLL_FACTOR,PCF_CODE_OF_VIOL,PCF_VIOL_CATEGORY,PCF_VIOLATION,PCF_VIOL_SUBSECTION,HIT_AND_RUN,TYPE_OF_COLLISION,MVIW,PED_ACTION,ROAD_SURFACE,ROAD_COND_1,ROAD_COND_2,LIGHTING,CONTROL_DEVICE,CHP_ROAD_TYPE,PEDESTRIAN_ACCIDENT,BICYCLE_ACCIDENT,MOTORCYCLE_ACCIDENT,TRUCK_ACCIDENT,NOT_PRIVATE_PROPERTY,ALCOHOL_INVOLVED,STWD_VEHTYPE_AT_FAULT,CHP_VEHTYPE_AT_FAULT,COUNT_SEVERE_INJ,COUNT_VISIBLE_INJ,COUNT_COMPLAINT_PAIN,COUNT_PED_KILLED,COUNT_PED_INJURED,COUNT_BICYCLIST_KILLED,COUNT_BICYCLIST_INJURED,COUNT_MC_KILLED,COUNT_MC_INJURED,PRIMARY_RAMP,SECONDARY_RAMP,LATITUDE,LONGITUDE,COUNTY,CITY,POINT_X,POINT_Y
6581270,2014,2014-08-28,1942,2014-07-05,1110,40605,0853,6,5,7,1942,0,0,0,H,0,6TL7,FEDERAL AV,SANTA MONICA BL,50,S,N,A,-,N,NA,NA,NA,NA,NA,NA,NA,NA,NA,Y,3,0,3,2,A,-,09,21804,A,N,D,C,A,A,H,-,A,D,0,NA,NA,NA,NA,Y,NA,A,01,0,1,2,0,0,0,0,0,0,-,-,NA,NA,LOS ANGELES,LOS ANGELES,-118.45390247,34.04453946
6581271,2014,2014-09-02,1942,2014-07-03,1310,35391,1675,4,5,7,1942,0,0,0,P,0,35M62,GLEN OAKS BL,TUXFORD ST,198,N,N,A,-,N,NA,NA,NA,NA,NA,NA,NA,NA,NA,N,4,0,1,2,A,-,03,22350,NA,N,C,C,A,A,H,-,A,A,0,NA,NA,NA,NA,Y,NA,-,NA,0,0,1,0,0,0,0,0,0,-,-,NA,NA,LOS ANGELES,LOS ANGELES,-118.37177876,34.23489998
6581274,2014,2014-08-28,1942,2014-07-04,1200,38310,0806,5,5,7,1942,0,0,0,H,0,8TL35,SUNSET BL,LADERA DR,90,W,N,A,-,N,NA,NA,NA,NA,NA,NA,NA,NA,NA,N,3,0,1,1,A,-,03,22350,NA,N,E,I,A,A,H,-,A,D,0,NA,NA,Y,NA,Y,NA,C,02,0,1,0,0,0,0,0,0,1,-,-,NA,NA,LOS ANGELES,LOS ANGELES,-118.42299,34.07988
6581275,2014,2014-09-02,1942,2014-07-23,1715,39477,0911,3,5,7,1942,0,0,0,I,0,35Z202,VANOWEN ST,SEPULVEDA BL,55,W,N,A,-,N,NA,NA,NA,NA,NA,NA,NA,NA,NA,Y,3,0,2,2,A,-,04,21703,NA,N,C,C,A,A,H,-,A,D,0,NA,NA,NA,NA,Y,NA,A,01,0,1,1,0,0,0,0,0,0,-,-,NA,NA,LOS ANGELES,LOS ANGELES,-118.46636155,34.19392
6581278,2014,2014-08-28,1942,2014-07-03,0045,38380,0818,4,5,7,1942,0,0,0,H,0,6T7,SUNSET BL,MARYMOUNT PL,45,E,N,A,-,N,NA,NA,NA,NA,NA,NA,NA,NA,NA,Y,4,0,1,1,A,-,03,22350,NA,N,E,I,A,A,H,-,C,A,0,NA,NA,NA,NA,Y,NA,A,01,0,0,1,0,0,0,0,0,0,-,-,NA,NA,LOS ANGELES,LOS ANGELES,-118.4441692,34.07680207
6581279,2014,2014-09-02,1942,2014-07-19,0830,40207,1988,6,5,7,1942,0,0,0,NA,0,16T23,BRANFORD ST,DORRINGTON AV,0,NA,Y,A,-,N,NA,NA,NA,NA,NA,NA,NA,NA,NA,Y,3,0,1,2,A,-,09,21801,A,F,D,C,A,A,H,-,A,A,0,NA,NA,NA,NA,Y,NA,A,07,0,1,0,0,0,0,0,0,0,-,-,NA,NA,LOS ANGELES,LOS ANGELES,-118.42965013,34.22893006
6581281,2014,2014-08-07,1907,2014-06-10,1445,191,1907,2,5,4,1907,0,0,0,NA,0,NA,ATLANTIC AV,BELL AV,16,S,N,A,-,N,NA,NA,NA,NA,NA,NA,NA,NA,NA,N,4,0,1,2,A,-,03,22350,NA,N,C,C,A,A,H,-,A,B,0,NA,NA,NA,NA,Y,NA,A,07,0,0,1,0,0,0,0,0,0,-,-,NA,NA,LOS ANGELES,BELL,-118.18759569,33.97437638
6581282,2014,2014-08-07,1942,2014-06-24,1800,41439,0828,2,5,7,1942,0,0,0,H,0,8A29,WESTHOLME AV,LINDBROOK DR,0,NA,Y,A,-,N,NA,NA,NA,NA,NA,NA,NA,NA,NA,N,3,0,1,2,A,-,12,22450,A,N,B,G,A,A,H,-,A,A,0,NA,Y,NA,NA,Y,NA,L,04,0,1,0,0,0,0,1,0,0,-,-,NA,NA,LOS ANGELES,LOS ANGELES,-118.4342801,34.0626601
6581283,2014,2014-08-27,1942,2014-06-16,2053,41466,1776,1,5,7,1942,0,0,0,Q,0,17A35,BALBOA BL,PRAIRIE ST,528,N,N,A,-,N,NA,NA,NA,NA,NA,NA,NA,NA,NA,Y,4,0,2,2,A,-,03,22350,NA,N,C,C,A,A,H,-,C,D,0,NA,NA,NA,NA,Y,NA,A,01,0,0,2,0,0,0,0,0,0,-,-,NA,NA,LOS ANGELES,LOS ANGELES,-118.50247752,34.24086832
6581285,2014,2014-08-07,1907,2014-06-09,1730,206,1,1,5,4,1907,0,0,0,NA,0,23P,GAGE AV,PINE AV,72,E,N,A,-,N,NA,NA,NA,NA,NA,NA,NA,NA,NA,Y,4,0,1,2,A,-,08,22107,NA,N,B,C,A,A,H,-,A,B,0,NA,NA,NA,NA,Y,NA,A,01,0,0,1,0,0,0,0,0,0,-,-,NA,NA,LOS ANGELES,BELL,-118.1888758,33.97822
6581286,2014,2014-08-07,1942,2014-06-09,1845,31255,0812,1,5,7,1942,0,0,0,H,0,7TL72,SUNSET BL,BURLINGAME AV,0,NA,Y,B,-,N,NA,NA,NA,NA,NA,NA,NA,NA,NA,Y,3,0,1,2,A,-,09,21801,A,N,D,C,A,A,H,-,A,A,0,NA,NA,Y,NA,Y,NA,A,01,0,1,0,0,0,0,0,0,1,-,-,NA,NA,LOS ANGELES,LOS ANGELES,-118.49144009,34.05676005
6581287,2014,2014-08-27,1942,2014-06-18,1515,40972,1728,3,5,7,1942,0,0,0,Q,0,19T74,SAN FERNANDO MISSION BL,ETIWANDA AV,0,NA,Y,A,-,N,NA,NA,NA,NA,NA,NA,NA,NA,NA,Y,4,0,1,2,A,-,08,22103,NA,N,D,C,A,A,H,-,A,A,0,NA,NA,NA,NA,Y,NA,A,07,0,0,1,0,0,0,0,0,0,-,-,NA,NA,LOS ANGELES,LOS ANGELES,-118.53169009,34.27176007
6581289,2014,2014-08-07,1942,2014-06-20,1515,37966,0851,5,5,7,1942,0,0,0,H,0,14TL52,SANTA MONICA BL,SALTAIR AV,0,NA,Y,A,-,N,NA,NA,NA,NA,NA,NA,NA,NA,NA,Y,3,0,1,2,A,-,09,21801,B,N,D,C,A,A,H,-,A,D,0,NA,NA,Y,NA,Y,NA,C,02,0,1,0,0,0,0,0,0,1,-,-,NA,NA,LOS ANGELES,LOS ANGELES,-118.46236001,34.0409501
6581290,2014,2014-12-24,1942,2014-06-20,1640,R2911,1446,5,5,7,1942,0,0,0,N,0,8X28W7,WASHINGTON PL,INGLEWOOD BL,0,NA,Y,A,-,N,NA,NA,NA,NA,NA,NA,NA,NA,NA,Y,3,0,2,2,A,-,09,21801,A,N,D,C,A,A,H,-,A,A,0,NA,NA,NA,NA,Y,NA,A,01,0,1,1,0,0,0,0,0,0,-,-,NA,NA,LOS ANGELES,LOS ANGELES,-118.42553004,34.00190004
6581291,2014,2014-08-27,1942,2014-06-20,1330,38033,1775,5,5,7,1942,0,0,0,Q,0,19TL72,BALBOA BL,TUPPER ST,0,NA,Y,A,-,N,NA,NA,NA,NA,NA,NA,NA,NA,NA,Y,4,0,2,2,A,-,12,21453,A,N,D,C,A,A,H,-,A,A,0,NA,NA,NA,NA,Y,NA,A,01,0,0,2,0,0,0,0,0,0,-,-,NA,NA,LOS ANGELES,LOS ANGELES,-118.50248006,34.23942003
6581293,2014,2014-08-07,1942,2014-06-17,0805,40164,872,2,5,7,1942,0,0,0,NA,0,8TL35,PACIFIC COAST HWY,SUNSET BL,200,S,N,B,-,N,NA,NA,NA,NA,NA,NA,NA,NA,NA,N,4,0,1,3,A,-,03,22350,NA,N,C,C,A,A,H,-,A,D,0,NA,NA,NA,NA,Y,NA,A,01,0,0,1,0,0,0,0,0,0,-,-,NA,NA,LOS ANGELES,LOS ANGELES,-118.55563,34.03849
6581294,2014,2014-08-07,1942,2014-06-24,1100,41326,0834,2,5,7,1942,0,0,0,H,0,14XL56,WILSHIRE BL,MALCOLM AV,0,NA,Y,A,-,N,NA,NA,NA,NA,NA,NA,NA,NA,NA,Y,3,0,1,3,A,-,09,21801,A,N,A,D,A,A,H,-,A,D,0,NA,NA,NA,NA,Y,NA,A,01,0,1,0,0,0,0,0,0,0,-,-,NA,NA,LOS ANGELES,LOS ANGELES,-118.43976009,34.05990001
6581295,2014,2014-08-27,1942,2014-06-20,1820,38017,1781,5,5,7,1942,0,0,0,Q,0,16TL24,DE SOTO AV,OSBORNE ST,350,NA,N,A,-,N,NA,NA,NA,NA,NA,NA,NA,NA,NA,N,3,0,3,2,A,-,03,22350,NA,N,C,C,A,A,H,-,A,D,0,NA,NA,NA,NA,Y,Y,A,01,0,2,1,0,0,0,0,0,0,-,-,NA,NA,LOS ANGELES,LOS ANGELES,-118.58856013,34.23305008
6581297,2014,2014-08-07,1907,2014-06-04,1305,191,1,3,5,4,1907,0,0,0,NA,0,NA,OTIS AV,RANDOLPH ST,0,NA,Y,A,-,N,NA,NA,NA,NA,NA,NA,NA,NA,NA,N,4,0,1,2,A,-,12,22450,A,N,D,G,A,A,H,-,A,B,0,NA,Y,NA,NA,Y,NA,A,01,0,0,1,0,0,0,1,0,0,-,-,NA,NA,LOS ANGELES,BELL,-118.19195013,33.98190008
6581298,2014,2014-08-07,1942,2014-06-23,1620,41287,0829,1,5,7,1942,0,0,0,H,0,8A14W7,BEVERLY GLEN BL,WILSHIRE BL,130,S,N,A,-,N,NA,NA,NA,NA,NA,NA,NA,NA,NA,Y,4,0,5,4,A,-,03,22350,NA,N,D,C,A,A,H,-,A,D,0,NA,NA,NA,NA,Y,NA,A,01,0,0,5,0,0,0,0,0,0,-,-,NA,NA,LOS ANGELES,LOS ANGELES,-118.42864432,34.06659189
6581299,2014,2014-08-27,1942,2014-06-18,2215,27792,1779,3,5,7,1942,0,0,0,Q,0,10T35,NORDHOFF ST,HASKELL AV,0,NA,Y,A,-,N,NA,NA,NA,NA,NA,NA,NA,NA,NA,Y,4,0,2,2,A,-,09,21801,A,N,D,C,A,A,H,-,C,A,0,NA,NA,NA,NA,Y,NA,A,01,0,0,2,0,0,0,0,0,0,-,-,NA,NA,LOS ANGELES,LOS ANGELES,-118.47634004,34.23557008
6581301,2014,2014-08-07,1942,2014-06-28,2305,25495,0884,6,5,7,1942,0,0,0,H,0,2305,OLYMPIC BL,WESTWOOD BL,26,E,N,A,-,N,NA,NA,NA,NA,NA,NA,NA,NA,NA,N,3,0,1,2,A,-,10,21950,A,N,G,B,B,A,H,-,C,A,0,Y,NA,NA,NA,Y,NA,A,01,0,1,0,0,1,0,0,0,0,-,-,NA,NA,LOS ANGELES,LOS ANGELES,-118.43167033,34.0439415
6581302,2014,2015-02-12,1942,2014-06-20,0515,41330,0804,5,5,7,1942,0,0,0,H,0,8A1,N SEPULVEDA BL,RT 405,70,N,N,A,-,Y,LA,7,405,-,-,34.653,R,4,S,Y,3,0,1,1,A,-,03,22350,NA,N,E,J,A,A,H,-,C,D,0,NA,NA,NA,NA,Y,NA,A,07,0,1,0,0,0,0,0,0,0,-,SO,NA,NA,LOS ANGELES,LOS ANGELES,-118.47631743,34.09477507
6581303,2014,2015-09-28,1942,2014-06-25,1205,38291,1757,3,5,7,1942,0,0,0,Q,0,17A1,HASKELL AV,SEPTO ST,0,NA,Y,A,-,N,NA,NA,NA,NA,NA,NA,NA,NA,NA,N,4,0,2,2,A,-,09,21801,A,N,D,C,A,A,H,-,A,D,0,NA,NA,NA,NA,Y,NA,-,NA,0,0,2,0,0,0,0,0,0,-,-,NA,NA,LOS ANGELES,LOS ANGELES,-118.47617001,34.25101004
6581305,2014,2014-08-09,1942,2014-06-27,1630,31573,0881,5,5,7,1942,0,0,0,H,0,34QM09,LA CIENEGA BL,SAWYER ST,0,NA,Y,A,-,N,NA,NA,NA,NA,NA,NA,NA,NA,NA,Y,3,0,1,2,A,-,09,21801,A,N,B,C,A,A,H,-,A,A,0,NA,NA,Y,NA,Y,NA,A,01,0,1,0,0,0,0,0,0,0,-,-,NA,NA,LOS ANGELES,LOS ANGELES,-118.37642007,34.04255011
6581306,2014,2014-08-09,1942,2014-06-14,1700,40215,0835,6,5,7,1942,0,0,0,H,0,8A1,SEPULVEDA BL,OLYMPIC,0,NA,Y,A,-,N,NA,NA,NA,NA,NA,NA,NA,NA,NA,Y,4,0,1,2,A,-,09,21800,D,N,D,C,A,A,H,-,A,B,0,NA,NA,NA,NA,Y,NA,-,-,0,0,1,0,0,0,0,0,0,-,-,NA,NA,LOS ANGELES,LOS ANGELES,-118.43792013,34.04022011
6581307,2014,2014-08-27,1942,2014-06-20,1420,38981,1761,5,5,7,1942,0,0,0,Q,0,17A23,TOPANGA CANYON BL,PRAIRIE ST,0,NA,Y,A,-,N,NA,NA,NA,NA,NA,NA,NA,NA,NA,Y,3,0,1,2,A,-,09,21801,A,N,D,C,A,A,-,-,A,D,0,NA,NA,NA,NA,Y,NA,-,NA,0,1,0,0,0,0,0,0,0,-,-,NA,NA,LOS ANGELES,LOS ANGELES,-118.60611003,34.2390901
6581308,2014,2014-08-27,1942,2014-06-24,1525,35391,1764,2,5,7,1942,0,0,0,Q,0,35M62,TAMPA AV,DEVONSHIRE ST,6,N,N,A,-,N,NA,NA,NA,NA,NA,NA,NA,NA,NA,Y,3,0,1,1,A,-,12,21453,A,N,E,I,A,A,H,-,A,A,0,NA,NA,NA,NA,Y,NA,A,01,0,1,0,0,0,0,0,0,0,-,-,NA,NA,LOS ANGELES,LOS ANGELES,-118.5536176,34.2572752
6581309,2014,2014-08-07,1942,2014-06-28,0945,30596,1963,6,5,7,1942,0,0,0,NA,0,17TL17,VAN NUYS BL,NOVICE ST,268,N,N,A,-,N,NA,NA,NA,NA,NA,NA,NA,NA,NA,N,4,0,1,2,A,-,04,21703,NA,F,C,C,A,A,H,-,A,D,0,NA,NA,NA,NA,Y,NA,-,99,0,0,1,0,0,0,0,0,0,-,-,NA,NA,LOS ANGELES,LOS ANGELES,-118.45025258,34.24438484
6581310,2014,2014-08-07,1942,2014-06-11,0905,41106,0881,3,5,7,1942,0,0,0,H,0,8A59,BARRINGTON AV,N MISSISSIPPI,5,S,N,A,-,N,NA,NA,NA,NA,NA,NA,NA,NA,NA,Y,4,0,1,2,A,-,12,21453,A,N,D,C,A,A,H,-,A,A,0,NA,NA,NA,NA,Y,NA,A,01,0,0,1,0,0,0,0,0,0,-,-,NA,NA,LOS ANGELES,LOS ANGELES,-118.4490305,34.0356188
6581311,2014,2014-08-27,1942,2014-06-11,1425,39096,1722,3,5,7,1942,0,0,0,Q,0,17TL16,TOPANGA CANYON BL,DEVONSHIRE ST,0,NA,Y,A,-,N,NA,NA,NA,NA,NA,NA,NA,NA,NA,Y,3,0,4,3,D,-,00,NA,NA,N,D,C,A,A,H,-,A,A,0,NA,NA,NA,NA,Y,NA,-,-,0,3,1,0,0,0,0,0,0,-,-,NA,NA,LOS ANGELES,LOS ANGELES,-118.60605007,34.25720011
6581312,2014,2015-09-25,1942,2014-06-25,1555,39971,1799,3,5,7,1942,0,0,0,Q,0,17TL14,ROSCOE BL,HASKELL AV,0,E,N,A,-,N,NA,NA,NA,NA,NA,NA,NA,NA,NA,Y,4,0,3,3,A,-,03,22350,NA,N,C,C,A,A,H,-,A,A,0,NA,NA,NA,NA,Y,NA,A,07,0,0,3,0,0,0,0,0,0,-,-,NA,NA,LOS ANGELES,LOS ANGELES,-118.4764601,34.22135001
6581313,2014,2014-08-07,1942,2014-06-21,0755,39724,1645,6,5,7,1942,0,0,0,P,0,16T23,GLENOAKS BL,GAIN ST,0,NA,Y,A,-,N,NA,NA,NA,NA,NA,NA,NA,NA,NA,Y,4,0,2,2,A,-,12,21453,A,N,D,C,A,A,H,-,A,A,0,NA,NA,NA,NA,Y,NA,A,08,0,0,2,0,0,0,0,0,0,-,-,NA,NA,LOS ANGELES,LOS ANGELES,-118.40691,34.26920006
6581314,2014,2014-08-07,1942,2014-06-12,1155,37966,0818,4,5,7,1942,0,0,0,H,0,7TL38,WESTWOOD BL,LE CONTE AV,0,NA,Y,A,-,N,NA,NA,NA,NA,NA,NA,NA,NA,NA,Y,3,0,2,3,A,-,09,21801,A,N,D,C,A,A,H,-,A,A,0,NA,NA,NA,NA,Y,NA,A,01,0,1,1,0,0,0,0,0,0,-,-,NA,NA,LOS ANGELES,LOS ANGELES,-118.4454201,34.06369007
6581315,2014,2014-08-27,1942,2014-06-12,1225,39096,1764,4,5,7,1942,0,0,0,Q,0,17TL16,PLUMMER ST,SHIRLEY AV,250,W,N,A,-,N,NA,NA,NA,NA,NA,NA,NA,NA,NA,Y,4,0,3,2,A,-,09,21804,A,N,D,C,A,A,H,-,A,D,0,NA,NA,NA,NA,Y,NA,A,07,0,0,3,0,0,0,0,0,0,-,-,NA,NA,LOS ANGELES,LOS ANGELES,-118.55874566,34.24273
6581317,2014,2014-08-07,1907,2014-06-04,1655,191,1907,3,5,4,1907,0,0,0,NA,0,021,FLORENCE AV,CORONA AV,130,E,N,A,-,N,NA,NA,NA,NA,NA,NA,NA,NA,NA,N,3,0,1,2,A,-,08,22107,NA,N,D,G,A,A,H,-,A,D,0,NA,Y,NA,NA,Y,Y,L,04,0,1,0,0,0,0,1,0,0,-,-,NA,NA,LOS ANGELES,BELL,-118.19638566,33.97119418
6581318,2014,2016-04-26,1942,2014-06-12,1600,37416,1407,4,5,7,1942,0,0,0,N,0,14TL52,CHANNEL RD,PACIFIC COAST HWY,15,E,N,A,-,Y,LA,7,1,-,-,37.045,I,6,N,Y,4,0,1,2,A,-,-,NA,NA,N,B,C,A,A,H,-,A,A,0,NA,NA,Y,NA,Y,NA,C,02,0,0,1,0,0,0,0,0,1,-,-,NA,NA,LOS ANGELES,LOS ANGELES,-118.51940727,34.02827665
6581319,2014,2014-08-27,1942,2014-06-12,1725,39096,1717,4,5,7,1942,0,0,0,Q,0,17TL16,RINALDI ST,WOODLEY AV,90,W,N,A,-,N,NA,NA,NA,NA,NA,NA,NA,NA,NA,Y,4,0,1,3,A,-,03,22350,NA,N,C,C,A,A,H,-,A,D,0,NA,NA,NA,NA,Y,NA,A,01,0,0,1,0,0,0,0,0,0,-,-,NA,NA,LOS ANGELES,LOS ANGELES,-118.48496735,34.27917451
6581320,2014,2014-08-27,1942,2014-06-22,1655,39971,1754,7,5,7,1942,0,0,0,Q,0,17TL14,DEVONSHIRE ST,RESEDA BL,0,NA,Y,A,-,N,NA,NA,NA,NA,NA,NA,NA,NA,NA,N,4,0,1,2,D,-,00,NA,NA,N,A,C,A,A,H,-,A,A,0,NA,NA,NA,NA,Y,NA,-,-,0,0,1,0,0,0,0,0,0,-,-,NA,NA,LOS ANGELES,LOS ANGELES,-118.53609003,34.25726011
6581321,2014,2014-08-07,1907,2014-06-02,0900,231,2,1,5,4,1907,0,0,0,NA,0,NA,BELL AV,WILCOX AV,0,W,N,A,-,N,NA,NA,NA,NA,NA,NA,NA,NA,NA,N,4,0,1,2,D,-,00,NA,NA,N,C,B,E,A,H,-,A,D,0,Y,NA,NA,NA,Y,Y,-,-,0,0,1,0,1,0,0,0,0,-,-,NA,NA,LOS ANGELES,BELL,-118.17723011,33.97323009
6581322,2014,2014-08-07,1942,2014-06-15,1630,39993,0815,7,5,7,1942,0,0,0,H,0,6TL2,SEPULVEDA BL,CONSTITUTION AV,0,NA,Y,A,-,N,NA,NA,NA,NA,NA,NA,NA,NA,NA,Y,3,0,1,2,A,-,09,21801,A,N,D,C,A,A,H,-,A,A,0,NA,NA,Y,NA,Y,NA,A,01,0,1,0,0,0,0,0,0,1,-,-,NA,NA,LOS ANGELES,LOS ANGELES,-118.45505008,34.0601401
6581323,2014,2014-08-27,1942,2014-06-16,2100,40567,1792,1,5,7,1942,0,0,0,Q,0,10TL37,ROSCOE BL,TAMPA AV,0,NA,Y,A,-,N,NA,NA,NA,NA,NA,NA,NA,NA,NA,Y,2,0,1,2,A,-,12,21453,A,N,D,C,A,A,H,-,C,A,0,NA,NA,Y,NA,Y,NA,C,02,1,0,0,0,0,0,0,0,1,-,-,NA,NA,LOS ANGELES,LOS ANGELES,-118.55351004,34.22048007
6581324,2014,2014-08-27,1942,2014-06-18,1818,37304,1764,3,5,7,1942,0,0,0,Q,0,15TL42,PLUMMER ST,SHIRLEY AV,130,E,N,A,-,N,NA,NA,NA,NA,NA,NA,NA,NA,NA,Y,3,0,1,2,A,-,03,22350,NA,N,C,C,A,A,H,-,A,D,0,NA,NA,NA,NA,Y,NA,-,NA,0,1,0,0,0,0,0,0,0,-,-,NA,NA,LOS ANGELES,LOS ANGELES,-118.55749073,34.24273087
6581325,2014,2014-08-07,1907,2014-06-06,1858,514,1,5,5,4,1907,0,0,0,NA,0,NA,GAGE AV,ATLANTIC,171,W,N,A,-,N,NA,NA,NA,NA,NA,NA,NA,NA,NA,N,4,0,1,2,A,-,05,21650,1,N,D,G,A,A,H,-,A,D,0,NA,Y,NA,NA,Y,NA,L,04,0,0,1,0,0,0,1,0,0,-,-,33.97794,-118.18666,LOS ANGELES,BELL,-118.18759701,33.9780775
6581326,2014,2014-08-07,1942,2014-06-30,1650,35643,0804,1,5,7,1942,0,0,0,H,0,8A34,MANDEVILLE CANYON,OAKMONT DR,500,N,N,A,-,N,NA,NA,NA,NA,NA,NA,NA,NA,NA,Y,3,0,1,1,A,-,03,22350,NA,N,E,I,A,A,H,-,A,D,0,NA,NA,NA,NA,Y,NA,A,07,0,1,0,0,0,0,0,0,0,-,-,NA,NA,LOS ANGELES,LOS ANGELES,-118.49672554,34.07368403
6581327,2014,2014-08-27,1942,2014-06-10,0710,30596,1749,2,5,7,1942,0,0,0,Q,0,17TL17,HASKELL AV,DEVONSHIRE ST,8,N,N,B,-,N,NA,NA,NA,NA,NA,NA,NA,NA,NA,N,2,0,1,2,A,-,09,21804,A,N,D,G,A,A,H,-,A,A,0,NA,Y,NA,NA,Y,NA,L,04,1,0,0,0,0,0,1,0,0,-,-,NA,NA,LOS ANGELES,LOS ANGELES,-118.4761,34.25737194
6581329,2014,2014-08-07,1942,2014-06-27,2345,40337,0943,5,5,7,1942,0,0,0,I,0,19T75,HAZELTINE AV,BURBANK BL,39,N,N,A,-,N,NA,NA,NA,NA,NA,NA,NA,NA,NA,N,4,0,1,2,A,-,01,23152,A,N,C,C,A,A,H,-,C,A,0,NA,NA,NA,NA,Y,Y,A,01,0,0,1,0,0,0,0,0,0,-,-,NA,NA,LOS ANGELES,LOS ANGELES,-118.43997777,34.17221696
6581330,2014,2014-08-07,1942,2014-06-18,1115,40164,0859,3,5,7,1942,0,0,0,H,0,8TL35,WOOSTER ST,CASHIO ST,0,NA,Y,A,-,N,NA,NA,NA,NA,NA,NA,NA,NA,NA,Y,4,0,1,2,A,-,12,22450,A,N,D,C,A,A,H,-,A,A,0,NA,NA,NA,NA,Y,NA,A,07,0,0,1,0,0,0,0,0,0,-,-,NA,NA,LOS ANGELES,LOS ANGELES,-118.3829901,34.05201004
6581331,2014,2014-08-27,1942,2014-06-11,1230,39096,1721,3,5,7,1942,0,0,0,Q,0,17TL16,SANTA SUSANA PASS RD,IVERSON RD,800,W,N,A,-,N,NA,NA,NA,NA,NA,NA,NA,NA,NA,Y,3,0,1,1,C,-,18,NA,NA,N,F,-,A,A,H,-,A,D,0,NA,NA,NA,NA,Y,NA,-,-,0,1,0,0,0,0,0,0,0,-,-,NA,NA,LOS ANGELES,LOS ANGELES,-118.620696,34.27404137
6581332,2014,2014-08-27,1942,2014-06-13,1540,37377,1722,5,5,7,1942,0,0,0,Q,0,17A81,TOPANGA CANYON BL,DEVONSHIRE ST,2,W,N,A,-,N,NA,NA,NA,NA,NA,NA,NA,NA,NA,Y,3,0,1,1,D,-,00,NA,NA,N,E,I,A,A,H,-,A,A,0,NA,NA,NA,NA,Y,NA,-,-,0,1,0,0,0,0,0,0,0,-,-,NA,NA,LOS ANGELES,LOS ANGELES,-118.60605,34.2572
6581333,2014,2014-08-09,1942,2014-06-29,2045,40567,0929,7,5,7,1942,0,0,0,I,0,10T37,WOODMAN AV,KITTRIDGE ST,338,S,N,A,-,N,NA,NA,NA,NA,NA,NA,NA,NA,NA,Y,4,0,4,3,A,-,01,23152,A,N,C,E,A,A,H,-,C,D,0,NA,NA,NA,NA,Y,Y,A,07,0,0,4,0,0,0,0,0,0,-,-,NA,NA,LOS ANGELES,LOS ANGELES,-118.43126627,34.18937293
6581334,2014,2014-12-24,1942,2014-06-10,1615,41345,828,2,5,7,1942,0,0,0,NA,0,8A12,HILGARD AV,WESTHOLME,1584,S,N,A,-,N,NA,NA,NA,NA,NA,NA,NA,NA,NA,Y,4,0,1,2,A,-,08,22107,NA,N,D,C,A,A,H,-,A,D,0,NA,NA,Y,NA,Y,NA,A,01,0,0,1,0,0,0,0,0,1,-,-,NA,NA,LOS ANGELES,LOS ANGELES,-118.44024269,34.06543097
6581335,2014,2014-08-27,1942,2014-06-30,0020,40491,2069,1,5,7,1942,0,0,0,NA,0,20T59,HOOVER ST,OLYMPIC BL,0,NA,Y,A,-,N,NA,NA,NA,NA,NA,NA,NA,NA,NA,Y,4,0,6,4,A,-,12,21453,A,N,D,C,A,A,H,-,C,A,0,NA,NA,NA,NA,Y,Y,A,08,0,0,6,0,0,0,0,0,0,-,-,NA,NA,LOS ANGELES,LOS ANGELES,-118.28422012,34.05240012
6581336,2014,2014-09-03,1942,2014-06-14,0400,38110,1794,6,5,7,1942,0,0,0,Q,0,17A23,NAPA ST,RESEDA BL,0,NA,Y,A,-,N,NA,NA,NA,NA,NA,NA,NA,NA,NA,N,3,0,1,2,A,-,12,22450,A,N,D,G,A,A,H,-,C,D,0,NA,Y,NA,NA,Y,NA,-,NA,0,1,0,0,0,0,1,0,0,-,-,NA,NA,LOS ANGELES,LOS ANGELES,-118.53607012,34.2264401
6581337,2014,2015-02-12,1942,2014-06-27,2135,38185,1685,5,5,7,1942,0,0,0,P,0,21T65,LANKERSHIM BL,RT 5,6,N,N,A,-,Y,LA,7,5,-,-,35.037,R,4,S,N,3,0,1,2,A,-,09,21804,A,N,H,G,A,A,H,-,C,A,0,NA,Y,NA,NA,Y,NA,L,04,0,1,0,0,0,0,1,0,0,-,SF,NA,NA,LOS ANGELES,LOS ANGELES,-118.38857895,34.22675493