CASE_ID,ACCIDENT_YEAR,PROC_DATE,JURIS,COLLISION_DATE,COLLISION_TIME,OFFICER_ID,REPORTING_DISTRICT,DAY_OF_WEEK,CHP_SHIFT,POPULATION,CNTY_CITY_LOC,SPECIAL_COND,BEAT_TYPE,CHP_BEAT_TYPE,CITY_DIVISION_LAPD,CHP_BEAT_CLASS,BEAT_NUMBER,PRIMARY_RD,SECONDARY_RD,DISTANCE,DIRECTION,INTERSECTION,WEATHER_1,WEATHER_2,STATE_HWY_IND,CALTRANS_COUNTY,CALTRANS_DISTRICT,STATE_ROUTE,ROUTE_SUFFIX,POSTMILE_PREFIX,POSTMILE,LOCATION_TYPE,RAMP_INTERSECTION,SIDE_OF_HWY,TOW_AWAY,COLLISION_SEVERITY,NUMBER_KILLED,NUMBER_INJURED,PARTY_COUNT,PRIMARY_COLL_FACTOR,PCF_CODE_OF_VIOL,PCF_VIOL_CATEGORY,PCF_VIOLATION,PCF_VIOL_SUBSECTION,HIT_AND_RUN,TYPE_OF_COLLISION,MVIW,PED_ACTION,ROAD_SURFACE,ROAD_COND_1,ROAD_COND_2,LIGHTING,CONTROL_DEVICE,CHP_ROAD_TYPE,PEDESTRIAN_ACCIDENT,BICYCLE_ACCIDENT,MOTORCYCLE_ACCIDENT,TRUCK_ACCIDENT,NOT_PRIVATE_PROPERTY,ALCOHOL_INVOLVED,STWD_VEHTYPE_AT_FAULT,CHP_VEHTYPE_AT_FAULT,COUNT_SEVERE_INJ,COUNT_VISIBLE_INJ,COUNT_COMPLAINT_PAIN,COUNT_PED_KILLED,COUNT_PED_INJURED,COUNT_BICYCLIST_KILLED,COUNT_BICYCLIST_INJURED,COUNT_MC_KILLED,COUNT_MC_INJURED,PRIMARY_RAMP,SECONDARY_RAMP,LATITUDE,LONGITUDE,COUNTY,CITY,POINT_X,POINT_Y
6581338,2014,2014-08-07,1942,2014-06-18,0515,34242,891,3,5,7,1942,0,0,0,NA,0,8XL3,SAWTELLE BL,EXPOSITION BL,0,NA,Y,A,-,N,NA,NA,NA,NA,NA,NA,NA,NA,NA,Y,4,0,2,3,A,-,09,21802,A,N,D,C,A,-,H,-,B,A,0,NA,NA,NA,NA,Y,NA,A,01,0,0,2,0,0,0,0,0,0,-,-,NA,NA,LOS ANGELES,LOS ANGELES,-118.43800012,34.03454002
6581339,2014,2014-08-27,1942,2014-06-30,1110,37699,2083,1,5,7,1942,0,0,0,NA,0,20A33,WASHINGTON BL,HOBART BL,30,W,N,A,-,N,NA,NA,NA,NA,NA,NA,NA,NA,NA,N,2,0,1,2,C,-,18,NA,NA,N,H,B,F,A,H,-,A,D,0,Y,NA,NA,NA,Y,NA,-,-,1,0,0,0,1,0,0,0,0,-,-,NA,NA,LOS ANGELES,LOS ANGELES,-118.30581883,34.03996
6581340,2014,2016-04-22,1942,2014-06-16,1850,37637,1799,1,5,7,1942,0,0,0,Q,0,10T25,ROSCOE BL,RT 405,0,NA,Y,A,-,Y,LA,7,405,-,-,43.925,R,4,N,N,3,0,1,2,A,-,-,NA,NA,N,D,C,A,A,H,-,B,A,0,NA,NA,NA,NA,Y,NA,-,-,0,1,0,0,0,0,0,0,0,-,WO,NA,NA,LOS ANGELES,LOS ANGELES,-118.47306528,34.22358629
6581341,2014,2014-08-07,1942,2014-06-25,2055,32828,1623,3,5,7,1942,0,0,0,P,0,35T70,GLENOAKS BL,VAN NUYS BL,0,NA,Y,A,-,N,NA,NA,NA,NA,NA,NA,NA,NA,NA,Y,4,0,1,2,A,-,17,21451,A,N,D,C,A,A,H,-,C,A,0,NA,NA,NA,NA,Y,NA,-,NA,0,0,1,0,0,0,0,0,0,-,-,NA,NA,LOS ANGELES,LOS ANGELES,-118.41169004,34.27369008
6581342,2014,2014-08-07,1942,2014-06-25,1600,30767,0884,3,5,7,1942,0,0,0,H,0,8A12,PICO BL,MALCOLM AV,0,NA,Y,A,-,N,NA,NA,NA,NA,NA,NA,NA,NA,NA,N,4,0,1,2,A,-,09,21801,A,N,-,C,A,A,H,-,A,A,0,NA,NA,NA,NA,Y,NA,A,01,0,0,1,0,0,0,0,0,0,-,-,NA,NA,LOS ANGELES,LOS ANGELES,-118.42660008,34.0410301
6581343,2014,2014-08-27,1942,2014-06-21,0050,37162,1767,6,5,7,1942,0,0,0,Q,0,17A67,PLUMMER ST,RESEDA BL,325,W,N,A,-,N,NA,NA,NA,NA,NA,NA,NA,NA,NA,Y,4,0,1,2,A,-,07,21658,A,N,B,C,A,A,H,-,C,D,0,NA,NA,NA,NA,Y,Y,-,NA,0,0,1,0,0,0,0,0,0,-,-,NA,NA,LOS ANGELES,LOS ANGELES,-118.53715325,34.24275672
6581344,2014,2014-09-03,1942,2014-06-21,1640,41233,1775,6,5,7,1942,0,0,0,Q,0,17A95,BALBOA BL,PLUMMER,175,N,N,A,-,Y,NA,NA,NA,NA,NA,NA,NA,NA,NA,Y,3,0,1,1,A,-,-,NA,NA,N,F,I,A,A,-,-,A,D,0,NA,NA,NA,NA,Y,NA,-,NA,0,1,0,0,0,0,0,0,0,-,-,NA,NA,LOS ANGELES,LOS ANGELES,-118.50245343,34.24348997
6581345,2014,2016-04-21,1942,2014-06-30,1445,40408,1651,1,5,7,1942,0,0,0,P,0,16A59,OSBORNE ST,RT 5,0,NA,Y,A,-,Y,LA,7,5,-,-,37.362,R,4,S,N,4,0,2,3,A,-,12,21453,A,N,D,C,A,A,H,-,A,A,0,NA,NA,NA,NA,Y,NA,A,01,0,0,2,0,0,0,0,0,0,-,-,NA,NA,LOS ANGELES,LOS ANGELES,-118.42180705,34.24400441
6581346,2014,2014-08-11,1942,2014-06-30,1735,41453,0847,1,5,7,1942,0,0,0,H,0,8A14,PROSSER AV,PICO BL,165,N,N,A,-,N,NA,NA,NA,NA,NA,NA,NA,NA,NA,N,3,0,1,2,A,-,03,22350,NA,N,H,G,A,A,H,-,A,D,0,NA,Y,NA,NA,Y,NA,A,01,0,1,0,0,0,0,1,0,0,-,-,NA,NA,LOS ANGELES,LOS ANGELES,-118.42139103,34.0443812
6581347,2014,2014-08-27,1942,2014-06-09,0005,37073,2015,1,5,7,1942,0,0,0,NA,0,20A14,BEVERLY BL,ALEXANDRIA AV,50,E,N,A,-,N,NA,NA,NA,NA,NA,NA,NA,NA,NA,N,3,0,1,2,A,-,03,22350,NA,F,C,G,A,A,H,-,C,A,0,NA,Y,NA,NA,Y,NA,-,99,0,1,0,0,0,0,1,0,0,-,-,NA,NA,LOS ANGELES,LOS ANGELES,-118.29815522,34.07628074
6581348,2014,2014-08-27,1942,2014-06-20,1600,39667,1754,5,5,7,1942,0,0,0,Q,0,17X4,RESEDA BL,LABRADOR ST,55,S,N,A,-,N,NA,NA,NA,NA,NA,NA,NA,NA,NA,Y,4,0,2,2,A,-,21,22106,NA,N,C,C,A,A,H,-,A,A,0,NA,NA,NA,NA,Y,NA,A,01,0,0,2,0,0,0,0,0,0,-,-,NA,NA,LOS ANGELES,LOS ANGELES,-118.53609,34.24909913
6581349,2014,2014-08-07,1942,2014-06-29,0700,39473,1612,7,5,7,1942,0,0,0,P,0,16TL25,PAXTON ST,GLENOAKS BL,0,NA,Y,A,-,N,NA,NA,NA,NA,NA,NA,NA,NA,NA,Y,3,0,2,2,A,-,09,21801,A,N,D,C,A,A,H,-,A,A,0,NA,NA,NA,NA,Y,NA,A,01,0,1,1,0,0,0,0,0,0,-,-,NA,NA,LOS ANGELES,LOS ANGELES,-118.41801,34.27965007
6581350,2014,2014-08-07,1942,2014-06-26,1740,37700,0886,4,5,7,1942,0,0,0,H,0,14TL52,PICO BL,PEERLESS PL,0,NA,Y,A,-,N,NA,NA,NA,NA,NA,NA,NA,NA,NA,N,3,0,1,2,A,-,09,21801,A,N,D,C,A,A,H,-,A,D,0,NA,NA,Y,NA,Y,NA,C,03,0,1,0,0,0,0,0,0,1,-,-,NA,NA,LOS ANGELES,LOS ANGELES,-118.40312001,34.05367008
6581351,2014,2014-08-27,1942,2014-06-24,1530,38033,1785,2,5,7,1942,0,0,0,Q,0,17T14,NORDHOFF ST,DARBY AV,82,E,N,A,-,N,NA,NA,NA,NA,NA,NA,NA,NA,NA,N,2,0,1,2,A,-,11,21954,A,N,G,B,D,A,H,-,A,A,0,Y,NA,NA,NA,Y,NA,N,60,1,0,0,0,1,0,0,0,0,-,-,NA,NA,LOS ANGELES,LOS ANGELES,-118.53351977,34.23546501
6581352,2014,2016-04-25,1942,2014-06-14,2030,39444,1727,6,5,7,1942,0,0,0,Q,0,10T35,TAMPA AV,RONALD REAGAN FWY,38,N,N,A,-,Y,LA,7,118,-,R,4.462,R,4,W,N,4,0,3,2,A,-,21,22106,NA,N,C,C,A,A,H,-,C,A,0,NA,NA,NA,NA,Y,NA,A,01,0,0,3,0,0,0,0,0,0,-,-,NA,NA,LOS ANGELES,LOS ANGELES,-118.55936618,34.27279661
6581353,2014,2014-08-07,1942,2014-06-21,1055,39724,1658,6,5,7,1942,0,0,0,P,0,16T23,FOOTHILL BL,TUJUNGA CANYON BL,135,W,N,A,-,N,NA,NA,NA,NA,NA,NA,NA,NA,NA,N,3,0,1,2,A,-,09,21804,NA,N,D,C,A,A,H,-,A,D,0,NA,NA,Y,NA,Y,NA,C,02,0,1,0,0,0,0,0,0,1,-,-,NA,NA,LOS ANGELES,LOS ANGELES,-118.27652464,34.24661605
6581354,2014,2014-08-07,1942,2014-06-12,1110,30045,807,4,5,7,1942,0,0,0,NA,0,8X48,BEVERLY GLEN BL,ANGELO DR,300,N,N,A,-,N,NA,NA,NA,NA,NA,NA,NA,NA,NA,Y,2,0,1,1,A,-,08,22107,NA,N,B,J,A,A,H,-,A,D,0,NA,NA,Y,NA,Y,NA,C,03,1,0,0,0,0,0,0,0,1,-,-,NA,NA,LOS ANGELES,LOS ANGELES,-118.44243379,34.12724956
6581355,2014,2014-08-27,1942,2014-06-13,2350,27792,1701,5,5,7,1942,0,0,0,Q,0,10TL35,TAMPA AV,HOLLOW SPRINGS DR,405,N,N,A,-,N,NA,NA,NA,NA,NA,NA,NA,NA,NA,Y,2,0,1,1,A,-,08,22107,NA,N,E,I,A,A,H,-,C,A,0,NA,NA,NA,NA,Y,NA,A,01,1,0,0,0,0,0,0,0,0,-,-,NA,NA,LOS ANGELES,LOS ANGELES,-118.56117761,34.28589072
6581356,2014,2014-08-27,1942,2014-06-24,1720,38743,1755,2,5,7,1942,0,0,0,Q,0,17X66,DE SOTO AV,VINTAGE ST,50,N,N,-,-,N,NA,NA,NA,NA,NA,NA,NA,NA,NA,N,3,0,1,2,A,-,07,21658,A,N,B,C,A,-,-,-,-,A,0,NA,NA,NA,NA,Y,NA,-,NA,0,1,0,0,0,0,0,0,0,-,-,NA,NA,LOS ANGELES,LOS ANGELES,-118.58857,34.25195716
6581357,2014,2014-08-07,1942,2014-06-29,2030,38790,1691,7,5,7,1942,0,0,0,P,0,19A61W,WHITSETT AV,CANTARA ST,180,S,N,A,-,N,NA,NA,NA,NA,NA,NA,NA,NA,NA,N,4,0,1,2,A,-,07,21658,A,N,B,C,A,A,H,-,C,D,0,NA,NA,NA,NA,Y,NA,A,07,0,0,1,0,0,0,0,0,0,-,-,NA,NA,LOS ANGELES,LOS ANGELES,-118.40527,34.21933637
6581358,2014,2014-08-07,1942,2014-06-22,1055,38310,0827,7,5,7,1942,0,0,0,H,0,8TL35,MONTANA AV,BRINGHAM AV,200,W,N,A,-,N,NA,NA,NA,NA,NA,NA,NA,NA,NA,N,4,0,2,2,A,-,03,22350,NA,N,B,C,A,A,H,-,A,D,0,NA,NA,Y,NA,Y,NA,C,06,0,0,2,0,0,0,0,0,0,-,-,NA,NA,LOS ANGELES,LOS ANGELES,-118.46524939,34.05647486
6581359,2014,2014-08-27,1942,2014-06-24,2020,41466,1776,2,5,7,1942,0,0,0,Q,0,17A35,TAMPA AV,RINALDI ST,21,E,N,A,-,N,NA,NA,NA,NA,NA,NA,NA,NA,NA,Y,3,0,3,2,A,-,09,21801,A,N,A,C,A,A,H,-,B,A,0,NA,NA,NA,NA,Y,NA,A,01,0,1,2,0,0,0,0,0,0,-,-,NA,NA,LOS ANGELES,LOS ANGELES,-118.55655257,34.27469424
6581360,2014,2014-08-27,1942,2014-06-18,2115,38603,1785,3,5,7,1942,0,0,0,Q,0,21T61,SUNBURST ST,LINDLEY AV,10,E,N,A,-,N,NA,NA,NA,NA,NA,NA,NA,NA,NA,N,3,0,1,2,A,-,10,21950,A,N,G,B,B,A,H,-,C,D,0,Y,NA,NA,NA,Y,NA,A,01,0,1,0,0,1,0,0,0,0,-,-,NA,NA,LOS ANGELES,LOS ANGELES,-118.52731707,34.23374206
6581361,2014,2014-08-11,1976,2014-06-28,1348,898,NA,6,5,3,1964,0,0,0,NA,0,001,SLAUSON AV,NORWALK BL,300,E,N,A,-,N,NA,NA,NA,NA,NA,NA,NA,NA,NA,N,4,0,3,2,A,-,03,22350,NA,N,C,C,A,A,H,-,A,D,0,NA,NA,NA,NA,Y,NA,D,22,0,0,3,0,0,0,0,0,0,-,-,NA,NA,LOS ANGELES,SANTA FE SPRINGS,-118.0696068,33.96465334
6581363,2014,2014-08-21,1942,2014-06-04,2220,37575,893,3,5,7,1942,0,0,0,NA,0,14T47,OVERLAND AV,NATIONAL BL,0,NA,Y,A,-,N,NA,NA,NA,NA,NA,NA,NA,NA,NA,N,4,0,1,2,A,-,09,21801,A,N,H,J,A,A,H,-,C,A,0,NA,NA,Y,NA,Y,NA,A,01,0,0,1,0,0,0,0,0,1,-,-,NA,NA,LOS ANGELES,LOS ANGELES,-118.41761006,34.03246002
6581364,2014,2014-08-28,1942,2014-06-14,2225,25495,714,6,5,7,1942,0,0,0,NA,0,7TL23,MELROSE AV,MARTEL AV,0,NA,Y,A,-,N,NA,NA,NA,NA,NA,NA,NA,NA,NA,Y,4,0,3,2,A,-,12,21453,A,N,D,C,A,A,H,-,C,A,0,NA,NA,NA,NA,Y,NA,-,-,0,0,3,0,0,0,0,0,0,-,-,NA,NA,LOS ANGELES,LOS ANGELES,-118.35114006,34.08360009
6581367,2014,2014-08-21,1942,2014-06-04,1110,40596,825,3,5,7,1942,0,0,0,NA,0,8A12,SAN VICENTE BL,BURLINGAME AV,0,NA,Y,A,-,N,NA,NA,NA,NA,NA,NA,NA,NA,NA,N,3,0,1,2,A,-,08,22107,NA,N,G,B,B,A,D,-,A,D,0,Y,NA,NA,NA,Y,NA,A,07,0,1,0,0,1,0,0,0,0,-,-,NA,NA,LOS ANGELES,LOS ANGELES,-118.48742001,34.04937
6581368,2014,2015-09-25,1942,2014-06-13,1635,32565,774,5,5,7,1942,0,0,0,NA,0,20TL56,LA BREA AV,SAINT ELMO DR,15,N,N,A,-,N,NA,NA,NA,NA,NA,NA,NA,NA,NA,Y,4,0,1,2,A,-,09,21801,A,N,D,C,A,A,H,-,A,A,0,NA,NA,NA,NA,Y,NA,A,01,0,0,1,0,0,0,0,0,0,-,-,NA,NA,LOS ANGELES,LOS ANGELES,-118.34601614,34.04423949
6581370,2014,2015-04-16,1925,2014-07-25,2005,22441,119,5,5,6,1925,0,0,0,NA,0,005,PENNSYLVANIA AV,MONTROSE AV,0,NA,Y,A,-,N,NA,NA,NA,NA,NA,NA,NA,NA,NA,NA,4,0,1,2,A,-,08,22107,NA,N,A,C,A,A,H,-,C,-,0,NA,NA,NA,NA,Y,NA,D,22,0,0,1,0,0,0,0,0,0,-,-,NA,NA,LOS ANGELES,GLENDALE,-118.24873007,34.22189006
6581371,2014,2014-08-21,1942,2014-06-29,1335,32565,889,7,5,7,1942,0,0,0,NA,0,20TL56,LA CIENEGA BL,SAWYER ST,20,N,N,A,-,N,NA,NA,NA,NA,NA,NA,NA,NA,NA,Y,4,0,2,2,A,-,09,21801,A,N,D,C,A,A,H,-,A,A,0,NA,NA,NA,NA,Y,NA,A,01,0,0,2,0,0,0,0,0,0,-,-,NA,NA,LOS ANGELES,LOS ANGELES,-118.37642,34.04260486
6581372,2014,2014-08-21,1942,2014-06-30,1305,39096,1641,1,5,7,1942,0,0,0,P,0,17TL16,TERRA BELLA ST,LAUREL CANYON BL,0,NA,Y,A,-,N,NA,NA,NA,NA,NA,NA,NA,NA,NA,N,3,0,1,2,A,-,10,21950,A,N,G,B,B,A,H,-,A,A,0,Y,NA,NA,NA,Y,NA,A,01,0,1,0,0,1,0,0,0,0,-,-,NA,NA,LOS ANGELES,LOS ANGELES,-118.42580003,34.25283005
6581373,2014,2014-08-14,1976,2014-07-05,1405,898,NA,6,5,3,1964,0,0,0,NA,0,001,TELEGRAPH RD,BLOOMFIELD AV,0,NA,Y,A,-,N,NA,NA,NA,NA,NA,NA,NA,NA,NA,Y,3,0,4,2,A,-,12,21453,A,F,D,C,A,A,H,-,A,A,0,NA,NA,NA,NA,Y,NA,A,01,0,3,1,0,0,0,0,0,0,-,-,NA,NA,LOS ANGELES,SANTA FE SPRINGS,-118.06407009,33.94180009
6581374,2014,2014-08-14,1925,2014-07-28,1247,14881,276,1,5,6,1925,0,0,0,NA,0,002,BRAND BL,MAGNOLIA AV,20,N,N,A,-,N,NA,NA,NA,NA,NA,NA,NA,NA,NA,Y,4,0,2,3,A,-,03,22350,NA,N,C,C,A,A,H,-,A,A,0,NA,NA,NA,NA,Y,NA,A,01,0,0,2,0,0,0,0,0,0,-,-,NA,NA,LOS ANGELES,GLENDALE,-118.25497,34.13127485
6581375,2014,2014-08-20,1942,2014-06-28,2045,37613,842,6,5,7,1942,0,0,0,NA,0,14TL47,OHIO AV,BARRY AV,0,NA,Y,A,-,N,NA,NA,NA,NA,NA,NA,NA,NA,NA,N,4,0,1,2,A,-,09,21802,A,N,D,C,A,A,H,-,C,A,0,NA,NA,NA,NA,Y,NA,A,07,0,0,1,0,0,0,0,0,0,-,-,NA,NA,LOS ANGELES,LOS ANGELES,-118.45568007,34.04498006
6581376,2014,2014-08-21,1942,2014-06-24,0745,39473,1695,2,5,7,1942,0,0,0,P,0,9T53,CASE AV,STAGG ST,278,S,N,A,-,N,NA,NA,NA,NA,NA,NA,NA,NA,NA,Y,4,0,2,4,A,-,21,22106,NA,N,B,C,A,A,H,-,A,D,0,NA,NA,NA,NA,Y,NA,A,01,0,0,2,0,0,0,0,0,0,-,-,NA,NA,LOS ANGELES,LOS ANGELES,-118.37251417,34.21129753
6581379,2014,2014-08-21,1942,2014-06-17,1500,37416,811,2,5,7,1942,0,0,0,NA,0,14TL54,BIENVENEDA AV,SUNSET BL,12,S,N,A,-,N,NA,NA,NA,NA,NA,NA,NA,NA,NA,N,4,0,1,2,A,-,10,21950,A,N,G,B,B,A,H,-,A,A,0,Y,NA,NA,NA,Y,NA,A,07,0,0,1,0,1,0,0,0,0,-,-,NA,NA,LOS ANGELES,LOS ANGELES,-118.53967603,34.04881747
6581380,2014,2014-08-21,1942,2014-06-23,1440,38996,1677,1,5,7,1942,0,0,0,P,0,9TL56,GLENOAK BL,CABRINI DR,0,NA,Y,A,-,N,NA,NA,NA,NA,NA,NA,NA,NA,NA,Y,3,0,2,2,A,-,12,21453,A,N,D,C,A,A,H,-,A,A,0,NA,NA,NA,NA,Y,NA,A,01,0,2,0,0,0,0,0,0,0,-,-,NA,NA,LOS ANGELES,LOS ANGELES,-118.34434003,34.20929001
6581382,2014,2014-09-29,1925,2014-07-23,1435,16835,236,3,5,6,1925,0,0,0,NA,0,004,BROADWAY,JACKSON ST,68,E,N,A,-,N,NA,NA,NA,NA,NA,NA,NA,NA,NA,N,4,0,1,2,A,-,11,21954,A,N,G,B,E,A,H,-,A,D,0,Y,NA,NA,Y,Y,NA,N,60,0,0,1,0,1,0,0,0,0,-,-,NA,NA,LOS ANGELES,GLENDALE,-118.24989572,34.14633208
6581383,2014,2014-08-21,1942,2014-06-20,1600,32565,889,5,5,7,1942,0,0,0,NA,0,20TL56,LA CIENEGA BL,SAWYER ST,23,S,N,A,-,N,NA,NA,NA,NA,NA,NA,NA,NA,NA,Y,4,0,1,2,A,-,09,21801,A,N,D,C,A,A,H,-,A,A,0,NA,NA,NA,NA,Y,NA,A,01,0,0,1,0,0,0,0,0,0,-,-,NA,NA,LOS ANGELES,LOS ANGELES,-118.37642629,34.04248713
6581384,2014,2014-08-21,1942,2014-06-23,1505,38326,1656,1,5,7,1942,0,0,0,P,0,9TL52,FOOTHILL BL,ORO VISTA AV,0,NA,Y,A,-,N,NA,NA,NA,NA,NA,NA,NA,NA,NA,N,4,0,1,2,A,-,12,21453,A,N,D,C,A,A,H,-,A,A,0,NA,NA,NA,NA,Y,NA,A,08,0,0,1,0,0,0,0,0,0,-,-,NA,NA,LOS ANGELES,LOS ANGELES,-118.31576004,34.25969009
6581387,2014,2014-08-21,1942,2014-06-19,1550,37966,857,4,5,7,1942,0,0,0,NA,0,20TL56,PICO BL,DOHENY DR,7,W,N,A,-,N,NA,NA,NA,NA,NA,NA,NA,NA,NA,N,3,0,1,2,A,-,05,21650,NA,N,H,G,A,A,H,-,A,A,0,NA,Y,NA,NA,Y,NA,L,04,0,1,0,0,0,0,1,0,0,-,-,NA,NA,LOS ANGELES,LOS ANGELES,-118.38998306,34.05526055
6581388,2014,2015-09-28,1942,2014-06-01,1455,24517,738,7,5,7,1942,0,0,0,NA,0,7TL38,HIGHLAND AV,6TH ST,0,NA,Y,A,-,N,NA,NA,NA,NA,NA,NA,NA,NA,NA,Y,2,0,1,2,A,-,12,21453,A,N,D,C,A,A,H,-,A,A,0,NA,NA,Y,NA,Y,NA,A,01,1,0,0,0,0,0,0,0,1,-,-,NA,NA,LOS ANGELES,LOS ANGELES,-118.33863,34.06491
6581391,2014,2015-09-25,1942,2014-06-21,2110,39624,1493,6,5,7,1942,0,0,0,N,0,14T47,VISTA DEL MAR,IMPERIAL HWY,90,N,N,A,-,N,NA,NA,NA,NA,NA,NA,NA,NA,NA,N,3,0,2,3,A,-,11,21956,A,F,G,B,E,A,H,-,D,D,0,Y,NA,NA,NA,Y,Y,N,60,0,1,1,0,2,0,0,0,0,-,-,NA,NA,LOS ANGELES,LOS ANGELES,-118.43510393,33.93110787
6581392,2014,2015-09-28,1942,2014-06-26,1215,32565,759,4,5,7,1942,0,0,0,NA,0,20TL56,CRENSHAW BL,PICO BL,22,S,N,B,-,N,NA,NA,NA,NA,NA,NA,NA,NA,NA,Y,2,0,4,3,A,-,09,21800,D,N,D,C,A,A,H,-,A,B,0,NA,NA,NA,NA,Y,NA,A,01,1,0,3,0,0,0,0,0,0,-,-,NA,NA,LOS ANGELES,LOS ANGELES,-118.32672956,34.04777491
6581395,2014,2014-08-21,1942,2014-06-14,1625,36255,1489,6,5,7,1942,0,0,0,N,0,14A76,CENTURY BL,LA CIENEGA,0,NA,Y,A,-,N,NA,NA,NA,NA,NA,NA,NA,NA,NA,N,4,0,1,3,A,-,03,22350,NA,F,C,C,A,A,H,-,A,A,0,NA,NA,NA,NA,Y,NA,-,99,0,0,1,0,0,0,0,0,0,-,-,NA,NA,LOS ANGELES,LOS ANGELES,-118.37006002,33.94541002
6581396,2014,2014-08-21,1942,2014-06-14,1900,37987,785,6,5,7,1942,0,0,0,NA,0,7A22,WASHINGTON BL,RIMPAU BL,0,NA,Y,A,-,N,NA,NA,NA,NA,NA,NA,NA,NA,NA,N,3,0,1,2,A,-,10,21950,A,N,G,B,B,A,H,-,-,A,0,Y,NA,NA,NA,Y,NA,A,01,0,1,0,0,1,0,0,0,0,-,-,NA,NA,LOS ANGELES,LOS ANGELES,-118.34350001,34.03982008
6581399,2014,2014-08-21,1942,2014-06-16,2000,36553,1401,1,5,7,1942,0,0,0,N,0,20T59,OCEAN PARK,AMHERST AV,32,E,N,A,-,N,NA,NA,NA,NA,NA,NA,NA,NA,NA,N,2,0,1,1,A,-,03,22350,NA,N,H,A,A,A,A,-,A,D,0,NA,Y,NA,NA,Y,NA,L,04,1,0,0,0,0,0,1,0,0,-,-,NA,NA,LOS ANGELES,LOS ANGELES,-118.44707962,34.02408519
6581400,2014,2014-08-21,1942,2014-06-12,1220,36886,725,4,5,7,1942,0,0,0,NA,0,7A53,MARTEL AV,1ST ST,180,S,N,A,-,N,NA,NA,NA,NA,NA,NA,NA,NA,NA,Y,3,0,1,2,A,-,08,22103,NA,N,D,C,A,A,H,-,A,D,0,NA,NA,NA,NA,Y,NA,A,01,0,1,0,0,0,0,0,0,0,-,-,NA,NA,LOS ANGELES,LOS ANGELES,-118.35109417,34.07306634
6581403,2014,2014-08-21,1942,2014-06-06,1500,40900,0805,5,5,7,1942,0,0,0,H,0,6QL173,COLDWATER CANYON AV,SHERWOOD FOREST LN,50,S,N,A,-,N,NA,NA,NA,NA,NA,NA,NA,NA,NA,N,4,0,1,2,A,-,03,22350,NA,N,B,E,A,A,H,-,A,D,0,NA,NA,NA,NA,Y,NA,A,01,0,0,1,0,0,0,0,0,0,-,-,NA,NA,LOS ANGELES,LOS ANGELES,-118.40415648,34.11324626
6581404,2014,2015-09-25,1942,2014-06-25,0845,41400,0701,3,5,7,1942,0,0,0,G,0,7A1,HARPER,MELROSE,96,S,N,A,-,N,NA,NA,NA,NA,NA,NA,NA,NA,NA,N,3,0,1,2,A,-,05,21650,1,N,H,G,A,A,H,-,A,A,0,NA,Y,NA,NA,Y,NA,L,04,0,1,0,0,0,0,1,0,0,-,-,NA,NA,LOS ANGELES,LOS ANGELES,-118.3691,34.0834367
6581407,2014,2014-08-21,1942,2014-06-23,1950,40157,851,1,5,7,1942,0,0,0,NA,0,8T35,CENTINELLA AV,SANTA MONICA BL,54,S,N,A,-,N,NA,NA,NA,NA,NA,NA,NA,NA,NA,N,3,0,1,2,A,-,03,22350,NA,N,C,C,A,A,H,-,A,D,0,NA,NA,Y,NA,Y,NA,A,01,0,1,0,0,0,0,0,0,1,-,-,NA,NA,LOS ANGELES,LOS ANGELES,-118.4675745,34.038485
6581408,2014,2014-08-21,1942,2014-06-12,0330,25415,0701,4,5,7,1942,0,0,0,G,0,7EL1,MELROSE AV,SWEETZER AV,0,NA,Y,A,-,N,NA,NA,NA,NA,NA,NA,NA,NA,NA,Y,4,0,1,2,A,-,09,21802,A,N,D,D,A,A,H,-,A,A,0,NA,NA,NA,NA,Y,NA,A,01,0,0,1,0,0,0,0,0,0,-,-,NA,NA,LOS ANGELES,LOS ANGELES,-118.37032002,34.08369009
6581411,2014,2014-08-21,1942,2014-06-24,2120,40315,835,2,5,7,1942,0,0,0,NA,0,8T35,SANTA MONICA BL,VETERAN AV,98,W,N,A,-,N,NA,NA,NA,NA,NA,NA,NA,NA,NA,N,3,0,1,2,A,-,09,21804,A,N,H,G,A,A,H,-,C,D,0,NA,Y,NA,NA,Y,NA,A,01,0,1,0,0,0,0,1,0,0,-,-,NA,NA,LOS ANGELES,LOS ANGELES,-118.44043508,34.04883187
6581412,2014,2014-08-21,1942,2014-06-29,2315,38007,701,7,5,7,1942,0,0,0,NA,0,7A22,LA CIENEGA BL,SHERWOOD DR,0,NA,Y,A,-,N,NA,NA,NA,NA,NA,NA,NA,NA,NA,N,3,0,1,2,A,-,03,22350,NA,N,A,C,A,A,H,-,C,D,0,NA,NA,Y,NA,Y,NA,C,02,0,1,0,0,0,0,0,0,1,-,-,NA,NA,LOS ANGELES,LOS ANGELES,-118.37649008,34.08484001
6581415,2014,2014-08-21,1942,2014-06-15,1800,41355,884,7,5,7,1942,0,0,0,NA,0,8X48,WESTWOOD BL,ESTHER AV,0,NA,Y,A,-,N,NA,NA,NA,NA,NA,NA,NA,NA,NA,Y,4,0,1,3,A,-,04,21703,NA,F,C,C,A,A,H,-,A,D,0,NA,NA,NA,NA,Y,NA,-,99,0,0,1,0,0,0,0,0,0,-,-,NA,NA,LOS ANGELES,LOS ANGELES,-118.42661008,34.03782003
6581416,2014,2014-08-21,1942,2014-06-12,1030,32198,742,4,5,7,1942,0,0,0,NA,0,7A17,WILSHIRE BL,SAN VICENTE BL,0,NA,Y,A,-,N,NA,NA,NA,NA,NA,NA,NA,NA,NA,Y,3,0,2,2,A,-,09,21801,A,N,A,C,A,A,H,-,A,A,0,NA,NA,NA,NA,Y,NA,A,07,0,1,1,0,0,0,0,0,0,-,-,NA,NA,LOS ANGELES,LOS ANGELES,-118.4591801,34.05078003