CASE_ID,ACCIDENT_YEAR,PROC_DATE,JURIS,COLLISION_DATE,COLLISION_TIME,OFFICER_ID,REPORTING_DISTRICT,DAY_OF_WEEK,CHP_SHIFT,POPULATION,CNTY_CITY_LOC,SPECIAL_COND,BEAT_TYPE,CHP_BEAT_TYPE,CITY_DIVISION_LAPD,CHP_BEAT_CLASS,BEAT_NUMBER,PRIMARY_RD,SECONDARY_RD,DISTANCE,DIRECTION,INTERSECTION,WEATHER_1,WEATHER_2,STATE_HWY_IND,CALTRANS_COUNTY,CALTRANS_DISTRICT,STATE_ROUTE,ROUTE_SUFFIX,POSTMILE_PREFIX,POSTMILE,LOCATION_TYPE,RAMP_INTERSECTION,SIDE_OF_HWY,TOW_AWAY,COLLISION_SEVERITY,NUMBER_KILLED,NUMBER_INJURED,PARTY_COUNT,PRIMARY_COLL_FACTOR,PCF_CODE_OF_VIOL,PCF_VIOL_CATEGORY,PCF_VIOLATION,PCF_VIOL_SUBSECTION,HIT_AND_RUN,TYPE_OF_COLLISION,MVIW,PED_ACTION,ROAD_SURFACE,ROAD_COND_1,ROAD_COND_2,LIGHTING,CONTROL_DEVICE,CHP_ROAD_TYPE,PEDESTRIAN_ACCIDENT,BICYCLE_ACCIDENT,MOTORCYCLE_ACCIDENT,TRUCK_ACCIDENT,NOT_PRIVATE_PROPERTY,ALCOHOL_INVOLVED,STWD_VEHTYPE_AT_FAULT,CHP_VEHTYPE_AT_FAULT,COUNT_SEVERE_INJ,COUNT_VISIBLE_INJ,COUNT_COMPLAINT_PAIN,COUNT_PED_KILLED,COUNT_PED_INJURED,COUNT_BICYCLIST_KILLED,COUNT_BICYCLIST_INJURED,COUNT_MC_KILLED,COUNT_MC_INJURED,PRIMARY_RAMP,SECONDARY_RAMP,LATITUDE,LONGITUDE,COUNTY,CITY,POINT_X,POINT_Y
6585511,2014,2014-09-04,9530,2014-06-06,1809,020726,NA,5,2,9,1900,0,3,5,NA,2,001,FIRESTONE BL,ALAMEDA ST,0,NA,Y,A,-,N,NA,NA,NA,NA,NA,NA,NA,NA,NA,Y,4,0,1,3,A,-,12,21453,A,N,-,-,A,A,H,-,A,-,0,NA,NA,NA,NA,Y,NA,A,01,0,0,1,0,0,0,0,0,0,-,-,33.95777,-118.23129,LOS ANGELES,UNINCORPORATED,-118.23108008,33.95779008
6585512,2014,2015-04-01,9530,2014-06-21,0302,20573,NA,6,3,9,1900,0,3,5,NA,2,005,MARINE AV,LEMOLI AV,320,E,N,A,-,N,NA,NA,NA,NA,NA,NA,NA,NA,NA,Y,4,0,1,5,A,-,01,23152,A,N,A,E,A,A,H,-,C,D,0,NA,NA,NA,NA,Y,Y,D,22,0,0,1,0,0,0,0,0,0,-,-,33.8946,-118.3297,LOS ANGELES,UNINCORPORATED,-118.32981754,33.89467
6585516,2014,2014-09-03,9530,2014-06-21,1255,020718,NA,6,1,9,1900,0,3,5,NA,2,006,TORRANCE BL,NORMANDIE AV,190,E,N,A,-,N,NA,NA,NA,NA,NA,NA,NA,NA,NA,Y,4,0,1,3,A,-,03,22350,NA,N,C,C,A,A,H,-,A,D,0,NA,NA,NA,NA,Y,NA,D,22,0,0,1,0,0,0,0,0,0,-,-,33.84195,-118.29892,LOS ANGELES,UNINCORPORATED,-118.29899558,33.84196488
6585536,2014,2016-05-28,1900,2014-08-01,1820,135095,2611,5,5,6,1950,0,0,0,NA,0,262T1,RT 138,DIVISION ST,270,W,N,A,-,Y,LA,7,138,-,-,43.63,H,-,E,Y,3,0,2,1,A,-,08,22107,NA,N,E,I,A,A,H,-,A,D,0,NA,NA,NA,NA,Y,NA,A,01,0,2,0,0,0,0,0,0,0,-,-,NA,NA,LOS ANGELES,PALMDALE,-118.13040572,34.5799192
6585547,2014,2014-09-05,1900,2014-08-03,1625,471346,1513,7,5,5,1954,0,0,0,NA,0,151T2,PARAMOUNT BL,WHITTIER BL,132,S,N,-,-,N,NA,NA,NA,NA,NA,NA,NA,NA,NA,N,4,0,1,3,D,-,00,NA,NA,N,C,C,A,A,H,-,A,D,0,NA,NA,NA,NA,Y,NA,-,-,0,0,1,0,0,0,0,0,0,-,-,NA,NA,LOS ANGELES,PICO RIVERA,-118.08888583,34.00304688
6585591,2014,2014-09-05,1941,2014-08-03,2208,10311,NA,7,5,7,1941,0,0,0,NA,0,NA,10TH ST,DAWSON AV,0,NA,Y,A,-,N,NA,NA,NA,NA,NA,NA,NA,NA,NA,Y,4,0,2,2,A,-,09,21802,A,N,D,C,A,A,H,-,C,A,0,NA,NA,NA,NA,Y,NA,A,NA,0,0,2,0,0,0,0,0,0,-,-,NA,NA,LOS ANGELES,LONG BEACH,-118.16552009,33.77896003
6585595,2014,2014-09-05,1941,2014-08-01,2125,10005,NA,5,5,7,1941,0,0,0,NA,0,NA,PACIFIC AV,7TH ST,0,NA,Y,A,-,N,NA,NA,NA,NA,NA,NA,NA,NA,NA,N,2,0,1,2,A,-,09,21453,B,N,A,B,A,A,H,-,C,D,0,NA,Y,NA,NA,Y,Y,-,NA,1,0,0,0,0,0,1,0,0,-,-,NA,NA,LOS ANGELES,LONG BEACH,-118.1937301,33.77536001
6585596,2014,2014-09-24,1925,2014-08-02,1826,20873,02,6,5,6,1925,0,0,0,NA,0,265,CENTRAL AV,COLORADO AV,55,S,N,B,-,N,NA,NA,NA,NA,NA,NA,NA,NA,NA,Y,4,0,1,2,A,-,08,22100,A,N,B,C,A,A,H,-,B,A,0,NA,NA,NA,NA,Y,NA,-,-,0,0,1,0,0,0,0,0,0,-,-,NA,NA,LOS ANGELES,GLENDALE,-118.25786649,34.14238919
6585599,2014,2014-09-05,1941,2014-08-01,1257,10039,NA,5,5,7,1941,0,0,0,NA,0,NA,BURNETT ST,ATLANTIC AV,200,E,N,A,-,N,NA,NA,NA,NA,NA,NA,NA,NA,NA,N,4,0,1,2,A,-,07,21658,A,N,B,E,A,A,H,-,A,D,0,NA,NA,NA,NA,Y,NA,A,NA,0,0,1,0,0,0,0,0,0,-,-,NA,NA,LOS ANGELES,LONG BEACH,-118.18437303,33.80072983
6585600,2014,2014-09-05,1925,2014-08-02,1314,22416,169,6,5,6,1925,0,0,0,NA,0,001,GLENOAKS BL,PACIFIC AV,930,E,N,A,-,N,NA,NA,NA,NA,NA,NA,NA,NA,NA,Y,3,0,1,2,A,-,03,22350,NA,N,C,C,A,A,H,-,A,A,0,NA,NA,Y,NA,Y,NA,C,02,0,1,0,0,0,0,0,0,1,-,-,NA,NA,LOS ANGELES,GLENDALE,-118.26115292,34.15981549
6585684,2014,2014-08-18,1925,2014-07-30,1059,14881,199,3,5,6,1925,0,0,0,NA,0,001,SONORA AV,FLOWER ST,0,NA,Y,A,-,N,NA,NA,NA,NA,NA,NA,NA,NA,NA,Y,4,0,2,3,A,-,12,21453,A,N,D,C,A,A,H,-,A,A,0,NA,NA,NA,NA,Y,NA,A,01,0,0,2,0,0,0,0,0,0,-,-,NA,NA,LOS ANGELES,GLENDALE,-118.29147001,34.16296003
6585711,2014,2014-08-18,1925,2014-07-28,1632,20871,141,1,5,6,1925,0,0,0,NA,0,001,ROHR ST,VALENTINE DR,30,S,N,A,-,N,NA,NA,NA,NA,NA,NA,NA,NA,NA,Y,3,0,1,2,A,-,08,22107,NA,N,A,E,A,A,H,-,A,D,0,NA,NA,NA,NA,Y,NA,A,01,0,1,0,0,0,0,0,0,0,-,-,NA,NA,LOS ANGELES,GLENDALE,-118.26682877,34.1764143
6585715,2014,2014-08-20,1925,2014-07-26,1822,13002,282,6,5,6,1925,0,0,0,NA,0,003,GLENDALE AV,CYPRESS ST,68,N,N,A,-,N,NA,NA,NA,NA,NA,NA,NA,NA,NA,Y,3,0,1,2,A,-,01,23152,A,N,C,E,A,A,H,-,A,D,0,NA,NA,NA,NA,Y,Y,-,NA,0,1,0,0,0,0,0,0,0,-,-,NA,NA,LOS ANGELES,GLENDALE,-118.25253921,34.12999472
6585719,2014,2014-08-18,1925,2014-07-24,2155,20814,3,4,5,6,1925,0,0,0,NA,0,248,SOUTH BRAND BL,CARUSO,0,NA,Y,A,-,N,NA,NA,NA,NA,NA,NA,NA,NA,NA,Y,2,0,1,2,A,-,11,21456,B,N,G,B,D,A,H,-,C,A,0,Y,NA,NA,NA,Y,NA,N,NA,1,0,0,0,1,0,0,0,0,-,-,NA,NA,LOS ANGELES,GLENDALE,-118.25506,34.1436
6585720,2014,2014-08-18,1900,2014-07-24,0920,470654,0532,4,5,5,1959,0,0,0,NA,0,53T1AM,DEL MAR AV,GARVEY AV,0,NA,Y,A,-,N,NA,NA,NA,NA,NA,NA,NA,NA,NA,N,4,0,2,2,A,-,21,22106,NA,N,-,C,A,A,H,-,A,A,0,NA,NA,NA,NA,Y,NA,A,01,0,0,2,0,0,0,0,0,0,-,-,NA,NA,LOS ANGELES,ROSEMEAD,-118.09947005,34.06263006
6585723,2014,2014-08-18,1925,2014-07-29,1716,19167,241,2,5,6,1925,0,0,0,NA,0,003,COLORADO ST,LINCOLN AV,9,E,N,A,-,N,NA,NA,NA,NA,NA,NA,NA,NA,NA,N,4,0,1,2,A,-,06,21951,NA,N,G,B,B,A,H,-,A,-,0,Y,NA,NA,NA,Y,NA,A,01,0,0,1,0,1,0,0,0,0,-,-,NA,NA,LOS ANGELES,GLENDALE,-118.22949033,34.14276082
6585756,2014,2014-08-18,1900,2014-07-25,1120,506901,0532,5,5,5,1959,0,0,0,NA,0,53HAM,HELLMAN AV,ECKHART AV,17,E,N,A,-,N,NA,NA,NA,NA,NA,NA,NA,NA,NA,N,4,0,1,2,A,-,09,21802,A,N,D,C,A,A,H,-,A,A,0,NA,NA,NA,NA,Y,NA,A,07,0,0,1,0,0,0,0,0,0,-,-,NA,NA,LOS ANGELES,ROSEMEAD,-118.09279399,34.06990948
6585759,2014,2014-08-18,1900,2014-07-22,1115,528678,1518,2,5,5,1954,0,0,0,NA,0,ISITID,SERAPIS AV,SLAUSON AV,0,NA,Y,A,-,N,NA,NA,NA,NA,NA,NA,NA,NA,NA,Y,4,0,1,2,-,-,-,NA,NA,N,D,C,A,A,H,-,A,A,0,NA,NA,NA,NA,Y,NA,-,-,0,0,1,0,0,0,0,0,0,-,-,NA,NA,LOS ANGELES,PICO RIVERA,-118.10098012,33.9696801
6585760,2014,2014-08-18,1900,2014-07-19,1250,517858,0562,6,5,3,1968,0,0,0,NA,0,55T1PM,PECK RD,RUSH ST,40,S,N,A,-,N,NA,NA,NA,NA,NA,NA,NA,NA,NA,N,4,0,1,2,A,-,03,22350,NA,M,C,C,A,A,H,-,A,A,0,NA,NA,NA,NA,Y,NA,A,01,0,0,1,0,0,0,0,0,0,-,-,NA,NA,LOS ANGELES,SOUTH EL MONTE,-118.03059,34.04658
6585762,2014,2014-08-20,1900,2014-07-21,0840,519898,2610,1,5,6,1950,0,0,0,NA,0,261T1,SIERRA HWY,TECHNOLOGY DR,0,NA,Y,A,-,N,NA,NA,NA,NA,NA,NA,NA,NA,NA,N,2,0,1,2,A,-,12,21453,A,N,D,G,A,A,H,-,A,A,0,NA,Y,NA,NA,Y,NA,A,01,1,0,0,0,0,0,1,0,0,-,-,NA,NA,LOS ANGELES,PALMDALE,-118.12049011,34.59448012
6585766,2014,2014-08-20,1900,2014-07-20,1206,491337,2610,7,5,6,1950,0,0,0,NA,0,262T1,20TH ST EAST,AV R-12,0,NA,Y,A,-,N,NA,NA,NA,NA,NA,NA,NA,NA,NA,Y,4,0,5,2,A,-,09,21801,A,N,A,C,A,A,H,-,A,D,0,NA,NA,NA,NA,Y,NA,A,01,0,0,5,0,0,0,0,0,0,-,-,NA,NA,LOS ANGELES,PALMDALE,-118.09390009,34.56183009
6585770,2014,2014-08-20,1900,2014-07-20,1150,481824,1900,7,5,6,1950,0,0,0,NA,0,263T1,25TH ST EAST,SPANISH BROOM DR,0,NA,Y,A,-,N,NA,NA,NA,NA,NA,NA,NA,NA,NA,Y,3,0,4,2,A,-,09,21801,A,N,A,C,A,A,H,-,A,A,0,NA,NA,NA,NA,Y,NA,A,01,0,2,2,0,0,0,0,0,0,-,-,NA,NA,LOS ANGELES,PALMDALE,-118.08610002,34.55439002
6585774,2014,2014-08-20,1900,2014-07-17,0735,253807,2612,4,5,6,1950,0,0,0,NA,0,261T1,RANCHO VISTA BL,HOMERIDGE DR,0,NA,Y,A,-,N,NA,NA,NA,NA,NA,NA,NA,NA,NA,Y,2,0,3,2,A,-,09,21802,A,N,D,C,A,A,H,-,A,A,0,NA,NA,NA,NA,Y,NA,A,01,1,1,1,0,0,0,0,0,0,-,-,NA,NA,LOS ANGELES,PALMDALE,-118.20183011,34.61394001
6585778,2014,2014-08-20,1900,2014-07-15,2000,535074,2610,2,5,6,1950,0,0,0,NA,0,204T1,20TH ST EAST,AVE R-4,0,NA,Y,A,-,N,NA,NA,NA,NA,NA,NA,NA,NA,NA,Y,3,0,1,2,A,-,01,23152,A,N,C,C,A,A,H,-,A,D,0,NA,NA,Y,NA,Y,Y,C,02,0,1,0,0,0,0,0,0,1,-,-,NA,NA,LOS ANGELES,PALMDALE,-118.09394012,34.56936008
6585782,2014,2014-08-20,1900,2014-07-26,0842,491337,2611,6,5,6,1950,0,0,0,NA,0,262T1,TIERRA SUBIDA AV,AV Q-8,0,NA,Y,A,-,N,NA,NA,NA,NA,NA,NA,NA,NA,NA,N,4,0,1,2,A,-,04,21703,NA,N,C,C,A,A,H,-,A,A,0,NA,NA,NA,NA,Y,NA,A,07,0,0,1,0,0,0,0,0,0,-,-,NA,NA,LOS ANGELES,PALMDALE,-118.14716008,34.57980007
6585793,2014,2014-08-20,1941,2014-07-27,0641,10552,NA,7,5,7,1941,0,0,0,NA,0,NA,VIA ORO AV,CARSON ST,800,N,N,A,-,N,NA,NA,NA,NA,NA,NA,NA,NA,NA,Y,4,0,1,2,A,-,07,21658,A,M,C,C,A,A,H,-,A,D,0,NA,NA,NA,NA,Y,NA,A,NA,0,0,1,0,0,0,0,0,0,-,-,NA,NA,LOS ANGELES,LONG BEACH,-118.21195208,33.8338785
6585794,2014,2014-09-03,1901,2014-07-25,0958,271,4,5,5,5,1901,0,0,0,NA,0,001,MAIN ST,E CHAPEL AV,450,E,N,A,-,N,NA,NA,NA,NA,NA,NA,NA,NA,NA,Y,4,0,1,2,A,-,09,21801,NA,N,D,C,A,A,H,-,A,A,0,NA,NA,NA,NA,Y,NA,A,01,0,0,1,0,0,0,0,0,0,-,-,NA,NA,LOS ANGELES,ALHAMBRA,-118.12243528,34.09729169
6585796,2014,2016-05-31,9530,2014-07-06,1825,020787,NA,7,2,7,1941,0,1,1,NA,2,072,RT 710,WILLOW ST,654,S,N,A,-,Y,LA,7,710,-,-,7.77,H,-,N,Y,3,0,2,2,C,-,18,NA,NA,N,B,C,A,A,H,-,A,D,1,NA,NA,NA,NA,Y,NA,-,-,0,1,1,0,0,0,0,0,0,-,-,33.799,-118.2067,LOS ANGELES,LONG BEACH,-118.20725194,33.80270242
6585798,2014,2014-08-20,1901,2014-07-17,2109,187,10,4,5,5,1901,0,0,0,NA,0,002,VALLEY BL,6TH ST,0,NA,Y,A,-,N,NA,NA,NA,NA,NA,NA,NA,NA,NA,N,4,0,1,2,A,-,21,22106,NA,N,H,C,A,A,H,-,C,A,0,NA,NA,NA,NA,Y,NA,-,NA,0,0,1,0,0,0,0,0,0,-,-,NA,NA,LOS ANGELES,ALHAMBRA,-118.12935007,34.07821009
6585800,2014,2014-08-19,1942,2014-07-29,2210,40760,0557,2,5,7,1942,0,0,0,E,0,5TL21,GAFFEY ST,2ND ST,23,N,N,A,-,N,NA,NA,NA,NA,NA,NA,NA,NA,NA,N,2,0,1,2,A,-,11,21954,A,F,G,B,D,A,H,-,C,A,0,Y,NA,NA,NA,Y,NA,-,99,1,0,0,0,1,0,0,0,0,-,-,NA,NA,LOS ANGELES,LOS ANGELES,-118.29232,33.74249308
6585802,2014,2014-09-03,1901,2014-07-16,1800,275,04,3,5,5,1901,0,0,0,NA,0,001,ALMANSOR ST,MAIN ST,0,N,N,A,-,N,NA,NA,NA,NA,NA,NA,NA,NA,NA,N,3,0,1,2,A,-,17,21663,NA,N,H,A,A,A,H,-,A,A,0,NA,Y,NA,NA,Y,NA,L,04,0,1,0,0,0,0,1,0,0,-,-,NA,NA,LOS ANGELES,ALHAMBRA,-118.12102009,34.09792012
6585806,2014,2014-08-20,1901,2014-07-17,0834,274/224,13,4,5,5,1901,0,0,0,NA,0,002,3RD ST,GLENDON WY,12,N,N,A,B,N,NA,NA,NA,NA,NA,NA,NA,NA,NA,Y,4,0,1,1,A,-,08,22107,NA,N,A,I,A,-,H,-,A,A,0,NA,NA,NA,NA,Y,NA,A,01,0,0,1,0,0,0,0,0,0,-,-,NA,NA,LOS ANGELES,ALHAMBRA,-118.1254805,34.0740629
6585814,2014,2014-09-03,1901,2014-07-14,2338,183,22,1,5,5,1901,0,0,0,NA,0,003,WESTMONT DR,STOCKBRIDGE AV,4,S,N,A,-,N,NA,NA,NA,NA,NA,NA,NA,NA,NA,N,3,0,1,2,A,-,09,21802,A,F,C,B,E,A,H,-,C,A,0,Y,NA,NA,NA,Y,NA,A,01,0,1,0,0,1,0,0,0,0,-,-,NA,NA,LOS ANGELES,ALHAMBRA,-118.15942041,34.09030904
6585818,2014,2014-08-20,1900,2014-07-18,1452,491337,2619,5,5,6,1950,0,0,0,NA,0,262T1,10TH ST WEST,AUTO CENTER DR,0,NA,Y,A,-,N,NA,NA,NA,NA,NA,NA,NA,NA,NA,Y,4,0,2,2,A,-,09,21801,A,N,A,C,A,A,H,-,A,D,0,NA,NA,NA,NA,Y,NA,A,07,0,0,2,0,0,0,0,0,0,-,-,NA,NA,LOS ANGELES,PALMDALE,-118.14753005,34.59143002
6585822,2014,2014-08-20,1900,2014-07-21,1237,491337,NORTH,1,5,6,1950,0,0,0,NA,0,262T1,20TH ST WEST,RANCHO VISTA BL,0,NA,Y,A,-,N,NA,NA,NA,NA,NA,NA,NA,NA,NA,N,4,0,1,2,A,-,04,21703,NA,M,C,C,A,A,H,-,A,A,0,NA,NA,NA,NA,Y,NA,A,08,0,0,1,0,0,0,0,0,0,-,-,NA,NA,LOS ANGELES,PALMDALE,-118.16548,34.60174
6585824,2014,2016-06-04,9530,2014-07-09,0718,020240,NA,3,1,5,1977,0,1,1,NA,2,410,RT 405,WILMINGTON AV,47,N,N,A,-,Y,LA,7,405,-,-,9.6,H,-,N,Y,4,0,1,4,A,-,03,22350,NA,N,C,C,A,A,H,-,A,D,1,NA,NA,NA,NA,Y,NA,A,01,0,0,1,0,0,0,0,0,0,-,-,33.82595,-118.24221,LOS ANGELES,CARSON,-118.24205477,33.82591547
6585825,2014,2014-08-20,1941,2014-07-26,1914,6265,901-T,6,5,7,1941,0,0,0,NA,0,NA,REDONDO AV,6TH ST,0,NA,Y,A,-,N,NA,NA,NA,NA,NA,NA,NA,NA,NA,Y,4,0,1,3,A,-,12,21453,A,N,D,C,A,A,-,-,A,A,0,NA,NA,NA,NA,Y,NA,A,NA,0,0,1,0,0,0,0,0,0,-,-,NA,NA,LOS ANGELES,LONG BEACH,-118.15242013,33.77352005
6585829,2014,2014-08-20,1941,2014-07-30,1652,5668,901T,3,5,7,1941,0,0,0,NA,0,NA,WALNUT AV,BAILEY WY,0,NA,Y,A,-,N,NA,NA,NA,NA,NA,NA,NA,NA,NA,Y,3,0,1,4,A,-,07,21658,A,N,C,C,A,A,H,-,A,D,0,NA,NA,NA,NA,Y,NA,A,NA,0,1,0,0,0,0,0,0,0,-,-,NA,NA,LOS ANGELES,LONG BEACH,-118.17203012,33.78748002
6585833,2014,2014-09-03,1941,2014-07-27,1617,10235,901-T,7,5,7,1941,0,0,0,NA,0,NA,7TH ST,STANLEY AV,18,E,N,A,-,N,NA,NA,NA,NA,NA,NA,NA,NA,NA,Y,4,0,2,3,A,-,03,22350,NA,N,-,C,A,A,H,-,A,A,0,NA,NA,NA,NA,Y,NA,A,NA,0,0,2,0,0,0,0,0,0,-,-,NA,NA,LOS ANGELES,LONG BEACH,-118.16218089,33.77535
6585837,2014,2014-08-20,1941,2014-07-19,1858,6289,901T,6,5,7,1941,0,0,0,NA,0,NA,LOCUST,7TH,0,NA,Y,A,-,N,NA,NA,NA,NA,NA,NA,NA,NA,NA,Y,4,0,2,2,A,-,12,21453,A,N,D,C,A,A,H,-,A,A,0,NA,NA,NA,NA,Y,NA,A,NA,0,0,2,0,0,0,0,0,0,-,-,NA,NA,LOS ANGELES,LONG BEACH,-118.1911,33.77536008
6585842,2014,2016-06-02,9525,2014-07-23,1820,16679,NA,3,2,6,1955,0,1,1,NA,2,110,RT 10,GAREY AV,220,W,N,A,-,Y,LA,7,10,-,-,45.69,H,-,E,Y,4,0,1,2,A,-,03,22350,NA,N,C,C,A,A,H,-,A,D,1,NA,NA,NA,NA,Y,NA,A,01,0,0,1,0,0,0,0,0,0,-,-,34.073,-117.75431,LOS ANGELES,POMONA,-117.75297619,34.0734924
6585843,2014,2016-06-08,9530,2014-07-10,2200,020676,NA,4,3,7,1942,0,1,1,NA,2,110,RT 110,135TH ST,790,N,N,A,-,Y,LA,7,110,-,-,12.54,H,-,S,Y,3,0,4,1,A,-,08,22107,NA,N,E,I,A,A,H,-,C,D,1,NA,NA,NA,NA,Y,NA,A,01,0,2,2,0,0,0,0,0,0,-,-,33.54413,-118.17128,LOS ANGELES,LOS ANGELES,-118.28670365,33.91163025
6585846,2014,2014-08-18,9525,2014-07-30,1740,18164,NA,3,2,9,1900,0,3,5,NA,2,004,AMAR RD,CALIFORNIA AV,150,W,N,A,-,N,NA,NA,NA,NA,NA,NA,NA,NA,NA,N,4,0,1,2,A,-,03,22350,NA,N,C,C,A,A,H,-,A,D,0,NA,NA,NA,NA,Y,NA,A,01,0,0,1,0,0,0,0,0,0,-,-,34.04231,-117.95902,LOS ANGELES,UNINCORPORATED,-117.9587783,34.04211408
6585847,2014,2014-08-19,9530,2014-07-15,1240,018278,NA,2,1,9,1900,0,3,5,NA,2,002,ROSECRANS AV,MAIN ST,497,W,N,A,-,N,NA,NA,NA,NA,NA,NA,NA,NA,NA,Y,3,0,1,6,A,-,07,21658,A,M,E,I,A,A,H,-,A,D,0,NA,NA,NA,NA,Y,NA,-,99,0,1,0,0,0,0,0,0,0,-,-,33.90209,-118.2759,LOS ANGELES,UNINCORPORATED,-118.27571463,33.90194599
6585850,2014,2016-06-02,9525,2014-07-30,1400,17408,NA,3,2,5,1990,0,1,3,NA,2,604,RT 60,PHILLIPS RANCH RD,2000,W,N,A,-,Y,LA,7,60,-,R,27.44,H,-,E,Y,3,0,1,2,C,-,18,NA,NA,N,E,J,A,A,H,-,A,D,1,NA,NA,NA,NA,Y,NA,-,-,0,1,0,0,0,0,0,0,0,-,-,34.02599,-117.77776,LOS ANGELES,DIAMOND BAR,-117.7809748,34.0258223
6585851,2014,2016-05-25,9530,2014-07-14,1520,020787,NA,1,2,5,1977,0,1,1,NA,2,400,RT 405,FIGUEROA ST,150,S,N,A,-,Y,LA,7,405,-,-,12.7,H,-,S,Y,4,0,1,3,A,-,03,22350,NA,N,C,C,A,A,H,-,A,D,1,NA,NA,NA,NA,Y,NA,A,01,0,0,1,0,0,0,0,0,0,-,-,33.8544,-118.2821,LOS ANGELES,CARSON,-118.28154879,33.85412986
6585854,2014,2016-06-04,9525,2014-07-29,1400,17867,NA,2,2,9,1900,0,1,1,NA,2,105,RT 10,VIA VERDE AV,300,W,N,A,-,Y,LA,7,10,-,-,40.4,H,-,W,N,4,0,1,4,A,-,07,21658,A,N,C,C,A,A,H,-,A,D,1,NA,NA,Y,NA,Y,NA,C,02,0,0,1,0,0,0,0,0,1,-,-,34.06818,-117.84966,LOS ANGELES,UNINCORPORATED,-117.84067902,34.06902108
6585855,2014,2016-06-04,9530,2014-07-15,0850,20236,NA,2,1,7,1942,0,1,1,NA,2,120,RT 110,C ST,468,S,N,A,-,Y,LA,7,110,-,-,2.68,H,-,N,Y,3,0,1,1,A,-,08,22107,NA,N,F,I,A,A,H,-,A,D,1,NA,NA,NA,NA,Y,NA,A,07,0,1,0,0,0,0,0,0,0,-,-,33.767,-118.28187,LOS ANGELES,LOS ANGELES,-118.28027347,33.77053412
6585858,2014,2016-06-04,9525,2014-07-29,1955,17506,NA,2,2,6,1975,0,1,1,NA,2,105,RT 10,AZUSA AV,50,E,N,A,-,Y,LA,7,10,-,-,36.52,H,-,W,Y,3,0,1,1,A,-,08,22107,NA,N,E,I,A,A,D,-,B,D,1,NA,NA,NA,NA,Y,Y,A,01,0,1,0,0,0,0,0,0,0,-,-,34.07228,-117.90728,LOS ANGELES,WEST COVINA,-117.90721836,34.0722192
6585859,2014,2016-06-08,9530,2014-07-16,1447,020240,NA,3,2,7,1942,0,1,1,NA,2,110,RT 110,111TH PL,723,N,N,A,-,Y,LA,7,110,-,-,14.32,H,-,S,Y,4,0,1,3,A,-,07,21658,A,N,B,C,A,A,H,-,A,D,1,NA,NA,NA,NA,Y,NA,-,-,0,0,1,0,0,0,0,0,0,-,-,33.93595,-118.28012,LOS ANGELES,LOS ANGELES,-118.28024641,33.93611839
6585862,2014,2016-06-08,9525,2014-07-31,1415,16983,NA,4,2,5,1990,0,1,3,NA,2,602,RT 60,GRAND AV,528,E,N,A,-,Y,LA,7,60,-,R,24.52,H,-,E,Y,4,0,1,2,A,-,03,22350,NA,N,C,C,A,A,H,-,A,D,1,NA,NA,Y,NA,Y,NA,C,02,0,0,1,0,0,0,0,0,1,-,-,34.00953,-117.82391,LOS ANGELES,DIAMOND BAR,-117.82253677,34.0107713
6585863,2014,2014-08-19,9530,2014-07-12,1055,20744,NA,6,1,9,1900,0,3,5,NA,2,003,ROSECRANS AV,BUTLER AV,360,E,N,A,-,N,NA,NA,NA,NA,NA,NA,NA,NA,NA,N,4,0,3,3,A,-,03,22350,NA,N,C,C,A,A,H,-,A,D,0,NA,NA,NA,NA,Y,NA,A,07,0,0,3,0,0,0,0,0,0,-,-,33.90352,-118.19707,LOS ANGELES,UNINCORPORATED,-118.19715612,33.90356
6585866,2014,2016-05-24,9525,2014-07-31,1738,18164,NA,4,2,6,1975,0,1,1,NA,2,104,RT 10,PACIFIC AV,1300,W,N,A,-,Y,LA,7,10,-,-,34.21,H,-,E,N,4,0,1,2,A,-,03,22350,NA,N,C,C,A,A,H,-,A,D,1,NA,NA,NA,NA,Y,NA,A,01,0,0,1,0,0,0,0,0,0,-,-,34.07191,-117.94444,LOS ANGELES,WEST COVINA,-117.94748956,34.07160004
6585867,2014,2016-05-14,9530,2014-07-11,0838,20744,NA,5,1,7,1941,0,1,1,NA,2,430,RT 405,LAKEWOOD BL,1140,S,N,A,-,Y,LA,7,405,-,-,2.925,R,1,S,Y,4,0,2,2,A,-,03,22350,NA,N,C,C,A,A,H,-,A,A,1,NA,NA,NA,NA,Y,NA,A,01,0,0,2,0,0,0,0,0,0,-,-,33.80326,-118.13886,LOS ANGELES,LONG BEACH,-118.13654697,33.80289692
6585870,2014,2016-06-04,9525,2014-07-23,2220,17867,NA,3,3,6,1955,0,1,1,NA,2,118,RT 10,FAIRPLEX DR,350,W,N,A,-,Y,LA,7,10,-,-,43.37,H,-,E,N,3,0,1,2,A,-,08,22107,NA,F,B,C,A,A,H,-,C,D,1,NA,NA,Y,NA,Y,NA,A,01,0,1,0,0,0,0,0,0,1,-,-,34.06937,-117.79764,LOS ANGELES,POMONA,-117.7921491,34.07162323
6585871,2014,2016-05-25,9530,2014-07-13,1805,017860,NA,7,2,7,1941,0,1,1,NA,2,430,RT 405,CLARKE AVE,150,S,N,A,-,Y,LA,7,405,-,-,2.73,H,-,S,Y,4,0,1,3,A,-,07,21658,A,N,B,C,A,A,H,-,A,D,1,NA,NA,Y,NA,Y,NA,A,01,0,0,1,0,0,0,0,0,1,-,-,33.80259,-118.13251,LOS ANGELES,LONG BEACH,-118.13322874,33.80272185