CASE_ID,ACCIDENT_YEAR,PROC_DATE,JURIS,COLLISION_DATE,COLLISION_TIME,OFFICER_ID,REPORTING_DISTRICT,DAY_OF_WEEK,CHP_SHIFT,POPULATION,CNTY_CITY_LOC,SPECIAL_COND,BEAT_TYPE,CHP_BEAT_TYPE,CITY_DIVISION_LAPD,CHP_BEAT_CLASS,BEAT_NUMBER,PRIMARY_RD,SECONDARY_RD,DISTANCE,DIRECTION,INTERSECTION,WEATHER_1,WEATHER_2,STATE_HWY_IND,CALTRANS_COUNTY,CALTRANS_DISTRICT,STATE_ROUTE,ROUTE_SUFFIX,POSTMILE_PREFIX,POSTMILE,LOCATION_TYPE,RAMP_INTERSECTION,SIDE_OF_HWY,TOW_AWAY,COLLISION_SEVERITY,NUMBER_KILLED,NUMBER_INJURED,PARTY_COUNT,PRIMARY_COLL_FACTOR,PCF_CODE_OF_VIOL,PCF_VIOL_CATEGORY,PCF_VIOLATION,PCF_VIOL_SUBSECTION,HIT_AND_RUN,TYPE_OF_COLLISION,MVIW,PED_ACTION,ROAD_SURFACE,ROAD_COND_1,ROAD_COND_2,LIGHTING,CONTROL_DEVICE,CHP_ROAD_TYPE,PEDESTRIAN_ACCIDENT,BICYCLE_ACCIDENT,MOTORCYCLE_ACCIDENT,TRUCK_ACCIDENT,NOT_PRIVATE_PROPERTY,ALCOHOL_INVOLVED,STWD_VEHTYPE_AT_FAULT,CHP_VEHTYPE_AT_FAULT,COUNT_SEVERE_INJ,COUNT_VISIBLE_INJ,COUNT_COMPLAINT_PAIN,COUNT_PED_KILLED,COUNT_PED_INJURED,COUNT_BICYCLIST_KILLED,COUNT_BICYCLIST_INJURED,COUNT_MC_KILLED,COUNT_MC_INJURED,PRIMARY_RAMP,SECONDARY_RAMP,LATITUDE,LONGITUDE,COUNTY,CITY,POINT_X,POINT_Y
6585874,2014,2016-06-11,9525,2014-07-25,1005,19506,NA,5,1,5,1990,0,1,3,NA,2,573,RT 57,BREA CANYON RD,10,N,N,A,-,Y,LA,7,57,-,R,1.088,R,1,S,Y,4,0,1,2,A,-,21,22106,NA,N,C,C,A,A,H,-,A,D,1,NA,NA,NA,NA,Y,NA,A,01,0,0,1,0,0,0,0,0,0,-,-,33.96911,-117.84965,LOS ANGELES,DIAMOND BAR,-117.85856854,33.95907814
6585875,2014,2016-05-17,9530,2014-07-11,1410,20744,NA,5,2,7,1941,0,1,3,NA,2,320,RT 91,LONG BEACH BL,1000,E,N,A,-,Y,LA,7,91,-,R,11.33,H,-,E,Y,4,0,1,2,A,-,07,21658,A,N,B,C,A,A,H,-,A,D,1,NA,NA,NA,NA,Y,NA,A,01,0,0,1,0,0,0,0,0,0,-,-,33.87374,-118.19666,LOS ANGELES,LONG BEACH,-118.19859848,33.87311428
6585878,2014,2016-05-25,9525,2014-07-18,1705,20034,NA,5,2,1,1934,0,1,1,NA,2,651,RT 605,LOWER AZUSA RD,330,N,N,A,-,Y,LA,7,605,-,-,22.21,H,-,S,Y,4,0,1,2,A,-,07,21658,A,M,B,C,A,A,H,-,A,D,1,NA,NA,NA,NA,Y,NA,A,01,0,0,1,0,0,0,0,0,0,-,-,34.09022,-117.99361,LOS ANGELES,IRWINDALE,-117.99107116,34.09249439
6585879,2014,2016-06-04,9530,2014-07-15,1202,020787,NA,2,1,7,1942,0,1,1,NA,2,400,RT 405,VERMONT AV,450,N,N,B,-,Y,LA,7,405,-,-,13.46,H,-,S,Y,4,0,1,3,A,-,03,22350,NA,N,C,C,A,-,H,-,A,D,1,NA,NA,NA,NA,Y,NA,A,01,0,0,1,0,0,0,0,0,0,-,-,33.8596,-118.2929,LOS ANGELES,LOS ANGELES,-118.29259531,33.85968604
6585882,2014,2014-08-18,9525,2014-07-18,1745,19682,NA,5,2,9,1900,0,2,4,NA,2,045,VALLEY BL,SUNSET AV,600,W,N,A,-,N,NA,NA,NA,NA,NA,NA,NA,NA,NA,N,4,0,1,2,A,-,03,22350,NA,N,C,C,A,A,H,-,A,D,0,NA,NA,NA,NA,Y,NA,A,08,0,0,1,0,0,0,0,0,0,-,-,34.03521,-117.97559,LOS ANGELES,UNINCORPORATED,-117.97609798,34.03580291
6585883,2014,2014-08-19,9530,2014-07-17,2050,020575,NA,4,2,9,1900,0,3,5,NA,2,001,NADEAU ST,BELL AV,0,NA,Y,A,-,N,NA,NA,NA,NA,NA,NA,NA,NA,NA,N,3,0,1,2,A,-,17,21451,A,F,D,G,A,A,H,-,C,A,0,NA,Y,NA,NA,Y,NA,-,99,0,1,0,0,0,0,1,0,0,-,-,33.9674,-118.2389,LOS ANGELES,UNINCORPORATED,-118.23892011,33.96741006
6585886,2014,2016-05-24,9525,2014-07-13,0045,20058,NA,7,3,5,1906,0,1,1,NA,2,104,RT 10,FRANCISQUITO AV,2640,E,N,A,-,Y,LA,7,10,-,-,37.01,H,-,E,Y,4,0,4,3,A,-,03,22350,NA,M,C,C,A,A,H,-,C,D,1,NA,NA,NA,NA,Y,NA,-,99,0,0,4,0,0,0,0,0,0,-,-,34.07039,-117.95799,LOS ANGELES,BALDWIN PARK,-117.89868208,34.07196607
6585891,2014,2014-08-19,9530,2014-07-20,1017,020774,NA,7,1,9,1900,0,3,5,NA,2,004,SANTA FE AV,DEL AMO BL,15,N,N,B,-,N,NA,NA,NA,NA,NA,NA,NA,NA,NA,N,4,0,1,2,A,-,03,22350,NA,F,C,C,A,A,H,-,A,A,0,NA,NA,NA,NA,Y,NA,A,08,0,0,1,0,0,0,0,0,0,-,-,33.8468,-118.21174,LOS ANGELES,UNINCORPORATED,-118.21171684,33.84661105
6585894,2014,2014-08-18,9525,2014-07-18,1230,18357,NA,5,1,9,1900,0,3,5,NA,2,002,GLENDORA MOUNTAIN RD,DALTON CANYON RD,15840,N,N,A,-,N,NA,NA,NA,NA,NA,NA,NA,NA,NA,Y,3,0,2,2,A,-,11,21954,A,N,G,B,E,A,H,-,A,D,0,Y,NA,Y,NA,Y,NA,N,60,0,1,1,0,1,0,0,0,1,-,-,34.16958,-117.84481,LOS ANGELES,UNINCORPORATED,NA,NA
6585898,2014,2016-06-08,9525,2014-07-19,1045,19264,NA,6,1,5,1990,0,1,3,NA,2,603,RT 60,GRAND AV,1320,E,N,B,-,Y,LA,7,60,-,R,24.53,H,-,W,Y,3,0,1,3,A,-,03,22350,NA,N,C,C,A,A,H,-,A,D,1,NA,NA,NA,NA,Y,NA,A,07,0,1,0,0,0,0,0,0,0,-,-,34.01344,-117.82048,LOS ANGELES,DIAMOND BAR,-117.82252325,34.01115546
6585902,2014,2016-06-11,9525,2014-07-19,0045,20341,NA,6,3,5,1990,0,1,3,NA,2,574,RT 57,GRAND AV,400,S,N,A,-,Y,LA,7,57,-,R,4.39,H,-,N,Y,3,0,3,1,A,-,08,22107,NA,N,E,I,A,A,H,-,C,D,1,NA,NA,NA,NA,Y,NA,A,07,0,3,0,0,0,0,0,0,0,TO,-,34.0008,-117.83516,LOS ANGELES,DIAMOND BAR,-117.83576618,34.00046902
6585903,2014,2016-06-11,9530,2014-07-17,1720,20776,NA,4,2,7,1942,0,1,1,NA,2,200,RT 105,CENTRAL AV,15,W,N,A,-,Y,LA,7,105,-,R,8.697,R,1,E,N,4,0,1,2,A,-,03,22350,NA,N,C,C,A,A,H,-,A,A,1,NA,NA,NA,NA,Y,NA,A,07,0,0,1,0,0,0,0,0,0,-,-,33.5539,-118.15163,LOS ANGELES,LOS ANGELES,-118.25782218,33.92746261
6585905,2014,2014-08-18,9525,2014-07-23,2220,19698,NA,3,3,9,1900,0,3,5,NA,2,004,TEMPLE AV,PUENTE AV,0,NA,Y,A,-,N,NA,NA,NA,NA,NA,NA,NA,NA,NA,Y,4,0,1,2,A,-,12,21453,A,N,D,C,A,A,H,-,C,D,0,NA,NA,NA,NA,Y,NA,A,01,0,0,1,0,0,0,0,0,0,-,-,34.05043,-117.98182,LOS ANGELES,UNINCORPORATED,-117.98188011,34.05063007
6585906,2014,2016-06-11,9525,2014-07-28,0735,18729,NA,1,1,5,1990,0,1,3,NA,2,604,RT 57,GRAND AV,1584,W,N,B,-,Y,LA,7,57,-,R,4.387,R,2,N,Y,3,0,2,1,A,-,08,22107,NA,N,E,I,A,A,H,-,A,D,1,NA,NA,NA,NA,Y,NA,A,01,0,2,0,0,0,0,0,0,0,TO,-,34.00565,-117.82824,LOS ANGELES,DIAMOND BAR,-117.83580378,34.00044288
6585907,2014,2016-06-04,9530,2014-07-14,1645,18200,NA,1,2,7,1942,0,1,1,NA,2,400,RT 405,VERMONT AV,250,N,N,A,-,Y,LA,7,405,-,-,13.44,H,-,S,N,4,0,1,3,A,-,03,22350,NA,M,C,C,A,A,H,-,A,D,1,NA,NA,NA,NA,Y,NA,A,08,0,0,1,0,0,0,0,0,0,-,-,33.85982,-118.29468,LOS ANGELES,LOS ANGELES,-118.2922517,33.85965354
6585910,2014,2016-06-11,9525,2014-07-27,0100,20572,NA,7,3,4,1905,0,1,1,NA,2,203,RT 210,CERRITOS AV,500,W,N,A,-,Y,LA,7,210,-,R,39.98,H,-,W,Y,2,0,3,2,A,-,01,23152,A,F,D,C,A,A,H,-,C,D,1,NA,NA,NA,NA,Y,Y,A,08,1,0,2,0,0,0,0,0,0,-,-,34.1213,-117.89997,LOS ANGELES,AZUSA,-117.90102296,34.1211556
6585911,2014,2016-05-31,9530,2014-07-14,1445,20744,NA,1,2,7,1941,0,1,1,NA,2,071,RT 710,DEL AMO BL,1300,N,N,A,-,Y,LA,7,710,-,-,11.09,H,-,N,Y,4,0,1,2,A,-,07,21658,A,F,B,C,A,A,H,-,A,D,1,NA,NA,NA,NA,Y,NA,-,99,0,0,1,0,0,0,0,0,0,-,-,33.85014,-118.20507,LOS ANGELES,LONG BEACH,-118.20511563,33.85039582
6585914,2014,2016-06-04,9525,2014-07-25,1120,14971,NA,5,1,3,1921,0,1,1,NA,2,201,RT 210,RT 605,250,W,N,A,-,Y,LA,7,210,-,R,36.36,H,-,W,N,4,0,1,2,A,-,03,22350,NA,N,C,C,A,A,H,-,A,D,1,NA,NA,NA,NA,Y,NA,A,01,0,0,1,0,0,0,0,0,0,-,-,34.13462,-117.95843,LOS ANGELES,DUARTE,-117.95846,34.13467831
6585918,2014,2016-06-04,9525,2014-07-29,1338,13274,NA,2,1,6,1975,0,1,1,NA,2,105,RT 10,HOLT AV,528,E,N,B,-,Y,LA,7,10,-,-,39.11,H,-,W,Y,3,0,1,1,A,-,08,22107,NA,N,E,I,A,A,H,-,A,D,1,NA,NA,NA,NA,Y,NA,A,01,0,1,0,0,0,0,0,0,0,-,-,34.06095,-117.86278,LOS ANGELES,WEST COVINA,-117.86266088,34.06941106
6585921,2014,2014-08-18,1912,2014-07-24,0850,12190,NA,4,5,6,1912,0,0,0,NA,0,NA,VERDUGO AV,PASS AV,0,NA,Y,A,-,N,NA,NA,NA,NA,NA,NA,NA,NA,NA,N,4,0,1,2,A,-,12,21453,A,N,D,C,A,A,H,-,A,A,0,NA,NA,NA,NA,Y,NA,A,01,0,0,1,0,0,0,0,0,0,-,-,NA,NA,LOS ANGELES,BURBANK,-118.34768,34.15966008
6585925,2014,2014-08-18,1912,2014-07-23,1325,8991,NA,3,5,6,1912,0,0,0,NA,0,NA,LAKE ST,PROVIDENCIA AV,0,NA,Y,A,-,N,NA,NA,NA,NA,NA,NA,NA,NA,NA,N,3,0,1,2,A,-,10,21950,A,N,G,B,B,A,H,-,A,A,0,Y,NA,NA,NA,Y,NA,A,01,0,1,0,0,1,0,0,0,0,-,-,NA,NA,LOS ANGELES,BURBANK,-118.30941009,34.1719601
6585929,2014,2014-08-28,1912,2014-07-21,2029,11832,NA,1,5,6,1912,0,0,0,NA,0,NA,GLENOAKS BL,CYPRESS AV,0,NA,Y,A,-,N,NA,NA,NA,NA,NA,NA,NA,NA,NA,Y,3,0,4,2,A,-,12,21453,A,N,D,C,A,A,H,-,C,A,0,NA,NA,NA,NA,Y,NA,-,-,0,1,3,0,0,0,0,0,0,-,-,NA,NA,LOS ANGELES,BURBANK,-118.31115009,34.1867801
6585933,2014,2014-08-18,1912,2014-07-18,1019,12104,NA,5,5,6,1912,0,0,0,NA,0,NA,7TH ST,SANTA ANITA AV,0,NA,Y,A,-,N,NA,NA,NA,NA,NA,NA,NA,NA,NA,Y,4,0,1,3,A,-,09,21802,A,N,D,E,A,A,H,-,A,A,0,NA,NA,NA,NA,Y,NA,A,07,0,0,1,0,0,0,0,0,0,-,-,NA,NA,LOS ANGELES,BURBANK,-118.29864013,34.18377006
6585937,2014,2014-08-18,1912,2014-07-17,1705,12190,NA,4,5,6,1912,0,0,0,NA,0,NA,GLENOAKS BL,ANDOVER DR,0,NA,Y,A,-,N,NA,NA,NA,NA,NA,NA,NA,NA,NA,N,3,0,1,2,A,-,12,21453,A,N,H,G,A,A,H,-,A,A,0,NA,Y,NA,NA,Y,NA,L,04,0,1,0,0,0,0,1,0,0,-,-,NA,NA,LOS ANGELES,BURBANK,-118.32106007,34.19403001
6585941,2014,2014-08-18,1912,2014-07-24,0825,9393,NA,4,5,6,1912,0,0,0,NA,0,NA,BURBANK BL,FRONT ST,378,E,N,A,-,N,NA,NA,NA,NA,NA,NA,NA,NA,NA,N,4,0,1,3,A,-,03,22350,NA,N,C,C,A,A,H,-,A,D,0,NA,NA,NA,NA,Y,NA,A,01,0,0,1,0,0,0,0,0,0,-,-,NA,NA,LOS ANGELES,BURBANK,-118.31907,34.18513
6585945,2014,2014-08-18,1912,2014-07-25,1341,12104,NA,5,5,6,1912,0,0,0,NA,0,NA,OLIVE AV,LAKE ST,482,E,N,A,-,N,NA,NA,NA,NA,NA,NA,NA,NA,NA,N,3,0,1,1,A,-,03,22350,NA,N,F,-,A,A,H,-,A,D,0,NA,Y,NA,NA,Y,NA,L,04,0,1,0,0,0,0,1,0,0,-,-,NA,NA,LOS ANGELES,BURBANK,-118.31321946,34.17646648
6585950,2014,2014-08-18,1942,2014-07-29,2210,40700,0557,2,5,7,1942,0,0,0,E,0,5TL21,GAFFEY ST,2ND ST,23,N,N,A,-,N,NA,NA,NA,NA,NA,NA,NA,NA,NA,N,2,0,1,2,A,-,11,21954,A,F,G,B,D,A,H,-,C,A,0,Y,NA,NA,NA,Y,NA,-,99,1,0,0,0,1,0,0,0,0,-,-,NA,NA,LOS ANGELES,LOS ANGELES,-118.29232,33.74249308
6585951,2014,2014-08-18,1942,2014-07-27,2110,40476,0313,7,5,7,1942,0,0,0,C,0,3TL57,CRENSHAW BL,RODEO,140,S,N,A,-,N,NA,NA,NA,NA,NA,NA,NA,NA,NA,Y,3,0,4,3,A,-,03,22350,NA,F,C,C,A,A,H,-,C,A,0,NA,NA,NA,NA,Y,NA,A,01,0,1,3,0,0,0,0,0,0,-,-,NA,NA,LOS ANGELES,LOS ANGELES,-118.3351,34.02104603
6585965,2014,2014-08-18,1912,2014-07-30,2025,9542,NA,3,5,6,1912,0,0,0,NA,0,00J,BUENA VISTA ST,VICTORY BL,155,S,N,A,-,N,NA,NA,NA,NA,NA,NA,NA,NA,NA,Y,4,0,2,2,A,-,09,21804,A,N,D,C,A,A,H,-,C,D,0,NA,NA,NA,NA,Y,NA,A,01,0,0,2,0,0,0,0,0,0,-,-,NA,NA,LOS ANGELES,BURBANK,-118.33835802,34.18417494
6585970,2014,2014-08-18,1942,2014-07-30,1340,38385,0358,3,5,7,1942,0,0,0,C,0,3T5,VERMONT AV,JEFFERSON BL,0,NA,Y,A,-,N,NA,NA,NA,NA,NA,NA,NA,NA,NA,N,3,0,2,2,A,-,09,21801,A,N,A,C,A,A,H,-,A,A,0,NA,NA,NA,NA,Y,NA,A,07,0,2,0,0,0,0,0,0,0,-,-,NA,NA,LOS ANGELES,LOS ANGELES,-118.29152006,34.02551001
6585974,2014,2014-08-18,1942,2014-07-21,2140,41309,0335,1,5,7,1942,0,0,0,C,0,3A41,10TH AV,JEFFERSON BL,0,NA,Y,A,-,N,NA,NA,NA,NA,NA,NA,NA,NA,NA,N,4,0,1,2,A,-,10,21950,A,N,G,B,B,A,H,-,C,A,0,Y,NA,NA,NA,Y,NA,A,01,0,0,1,0,1,0,0,0,0,-,-,NA,NA,LOS ANGELES,LOS ANGELES,-118.32825004,34.02560008
6585977,2014,2014-08-18,1912,2014-07-30,1910,9542,NA,3,5,6,1912,0,0,0,NA,0,00J,BUENA VISTA ST,THORNTON AV,0,NA,Y,A,-,N,NA,NA,NA,NA,NA,NA,NA,NA,NA,Y,3,0,1,3,A,-,12,21453,A,N,D,E,A,A,H,-,A,A,0,NA,NA,NA,NA,Y,NA,A,01,0,1,0,0,0,0,0,0,0,-,-,NA,NA,LOS ANGELES,BURBANK,-118.33796012,34.19552007
6585981,2014,2014-08-18,1912,2014-07-28,1940,11832,NA,1,5,6,1912,0,0,0,NA,0,NA,HOLLYWOOD WY,BURBANK BL,0,NA,Y,A,-,N,NA,NA,NA,NA,NA,NA,NA,NA,NA,N,2,0,1,2,A,-,09,21801,A,N,D,C,A,A,H,-,B,A,0,NA,NA,Y,NA,Y,NA,A,01,1,0,0,0,0,0,0,0,1,-,-,NA,NA,LOS ANGELES,BURBANK,-118.34934009,34.17499011
6586010,2014,2016-06-11,9525,2014-07-28,1535,018505,NA,1,2,6,1955,0,1,3,NA,2,571,RT 57,RT 10,8,W,N,A,-,Y,LA,7,10,-,-,42.848,R,2,E,Y,3,0,1,1,A,-,08,22107,NA,N,F,I,A,A,H,-,A,D,1,NA,NA,Y,NA,Y,NA,C,02,0,1,0,0,0,0,0,0,1,TO,-,34.06595,-117.8032,LOS ANGELES,POMONA,-117.80024592,34.06798098
6586014,2014,2014-08-18,9525,2014-07-27,1135,15632,NA,7,1,9,1900,0,3,5,NA,2,002,ARROW HWY,SUNFLOWER AV,0,NA,Y,B,-,N,NA,NA,NA,NA,NA,NA,NA,NA,NA,Y,4,0,2,2,A,-,12,21453,A,N,D,C,A,A,H,-,A,A,0,NA,NA,NA,NA,Y,NA,A,07,0,0,2,0,0,0,0,0,0,-,-,34.10704,-117.84634,LOS ANGELES,UNINCORPORATED,-117.84638006,34.10673003
6586034,2014,2016-06-04,9525,2014-07-25,1900,019970,NA,5,2,6,1975,0,1,1,NA,2,106,RT 10,HOLT AV,2640,E,N,A,-,Y,LA,7,10,-,-,39.96,H,-,E,N,4,0,2,3,A,-,03,22350,NA,N,C,C,A,A,H,-,A,D,1,NA,NA,NA,NA,Y,NA,A,01,0,0,2,0,0,0,0,0,0,-,-,34.06024,-117.04025,LOS ANGELES,WEST COVINA,-117.84824452,34.06819391
6586038,2014,2016-06-04,9525,2014-07-11,1600,20114,NA,5,2,1,1934,0,1,1,NA,2,204,RT 210,RT 605,200,E,N,A,-,Y,LA,7,210,-,R,36.49,H,-,E,N,4,0,1,2,A,-,03,22350,NA,N,C,C,A,A,H,-,A,D,1,NA,NA,NA,NA,Y,NA,A,08,0,0,1,0,0,0,0,0,0,-,-,34.13122,-117.94792,LOS ANGELES,IRWINDALE,-117.95622783,34.13387107
6586042,2014,2016-01-12,9525,2014-07-12,0250,020499,NA,6,3,9,1900,0,3,5,NA,2,003,DUBESOR ST,MULLENDER ST,295,W,N,A,-,N,NA,NA,NA,NA,NA,NA,NA,NA,NA,NA,3,0,1,2,A,-,01,23152,A,N,D,C,A,A,H,-,C,D,0,NA,NA,NA,NA,Y,Y,A,01,0,1,0,0,0,0,0,0,0,-,-,34.04782,-117.9396,LOS ANGELES,UNINCORPORATED,-117.93967003,34.0477625
6586046,2014,2016-05-23,9525,2014-07-12,0600,019506,NA,6,1,5,1990,0,1,3,NA,2,601,RT 60,BREA CANYON RD,200,E,N,A,-,Y,LA,7,60,-,R,23.04,H,-,W,Y,4,0,1,2,A,-,03,22350,NA,N,C,C,A,A,H,-,A,D,1,NA,NA,NA,NA,Y,NA,A,01,0,0,1,0,0,0,0,0,0,-,-,33.99985,-117.84991,LOS ANGELES,DIAMOND BAR,-117.8440312,34.0009278
6586050,2014,2014-08-18,9525,2014-07-15,0738,018761,NA,2,1,9,1900,0,3,5,NA,2,004,CALIFORNIA AV,RAGUS AV,520,S,N,A,-,N,NA,NA,NA,NA,NA,NA,NA,NA,NA,Y,3,0,3,4,A,-,09,21804,A,N,D,C,A,A,H,-,A,D,0,NA,NA,NA,NA,Y,NA,A,01,0,2,1,0,0,0,0,0,0,-,-,34.04347,-117.95661,LOS ANGELES,UNINCORPORATED,-117.95677624,34.04339335
6586054,2014,2016-06-11,9525,2014-07-15,1215,17408,NA,2,1,5,1990,0,1,3,NA,2,573,RT 57,RT 60,100,S,N,A,-,Y,LA,7,57,-,R,4.5,H,-,N,N,4,0,1,2,A,-,03,22350,NA,N,C,C,A,A,H,-,A,D,1,NA,NA,NA,NA,Y,NA,A,01,0,0,1,0,0,0,0,0,0,-,-,34.00128,-117.83511,LOS ANGELES,DIAMOND BAR,-117.83435633,34.00138296
6586058,2014,2016-06-04,9525,2014-07-12,1835,019491,NA,6,2,1,1934,0,1,1,NA,2,652,RT 605,LIVE OAK AV,10,S,N,A,-,Y,LA,7,605,-,-,23.419,R,1,N,N,4,0,2,2,A,-,21,22106,NA,N,C,C,A,A,H,-,A,D,1,NA,NA,NA,NA,Y,NA,A,01,0,0,2,0,0,0,0,0,0,TO,-,34.1085,-117.98058,LOS ANGELES,IRWINDALE,-117.98156584,34.10781531
6586062,2014,2014-08-18,9525,2014-07-13,1940,019491,NA,7,2,9,1900,0,3,5,NA,2,005,GLENDORA MOUNTAIN RD,BIG DALTON CANYON RD,11616,N,N,A,-,N,NA,NA,NA,NA,NA,NA,NA,NA,NA,Y,4,0,1,1,A,-,03,22350,NA,N,E,I,A,A,H,-,B,D,0,NA,NA,NA,NA,Y,NA,A,01,0,0,1,0,0,0,0,0,0,-,-,34.16777,-117.84639,LOS ANGELES,UNINCORPORATED,-117.84412346,34.16210209
6586066,2014,2016-06-04,9525,2014-07-26,1805,019682,NA,6,2,5,1906,0,1,1,NA,2,104,RT 10,FRANCISQUITO AV,600,E,N,A,-,Y,LA,7,10,-,-,32.93,H,-,E,N,4,0,3,2,A,-,03,22350,NA,N,C,C,A,A,H,-,A,D,1,NA,NA,NA,NA,Y,NA,A,08,0,0,3,0,0,0,0,0,0,-,-,34.06934,-117.96683,LOS ANGELES,BALDWIN PARK,-117.96962654,34.06906702
6586070,2014,2016-06-09,9525,2014-07-25,0915,18364,NA,5,1,6,1955,0,1,3,NA,2,071,RT 71,SAN BERNARDINO COUNTY LINE,1053,N,N,A,-,Y,LA,7,71,-,R,4.51,H,-,S,Y,3,0,1,2,A,-,07,21658,A,N,B,C,A,A,H,-,A,D,1,NA,NA,Y,NA,Y,NA,A,07,0,1,0,0,0,0,0,0,1,TO,-,34.02208,-117.74838,LOS ANGELES,POMONA,-117.74828963,34.02216379
6586074,2014,2016-06-04,9525,2014-07-25,1605,019682,NA,5,2,5,1906,0,1,1,NA,2,104,RT 10,FRAZIER ST,300,W,N,A,-,Y,LA,7,10,-,-,31.66,H,-,E,N,4,0,1,2,A,-,07,21658,A,N,B,C,A,A,H,-,A,D,1,NA,NA,Y,NA,Y,NA,A,01,0,0,1,0,0,0,0,0,1,-,-,34.06546,-117.99174,LOS ANGELES,BALDWIN PARK,-117.99142301,34.06617431
6586078,2014,2016-05-25,9525,2014-07-25,1425,019682,NA,5,2,1,1934,0,1,1,NA,2,652,RT 605,ARROW HWY,300,N,N,A,-,Y,LA,7,605,-,-,24.02,H,-,N,N,4,0,1,2,A,-,03,22350,NA,N,C,C,A,A,H,-,A,D,1,NA,NA,NA,NA,Y,NA,A,07,0,0,1,0,0,0,0,0,0,-,-,34.1157,-117.97679,LOS ANGELES,IRWINDALE,-117.97694105,34.11570298
6586322,2014,2014-08-22,1965,2014-07-23,0915,2538,0B1G,3,5,5,1965,0,0,0,NA,0,B001,MICHIGAN,ALLEY 8,15,W,N,A,-,N,NA,NA,NA,NA,NA,NA,NA,NA,NA,N,3,0,1,2,A,-,06,21754,NA,N,B,D,A,A,H,-,A,D,0,NA,NA,Y,NA,Y,NA,C,02,0,1,0,0,0,0,0,0,1,-,-,NA,NA,LOS ANGELES,SANTA MONICA,NA,NA
6586324,2014,2014-08-18,1942,2014-07-24,0700,33340,0955,4,5,7,1942,0,0,0,I,0,15TL47,TYRONE AV,CHANDLER BL,0,NA,Y,A,-,N,NA,NA,NA,NA,NA,NA,NA,NA,NA,Y,4,0,1,2,A,-,09,21802,NA,N,D,C,A,A,H,-,A,A,0,NA,NA,NA,NA,Y,NA,A,01,0,0,1,0,0,0,0,0,0,-,-,NA,NA,LOS ANGELES,LOS ANGELES,-118.44435005,34.16855002
6586326,2014,2014-08-22,1900,2014-07-25,1110,472724,0627,5,5,6,1985,0,0,0,NA,0,61T1,NEWHALL AV,ARCH ST,0,NA,Y,A,-,N,NA,NA,NA,NA,NA,NA,NA,NA,NA,Y,4,0,1,2,A,-,09,21801,A,N,D,C,A,A,H,-,A,D,0,NA,NA,NA,NA,Y,NA,D,22,0,0,1,0,0,0,0,0,0,-,-,NA,NA,LOS ANGELES,SANTA CLARITA,-118.5219601,34.3745801
6586328,2014,2014-08-18,1942,2014-07-08,1700,40972,0941,2,5,7,1942,0,0,0,I,0,15T74,BURBANK BL,SEPULVEDA BL,21,E,N,A,-,N,NA,NA,NA,NA,NA,NA,NA,NA,NA,Y,4,0,1,2,A,-,08,22107,NA,N,D,C,A,A,H,-,A,A,0,NA,NA,NA,NA,Y,NA,A,01,0,0,1,0,0,0,0,0,0,-,-,NA,NA,LOS ANGELES,LOS ANGELES,-118.4660807,34.17209
6586332,2014,2014-08-21,1942,2014-07-03,1125,344634,0989,4,5,7,1942,0,0,0,I,0,35M66,WOODMAN AV,VALLEYHEART ST,0,NA,Y,A,-,N,NA,NA,NA,NA,NA,NA,NA,NA,NA,Y,4,0,1,2,A,-,03,22350,NA,N,A,C,A,A,H,-,A,D,0,NA,NA,NA,NA,Y,NA,A,01,0,0,1,0,0,0,0,0,0,-,-,NA,NA,LOS ANGELES,LOS ANGELES,-118.43125011,34.15396012
6586336,2014,2014-08-18,1942,2014-07-11,1115,39096,0923,5,5,7,1942,0,0,0,I,0,17TL16,VAN NUYS BL,KITTRIDGE ST,0,NA,Y,A,-,N,NA,NA,NA,NA,NA,NA,NA,NA,NA,N,4,0,3,2,D,-,00,NA,NA,N,D,C,A,A,H,-,A,D,0,NA,NA,NA,NA,Y,NA,-,-,0,0,3,0,0,0,0,0,0,-,-,NA,NA,LOS ANGELES,LOS ANGELES,-118.44873006,34.19066009
6586340,2014,2014-08-18,1942,2014-07-16,1740,40972,0963,3,5,7,1942,0,0,0,I,0,19T72,KESTER AV,HUSTON ST,12,S,N,A,-,N,NA,NA,NA,NA,NA,NA,NA,NA,NA,Y,4,0,2,2,A,-,09,21802,A,N,D,C,A,A,H,-,A,A,0,NA,NA,NA,NA,Y,NA,A,07,0,0,2,0,0,0,0,0,0,-,-,NA,NA,LOS ANGELES,LOS ANGELES,-118.457439,34.15939709
6586342,2014,2016-05-28,9580,2014-07-30,1445,019326,NA,3,2,7,1942,0,1,2,NA,2,102,RT 101,VAN NUYS BL,1056,S,N,A,-,Y,LA,7,101,-,-,15.66,H,-,N,Y,4,0,1,2,A,-,07,21658,A,N,B,C,A,A,H,-,A,D,1,NA,NA,NA,Y,Y,NA,F,26,0,0,1,0,0,0,0,0,0,-,-,34.15802,-118.45339,LOS ANGELES,LOS ANGELES,-118.44463983,34.15548056