CASE_ID,ACCIDENT_YEAR,PROC_DATE,JURIS,COLLISION_DATE,COLLISION_TIME,OFFICER_ID,REPORTING_DISTRICT,DAY_OF_WEEK,CHP_SHIFT,POPULATION,CNTY_CITY_LOC,SPECIAL_COND,BEAT_TYPE,CHP_BEAT_TYPE,CITY_DIVISION_LAPD,CHP_BEAT_CLASS,BEAT_NUMBER,PRIMARY_RD,SECONDARY_RD,DISTANCE,DIRECTION,INTERSECTION,WEATHER_1,WEATHER_2,STATE_HWY_IND,CALTRANS_COUNTY,CALTRANS_DISTRICT,STATE_ROUTE,ROUTE_SUFFIX,POSTMILE_PREFIX,POSTMILE,LOCATION_TYPE,RAMP_INTERSECTION,SIDE_OF_HWY,TOW_AWAY,COLLISION_SEVERITY,NUMBER_KILLED,NUMBER_INJURED,PARTY_COUNT,PRIMARY_COLL_FACTOR,PCF_CODE_OF_VIOL,PCF_VIOL_CATEGORY,PCF_VIOLATION,PCF_VIOL_SUBSECTION,HIT_AND_RUN,TYPE_OF_COLLISION,MVIW,PED_ACTION,ROAD_SURFACE,ROAD_COND_1,ROAD_COND_2,LIGHTING,CONTROL_DEVICE,CHP_ROAD_TYPE,PEDESTRIAN_ACCIDENT,BICYCLE_ACCIDENT,MOTORCYCLE_ACCIDENT,TRUCK_ACCIDENT,NOT_PRIVATE_PROPERTY,ALCOHOL_INVOLVED,STWD_VEHTYPE_AT_FAULT,CHP_VEHTYPE_AT_FAULT,COUNT_SEVERE_INJ,COUNT_VISIBLE_INJ,COUNT_COMPLAINT_PAIN,COUNT_PED_KILLED,COUNT_PED_INJURED,COUNT_BICYCLIST_KILLED,COUNT_BICYCLIST_INJURED,COUNT_MC_KILLED,COUNT_MC_INJURED,PRIMARY_RAMP,SECONDARY_RAMP,LATITUDE,LONGITUDE,COUNTY,CITY,POINT_X,POINT_Y
6593968,2014,2014-08-28,1942,2014-07-14,1100,32973,1372,1,5,7,1942,0,0,0,M,0,1TL24,SAN PEDRO ST,54TH ST,0,NA,Y,B,-,N,NA,NA,NA,NA,NA,NA,NA,NA,NA,Y,4,0,3,3,D,-,00,NA,NA,F,D,C,A,A,H,-,A,A,0,NA,NA,NA,NA,Y,NA,-,-,0,0,3,0,0,0,0,0,0,-,-,NA,NA,LOS ANGELES,LOS ANGELES,-118.27016005,33.99335003
6593969,2014,2014-08-27,1922,2014-07-02,1107,533,1922,3,5,6,1922,0,0,0,NA,0,NA,VALLEY BL,MOUNT VIEW RD,0,NA,Y,A,-,N,NA,NA,NA,NA,NA,NA,NA,NA,NA,NA,3,0,1,1,A,-,08,22107,NA,N,H,I,A,A,H,-,A,D,0,NA,NA,NA,NA,Y,NA,-,NA,0,1,0,0,0,0,0,0,0,-,-,NA,NA,LOS ANGELES,EL MONTE,-118.02081006,34.06382007
6593971,2014,2014-08-26,1942,2014-07-27,0005,40874,1309,7,5,7,1942,0,0,0,M,0,2T15,ALAMEDA ST,WASHINGTON BL,93,N,N,A,-,N,NA,NA,NA,NA,NA,NA,NA,NA,NA,N,3,0,1,2,A,-,11,21954,A,F,G,B,D,A,H,-,C,A,0,Y,NA,NA,NA,Y,NA,N,60,0,1,0,0,1,0,0,0,0,-,-,NA,NA,LOS ANGELES,LOS ANGELES,-118.23952447,34.02022472
6593972,2014,2014-08-26,1942,2014-07-15,0600,39876,1326,2,5,7,1942,0,0,0,M,0,2TL14,HOOPER AV,ADAMS BL,35,N,N,A,-,N,NA,NA,NA,NA,NA,NA,NA,NA,NA,Y,4,0,4,2,A,-,03,22350,NA,N,C,C,A,-,H,-,A,A,0,NA,NA,NA,NA,Y,NA,A,01,0,0,4,0,0,0,0,0,0,-,-,NA,NA,LOS ANGELES,LOS ANGELES,-118.25008937,34.01666586
6593973,2014,2014-08-27,1922,2014-07-01,1724,624,NA,2,5,6,1922,0,0,0,NA,0,NA,DEANA ST,PENN MAR AV,200,W,N,A,-,N,NA,NA,NA,NA,NA,NA,NA,NA,NA,Y,4,0,2,2,A,-,09,21804,A,N,D,C,A,A,H,-,A,A,0,NA,NA,NA,NA,Y,NA,A,01,0,0,2,0,0,0,0,0,0,-,-,NA,NA,LOS ANGELES,EL MONTE,-118.01284854,34.07176935
6593976,2014,2014-08-26,1942,2014-07-11,1953,40730,1373,5,5,7,1942,0,0,0,M,0,13T53,MCKINLEY AV,54TH ST,130,N,N,A,-,N,NA,NA,NA,NA,NA,NA,NA,NA,NA,N,3,0,1,2,A,-,11,21950,B,N,D,G,A,A,H,-,A,D,0,NA,Y,NA,NA,Y,NA,L,04,0,1,0,0,0,0,1,0,0,-,-,NA,NA,LOS ANGELES,LOS ANGELES,-118.26085512,33.9937765
6593977,2014,2014-08-27,1922,2014-07-03,0840,570,NA,4,5,6,1922,0,0,0,NA,0,002,PECK RD,FINEVIEW,0,NA,Y,A,-,N,NA,NA,NA,NA,NA,NA,NA,NA,NA,Y,3,0,3,2,A,-,08,22107,NA,N,D,C,A,A,H,-,A,A,0,NA,NA,NA,NA,Y,NA,A,01,0,1,2,0,0,0,0,0,0,-,-,NA,NA,LOS ANGELES,EL MONTE,-118.03061006,34.05150003
6593980,2014,2014-08-26,1942,2014-07-14,2200,32996,1307,1,5,7,1942,0,0,0,M,0,13TL53,CENTRAL AV,7TH ST,9,N,N,A,-,N,NA,NA,NA,NA,NA,NA,NA,NA,NA,N,4,0,1,2,A,-,10,21950,A,F,G,B,B,A,H,-,C,A,0,Y,NA,NA,NA,Y,NA,-,99,0,0,1,0,1,0,0,0,0,-,-,NA,NA,LOS ANGELES,LOS ANGELES,-118.24115357,34.03679054
6593981,2014,2014-08-27,1922,2014-07-23,1402,658,31,3,5,6,1922,0,0,0,NA,0,001,VALLEY BL,ROCKWELL,0,NA,Y,A,-,N,NA,NA,NA,NA,NA,NA,NA,NA,NA,N,3,0,1,2,A,-,05,21650,1,N,D,G,A,A,H,-,A,D,0,NA,Y,NA,NA,Y,NA,L,04,0,1,0,0,0,0,1,0,0,-,-,NA,NA,LOS ANGELES,EL MONTE,-118.04973001,34.07775001
6593984,2014,2014-08-26,1942,2014-07-17,1900,39049,1347,4,5,7,1942,0,0,0,M,0,13T53,LONG BEACH AV,42ND ST,0,NA,Y,A,-,N,NA,NA,NA,NA,NA,NA,NA,NA,NA,N,4,0,1,2,A,-,21,22106,NA,F,H,C,A,A,H,-,A,D,0,NA,NA,NA,NA,Y,NA,A,01,0,0,1,0,0,0,0,0,0,-,-,NA,NA,LOS ANGELES,LOS ANGELES,-118.2432701,34.00629011
6593988,2014,2014-08-26,1942,2014-07-02,1310,36341,LOSAN,3,5,7,1942,0,0,0,NA,0,NA,WALL ST,12TH ST,100,S,N,A,-,N,NA,NA,NA,NA,NA,NA,NA,NA,NA,NA,3,0,1,2,A,-,11,21956,A,N,D,B,D,A,H,-,A,D,0,Y,NA,NA,NA,Y,NA,-,NA,0,1,0,0,1,0,0,0,0,-,-,NA,NA,LOS ANGELES,LOS ANGELES,-118.25553822,34.03477936
6593989,2014,2014-08-27,1900,2014-07-13,2131,538097,0532,7,5,5,1959,0,0,0,NA,0,53HPM,SAN GABRIEL BL,GRAVES AV,18,S,N,A,-,N,NA,NA,NA,NA,NA,NA,NA,NA,NA,N,2,0,1,2,A,-,-,NA,NA,N,G,B,B,A,H,-,C,A,0,Y,NA,NA,NA,Y,Y,N,60,1,0,0,0,1,0,0,0,0,-,-,NA,NA,LOS ANGELES,ROSEMEAD,-118.09052101,34.05384065
6593991,2014,2014-08-26,1942,2014-07-21,1155,39743,1354,1,5,7,1942,0,0,0,M,0,NA,MAIN ST,VERNON AV,0,NA,Y,A,-,N,NA,NA,NA,NA,NA,NA,NA,NA,NA,NA,4,0,1,2,A,-,08,22107,NA,N,D,C,A,A,H,-,A,A,0,NA,NA,NA,NA,Y,NA,-,NA,0,0,1,0,0,0,0,0,0,-,-,NA,NA,LOS ANGELES,LOS ANGELES,-118.27401008,34.0038301
6593992,2014,2014-09-03,1942,2014-07-09,0140,38031,1253,3,5,7,1942,0,0,0,L,0,12X4,FLORENCE AV,WESTERN AV,0,NA,Y,-,-,N,NA,NA,NA,NA,NA,NA,NA,NA,NA,Y,4,0,3,2,A,-,09,21801,A,N,A,C,A,A,H,-,C,A,0,NA,NA,NA,NA,Y,NA,A,07,0,0,3,0,0,0,0,0,0,-,-,NA,NA,LOS ANGELES,LOS ANGELES,-118.30898006,33.97457001
6593993,2014,2014-08-27,1922,2014-07-08,1705,599,NA,2,5,6,1922,0,0,0,NA,0,NA,SANTA ANITA AV,RAMONA BL,300,N,N,A,-,N,NA,NA,NA,NA,NA,NA,NA,NA,NA,Y,4,0,2,2,A,-,09,21804,A,N,D,C,A,A,H,-,A,D,0,NA,NA,NA,NA,Y,Y,A,01,0,0,2,0,0,0,0,0,0,-,-,NA,NA,LOS ANGELES,EL MONTE,-118.04219027,34.07279237
6593994,2014,2014-08-27,1955,2014-07-25,0056,40724,50,5,5,6,1955,0,0,0,NA,0,001,HOLT AV,FILLMORE PL,81,W,N,A,-,N,NA,NA,NA,NA,NA,NA,NA,NA,NA,N,3,0,1,2,A,-,11,21954,A,F,-,B,D,A,H,-,C,A,0,Y,NA,NA,NA,Y,NA,N,60,0,1,0,0,1,0,0,0,0,-,-,NA,NA,LOS ANGELES,POMONA,-117.76734663,34.06195279
6593995,2014,2014-08-26,1942,2014-07-24,1415,37225,1344,4,5,7,1942,0,0,0,M,0,1TL24,AVALON BL,42ND ST,0,NA,Y,A,-,N,NA,NA,NA,NA,NA,NA,NA,NA,NA,Y,4,0,1,2,A,-,-,NA,NA,N,G,C,A,A,H,-,A,A,0,NA,NA,Y,NA,Y,NA,A,07,0,0,1,0,0,0,0,0,1,-,-,NA,NA,LOS ANGELES,LOS ANGELES,-118.26528001,34.00752006
6593996,2014,2015-12-22,1942,2014-07-12,2235,34981,1255,6,5,7,1942,0,0,0,L,0,12A45,FLORENCE,NORMANDIE AV,100,E,N,A,-,N,NA,NA,NA,NA,NA,NA,NA,NA,NA,Y,3,0,1,2,A,-,07,21658,A,F,G,B,E,A,H,-,C,D,0,Y,NA,NA,NA,Y,NA,-,99,0,1,0,0,1,0,0,0,0,-,-,NA,NA,LOS ANGELES,LOS ANGELES,-118.29997086,33.9745847
6593997,2014,2014-08-27,1922,2014-07-08,1109,576,NA,2,5,6,1922,0,0,0,NA,0,NA,LOWER AZUSA RD,EL MONTE AV,0,NA,Y,A,-,N,NA,NA,NA,NA,NA,NA,NA,NA,NA,Y,3,0,2,3,A,-,09,21801,A,N,D,C,A,A,H,-,A,A,0,NA,NA,NA,NA,Y,NA,A,01,0,1,1,0,0,0,0,0,0,-,-,NA,NA,LOS ANGELES,EL MONTE,-118.03538001,34.09267002
6593999,2014,2014-08-27,1942,2014-07-27,1550,38171,1373,7,5,7,1942,0,0,0,M,0,11TL32,54TH ST,MCKINLEY AV,40,W,N,B,-,N,NA,NA,NA,NA,NA,NA,NA,NA,NA,N,4,0,1,2,A,-,05,21650,1,N,B,G,A,A,H,-,A,A,0,NA,Y,NA,NA,Y,Y,L,04,0,0,1,0,0,0,1,0,0,-,-,NA,NA,LOS ANGELES,LOS ANGELES,-118.26086,33.99342
6594000,2014,2014-08-26,1942,2014-07-15,1900,38057,1265,2,5,7,1942,0,0,0,L,0,12A45,84TH PL,HALLDALE,200,W,N,B,-,N,NA,NA,NA,NA,NA,NA,NA,NA,NA,N,3,0,1,2,A,-,09,21804,A,N,G,G,A,A,H,-,B,D,0,NA,Y,NA,NA,Y,NA,L,04,0,1,0,0,0,0,1,0,0,-,-,NA,NA,LOS ANGELES,LOS ANGELES,-118.30313828,33.96181698
6594001,2014,2014-08-26,1976,2014-07-26,2338,508,1976,6,5,3,1964,0,0,0,NA,0,NA,WASHINGTON BL,SORENSEN AV,25,W,N,A,-,N,NA,NA,NA,NA,NA,NA,NA,NA,NA,N,4,0,1,2,A,-,03,22350,NA,F,C,C,A,A,H,-,C,A,0,NA,NA,NA,NA,Y,NA,A,01,0,0,1,0,0,0,0,0,0,-,-,NA,NA,LOS ANGELES,SANTA FE SPRINGS,-118.06009924,33.96938843
6594002,2014,2014-08-28,1942,2014-07-27,1740,33260,0162,7,5,7,1942,0,0,0,A,0,2T14,9TH ST,FIGUEROA ST,28,E,N,A,-,N,NA,NA,NA,NA,NA,NA,NA,NA,NA,N,4,0,1,2,A,-,07,21658,A,N,B,C,A,A,H,-,A,A,0,NA,NA,NA,NA,Y,NA,A,07,0,0,1,0,0,0,0,0,0,-,-,NA,NA,LOS ANGELES,LOS ANGELES,-118.26273794,34.04623515
6594005,2014,2014-08-26,1976,2014-07-27,0756,244,NA,7,5,3,1964,0,0,0,NA,0,NA,LOS NIETOS RD,GREENLEAF AV,15,W,N,A,-,N,NA,NA,NA,NA,NA,NA,NA,NA,NA,N,3,0,1,1,A,-,08,22107,NA,N,F,A,A,A,H,-,A,A,0,NA,Y,NA,NA,Y,NA,L,04,0,1,0,0,0,0,1,0,0,-,-,NA,NA,LOS ANGELES,SANTA FE SPRINGS,-118.05615812,33.94695612
6594006,2014,2014-08-26,1942,2014-07-13,1440,38171,0185,7,5,7,1942,0,0,0,A,0,11TL32,BROADWAY,11TH ST,0,NA,Y,A,-,N,NA,NA,NA,NA,NA,NA,NA,NA,NA,N,3,0,2,2,A,-,12,21453,A,N,-,C,A,A,H,-,A,A,0,NA,NA,NA,NA,Y,NA,A,01,0,1,1,0,0,0,0,0,0,-,-,NA,NA,LOS ANGELES,LOS ANGELES,-118.259,34.0396
6594009,2014,2014-08-26,1976,2014-07-20,1652,898,NA,7,5,3,1964,0,0,0,NA,0,NA,BLOOMFIELD AV,LAKELAND RD,0,NA,Y,A,-,N,NA,NA,NA,NA,NA,NA,NA,NA,NA,Y,4,0,2,2,A,-,12,21453,A,N,D,C,A,A,H,-,A,A,0,NA,NA,NA,NA,Y,NA,A,08,0,0,2,0,0,0,0,0,0,-,-,NA,NA,LOS ANGELES,SANTA FE SPRINGS,-118.06405011,33.93192007
6594010,2014,2014-08-26,1942,2014-07-23,1110,39761,0111,3,5,7,1942,0,0,0,A,0,13T53,HILL PL,CESAR E CHAVEZ,8,N,N,A,-,N,NA,NA,NA,NA,NA,NA,NA,NA,NA,N,4,0,1,2,A,-,10,21950,A,N,A,B,-,A,H,-,A,D,0,Y,NA,NA,NA,Y,NA,A,07,0,0,1,0,1,0,0,0,0,-,-,NA,NA,LOS ANGELES,LOS ANGELES,-118.24262378,34.05990132
6594013,2014,2014-08-26,1976,2014-07-30,1040,375,NA,3,5,3,1964,0,0,0,NA,0,NA,SHOEMAKER AV,LAKELAND RD,0,NA,Y,A,-,N,NA,NA,NA,NA,NA,NA,NA,NA,NA,Y,4,0,1,2,A,-,09,21801,A,N,A,C,A,A,H,-,A,A,0,NA,NA,NA,NA,Y,NA,A,01,0,0,1,0,0,0,0,0,0,-,-,NA,NA,LOS ANGELES,SANTA FE SPRINGS,-118.05520007,33.93172007
6594014,2014,2014-08-26,1942,2014-07-14,1355,40008,0119,1,5,7,1942,0,0,0,A,0,4TL43,ALAMEDA,LOS ANGELES,80,S,N,A,-,N,NA,NA,NA,NA,NA,NA,NA,NA,NA,N,4,0,1,2,A,-,03,22350,NA,N,C,C,A,A,H,-,A,D,0,NA,NA,NA,NA,Y,NA,A,01,0,0,1,0,0,0,0,0,0,-,-,NA,NA,LOS ANGELES,LOS ANGELES,-118.237552,34.055969
6594018,2014,2014-08-26,1942,2014-07-16,0720,30380,0257,3,5,7,1942,0,0,0,B,0,1TL11,5TH ST,UNION AV,0,NA,Y,A,-,N,NA,NA,NA,NA,NA,NA,NA,NA,NA,N,3,0,1,2,A,-,10,21950,A,N,G,B,B,A,H,-,A,A,0,Y,NA,NA,NA,Y,NA,A,01,0,1,0,0,1,0,0,0,0,-,-,NA,NA,LOS ANGELES,LOS ANGELES,-118.269081,34.05856
6594020,2014,2016-06-08,9565,2014-07-28,1200,020016,NA,1,1,4,1918,0,1,1,NA,2,061,RT 405,WASHINGTON BL,150,N,N,A,-,Y,LA,7,405,-,-,27.5,H,-,S,Y,4,0,1,5,A,-,08,22107,NA,F,B,C,A,A,H,-,A,D,1,NA,NA,NA,Y,Y,NA,A,01,0,0,1,0,0,0,0,0,0,-,-,34.00685,-118.41435,LOS ANGELES,CULVER CITY,-118.41407692,34.00650695
6594021,2014,2014-08-26,1942,2014-07-22,0715,41340,1891,2,5,7,1942,0,0,0,R,0,18A97,MENLO,167TH ST,0,NA,Y,A,-,N,NA,NA,NA,NA,NA,NA,NA,NA,NA,Y,4,0,1,2,A,-,03,22350,NA,N,D,E,A,A,H,-,A,D,0,NA,NA,NA,NA,Y,NA,A,01,0,0,1,0,0,0,0,0,0,-,-,NA,NA,LOS ANGELES,LOS ANGELES,-118.28907013,33.8798501
6594022,2014,2014-08-26,1942,2014-07-29,1250,41695,132,2,5,7,1942,0,0,0,M,0,1A35,FIGUEROA,3RD ST,0,NA,Y,A,-,N,NA,NA,NA,NA,NA,NA,NA,NA,NA,Y,4,0,1,2,A,-,12,21453,A,N,A,C,A,A,H,-,A,A,0,NA,NA,NA,NA,Y,NA,A,07,0,0,1,0,0,0,0,0,0,-,-,NA,NA,LOS ANGELES,LOS ANGELES,-118.25461002,34.05501004
6594025,2014,2014-08-26,1942,2014-07-27,1325,25250,1863,7,5,7,1942,0,0,0,R,0,3MQ5,120TH ST,AVALON BL,0,NA,Y,A,-,N,NA,NA,NA,NA,NA,NA,NA,NA,NA,Y,4,0,1,2,A,-,12,21453,A,N,D,C,A,A,H,-,A,A,0,NA,NA,NA,NA,Y,NA,A,01,0,0,1,0,0,0,0,0,0,-,-,NA,NA,LOS ANGELES,LOS ANGELES,-118.26524004,33.92371011
6594026,2014,2014-08-26,1942,2014-07-20,0145,40874,0122,7,5,7,1942,0,0,0,A,0,13T55,W TEMPLE ST,HOPE ST,0,NA,Y,A,-,N,NA,NA,NA,NA,NA,NA,NA,NA,NA,Y,4,0,2,2,A,-,12,21453,A,N,D,C,A,A,H,-,C,A,0,NA,NA,NA,NA,Y,NA,A,07,0,0,2,0,0,0,0,0,0,-,-,NA,NA,LOS ANGELES,LOS ANGELES,-118.24746002,34.05897002
6594029,2014,2014-08-26,1942,2014-07-29,1705,36738,1827,2,5,7,1942,0,0,0,R,0,18T39,102ND ST,GRAPE ST,85,E,N,A,-,N,NA,NA,NA,NA,NA,NA,NA,NA,NA,Y,4,0,2,4,A,-,03,22350,NA,F,C,E,F,A,H,-,A,D,0,Y,NA,NA,NA,Y,Y,A,01,0,0,2,0,2,0,0,0,0,-,-,NA,NA,LOS ANGELES,LOS ANGELES,-118.23678,33.94427
6594030,2014,2014-08-27,1942,2014-07-20,2340,38357,NA,7,5,7,1942,0,0,0,NA,0,13TL22,HILL ST,OLYMPIC BL,22,S,N,A,-,N,NA,NA,NA,NA,NA,NA,NA,NA,NA,Y,4,0,2,2,A,-,09,21801,A,N,D,C,A,A,H,-,C,A,0,NA,NA,NA,NA,Y,NA,A,01,0,0,2,0,0,0,0,0,0,-,-,NA,NA,LOS ANGELES,LOS ANGELES,-118.25849397,34.04160204
6594032,2014,2014-09-08,9565,2014-07-28,1508,20801,NA,1,2,9,1900,0,3,5,NA,2,002,VERMONT AV,CENTURY BL,10,S,N,A,-,N,NA,NA,NA,NA,NA,NA,NA,NA,NA,N,3,0,1,2,A,-,01,23152,A,N,B,C,A,A,H,-,A,D,0,NA,Y,NA,NA,Y,Y,L,04,0,1,0,0,0,0,1,0,0,-,-,33.94545,-118.29184,LOS ANGELES,UNINCORPORATED,-118.29191947,33.94546258
6594033,2014,2014-08-26,1942,2014-07-21,2250,33452,0124,1,5,7,1942,0,0,0,A,0,1T11,MAIN ST,TEMPLE ST,0,NA,Y,A,-,N,NA,NA,NA,NA,NA,NA,NA,NA,NA,Y,4,0,2,2,A,-,08,22100,B,N,B,C,A,A,H,-,A,A,0,NA,NA,NA,NA,Y,NA,A,01,0,0,2,0,0,0,0,0,0,-,-,NA,NA,LOS ANGELES,LOS ANGELES,-118.24166011,34.05408011
6594034,2014,2014-08-28,1942,2014-07-26,0000,40289,0134,6,5,7,1942,0,0,0,A,0,1A1,HILL ST,4TH ST,0,NA,Y,A,-,N,NA,NA,NA,NA,NA,NA,NA,NA,NA,NA,3,0,1,2,A,-,12,21453,A,F,D,G,A,A,H,-,C,A,0,NA,Y,NA,NA,Y,NA,-,99,0,1,0,0,0,0,1,0,0,-,-,NA,NA,LOS ANGELES,LOS ANGELES,-118.25043011,34.05023009
6594035,2014,2016-06-11,9565,2014-07-25,1550,20086,NA,5,2,7,1942,0,1,1,NA,2,063,RT 405,SUNSET BL,1000,S,N,A,-,Y,LA,7,405,-,-,32.81,H,-,S,Y,4,0,1,2,A,-,03,22350,NA,N,C,C,A,A,H,-,A,D,1,NA,NA,NA,NA,Y,NA,D,22,0,0,1,0,0,0,0,0,0,-,-,34.06805,-118.46259,LOS ANGELES,LOS ANGELES,-118.46492404,34.07056978
6594036,2014,2014-09-05,9565,2014-07-07,0300,20560,NA,1,3,9,1900,0,3,5,NA,2,004,LA CIENEGA BL,104TH ST,422,N,N,A,-,N,NA,NA,NA,NA,NA,NA,NA,NA,NA,N,4,0,1,2,A,-,08,22107,NA,N,B,C,A,A,H,-,C,A,0,NA,NA,NA,Y,Y,NA,-,-,0,0,1,0,0,0,0,0,0,-,-,33.94298,-118.36995,LOS ANGELES,UNINCORPORATED,-118.37007521,33.94293176
6594037,2014,2014-08-26,1942,2014-07-31,1545,38124,LOS A,4,5,7,1942,0,0,0,NA,0,2T28,LOS ANGELES ST,16TH ST,0,NA,Y,A,-,N,NA,NA,NA,NA,NA,NA,NA,NA,NA,Y,4,0,1,2,A,-,12,21453,A,N,D,C,A,A,H,-,A,A,0,NA,NA,NA,NA,Y,NA,A,01,0,0,1,0,0,0,0,0,0,-,-,NA,NA,LOS ANGELES,LOS ANGELES,-118.26155,34.03304
6594038,2014,2014-08-26,1942,2014-07-12,0104,37611,0153,6,5,7,1942,0,0,0,A,0,1T11,SPRING ST,6TH ST,212,S,N,A,-,N,NA,NA,NA,NA,NA,NA,NA,NA,NA,Y,3,0,5,6,A,-,01,23152,A,N,C,E,-,A,A,-,C,D,0,Y,NA,NA,NA,Y,Y,A,01,0,1,4,0,4,0,0,0,0,-,-,NA,NA,LOS ANGELES,LOS ANGELES,-118.25142145,34.0455028
6594041,2014,2014-08-26,1942,2014-07-29,1535,41497,0174,2,5,7,1942,0,0,0,A,0,1A61,7TH ST,MAIN ST,70,W,N,A,-,N,NA,NA,NA,NA,NA,NA,NA,NA,NA,N,3,0,1,2,A,-,11,21954,A,N,G,B,E,A,H,-,A,D,0,Y,NA,NA,NA,Y,NA,N,60,0,1,0,0,1,0,0,0,0,-,-,NA,NA,LOS ANGELES,LOS ANGELES,-118.2515636,34.04404616
6594042,2014,2014-08-26,1942,2014-07-26,0830,37952,0185,6,5,7,1942,0,0,0,A,0,4TL43,SANTEE ST,12TH ST,95,S,N,A,-,N,NA,NA,NA,NA,NA,NA,NA,NA,NA,N,4,0,1,2,A,-,11,21954,A,N,G,B,E,A,H,-,A,D,0,Y,NA,NA,NA,Y,NA,N,60,0,0,1,0,1,0,0,0,0,-,-,NA,NA,LOS ANGELES,LOS ANGELES,-118.25751179,34.03608226
6594045,2014,2014-08-26,1942,2014-07-23,1000,31542,0153,3,5,7,1942,0,0,0,A,0,1T11,7TH ST,BROADWAY,141,E,N,A,-,N,NA,NA,NA,NA,NA,NA,NA,NA,NA,N,4,0,1,2,A,-,09,21801,A,N,D,G,A,A,H,-,A,A,0,NA,Y,NA,NA,Y,NA,A,01,0,0,1,0,0,0,1,0,0,-,-,NA,NA,LOS ANGELES,LOS ANGELES,-118.46526369,33.99579916
6594046,2014,2014-08-26,1942,2014-07-16,1840,40545,0299,3,5,7,1942,0,0,0,B,0,13T53,PICO BL,TOBERMAN ST,0,NA,Y,A,-,N,NA,NA,NA,NA,NA,NA,NA,NA,NA,Y,3,0,3,2,A,-,09,21801,A,N,D,C,A,A,H,-,A,D,0,NA,NA,NA,NA,Y,NA,A,01,0,1,2,0,0,0,0,0,0,-,-,NA,NA,LOS ANGELES,LOS ANGELES,-118.27588009,34.04418003
6594047,2014,2016-06-08,9565,2014-07-28,1320,20016,NA,1,1,7,1942,0,1,1,NA,2,082,RT 10,SAWTELLE BL,250,W,N,A,-,Y,LA,7,10,-,R,5.21,H,-,E,N,4,0,1,3,A,-,03,22350,NA,N,C,C,A,A,H,-,A,D,1,NA,NA,NA,NA,Y,NA,A,01,0,0,1,0,0,0,0,0,0,-,-,34.03055,-118.43757,LOS ANGELES,LOS ANGELES,-118.43774724,34.03059407
6594048,2014,2014-08-29,9565,2014-07-29,0720,20284,NA,2,1,9,1900,0,2,4,NA,1,032,SLAUSON AV,LA CIENEGA BL,400,E,N,A,-,N,NA,NA,NA,NA,NA,NA,NA,NA,NA,Y,4,0,1,3,A,-,03,22350,NA,N,C,C,A,A,H,-,A,D,0,NA,NA,NA,NA,Y,NA,A,01,0,0,1,0,0,0,0,0,0,-,-,33.98776,-118.36889,LOS ANGELES,UNINCORPORATED,-118.37121,33.98803
6594049,2014,2014-08-26,1942,2014-07-30,2300,39044,0211,3,5,7,1942,0,0,0,B,0,2A12,ALEXANDRIA AV,CLINTON ST,200,N,N,A,-,N,NA,NA,NA,NA,NA,NA,NA,NA,NA,N,4,0,1,2,A,-,00,20001,A,M,B,C,A,A,H,-,C,D,0,NA,NA,NA,NA,Y,NA,-,NA,0,0,1,0,0,0,0,0,0,-,-,NA,NA,LOS ANGELES,LOS ANGELES,-118.29807306,34.0817684
6594050,2014,2014-08-26,1942,2014-07-16,1835,40874,0201,3,5,7,1942,0,0,0,B,0,2T15,VERMONT AV,MARATHON ST,0,NA,Y,A,-,N,NA,NA,NA,NA,NA,NA,NA,NA,NA,N,3,0,1,2,A,-,09,21801,A,N,D,C,A,A,H,-,A,D,0,NA,NA,Y,NA,Y,NA,A,01,0,1,0,0,0,0,0,0,1,-,-,NA,NA,LOS ANGELES,LOS ANGELES,-118.29172003,34.08464012
6594053,2014,2014-08-26,1942,2014-07-20,1055,Y0008,0285,7,5,7,1942,0,0,0,B,0,11T21,UNION AV,11TH ST,10,S,N,A,-,N,NA,NA,NA,NA,NA,NA,NA,NA,NA,Y,4,0,1,1,A,-,03,22350,NA,N,E,I,A,A,H,-,A,D,0,NA,NA,NA,NA,Y,NA,A,01,0,0,1,0,0,0,0,0,0,-,-,NA,NA,LOS ANGELES,LOS ANGELES,-118.27514182,34.0476944
6594054,2014,2014-08-26,1942,2014-07-15,1420,39349,0269,2,5,7,1942,0,0,0,B,0,2T15,GARLAND AV,7TH ST,4,S,N,A,-,N,NA,NA,NA,NA,NA,NA,NA,NA,NA,N,3,0,1,2,A,-,09,21802,A,N,D,G,A,A,H,-,A,A,0,NA,Y,NA,NA,Y,NA,A,01,0,1,0,0,0,0,1,0,0,-,-,NA,NA,LOS ANGELES,LOS ANGELES,-118.26630649,34.05169045
6594057,2014,2014-08-26,1942,2014-07-19,0320,39062,0147,6,5,7,1942,0,0,0,A,0,1T11,SAN PEDRO ST,WINSTON ST,40,N,N,A,-,N,NA,NA,NA,NA,NA,NA,NA,NA,NA,Y,3,0,1,2,A,-,01,23152,A,N,B,E,A,A,H,-,C,D,0,NA,NA,Y,NA,Y,Y,C,02,0,1,0,0,0,0,0,0,1,-,-,NA,NA,LOS ANGELES,LOS ANGELES,-118.24340465,34.0450695
6594058,2014,2014-08-26,1942,2014-07-14,2230,33452,0236,1,5,7,1942,0,0,0,B,0,2T15,ALVARADO ST,BEVERLY BL,58,S,N,A,-,N,NA,NA,NA,NA,NA,NA,NA,NA,NA,N,3,0,1,2,A,-,11,21954,A,F,G,B,C,A,H,-,C,D,0,Y,NA,NA,NA,Y,Y,-,99,0,1,0,0,1,0,0,0,0,-,-,NA,NA,LOS ANGELES,LOS ANGELES,-118.27041186,34.06653051