CASE_ID,ACCIDENT_YEAR,PROC_DATE,JURIS,COLLISION_DATE,COLLISION_TIME,OFFICER_ID,REPORTING_DISTRICT,DAY_OF_WEEK,CHP_SHIFT,POPULATION,CNTY_CITY_LOC,SPECIAL_COND,BEAT_TYPE,CHP_BEAT_TYPE,CITY_DIVISION_LAPD,CHP_BEAT_CLASS,BEAT_NUMBER,PRIMARY_RD,SECONDARY_RD,DISTANCE,DIRECTION,INTERSECTION,WEATHER_1,WEATHER_2,STATE_HWY_IND,CALTRANS_COUNTY,CALTRANS_DISTRICT,STATE_ROUTE,ROUTE_SUFFIX,POSTMILE_PREFIX,POSTMILE,LOCATION_TYPE,RAMP_INTERSECTION,SIDE_OF_HWY,TOW_AWAY,COLLISION_SEVERITY,NUMBER_KILLED,NUMBER_INJURED,PARTY_COUNT,PRIMARY_COLL_FACTOR,PCF_CODE_OF_VIOL,PCF_VIOL_CATEGORY,PCF_VIOLATION,PCF_VIOL_SUBSECTION,HIT_AND_RUN,TYPE_OF_COLLISION,MVIW,PED_ACTION,ROAD_SURFACE,ROAD_COND_1,ROAD_COND_2,LIGHTING,CONTROL_DEVICE,CHP_ROAD_TYPE,PEDESTRIAN_ACCIDENT,BICYCLE_ACCIDENT,MOTORCYCLE_ACCIDENT,TRUCK_ACCIDENT,NOT_PRIVATE_PROPERTY,ALCOHOL_INVOLVED,STWD_VEHTYPE_AT_FAULT,CHP_VEHTYPE_AT_FAULT,COUNT_SEVERE_INJ,COUNT_VISIBLE_INJ,COUNT_COMPLAINT_PAIN,COUNT_PED_KILLED,COUNT_PED_INJURED,COUNT_BICYCLIST_KILLED,COUNT_BICYCLIST_INJURED,COUNT_MC_KILLED,COUNT_MC_INJURED,PRIMARY_RAMP,SECONDARY_RAMP,LATITUDE,LONGITUDE,COUNTY,CITY,POINT_X,POINT_Y
6597691,2014,2014-09-09,1942,2014-08-10,0010,40545,1341,7,5,7,1942,0,0,0,M,0,4T43,BROADWAY PL,BROADWAY,15,E,N,A,-,N,NA,NA,NA,NA,NA,NA,NA,NA,NA,Y,3,0,1,2,A,-,01,23152,A,M,D,C,A,A,H,-,C,D,0,NA,NA,NA,NA,Y,Y,A,01,0,1,0,0,0,0,0,0,0,-,-,NA,NA,LOS ANGELES,LOS ANGELES,-118.27831078,34.01013351
6597695,2014,2014-09-09,1942,2014-08-09,1710,39889,1142,6,5,7,1942,0,0,0,K,0,1TL24,RUSSELL AV,COMMONWEALTH AV,0,NA,Y,A,-,N,NA,NA,NA,NA,NA,NA,NA,NA,NA,N,4,0,1,2,A,-,12,22450,NA,F,D,C,A,A,H,-,A,A,0,NA,NA,NA,NA,Y,NA,-,99,0,0,1,0,0,0,0,0,0,-,-,NA,NA,LOS ANGELES,LOS ANGELES,-118.28523002,34.10453011
6597696,2014,2014-09-08,1953,2014-08-05,1742,2744,NA,2,5,6,1953,0,0,0,NA,0,002,MAPLE ST,FAIROAKS AV,50,E,N,A,-,N,NA,NA,NA,NA,NA,NA,NA,NA,NA,Y,3,0,2,2,A,-,03,22350,NA,F,B,C,A,A,H,-,A,A,0,NA,NA,NA,NA,Y,NA,A,07,0,1,1,0,0,0,0,0,0,-,-,NA,NA,LOS ANGELES,PASADENA,-118.15018518,34.10134
6597697,2014,2015-05-07,1953,2014-08-07,0834,3191,NA,4,5,6,1953,0,0,0,NA,0,001,LINDA VISTA AV,LIDA ST,0,NA,Y,A,-,N,NA,NA,NA,NA,NA,NA,NA,NA,NA,N,3,0,1,2,A,-,09,21801,A,N,D,G,A,A,H,-,A,A,0,NA,Y,NA,NA,Y,NA,-,NA,0,1,0,0,0,0,1,0,0,-,-,NA,NA,LOS ANGELES,PASADENA,-118.17675008,34.17146003
6597699,2014,2014-09-09,1942,2014-08-07,1510,38171,1173,4,5,7,1942,0,0,0,K,0,11TL32,ALVARADO ST,BAXTER ST,0,NA,Y,A,-,N,NA,NA,NA,NA,NA,NA,NA,NA,NA,N,4,0,1,2,A,-,09,21802,A,F,D,C,A,A,H,-,A,A,0,NA,NA,NA,NA,Y,NA,-,99,0,0,1,0,0,0,0,0,0,-,-,NA,NA,LOS ANGELES,LOS ANGELES,-118.25504012,34.09154005
6597700,2014,2014-09-08,1972,2014-08-05,2049,17835,NA,2,5,6,1972,0,0,0,NA,0,NA,CRENSHAW BL,DELAMO BL,1200,N,N,A,-,N,NA,NA,NA,NA,NA,NA,NA,NA,NA,Y,4,0,1,1,A,-,08,22107,NA,N,E,I,A,-,H,-,C,A,0,NA,NA,NA,NA,Y,NA,A,NA,0,0,1,0,0,0,0,0,0,-,-,NA,NA,LOS ANGELES,TORRANCE,-118.32887,33.85028125
6597712,2014,2014-09-08,1972,2014-08-06,1850,19767,NA,3,5,6,1972,0,0,0,NA,0,NA,168TH ST,ERMANITA AV,72,W,N,A,-,N,NA,NA,NA,NA,NA,NA,NA,NA,NA,N,4,0,1,1,A,-,03,22350,NA,N,H,A,A,A,H,-,A,A,0,NA,NA,Y,NA,Y,NA,C,NA,0,0,1,0,0,0,0,0,1,-,-,NA,NA,LOS ANGELES,TORRANCE,-118.33240666,33.87809443
6597716,2014,2016-06-09,1972,2014-08-06,2323,10635,NA,3,5,6,1972,0,0,0,NA,0,NA,HAWTHORNE,TORRANCE,0,NA,Y,A,-,Y,LA,7,107,-,-,2.25,I,5,S,Y,3,0,3,2,A,-,12,21453,A,N,D,C,A,A,H,-,C,A,0,NA,NA,NA,NA,Y,NA,A,NA,0,3,0,0,0,0,0,0,0,-,-,NA,NA,LOS ANGELES,TORRANCE,-118.35371919,33.83756983
6597747,2014,2014-09-09,1953,2014-08-03,1628,0366,1953,7,5,6,1953,0,0,0,NA,0,004,ORANGE GROVE BL,LOMORA AV,30,S,N,A,-,N,NA,NA,NA,NA,NA,NA,NA,NA,NA,Y,4,0,1,2,A,-,01,23152,E,N,B,E,A,A,H,-,A,A,0,NA,NA,NA,NA,Y,NA,A,08,0,0,1,0,0,0,0,0,0,-,-,NA,NA,LOS ANGELES,PASADENA,-118.08479273,34.15800491
6597751,2014,2014-09-09,1953,2014-08-02,1957,0366,1953,6,5,6,1953,0,0,0,NA,0,002,ORANGE GROVE BL,LAKE AV,100,W,N,A,-,N,NA,NA,NA,NA,NA,NA,NA,NA,NA,N,4,0,1,2,A,-,08,22107,NA,N,B,C,A,A,H,-,B,A,0,NA,NA,NA,NA,Y,NA,A,01,0,0,1,0,0,0,0,0,0,-,-,NA,NA,LOS ANGELES,PASADENA,-118.1327764,34.15780956
6597762,2014,2014-09-11,1965,2014-08-15,1617,3764,0B2A,5,5,5,1965,0,0,0,NA,0,B002,4TH ST,PICO BL,4,S,N,A,-,N,NA,NA,NA,NA,NA,NA,NA,NA,NA,N,3,0,1,2,A,-,05,21202,A,N,D,G,A,A,H,-,A,A,0,NA,Y,NA,NA,Y,NA,L,04,0,1,0,0,0,0,1,0,0,-,-,NA,NA,LOS ANGELES,SANTA MONICA,-118.48727111,34.0096319
6597770,2014,2014-09-11,1965,2014-08-14,1930,3740,0B3B,4,5,5,1965,0,0,0,NA,0,003,BROADWAY,11TH ST,47,E,N,A,-,N,NA,NA,NA,NA,NA,NA,NA,NA,NA,N,4,0,1,3,A,-,09,21801,A,M,D,G,A,A,H,-,A,A,0,NA,Y,NA,NA,Y,NA,A,01,0,0,1,0,0,0,1,0,0,-,-,NA,NA,LOS ANGELES,SANTA MONICA,-118.48689962,34.02055041
6597774,2014,2014-09-11,1953,2014-08-07,1253,3191,NA,4,5,6,1953,0,0,0,NA,0,001,CALIFORNIA BL,LOS ROBLES AV,0,NA,Y,A,-,N,NA,NA,NA,NA,NA,NA,NA,NA,NA,Y,4,0,2,2,A,-,09,21801,A,N,D,C,A,A,H,-,A,A,0,NA,NA,NA,NA,Y,NA,-,NA,0,0,2,0,0,0,0,0,0,-,-,NA,NA,LOS ANGELES,PASADENA,-118.14133008,34.13584003
6597813,2014,2014-09-11,1931,2014-08-10,2202,5277,1931,7,5,5,1931,0,0,0,NA,0,001,BELGRAVE AV,PACIFIC BL,34,W,N,A,-,N,NA,NA,NA,NA,NA,NA,NA,NA,NA,N,4,0,1,2,A,-,03,22350,NA,N,C,C,A,A,H,-,C,A,0,NA,NA,NA,NA,Y,Y,A,01,0,0,1,0,0,0,0,0,0,-,-,NA,NA,LOS ANGELES,HUNTINGTON PARK,-118.22533193,33.98719
6597817,2014,2014-09-11,1965,2014-08-07,1810,3143,0B4D,4,5,5,1965,0,0,0,NA,0,0B4,LINCOLN BL,MONTANA AV,0,S,N,A,-,N,NA,NA,NA,NA,NA,NA,NA,NA,NA,Y,3,0,1,2,A,-,00,20001,A,F,A,C,A,A,H,-,A,A,0,NA,NA,NA,NA,Y,NA,A,01,0,1,0,0,0,0,0,0,0,-,-,NA,NA,LOS ANGELES,SANTA MONICA,-118.50086001,34.02761008
6597821,2014,2014-09-11,1965,2014-08-14,1911,3830,0B2A,4,5,5,1965,0,0,0,NA,0,B002,4TH ST,HOLLISTER AV,0,NA,Y,A,-,N,NA,NA,NA,NA,NA,NA,NA,NA,NA,N,3,0,1,2,A,-,11,21950,B,N,G,B,B,A,H,-,B,D,0,Y,NA,NA,NA,Y,NA,N,60,0,1,0,0,1,0,0,0,0,-,-,NA,NA,LOS ANGELES,SANTA MONICA,-118.48339002,34.00582002
6597825,2014,2016-01-12,1965,2014-08-07,1730,3824,0B1C,4,5,5,1965,0,0,0,NA,0,B001,RT 163,PALISADES BEACH RD,401,S,N,A,-,N,NA,NA,NA,NA,NA,NA,NA,NA,NA,Y,4,0,2,2,A,-,03,22350,NA,N,C,C,A,A,-,-,A,D,0,NA,NA,NA,NA,Y,NA,A,01,0,0,2,0,0,0,0,0,0,-,-,NA,NA,LOS ANGELES,SANTA MONICA,NA,NA
6597829,2014,2014-09-11,1965,2014-08-13,1700,3418,0B4D,3,5,5,1965,0,0,0,NA,0,B004,4TH ST,MONTANA AV,0,NA,Y,A,-,N,NA,NA,NA,NA,NA,NA,NA,NA,NA,N,4,0,2,3,A,-,10,21950,A,N,D,B,B,A,H,-,A,A,0,Y,NA,NA,NA,Y,NA,A,01,0,0,2,0,2,0,0,0,0,-,-,NA,NA,LOS ANGELES,SANTA MONICA,-118.50465006,34.02454003
6597833,2014,2014-09-11,1965,2014-08-15,2107,3831,0B3A,5,5,5,1965,0,0,0,NA,0,003,WILSHIRE BL,11TH ST,0,NA,Y,A,-,N,NA,NA,NA,NA,NA,NA,NA,NA,NA,Y,3,0,1,3,A,-,09,21801,A,N,D,B,B,A,H,-,C,A,0,Y,NA,NA,NA,Y,NA,A,01,0,1,0,0,1,0,0,0,0,-,-,NA,NA,LOS ANGELES,SANTA MONICA,-118.49172009,34.02448004
6597837,2014,2016-06-16,1965,2014-08-16,1957,3764,0B1C,6,5,5,1965,0,0,0,NA,0,B001,RT 1,MOOMAT AHIKO WY,44,S,N,A,-,Y,LA,7,1,-,-,35.38,H,-,N,Y,2,0,1,2,A,-,01,23152,A,N,F,A,A,A,H,-,C,D,0,NA,NA,Y,NA,Y,Y,C,02,1,0,0,0,0,0,0,0,1,-,-,NA,NA,LOS ANGELES,SANTA MONICA,-118.49764424,34.01276933
6597923,2014,2016-05-25,9590,2014-08-01,1850,20372,NA,5,2,7,1942,0,1,1,NA,2,050,RT 110,VERNON AV,200,N,N,A,-,Y,LA,7,110,-,-,19.04,H,-,N,N,4,0,1,2,A,-,07,21658,A,N,A,I,A,A,H,-,A,D,1,NA,NA,NA,NA,Y,NA,A,01,0,0,1,0,0,0,0,0,0,-,-,34.00629,-118.28082,LOS ANGELES,LOS ANGELES,-118.2809797,34.00469732
6597982,2014,2016-06-06,9590,2014-08-12,0015,19805,NA,2,3,7,1942,0,1,2,NA,2,073,RT 101,CAHUENGA BL,100,N,N,A,-,Y,LA,7,101,-,-,7.51,H,-,S,Y,4,0,1,2,A,-,07,21658,A,N,B,C,A,A,H,-,C,D,1,NA,NA,NA,Y,Y,NA,G,25,0,0,1,0,0,0,0,0,0,-,-,34.10831,-118.33152,LOS ANGELES,LOS ANGELES,-118.33150952,34.10827537
6597986,2014,2016-06-13,9590,2014-08-11,1820,19805,NA,1,2,7,1942,0,1,1,NA,2,053,RT 110,28TH ST,80,S,N,A,-,Y,LA,7,110,-,-,20.56,H,-,S,N,4,0,1,4,A,-,03,22350,NA,N,C,C,A,A,H,-,A,D,1,NA,NA,NA,NA,Y,NA,A,07,0,0,1,0,0,0,0,0,0,-,-,34.0257,-118.27558,LOS ANGELES,LOS ANGELES,-118.27566322,34.02567961
6598028,2014,2016-06-04,9540,2014-08-04,2205,20167,NA,1,3,7,1942,0,1,1,NA,1,501,RT 5,SAN FERNANDO MISSION BL,150,S,N,A,-,Y,LA,7,5,-,-,40.21,H,-,S,N,4,0,2,2,A,-,03,22350,NA,N,C,C,A,A,H,-,C,D,1,NA,NA,NA,NA,Y,NA,A,01,0,0,2,0,0,0,0,0,0,-,-,34.27648,-118.45275,LOS ANGELES,LOS ANGELES,-118.45256464,34.27632162
6598030,2014,2016-05-31,9590,2014-08-02,2225,19110,NA,6,3,7,1942,0,1,1,NA,2,051,RT 110,42ND ST,50,N,N,B,C,Y,LA,7,110,-,-,19.26,H,-,S,Y,4,0,1,4,A,-,03,22350,NA,N,C,C,A,B,H,-,C,D,1,NA,NA,NA,NA,Y,NA,A,08,0,0,1,0,0,0,0,0,0,-,-,34.00756,-118.28126,LOS ANGELES,LOS ANGELES,-118.2811569,34.00791833
6598034,2014,2016-06-11,9590,2014-08-13,2120,18345,NA,3,2,7,1942,0,1,1,NA,2,060,RT 10,WESTERN AV,25,E,N,A,-,Y,LA,7,10,-,R,12.82,H,-,E,N,4,0,2,2,A,-,03,22350,NA,N,C,C,A,A,H,-,C,D,1,NA,NA,NA,NA,Y,NA,A,01,0,0,2,0,0,0,0,0,0,-,-,34.03694,-118.30808,LOS ANGELES,LOS ANGELES,-118.3089972,34.03702285
6598038,2014,2016-06-13,9590,2014-08-13,2139,18345,NA,3,2,7,1942,0,1,1,NA,2,060,RT 10,VENICE BL,5,E,N,A,-,Y,LA,7,10,-,R,9,H,-,E,Y,4,0,1,2,A,-,08,22107,NA,N,B,C,A,A,H,-,C,D,1,NA,NA,NA,NA,Y,NA,A,01,0,0,1,0,0,0,0,0,0,-,-,34.03612,-118.37484,LOS ANGELES,LOS ANGELES,-118.3753853,34.03642423
6598042,2014,2016-06-08,9590,2014-08-17,1350,19303,NA,7,1,7,1942,0,1,1,NA,2,051,RT 110,83RD ST,100,N,N,A,-,Y,LA,7,110,-,-,16.29,H,-,S,N,4,0,1,2,A,-,03,22350,NA,N,C,C,A,A,H,-,A,D,1,NA,NA,NA,NA,Y,NA,A,07,0,0,1,0,0,0,0,0,0,-,-,33.96464,-118.28113,LOS ANGELES,LOS ANGELES,-118.28094001,33.96466992
6598046,2014,2016-06-04,9590,2014-08-15,0700,19303,NA,5,1,7,1942,0,1,1,NA,2,051,RT 110,VERNON AV,200,S,N,A,-,Y,LA,7,110,-,-,18.96,H,-,S,N,4,0,1,2,A,-,03,22350,NA,N,C,C,A,A,H,-,A,D,1,NA,NA,NA,NA,Y,NA,A,01,0,0,1,0,0,0,0,0,0,-,-,33.99662,-118.281,LOS ANGELES,LOS ANGELES,-118.28120817,34.00353359
6598052,2014,2015-05-11,9540,2014-08-05,1855,19302,NA,2,2,9,1900,0,2,4,NA,2,010,THE OLD RD,PICO CANYON RD,0,NA,Y,A,-,N,NA,NA,NA,NA,NA,NA,NA,NA,NA,Y,4,0,1,2,A,-,12,21453,A,N,D,C,A,A,H,-,A,A,0,NA,NA,NA,NA,Y,NA,A,01,0,0,1,0,0,0,0,0,0,-,-,34.38101,-118.57081,LOS ANGELES,UNINCORPORATED,-118.5708701,34.38107003
6598054,2014,2016-06-11,9590,2014-08-06,1315,16551,NA,3,1,7,1942,0,1,1,NA,2,062,RT 10,RT 110,100,W,N,A,-,Y,LA,7,10,-,-,14.78,H,-,E,Y,4,0,2,2,A,-,03,22350,NA,N,C,C,A,A,H,-,A,D,1,NA,NA,NA,NA,Y,NA,A,01,0,0,2,0,0,0,0,0,0,TO,-,34.03805,-118.2747,LOS ANGELES,LOS ANGELES,-118.27497433,34.03809703
6598058,2014,2016-05-16,9590,2014-08-05,1711,20229,NA,2,2,7,1942,0,1,2,NA,2,071,RT 101,EDGEWARE RD,100,S,N,A,-,Y,LA,7,101,-,-,2.05,H,-,S,N,4,0,1,2,A,-,08,22107,NA,N,B,C,A,A,H,-,A,D,1,NA,NA,NA,NA,Y,NA,A,01,0,0,1,0,0,0,0,0,0,-,-,34.06049,-118.24742,LOS ANGELES,LOS ANGELES,-118.25419521,34.06681964
6598064,2014,2016-06-04,9540,2014-08-01,0112,19772,NA,5,3,7,1942,0,1,1,NA,1,502,RT 5,BALBOA BL,1000,N,N,-,-,Y,LA,7,5,-,R,44.62,H,-,N,Y,4,0,1,1,A,-,03,22350,NA,N,E,J,A,A,H,-,D,D,1,NA,NA,NA,NA,Y,NA,A,01,0,0,1,0,0,0,0,0,0,-,-,34.32324,-118.49958,LOS ANGELES,LOS ANGELES,-118.49887943,34.32261499
6598066,2014,2016-06-08,9590,2014-08-11,2309,18345,NA,1,3,7,1942,0,1,1,NA,2,064,RT 10,SAN PEDRO ST,5,E,N,A,-,Y,LA,7,10,-,-,16.04,H,-,E,Y,3,0,1,2,A,-,03,22350,NA,N,C,C,A,A,H,-,C,D,1,NA,NA,NA,NA,Y,NA,A,07,0,1,0,0,0,0,0,0,0,-,-,34.02946,-118.25606,LOS ANGELES,LOS ANGELES,-118.25603243,34.02947212
6598070,2014,2016-06-06,9590,2014-08-12,1658,20679,NA,2,2,7,1942,0,1,2,NA,2,070,RT 101,GRAND AV,500,S,N,A,-,Y,LA,7,101,-,-,1.23,H,-,N,N,4,0,1,2,A,-,03,22350,NA,N,C,C,A,A,H,-,A,D,1,NA,NA,NA,NA,Y,NA,A,01,0,0,1,0,0,0,0,0,0,-,-,34.05843,-118.2448,LOS ANGELES,LOS ANGELES,-118.24435019,34.05833186
6598074,2014,2016-06-06,9590,2014-08-11,1820,18510,NA,1,2,7,1942,0,1,2,NA,2,070,RT 101,SILVER LAKE BL,500,S,N,A,-,Y,LA,7,101,-,-,3.67,H,-,N,N,4,0,1,3,A,-,03,22350,NA,N,C,C,A,A,H,-,A,D,1,NA,NA,NA,NA,Y,NA,A,01,0,0,1,0,0,0,0,0,0,-,-,34.07594,-118.27629,LOS ANGELES,LOS ANGELES,-118.27994874,34.0768732
6598078,2014,2016-06-04,9590,2014-08-06,1630,16551,NA,3,2,7,1942,0,1,1,NA,2,053,RT 110,WILSHIRE BL,100,N,N,A,-,Y,LA,7,110,-,-,22.69,H,-,S,N,4,0,1,2,A,-,03,22350,NA,N,C,C,A,A,H,-,A,D,1,NA,NA,NA,NA,Y,NA,A,01,0,0,1,0,0,0,0,0,0,-,-,34.05046,-118.26261,LOS ANGELES,LOS ANGELES,-118.26091501,34.05147427
6598084,2014,2016-06-07,9540,2014-08-06,1921,17181,NA,3,2,6,1985,0,1,3,NA,1,144,RT 14,PLACERITA CANYON RD,600,S,N,A,-,Y,LA,7,14,-,R,27.97,H,-,N,Y,4,0,1,3,A,-,07,21658,A,N,B,C,A,A,H,-,A,D,1,NA,NA,NA,NA,Y,NA,A,01,0,0,1,0,0,0,0,0,0,-,-,34.37864,-118.49245,LOS ANGELES,SANTA CLARITA,-118.49494201,34.37628784
6598085,2014,2016-05-26,9590,2014-07-26,2112,20697,NA,6,2,7,1942,0,1,1,NA,2,052,RT 110,3RD ST,1056,S,N,A,-,Y,LA,7,110,-,-,23.12,H,-,N,N,4,0,1,2,A,-,03,22350,NA,M,C,C,A,A,H,-,C,D,1,NA,NA,NA,NA,Y,NA,-,99,0,0,1,0,0,0,0,0,0,-,-,34.05619,-118.25607,LOS ANGELES,LOS ANGELES,-118.25581228,34.05620767
6598086,2014,2016-06-11,9590,2014-08-06,1155,013179,NA,3,1,7,1942,0,1,1,NA,2,061,RT 10,LA BREA AV,100,E,N,A,-,Y,LA,7,10,-,R,10.49,H,-,W,N,4,0,3,3,A,-,03,22350,NA,N,C,C,A,A,H,-,A,D,1,NA,NA,NA,NA,Y,NA,D,22,0,0,3,0,0,0,0,0,0,-,-,34.03442,-118.35176,LOS ANGELES,LOS ANGELES,-118.34937491,34.03441918
6598088,2014,2016-05-23,9540,2014-08-05,1900,019816,NA,2,2,7,1942,0,1,1,NA,1,503,RT 5,RT 210,1320,S,N,A,-,Y,LA,7,5,-,R,43.69,H,-,S,Y,2,0,1,2,A,-,01,23152,A,F,C,C,A,A,H,-,A,D,1,NA,NA,Y,NA,Y,Y,C,02,1,0,0,0,0,0,0,0,1,-,-,34.31261,-118.48803,LOS ANGELES,LOS ANGELES,-118.48812214,34.31279712
6598094,2014,2016-05-16,9590,2014-08-08,1547,70753,NA,5,2,7,1942,0,1,2,NA,2,070,RT 101,SILVERLAKE BL,50,S,N,A,-,Y,LA,7,101,-,-,3.75,H,-,N,Y,3,0,2,2,A,-,03,22350,NA,N,C,C,A,A,H,-,A,D,1,NA,NA,NA,NA,Y,NA,A,07,0,1,1,0,0,0,0,0,0,-,-,34.07675,-118.27963,LOS ANGELES,LOS ANGELES,-118.28140366,34.07721305
6598096,2014,2016-05-28,9540,2014-08-04,0426,20127,NA,1,3,7,1942,0,1,1,NA,2,500,RT 5,ROXFORD ST,1017,S,N,A,-,Y,LA,7,5,-,-,42.46,H,-,N,Y,4,0,1,3,A,-,03,22350,NA,N,B,C,A,A,H,-,C,D,1,NA,NA,NA,NA,Y,NA,A,01,0,0,1,0,0,0,0,0,0,-,-,34.29809,-118.47416,LOS ANGELES,LOS ANGELES,-118.47747294,34.30114616
6598098,2014,2016-06-07,9590,2014-07-25,0945,17878,NA,5,1,7,1942,0,1,2,NA,2,042,RT 101,1ST ST,170,S,N,A,-,Y,LA,7,101,-,S,0.88,H,-,N,Y,4,0,2,5,C,-,18,NA,NA,N,D,C,A,A,H,-,A,D,1,NA,NA,NA,Y,Y,NA,-,-,0,0,2,0,0,0,0,0,0,-,-,34.04598,-118.22107,LOS ANGELES,LOS ANGELES,-118.22125985,34.04691767
6598100,2014,2014-09-04,9540,2014-08-10,1638,18721,NA,7,2,9,1900,0,2,4,NA,2,012,PICO CANYON RD,THE OLD RD,200,W,N,A,-,N,NA,NA,NA,NA,NA,NA,NA,NA,NA,Y,4,0,1,2,A,-,09,21804,A,N,D,C,A,A,H,-,A,A,0,NA,NA,NA,NA,Y,NA,D,22,0,0,1,0,0,0,0,0,0,-,-,34.38223,-118.57335,LOS ANGELES,UNINCORPORATED,-118.57150615,34.38118987
6598107,2014,2016-05-28,9540,2014-08-01,0710,018181,NA,5,1,9,1900,0,1,1,NA,2,512,RT 5,QUAIL LAKE RD,2640,N,N,A,-,Y,LA,7,5,-,R,82.29,H,-,N,Y,3,0,5,3,A,-,08,22107,NA,N,B,C,A,A,H,-,A,D,1,NA,NA,NA,Y,Y,NA,G,25,0,4,1,0,0,0,0,0,0,-,-,34.76954,-118.80159,LOS ANGELES,UNINCORPORATED,-118.8013869,34.76908227
6598112,2014,2014-09-04,9540,2014-08-09,1300,019332,NA,6,1,9,1900,0,2,4,NA,2,205,AUGA DULCE CYN RD,DAVENPORT RD,528,E,N,A,-,N,NA,NA,NA,NA,NA,NA,NA,NA,NA,N,3,0,1,2,A,-,03,22350,NA,N,C,C,A,A,H,-,A,D,0,NA,NA,NA,NA,Y,NA,A,01,0,1,0,0,0,0,0,0,0,-,-,34.48354,-118.33065,LOS ANGELES,UNINCORPORATED,-118.33079,34.48546
6598115,2014,2016-05-28,9540,2014-07-29,1840,019302,NA,2,2,9,1900,0,1,1,NA,1,502,RT 5,RT 14,1056,S,N,A,-,Y,LA,7,14,-,R,25.131,R,2,N,Y,3,0,1,1,A,-,03,22350,NA,N,E,I,A,A,H,-,A,D,3,NA,NA,NA,NA,Y,NA,D,22,0,1,0,0,0,0,0,0,0,-,-,34.33681,-118.50741,LOS ANGELES,UNINCORPORATED,-118.50708918,34.33840616
6598116,2014,2014-09-04,9540,2014-08-06,1550,18721,NA,3,2,9,1900,0,3,5,NA,2,003,LIVINGSTON AV,AVENUE PAINE,25,S,N,A,-,N,NA,NA,NA,NA,NA,NA,NA,NA,NA,Y,4,0,1,2,A,-,08,22100,B,N,C,C,A,A,H,-,A,A,0,NA,NA,NA,NA,Y,NA,A,07,0,0,1,0,0,0,0,0,0,-,-,34.4425,-118.63073,LOS ANGELES,UNINCORPORATED,-118.6312432,34.4427144
6598117,2014,2016-05-18,9590,2014-08-06,1400,20708,NA,3,2,7,1942,0,1,A,NA,2,0741,RT 101,ROSEMONT AV,300,N,N,A,-,Y,LA,7,101,-,-,3.07,H,-,S,N,4,0,1,2,A,-,03,22350,NA,N,C,C,A,A,H,-,A,D,1,NA,NA,NA,Y,Y,NA,F,26,0,0,1,0,0,0,0,0,0,-,-,34.07317,-118.27015,LOS ANGELES,LOS ANGELES,-118.27017134,34.07330531
6598125,2014,2016-05-17,9590,2014-08-06,1125,17520,NA,3,1,7,1942,0,1,1,NA,2,041,RT 5,SOTO ST,300,N,N,A,-,Y,LA,7,5,-,-,16.709,R,1,S,Y,3,0,2,5,A,-,03,22350,NA,N,C,C,A,A,H,-,A,D,1,NA,NA,NA,NA,Y,NA,D,22,0,1,1,0,0,0,0,0,0,-,-,34.11876,-118.03422,LOS ANGELES,LOS ANGELES,-118.21929782,34.03179167
6598130,2014,2016-06-11,9590,2014-07-07,1010,20773,NA,1,1,7,1942,0,1,1,NA,2,063,RT 10,SAN PEDRO ST,100,W,N,A,-,Y,LA,7,10,-,-,16.01,H,-,W,N,4,0,1,3,A,-,03,22350,NA,N,C,C,A,A,H,-,A,D,1,NA,NA,NA,NA,Y,NA,A,01,0,0,1,0,0,0,0,0,0,-,-,34.0302,-118.25565,LOS ANGELES,LOS ANGELES,-118.25631707,34.02984522
6598134,2014,2016-06-11,9590,2014-07-07,1053,020773,NA,1,1,7,1942,0,1,1,NA,2,061,RT 10,CRENSHAW BL,1000,W,N,A,-,Y,LA,7,10,-,R,11.2,H,-,W,Y,4,0,3,3,A,-,03,22350,NA,N,C,C,A,A,H,-,A,D,1,NA,NA,NA,Y,Y,NA,F,26,0,0,3,0,0,0,0,0,0,-,-,34.03503,-118.33722,LOS ANGELES,LOS ANGELES,-118.33700961,34.03500437
6598143,2014,2014-09-08,9540,2014-08-03,1902,19317,NA,7,2,9,1900,0,2,4,NA,1,204,BOUQUET CANYON RD,QUARRY RD,264,N,N,B,-,N,NA,NA,NA,NA,NA,NA,NA,NA,NA,Y,4,0,1,1,A,-,03,22350,NA,N,F,A,A,B,H,-,A,D,0,NA,NA,NA,NA,Y,NA,D,22,0,0,1,0,0,0,0,0,0,-,-,34.56481,-118.39697,LOS ANGELES,UNINCORPORATED,-118.41455,34.553782
6598146,2014,2016-06-11,9590,2014-08-04,1600,017586,NA,1,2,7,1942,0,1,1,NA,2,062,RT 10,HOOVER ST,150,E,N,A,-,Y,LA,7,10,-,-,14.28,H,-,E,N,4,0,2,2,A,-,03,22350,NA,N,C,C,A,A,H,-,A,D,1,NA,NA,NA,NA,Y,NA,D,22,0,0,2,0,0,0,0,0,0,-,-,34.03711,-118.28376,LOS ANGELES,LOS ANGELES,-118.28349386,34.03714996