CASE_ID,ACCIDENT_YEAR,PROC_DATE,JURIS,COLLISION_DATE,COLLISION_TIME,OFFICER_ID,REPORTING_DISTRICT,DAY_OF_WEEK,CHP_SHIFT,POPULATION,CNTY_CITY_LOC,SPECIAL_COND,BEAT_TYPE,CHP_BEAT_TYPE,CITY_DIVISION_LAPD,CHP_BEAT_CLASS,BEAT_NUMBER,PRIMARY_RD,SECONDARY_RD,DISTANCE,DIRECTION,INTERSECTION,WEATHER_1,WEATHER_2,STATE_HWY_IND,CALTRANS_COUNTY,CALTRANS_DISTRICT,STATE_ROUTE,ROUTE_SUFFIX,POSTMILE_PREFIX,POSTMILE,LOCATION_TYPE,RAMP_INTERSECTION,SIDE_OF_HWY,TOW_AWAY,COLLISION_SEVERITY,NUMBER_KILLED,NUMBER_INJURED,PARTY_COUNT,PRIMARY_COLL_FACTOR,PCF_CODE_OF_VIOL,PCF_VIOL_CATEGORY,PCF_VIOLATION,PCF_VIOL_SUBSECTION,HIT_AND_RUN,TYPE_OF_COLLISION,MVIW,PED_ACTION,ROAD_SURFACE,ROAD_COND_1,ROAD_COND_2,LIGHTING,CONTROL_DEVICE,CHP_ROAD_TYPE,PEDESTRIAN_ACCIDENT,BICYCLE_ACCIDENT,MOTORCYCLE_ACCIDENT,TRUCK_ACCIDENT,NOT_PRIVATE_PROPERTY,ALCOHOL_INVOLVED,STWD_VEHTYPE_AT_FAULT,CHP_VEHTYPE_AT_FAULT,COUNT_SEVERE_INJ,COUNT_VISIBLE_INJ,COUNT_COMPLAINT_PAIN,COUNT_PED_KILLED,COUNT_PED_INJURED,COUNT_BICYCLIST_KILLED,COUNT_BICYCLIST_INJURED,COUNT_MC_KILLED,COUNT_MC_INJURED,PRIMARY_RAMP,SECONDARY_RAMP,LATITUDE,LONGITUDE,COUNTY,CITY,POINT_X,POINT_Y
6598642,2014,2014-09-08,1942,2014-08-16,1730,37225,0251,6,5,7,1942,0,0,0,B,0,1TL24,LA FAYETTE PARK PL,6TH ST,0,NA,Y,A,-,N,NA,NA,NA,NA,NA,NA,NA,NA,NA,N,4,0,1,2,A,-,10,21950,A,N,G,B,B,A,H,-,A,A,0,Y,NA,NA,NA,Y,NA,A,01,0,0,1,0,1,0,0,0,0,-,-,NA,NA,LOS ANGELES,LOS ANGELES,-118.28310008,34.06320005
6598643,2014,2016-06-04,1942,2014-08-17,2205,33452,1134,7,5,7,1942,0,0,0,K,0,2T15,EAGLE ROCK,VERDUGO RD,0,NA,Y,A,-,Y,LA,7,2,-,R,16.856,R,4,E,N,4,0,1,2,A,-,09,21801,A,N,A,C,A,A,H,-,C,A,0,NA,NA,NA,NA,Y,NA,A,01,0,0,1,0,0,0,0,0,0,-,-,NA,NA,LOS ANGELES,LOS ANGELES,-118.23167041,34.11955852
6598647,2014,2014-09-03,1942,2014-08-04,1535,40484,0201,1,5,7,1942,0,0,0,B,0,2A39,VERMONT AV,WILLOW BROOK,5,S,N,A,-,N,NA,NA,NA,NA,NA,NA,NA,NA,NA,N,4,0,1,2,A,-,09,21801,A,N,D,G,A,A,H,-,A,D,0,NA,Y,NA,NA,Y,NA,A,01,0,0,1,0,0,0,1,0,0,-,-,NA,NA,LOS ANGELES,LOS ANGELES,-118.2917404,34.08976629
6598650,2014,2014-09-08,1942,2014-08-04,2255,40545,1178,1,5,7,1942,0,0,0,K,0,4T43,CYPRESS AV,LOOSMORE ST,4,E,N,A,-,N,NA,NA,NA,NA,NA,NA,NA,NA,NA,Y,4,0,1,3,A,-,03,22350,NA,N,D,E,A,A,H,-,C,D,0,NA,NA,NA,NA,Y,NA,A,01,0,0,1,0,0,0,0,0,0,-,-,NA,NA,LOS ANGELES,LOS ANGELES,-118.22595095,34.09393202
6598651,2014,2014-09-03,1942,2014-08-10,0800,39745,1128,7,5,7,1942,0,0,0,K,0,1TL11,YORK BL,AVENUE 63,172,W,N,A,-,N,NA,NA,NA,NA,NA,NA,NA,NA,NA,N,4,0,1,2,A,-,09,21804,A,N,D,C,A,A,H,-,A,D,0,NA,NA,NA,NA,Y,NA,A,07,0,0,1,0,0,0,0,0,0,-,-,NA,NA,LOS ANGELES,LOS ANGELES,-118.18314621,34.11502522
6598654,2014,2014-09-08,1942,2014-08-03,2050,38233,1133,7,5,7,1942,0,0,0,K,0,13T53,MINNEAPOLIS ST,PERLITA AV,0,NA,Y,A,-,N,NA,NA,NA,NA,NA,NA,NA,NA,NA,Y,4,0,2,3,A,-,01,23153,A,N,D,C,A,A,H,-,B,A,0,NA,NA,NA,NA,Y,Y,A,01,0,0,2,0,0,0,0,0,0,-,-,NA,NA,LOS ANGELES,LOS ANGELES,-118.25204001,34.11357003
6598655,2014,2014-09-03,1942,2014-08-13,2205,37611,1162,3,5,7,1942,0,0,0,K,0,13T55,SUNSET BL,HILLHURST AV,14,E,N,A,-,N,NA,NA,NA,NA,NA,NA,NA,NA,NA,N,4,0,2,2,A,-,01,23152,A,N,C,C,A,A,H,-,C,A,0,NA,NA,NA,NA,Y,Y,A,01,0,0,2,0,0,0,0,0,0,-,-,NA,NA,LOS ANGELES,LOS ANGELES,-118.28736387,34.09813125
6598658,2014,2014-09-08,1942,2014-08-05,1925,38357,0247,2,5,7,1942,0,0,0,B,0,4T43,UNION AV,3RD ST,241,S,N,A,-,N,NA,NA,NA,NA,NA,NA,NA,NA,NA,N,4,0,1,2,A,-,11,21956,A,F,G,B,E,A,H,-,A,D,0,Y,NA,NA,NA,Y,NA,N,60,0,0,1,0,1,0,0,0,0,-,-,NA,NA,LOS ANGELES,LOS ANGELES,-118.26830043,34.06030287
6598659,2014,2014-09-04,1942,2014-08-09,2135,37611,1142,6,5,7,1942,0,0,0,K,0,11T21,LOS FELIZ BL,VERMONT AV,0,NA,Y,A,-,N,NA,NA,NA,NA,NA,NA,NA,NA,NA,Y,4,0,3,2,A,-,09,21801,A,N,D,C,A,A,H,-,C,A,0,NA,NA,NA,NA,Y,NA,A,01,0,0,3,0,0,0,0,0,0,-,-,NA,NA,LOS ANGELES,LOS ANGELES,-118.29182013,34.11106003
6598662,2014,2014-09-25,1942,2014-08-05,1440,41495,0212,2,5,7,1942,0,0,0,B,0,1A84,VERMONT AV,CLINTON ST,0,NA,Y,A,-,N,NA,NA,NA,NA,NA,NA,NA,NA,NA,Y,4,0,2,2,A,-,12,21453,A,N,D,C,A,A,H,-,A,A,0,NA,NA,NA,NA,Y,NA,-,-,0,0,2,0,0,0,0,0,0,-,-,NA,NA,LOS ANGELES,LOS ANGELES,-118.29172001,34.08175005
6598663,2014,2015-03-12,1942,2014-08-03,0245,40726,1112,7,5,7,1942,0,0,0,K,0,1TL24,SHASTA CIR N,VERDUGO RD,196,W,N,B,-,N,NA,NA,NA,NA,NA,NA,NA,NA,NA,N,4,0,1,3,A,-,03,22350,NA,N,C,E,A,B,H,-,D,D,0,NA,NA,NA,NA,Y,NA,A,01,0,0,1,0,0,0,0,0,0,-,-,NA,NA,LOS ANGELES,LOS ANGELES,-118.23349197,34.13076075
6598667,2014,2014-09-03,1942,2014-08-02,0840,36023,1177,6,5,7,1942,0,0,0,K,0,4T43,FIGUEROA ST,AVENUE 26,0,NA,Y,A,-,N,NA,NA,NA,NA,NA,NA,NA,NA,NA,N,3,0,1,2,A,-,12,21453,A,N,D,C,A,A,H,-,A,A,0,NA,NA,NA,NA,Y,NA,-,NA,0,1,0,0,0,0,0,0,0,-,-,NA,NA,LOS ANGELES,LOS ANGELES,-118.2224501,34.08385003
6598671,2014,2014-09-03,1942,2014-08-17,1150,40008,0147,7,5,7,1942,0,0,0,A,0,13TL55,WALL ST,WINSTON ST,3,S,N,A,-,N,NA,NA,NA,NA,NA,NA,NA,NA,NA,N,4,0,1,2,A,-,08,22107,NA,N,C,C,A,A,H,-,A,D,0,NA,NA,NA,NA,Y,NA,A,01,0,0,1,0,0,0,0,0,0,-,-,NA,NA,LOS ANGELES,LOS ANGELES,-118.24518502,34.04552291
6598672,2014,2014-09-04,1965,2014-08-14,1830,3816,OB2E,4,5,5,1965,0,0,0,NA,0,B002,OLYMPIC BL,STUART ST,0,NA,Y,F,-,N,NA,NA,NA,NA,NA,NA,NA,NA,NA,N,3,0,1,2,D,-,00,NA,NA,N,D,G,A,-,H,-,-,-,0,NA,Y,NA,NA,Y,NA,-,-,0,1,0,0,0,0,1,0,0,-,-,NA,NA,LOS ANGELES,SANTA MONICA,-118.46536012,34.02980008
6598675,2014,2014-09-03,1942,2014-08-14,1315,38214,NA,4,5,7,1942,0,0,0,NA,0,1H7W2,HILL ST,5TH ST,15,S,N,A,-,N,NA,NA,NA,NA,NA,NA,NA,NA,NA,N,4,0,1,2,A,-,12,21453,A,F,G,B,B,A,H,-,A,A,0,Y,NA,NA,NA,Y,NA,-,99,0,0,1,0,1,0,0,0,0,-,-,NA,NA,LOS ANGELES,LOS ANGELES,-118.25183011,34.04872738
6598679,2014,2014-09-03,1942,2014-08-04,1550,37672,0245,1,5,7,1942,0,0,0,B,0,2Z25,WILSHIRE BL,PARKVIEW ST,0,NA,Y,A,-,N,NA,NA,NA,NA,NA,NA,NA,NA,NA,Y,3,0,2,2,A,-,09,21801,A,N,D,C,A,A,H,-,A,A,0,NA,NA,NA,NA,Y,NA,A,07,0,1,1,0,0,0,0,0,0,-,-,NA,NA,LOS ANGELES,LOS ANGELES,-118.2795001,34.0596501
6598683,2014,2014-09-03,1942,2014-08-17,1515,34426,0192,7,5,7,1942,0,0,0,A,0,2TL28,GRAND AV,VENICE BL,0,NA,Y,A,-,N,NA,NA,NA,NA,NA,NA,NA,NA,NA,N,4,0,1,2,A,-,11,21456,A,N,G,B,-,A,H,-,A,A,0,Y,NA,NA,NA,Y,NA,N,60,0,0,1,0,1,0,0,0,0,-,-,NA,NA,LOS ANGELES,LOS ANGELES,-118.26633002,34.03573001
6598687,2014,2014-09-15,1942,2014-08-17,0600,32973,0152,7,5,7,1942,0,0,0,A,0,4TL4,FIGUEROA ST,5TH ST,0,NA,Y,A,-,N,NA,NA,NA,NA,NA,NA,NA,NA,NA,Y,4,0,2,2,A,-,12,21453,A,N,D,C,A,A,H,-,B,A,0,NA,NA,NA,NA,Y,NA,-,-,0,0,2,0,0,0,0,0,0,-,-,NA,NA,LOS ANGELES,LOS ANGELES,-118.25712004,34.05228002
6598691,2014,2014-09-03,1942,2014-08-04,1400,40144,RD020,1,5,7,1942,0,0,0,NA,0,11A71,W SUNSET BL,LUCILLE,100,E,N,A,-,N,NA,NA,NA,NA,NA,NA,NA,NA,NA,N,4,0,1,2,A,-,17,22517,NA,N,A,G,A,-,A,H,A,D,0,NA,Y,NA,NA,Y,NA,A,01,0,0,1,0,0,0,1,0,0,-,-,NA,NA,LOS ANGELES,LOS ANGELES,-118.278496,34.09078395
6598692,2014,2014-09-15,1965,2014-08-18,1101,3816,OB1H,1,5,5,1965,0,0,0,NA,0,B001,LINCOLN BL,COLORADO AV,29,S,N,A,-,N,NA,NA,NA,NA,NA,NA,NA,NA,NA,N,3,0,1,2,A,-,09,21801,A,N,D,G,A,A,H,-,A,D,0,NA,Y,NA,NA,Y,NA,A,01,0,1,0,0,0,0,1,0,0,-,-,NA,NA,LOS ANGELES,SANTA MONICA,-118.48822186,34.01682425
6598695,2014,2014-09-03,1942,2014-08-18,2030,34426,0241,1,5,7,1942,0,0,0,B,0,2T28,OCCIDENTAL BL,3RD ST,0,NA,Y,A,-,N,NA,NA,NA,NA,NA,NA,NA,NA,NA,N,4,0,1,2,A,-,10,21950,A,N,G,B,-,A,H,-,A,A,0,Y,NA,NA,NA,Y,NA,A,07,0,0,1,0,1,0,0,0,0,-,-,NA,NA,LOS ANGELES,LOS ANGELES,-118.28222004,34.06775003
6598697,2014,2014-09-08,1900,2014-08-04,1746,507775,2111,1,5,5,1943,0,0,0,NA,0,212T3,ALAMEDA ST,MARTIN LUTHER KING JR BL,0,NA,Y,A,-,N,NA,NA,NA,NA,NA,NA,NA,NA,NA,Y,4,0,3,2,A,-,01,23152,A,N,D,C,A,A,H,-,A,A,0,NA,NA,NA,NA,Y,Y,A,07,0,0,3,0,0,0,0,0,0,-,-,NA,NA,LOS ANGELES,LYNWOOD,-118.22656006,33.93820001
6598699,2014,2014-09-03,1942,2014-08-14,1900,33276,249,4,5,7,1942,0,0,0,NA,0,2X66,6TH ST,BEAUDRY AV,0,NA,Y,A,-,N,NA,NA,NA,NA,NA,NA,NA,NA,NA,N,4,0,1,2,A,-,08,22107,NA,N,D,C,A,A,H,-,A,A,0,NA,NA,NA,NA,Y,NA,-,NA,0,0,1,0,0,0,0,0,0,-,-,NA,NA,LOS ANGELES,LOS ANGELES,-118.25983009,34.05307008
6598701,2014,2014-09-08,1900,2014-08-09,0228,516593,2117,6,5,5,1943,0,0,0,NA,0,212T4,CEDAR ST,LONG BEACH BL,0,NA,Y,A,-,N,NA,NA,NA,NA,NA,NA,NA,NA,NA,N,4,0,1,2,A,-,09,21804,A,N,D,G,A,A,H,-,C,A,0,NA,Y,NA,NA,Y,NA,L,04,0,0,1,0,0,0,1,0,0,-,-,NA,NA,LOS ANGELES,LYNWOOD,-118.20949006,33.91805011
6598703,2014,2014-09-03,1942,2014-08-12,0920,41695,0165,2,5,7,1942,0,0,0,A,0,1A35,LOS ANGELES ST,7TH ST,170,NA,N,A,-,N,NA,NA,NA,NA,NA,NA,NA,NA,NA,N,4,0,1,2,A,-,03,22350,NA,N,C,C,A,A,H,-,A,A,0,NA,NA,NA,NA,Y,NA,A,01,0,0,1,0,0,0,0,0,0,-,-,NA,NA,LOS ANGELES,LOS ANGELES,NA,NA
6598707,2014,2014-09-03,1942,2014-08-18,1200,39562,153,1,5,7,1942,0,0,0,O,0,1A35,BROADWAY,6TH,13,N,N,A,-,N,NA,NA,NA,NA,NA,NA,NA,NA,NA,N,3,0,1,2,D,-,00,NA,NA,N,G,B,B,A,H,-,A,A,0,Y,NA,NA,NA,Y,NA,-,-,0,1,0,0,1,0,0,0,0,-,-,NA,NA,LOS ANGELES,LOS ANGELES,-118.46825418,33.99462954
6598711,2014,2014-09-15,1942,2014-08-12,1645,25687,0138,2,5,7,1942,0,0,0,A,0,1X18,3RD ST,CENTRAL,15,N,N,A,-,N,NA,NA,NA,NA,NA,NA,NA,NA,NA,N,4,0,2,2,A,-,07,21658,A,N,B,C,A,A,H,-,A,A,0,NA,NA,NA,NA,Y,NA,-,-,0,0,2,0,0,0,0,0,0,-,-,NA,NA,LOS ANGELES,LOS ANGELES,-118.23959474,34.04610748
6598715,2014,2014-09-03,1942,2014-08-12,0825,32996,0138,2,5,7,1942,0,0,0,A,0,13TL53,SAN PEDRO ST,3RD ST,10,S,N,A,-,N,NA,NA,NA,NA,NA,NA,NA,NA,NA,Y,3,0,1,2,A,-,10,21950,A,N,G,B,B,A,H,-,A,A,0,Y,NA,NA,NA,Y,NA,A,01,0,1,0,0,1,0,0,0,0,-,-,NA,NA,LOS ANGELES,LOS ANGELES,-118.24251814,34.04729343
6598719,2014,2014-09-03,1942,2014-08-11,0730,37505,0185,1,5,7,1942,0,0,0,A,0,11TL21,BROADWAY,14TH ST,0,NA,Y,A,-,N,NA,NA,NA,NA,NA,NA,NA,NA,NA,Y,4,0,1,2,A,-,09,21802,A,N,D,C,A,A,H,-,A,A,0,NA,NA,NA,NA,Y,NA,A,01,0,0,1,0,0,0,0,0,0,-,-,NA,NA,LOS ANGELES,LOS ANGELES,-118.26246,34.03553
6598723,2014,2014-08-29,1942,2014-07-03,0650,39359,1127,4,5,7,1942,0,0,0,K,0,2TL15,YORK BL,AVE 56,0,NA,Y,A,-,N,NA,NA,NA,NA,NA,NA,NA,NA,NA,Y,4,0,1,2,A,-,12,21453,A,N,D,C,A,A,H,-,A,A,0,NA,NA,NA,NA,Y,NA,A,01,0,0,1,0,0,0,0,0,0,-,-,NA,NA,LOS ANGELES,LOS ANGELES,-118.1967001,34.11940004
6598724,2014,2014-08-29,1942,2014-07-22,1630,33260,0271,2,5,7,1942,0,0,0,B,0,2T28,OLYMPIC BL,HOOVER ST,0,NA,Y,A,-,N,NA,NA,NA,NA,NA,NA,NA,NA,NA,Y,3,0,2,2,A,-,09,21801,A,N,D,C,A,A,H,-,A,A,0,NA,NA,NA,NA,Y,NA,A,07,0,1,1,0,0,0,0,0,0,-,-,NA,NA,LOS ANGELES,LOS ANGELES,-118.28422012,34.05240012
6598727,2014,2014-08-29,1942,2014-07-21,0745,37952,0423,1,5,7,1942,0,0,0,D,0,11TL21,MISSION RD,MARENGO ST,0,NA,Y,A,-,N,NA,NA,NA,NA,NA,NA,NA,NA,NA,NA,4,0,1,2,A,-,09,21801,A,N,D,C,A,A,H,-,A,A,0,NA,NA,NA,NA,Y,NA,A,01,0,0,1,0,0,0,0,0,0,-,-,NA,NA,LOS ANGELES,LOS ANGELES,-118.21442003,34.06062011
6598728,2014,2014-08-29,1942,2014-07-22,1850,39349,0271,2,5,7,1942,0,0,0,B,0,2T15,OLYMPIC BL,GRAND VIEW ST,0,NA,Y,A,-,N,NA,NA,NA,NA,NA,NA,NA,NA,NA,Y,3,0,1,2,A,-,09,21801,A,N,D,C,A,A,H,-,A,D,0,NA,NA,NA,NA,Y,NA,A,01,0,1,0,0,0,0,0,0,0,-,-,NA,NA,LOS ANGELES,LOS ANGELES,-118.28234006,34.05228011
6598729,2014,2014-08-29,1970,2014-07-21,1632,189,4,1,5,4,1970,0,0,0,NA,0,004,HUNTINGTON DR,MAPLE ST,78,N,N,A,-,N,NA,NA,NA,NA,NA,NA,NA,NA,NA,Y,3,0,1,1,A,-,03,22350,NA,N,E,I,A,A,H,-,A,D,0,NA,NA,NA,NA,Y,NA,A,01,0,1,0,0,0,0,0,0,0,-,-,NA,NA,LOS ANGELES,SOUTH PASADENA,-118.15525004,34.10158981
6598731,2014,2014-08-29,1942,2014-07-02,1615,39889,1123,3,5,7,1942,0,0,0,K,0,2T28,EDENHURST AV,LOS FELIZ BL,0,NA,Y,A,-,N,NA,NA,NA,NA,NA,NA,NA,NA,NA,N,3,0,1,2,A,-,05,21650,1,N,D,G,A,A,H,-,A,D,0,NA,Y,NA,NA,Y,NA,A,01,0,1,0,0,0,0,1,0,0,-,-,NA,NA,LOS ANGELES,LOS ANGELES,-118.26655011,34.1245201
6598732,2014,2014-08-29,1942,2014-07-21,1615,35713,0231,1,5,7,1942,0,0,0,B,0,2X46,BEVERLY BL,RENO ST,0,NA,Y,A,-,N,NA,NA,NA,NA,NA,NA,NA,NA,NA,Y,4,0,2,2,C,-,18,NA,NA,N,C,C,A,A,H,-,A,A,0,NA,NA,NA,NA,Y,NA,-,-,0,0,2,0,0,0,0,0,0,-,-,NA,NA,LOS ANGELES,LOS ANGELES,-118.28129001,34.07142009
6598733,2014,2014-09-02,1942,2014-07-23,1430,38124,0159,3,5,7,1942,0,0,0,A,0,2T14,TEMPLE ST,RAMPART BL,0,NA,Y,A,-,N,NA,NA,NA,NA,NA,NA,NA,NA,NA,Y,4,0,2,2,A,-,12,21453,A,N,D,C,A,A,H,-,A,A,0,NA,NA,NA,NA,Y,NA,A,07,0,0,2,0,0,0,0,0,0,-,-,NA,NA,LOS ANGELES,LOS ANGELES,-118.27488,34.07252011
6598735,2014,2016-01-13,1942,2014-07-02,1930,34458,1148,3,5,7,1942,0,0,0,K,0,4TL4,EAGLE ROCK BL,LANGDALE AV,155,N,N,A,B,N,NA,NA,NA,NA,NA,NA,NA,NA,NA,N,3,0,1,1,A,-,03,22350,NA,N,H,I,A,A,H,-,A,D,0,NA,NA,NA,NA,Y,NA,M,94,0,1,0,0,0,0,0,0,0,-,-,NA,NA,LOS ANGELES,LOS ANGELES,-118.21666049,34.13067328
6598736,2014,2016-01-13,1942,2014-07-28,2030,38233,NA,1,5,7,1942,0,0,0,NA,0,13T53,LOS FELIZ BL,REVERE AV,0,NA,Y,A,-,N,NA,NA,NA,NA,NA,NA,NA,NA,NA,Y,3,0,3,2,A,-,09,21801,A,N,A,C,A,A,H,-,B,A,0,NA,NA,NA,NA,Y,NA,A,01,0,1,2,0,0,0,0,0,0,-,-,NA,NA,LOS ANGELES,LOS ANGELES,-118.26379005,34.12598011
6598737,2014,2014-09-02,1942,2014-07-21,1615,36111,205,1,5,7,1942,0,0,0,NA,0,2A12,PARKMAN AV,MARATHON ST,50,S,N,A,-,N,NA,NA,NA,NA,NA,NA,NA,NA,NA,Y,3,0,1,2,A,-,08,22107,NA,N,D,C,A,A,H,-,A,D,0,NA,NA,NA,NA,Y,NA,-,NA,0,1,0,0,0,0,0,0,0,-,-,NA,NA,LOS ANGELES,LOS ANGELES,-118.27502374,34.08033737
6598739,2014,2014-08-29,1942,2014-07-06,1410,34426,1171,7,5,7,1942,0,0,0,K,0,2TL28,SANBORN AV,EFFIE ST,90,N,N,A,-,N,NA,NA,NA,NA,NA,NA,NA,NA,NA,N,4,0,1,3,A,-,03,22350,NA,N,B,E,A,A,H,-,A,D,0,NA,NA,NA,NA,Y,NA,A,01,0,0,1,0,0,0,0,0,0,-,-,NA,NA,LOS ANGELES,LOS ANGELES,-118.2791623,34.09441279
6598740,2014,2014-08-29,1942,2014-07-25,0020,40325,0251,5,5,7,1942,0,0,0,B,0,11T21,6TH ST,RAMPART BL,60,E,N,A,-,N,NA,NA,NA,NA,NA,NA,NA,NA,NA,Y,3,0,3,2,A,-,09,21801,A,N,D,C,A,A,H,-,A,A,0,NA,NA,NA,NA,Y,NA,A,07,0,2,1,0,0,0,0,0,0,-,-,NA,NA,LOS ANGELES,LOS ANGELES,-118.28117256,34.06234741
6598741,2014,2014-09-02,1942,2014-07-25,0945,40726,0212,5,5,7,1942,0,0,0,B,0,1TL24,BEVERLY BL,WESTMORELAND AV,0,NA,Y,A,-,N,NA,NA,NA,NA,NA,NA,NA,NA,NA,Y,3,0,2,2,A,-,09,21801,A,N,D,C,A,A,H,-,A,A,0,NA,NA,NA,NA,Y,NA,A,01,0,2,0,0,0,0,0,0,0,-,-,NA,NA,LOS ANGELES,LOS ANGELES,-118.28797009,34.07631005
6598743,2014,2014-08-29,1942,2014-07-02,1050,37505,1144,3,5,7,1942,0,0,0,K,0,13TL53,GLENDALE BL,SILVERLAKE BL,0,NA,Y,A,-,N,NA,NA,NA,NA,NA,NA,NA,NA,NA,Y,4,0,2,3,A,-,09,21801,A,N,A,C,A,A,H,-,A,A,0,NA,NA,NA,NA,Y,NA,A,07,0,0,2,0,0,0,0,0,0,-,-,NA,NA,LOS ANGELES,LOS ANGELES,-118.25922001,34.10074001
6598744,2014,2014-08-29,1942,2014-07-14,1635,39889,119,1,5,7,1942,0,0,0,K,0,1TL24,LA LOMA RD,FIGUEROA ST,0,NA,Y,B,-,N,NA,NA,NA,NA,NA,NA,NA,NA,NA,N,3,0,1,2,A,-,10,21950,A,N,G,B,B,A,H,-,A,A,0,Y,NA,NA,NA,Y,NA,A,01,0,1,0,0,1,0,0,0,0,-,-,NA,NA,LOS ANGELES,LOS ANGELES,-118.18810006,34.13668002
6598747,2014,2014-08-29,1942,2014-07-02,1915,40008,1123,3,5,7,1942,0,0,0,K,0,1T11,LOS FELIZ,BRUNSWICK,7,W,N,A,-,N,NA,NA,NA,NA,NA,NA,NA,NA,NA,N,3,0,1,2,A,-,09,21801,A,N,D,B,B,A,H,-,A,D,0,Y,NA,NA,NA,Y,NA,A,01,0,1,0,0,1,0,0,0,0,-,-,NA,NA,LOS ANGELES,LOS ANGELES,-118.26568917,34.12498931
6598748,2014,2014-08-29,1942,2014-07-20,1420,39745,0251,7,5,7,1942,0,0,0,B,0,1TL11,WILSHIRE BL,RAMPART BL,10,E,N,A,-,N,NA,NA,NA,NA,NA,NA,NA,NA,NA,N,4,0,2,2,A,-,12,21453,A,N,D,D,A,A,A,-,A,A,0,NA,NA,NA,NA,Y,NA,A,07,0,0,2,0,0,0,0,0,0,-,-,NA,NA,LOS ANGELES,LOS ANGELES,-118.28230129,34.06089654
6598751,2014,2014-08-29,1942,2014-07-22,2225,39184,1129,2,5,7,1942,0,0,0,K,0,13T53,SAN PASCUAL AV,HOUGH ST,100,S,N,A,-,N,NA,NA,NA,NA,NA,NA,NA,NA,NA,N,3,0,1,2,A,-,07,21658,A,F,G,B,E,A,H,-,C,A,0,Y,NA,NA,NA,Y,NA,-,99,0,1,0,0,1,0,0,0,0,-,-,NA,NA,LOS ANGELES,LOS ANGELES,-118.17254486,34.11811636
6598755,2014,2014-08-29,1942,2014-07-08,1935,40008,1145,2,5,7,1942,0,0,0,K,0,11T21,RIVERSIDE DR,FLETCHER DR,0,NA,Y,A,-,N,NA,NA,NA,NA,NA,NA,NA,NA,NA,Y,3,0,2,4,A,-,01,23152,A,N,B,C,A,A,H,-,A,D,0,NA,NA,NA,NA,Y,Y,A,08,0,2,0,0,0,0,0,0,0,-,-,NA,NA,LOS ANGELES,LOS ANGELES,-118.25655003,34.10599007
6598756,2014,2014-11-20,1942,2014-07-22,2000,33452,0236,2,5,7,1942,0,0,0,B,0,2T15,ALVARADO ST,COURT ST,0,NA,Y,A,-,N,NA,NA,NA,NA,NA,NA,NA,NA,NA,N,3,0,1,2,A,-,09,21802,A,N,D,C,A,A,H,-,A,A,0,NA,NA,NA,NA,Y,NA,A,01,0,1,0,0,0,0,0,0,0,-,-,NA,NA,LOS ANGELES,LOS ANGELES,-118.26869004,34.06927001
6598759,2014,2014-08-29,1942,2014-07-19,1340,41417,NE,6,5,7,1942,0,0,0,NA,0,11A71,SCOTT AV,ALVARADO ST,5,E,N,A,-,N,NA,NA,NA,NA,NA,NA,NA,NA,NA,Y,4,0,3,2,A,-,08,22107,NA,N,D,C,A,A,H,-,A,D,0,NA,NA,NA,NA,Y,NA,-,NA,0,0,3,0,0,0,0,0,0,-,-,NA,NA,LOS ANGELES,LOS ANGELES,-118.26093,34.08176
6598760,2014,2014-08-29,1942,2014-07-22,1955,40099,0211,2,5,7,1942,0,0,0,B,0,1T11,MELROSE,KENMORE AV,10,W,N,A,-,N,NA,NA,NA,NA,NA,NA,NA,NA,NA,N,3,0,1,2,A,-,07,21658,A,N,D,C,A,A,H,-,A,D,0,NA,NA,Y,NA,Y,NA,A,01,0,1,0,0,0,0,0,0,1,-,-,NA,NA,LOS ANGELES,LOS ANGELES,-118.29703296,34.0836
6598763,2014,2014-08-29,1942,2014-07-17,1320,38335,1162,4,5,7,1942,0,0,0,K,0,11A51,VIRGIL AV,FOUNTAIN AV,300,S,N,A,-,N,NA,NA,NA,NA,NA,NA,NA,NA,NA,Y,3,0,2,2,A,-,04,21703,NA,N,C,C,A,A,H,-,A,D,0,NA,NA,NA,NA,Y,NA,-,NA,0,1,1,0,0,0,0,0,0,-,-,NA,NA,LOS ANGELES,LOS ANGELES,-118.2866,34.09490579
6598764,2014,2014-08-29,1942,2014-07-15,1905,33948,0217,2,5,7,1942,0,0,0,B,0,2A44,TEMPLE ST,ALVARADO,195,W,N,B,-,N,NA,NA,NA,NA,NA,NA,NA,NA,NA,Y,3,0,1,2,A,-,03,22350,NA,N,A,B,-,A,H,-,A,D,0,Y,NA,NA,NA,Y,NA,A,01,0,1,0,0,1,0,0,0,0,-,-,NA,NA,LOS ANGELES,LOS ANGELES,-118.2686437,34.07047457
6598767,2014,2014-08-29,1942,2014-07-15,1257,40617,0409,2,5,7,1942,0,0,0,D,0,4A3,MAYCREST AV,HUNTINGTON DR,4,E,N,A,-,N,NA,NA,NA,NA,NA,NA,NA,NA,NA,N,3,0,1,2,A,-,11,21453,D,N,-,G,A,A,H,-,A,A,0,NA,Y,NA,NA,Y,NA,L,04,0,1,0,0,0,0,1,0,0,-,-,NA,NA,LOS ANGELES,LOS ANGELES,-118.16113216,34.09342118