CASE_ID,ACCIDENT_YEAR,PROC_DATE,JURIS,COLLISION_DATE,COLLISION_TIME,OFFICER_ID,REPORTING_DISTRICT,DAY_OF_WEEK,CHP_SHIFT,POPULATION,CNTY_CITY_LOC,SPECIAL_COND,BEAT_TYPE,CHP_BEAT_TYPE,CITY_DIVISION_LAPD,CHP_BEAT_CLASS,BEAT_NUMBER,PRIMARY_RD,SECONDARY_RD,DISTANCE,DIRECTION,INTERSECTION,WEATHER_1,WEATHER_2,STATE_HWY_IND,CALTRANS_COUNTY,CALTRANS_DISTRICT,STATE_ROUTE,ROUTE_SUFFIX,POSTMILE_PREFIX,POSTMILE,LOCATION_TYPE,RAMP_INTERSECTION,SIDE_OF_HWY,TOW_AWAY,COLLISION_SEVERITY,NUMBER_KILLED,NUMBER_INJURED,PARTY_COUNT,PRIMARY_COLL_FACTOR,PCF_CODE_OF_VIOL,PCF_VIOL_CATEGORY,PCF_VIOLATION,PCF_VIOL_SUBSECTION,HIT_AND_RUN,TYPE_OF_COLLISION,MVIW,PED_ACTION,ROAD_SURFACE,ROAD_COND_1,ROAD_COND_2,LIGHTING,CONTROL_DEVICE,CHP_ROAD_TYPE,PEDESTRIAN_ACCIDENT,BICYCLE_ACCIDENT,MOTORCYCLE_ACCIDENT,TRUCK_ACCIDENT,NOT_PRIVATE_PROPERTY,ALCOHOL_INVOLVED,STWD_VEHTYPE_AT_FAULT,CHP_VEHTYPE_AT_FAULT,COUNT_SEVERE_INJ,COUNT_VISIBLE_INJ,COUNT_COMPLAINT_PAIN,COUNT_PED_KILLED,COUNT_PED_INJURED,COUNT_BICYCLIST_KILLED,COUNT_BICYCLIST_INJURED,COUNT_MC_KILLED,COUNT_MC_INJURED,PRIMARY_RAMP,SECONDARY_RAMP,LATITUDE,LONGITUDE,COUNTY,CITY,POINT_X,POINT_Y
6598768,2014,2014-08-29,1942,2014-07-20,0945,39745,0275,7,5,7,1942,0,0,0,B,0,1TL11,ALVARADO ST,OLYMPIC BL,290,S,N,A,-,N,NA,NA,NA,NA,NA,NA,NA,NA,NA,N,4,0,1,2,A,-,21,22106,NA,F,D,G,A,A,H,-,A,D,0,NA,Y,NA,NA,Y,NA,A,08,0,0,1,0,0,0,1,0,0,-,-,NA,NA,LOS ANGELES,LOS ANGELES,-118.28029034,34.05104307
6598771,2014,2014-08-29,1942,2014-07-23,1910,39049,1113,3,5,7,1942,0,0,0,K,0,2T15,LANGDALE AV,COLLEGE VIEW AV,0,NA,Y,A,-,N,NA,NA,NA,NA,NA,NA,NA,NA,NA,N,3,0,1,1,A,-,03,22350,NA,N,A,I,A,A,H,-,A,D,0,NA,NA,NA,NA,Y,NA,A,01,0,1,0,0,0,0,0,0,0,-,-,NA,NA,LOS ANGELES,LOS ANGELES,-118.22062013,34.12909003
6598772,2014,2014-08-29,1942,2014-07-19,0030,38357,0205,6,5,7,1942,0,0,0,B,0,11T21,SILVER LAKE BL,MARATHON ST,81,S,N,A,-,N,NA,NA,NA,NA,NA,NA,NA,NA,NA,Y,3,0,4,4,A,-,01,23152,A,N,C,E,A,A,H,-,C,D,0,NA,NA,NA,NA,Y,Y,A,07,0,2,2,0,0,0,0,0,0,-,-,NA,NA,LOS ANGELES,LOS ANGELES,-118.2755656,34.08052899
6598775,2014,2014-08-29,1942,2014-07-22,1540,37225,1151,2,5,7,1942,0,0,0,K,0,1TL241,HOLLYWOOD BL,VERMONT AV,0,NA,Y,A,-,N,NA,NA,NA,NA,NA,NA,NA,NA,NA,Y,3,0,1,2,A,-,09,21801,A,N,A,C,A,A,H,-,A,A,0,NA,NA,Y,NA,Y,NA,A,01,0,1,0,0,0,0,0,0,1,-,-,NA,NA,LOS ANGELES,LOS ANGELES,-118.29177012,34.10117002
6598776,2014,2014-09-23,1942,2014-07-18,1244,38399,0249,5,5,7,1942,0,0,0,B,0,2T14,WILSHIRE BL,BIXEL ST,125,W,N,A,-,N,NA,NA,NA,NA,NA,NA,NA,NA,NA,Y,3,0,1,2,A,-,08,22102,NA,N,D,D,A,A,H,-,A,D,0,NA,NA,Y,NA,Y,NA,A,01,0,1,0,0,0,0,0,0,1,-,-,NA,NA,LOS ANGELES,LOS ANGELES,-118.26368147,34.0524943
6598779,2014,2014-08-29,1942,2014-07-20,0210,39349,1141,7,5,7,1942,0,0,0,K,0,11T21,HOLLYWOOD BL,NORMANDIE AV,30,E,N,A,-,N,NA,NA,NA,NA,NA,NA,NA,NA,NA,Y,3,0,1,1,A,-,01,23152,A,N,E,I,A,A,H,-,C,A,0,NA,NA,NA,NA,Y,Y,A,01,0,1,0,0,0,0,0,0,0,-,-,NA,NA,LOS ANGELES,LOS ANGELES,-118.30046114,34.10175241
6598780,2014,2014-09-05,1942,2014-07-22,2224,39349,0291,2,5,7,1942,0,0,0,B,0,2T15,VENICE BL,HOOVER ST,0,NA,Y,A,-,N,NA,NA,NA,NA,NA,NA,NA,NA,NA,Y,3,0,2,2,A,-,12,21453,A,N,D,C,A,A,H,-,C,A,0,NA,NA,NA,NA,Y,NA,-,-,0,1,1,0,0,0,0,0,0,-,-,NA,NA,LOS ANGELES,LOS ANGELES,-118.28415005,34.04380009
6598783,2014,2014-08-29,1942,2014-07-22,1315,37363,0237,2,5,7,1942,0,0,0,B,0,2A45,BEVERLY DR,GLENDALE BL,0,NA,Y,A,-,N,NA,NA,NA,NA,NA,NA,NA,NA,NA,Y,3,0,2,2,A,-,12,21453,A,N,A,C,A,A,-,-,A,A,0,NA,NA,NA,NA,Y,NA,-,NA,0,2,0,0,0,0,0,0,0,-,-,NA,NA,LOS ANGELES,LOS ANGELES,-118.25969008,34.06205008
6598784,2014,2014-08-29,1942,2014-07-15,1220,35462,0148,2,5,7,1942,0,0,0,A,0,1X37,5TH ST,STANFORD AV,0,NA,Y,A,-,N,NA,NA,NA,NA,NA,NA,NA,NA,NA,Y,4,0,5,3,A,-,12,22450,A,N,D,C,A,A,H,-,A,A,0,NA,NA,NA,NA,Y,NA,A,01,0,0,5,0,0,0,0,0,0,-,-,NA,NA,LOS ANGELES,LOS ANGELES,-118.24121008,34.04255004
6598787,2014,2016-06-04,1942,2014-07-11,1025,30380,1113,5,5,7,1942,0,0,0,K,0,4TL43,E COLORADO BL,RT 2,0,NA,Y,A,-,Y,LA,7,2,-,R,18.237,R,4,W,Y,3,0,10,2,A,-,09,21801,A,N,A,C,A,A,H,-,A,A,0,NA,NA,NA,NA,Y,NA,A,08,0,7,3,0,0,0,0,0,0,-,-,NA,NA,LOS ANGELES,LOS ANGELES,-118.2286758,34.13899591
6598788,2014,2014-08-29,1942,2014-07-16,1735,38233,1149,3,5,7,1942,0,0,0,K,0,13TL22,N AVENUE 53,MARMION WY,0,NA,Y,A,-,N,NA,NA,NA,NA,NA,NA,NA,NA,NA,N,4,0,1,2,A,-,11,21954,A,N,B,-,-,A,H,-,A,A,0,Y,NA,NA,NA,Y,NA,N,60,0,0,1,0,1,0,0,0,0,-,-,NA,NA,LOS ANGELES,LOS ANGELES,-118.19899011,34.10809007
6598791,2014,2016-01-13,1942,2014-07-12,2045,40321,1117,6,5,7,1942,0,0,0,K,0,11A17,YOSEMITE DR,MAYWOOD AV,0,NA,Y,A,-,N,NA,NA,NA,NA,NA,NA,NA,NA,NA,N,4,0,1,2,A,-,08,22103,NA,N,D,C,A,A,H,-,C,A,0,NA,NA,NA,NA,Y,NA,A,01,0,0,1,0,0,0,0,0,0,-,-,NA,NA,LOS ANGELES,LOS ANGELES,-118.21100001,34.13431008
6598792,2014,2014-08-29,1942,2014-07-16,2005,39349,1124,3,5,7,1942,0,0,0,K,0,2T15,CAZADOR ST,CAZADOR DR,40,N,N,A,-,N,NA,NA,NA,NA,NA,NA,NA,NA,NA,N,3,0,2,2,A,-,09,21804,A,N,A,C,A,A,H,-,B,D,0,NA,NA,NA,NA,Y,NA,A,01,0,1,1,0,0,0,0,0,0,-,-,NA,NA,LOS ANGELES,LOS ANGELES,-118.23244786,34.10559772
6598795,2014,2014-09-05,1942,2014-07-17,1930,39010,1143,4,5,7,1942,0,0,0,K,0,SPAR,PROSPECT AV,TALMADGE ST,6,E,N,A,-,N,NA,NA,NA,NA,NA,NA,NA,NA,NA,N,4,0,1,2,A,-,-,NA,NA,N,G,B,B,A,H,-,A,A,0,Y,NA,NA,NA,Y,NA,-,-,0,0,1,0,1,0,0,0,0,-,-,NA,NA,LOS ANGELES,LOS ANGELES,-118.28304022,34.10179
6598796,2014,2016-01-13,1942,2014-07-11,0655,31324,0191,5,5,7,1942,0,0,0,A,0,1TL11,LA LIVE WY,PICO BL,141,S,N,A,-,N,NA,NA,NA,NA,NA,NA,NA,NA,NA,N,3,0,2,2,A,-,07,21658,A,N,B,C,A,A,H,-,A,A,0,NA,NA,NA,NA,Y,NA,A,01,0,2,0,0,0,0,0,0,0,-,-,NA,NA,LOS ANGELES,LOS ANGELES,-118.2720044,34.04194696
6598799,2014,2014-08-29,1942,2014-07-05,2350,39129,1148,6,5,7,1942,0,0,0,K,0,11X62,FIGUEROA AV,ECHO ST,12,E,N,A,-,N,NA,NA,NA,NA,NA,NA,NA,NA,NA,Y,4,0,1,4,A,-,05,21651,B,N,A,C,A,A,H,-,C,D,0,NA,NA,NA,NA,Y,NA,-,NA,0,0,1,0,0,0,0,0,0,-,-,NA,NA,LOS ANGELES,LOS ANGELES,-118.20288,34.10305
6598800,2014,2014-08-29,1942,2014-07-17,1645,34458,0145,4,5,7,1942,0,0,0,A,0,4TL4,MAIN ST,3RD ST,106,S,N,A,-,N,NA,NA,NA,NA,NA,NA,NA,NA,NA,N,3,0,1,2,A,-,07,21658,A,N,C,G,A,A,H,-,A,A,0,NA,Y,NA,NA,Y,NA,A,01,0,1,0,0,0,0,1,0,0,-,-,NA,NA,LOS ANGELES,LOS ANGELES,-118.24609854,34.04929325
6598808,2014,2014-09-12,1970,2014-06-27,1632,169,4,5,5,4,1970,0,0,0,NA,0,004,HUNTINGTON DR,FREMONT AV,114,W,N,A,-,N,NA,NA,NA,NA,NA,NA,NA,NA,NA,Y,4,0,4,7,C,-,18,NA,NA,N,C,C,A,A,H,-,A,A,0,NA,NA,NA,NA,Y,NA,-,-,0,0,4,0,0,0,0,0,0,-,-,NA,NA,LOS ANGELES,SOUTH PASADENA,-118.15284298,34.10400408
6598862,2014,2014-09-02,1970,2014-07-07,0951,179,NA,1,5,4,1970,0,0,0,NA,0,MISSIO,FREMONT AV,HOPE ST,0,NA,Y,A,-,N,NA,NA,NA,NA,NA,NA,NA,NA,NA,Y,4,0,2,2,A,-,09,21801,A,N,D,C,A,A,H,-,A,D,0,NA,NA,NA,NA,Y,NA,-,NA,0,0,2,0,0,0,0,0,0,-,-,NA,NA,LOS ANGELES,SOUTH PASADENA,-118.15310001,34.11675005
6598866,2014,2014-09-02,1970,2014-07-26,1921,196,1970,6,5,4,1970,0,0,0,NA,0,004,MARENGO AV,SPRUCE ST,21,S,N,A,-,N,NA,NA,NA,NA,NA,NA,NA,NA,NA,Y,3,0,2,2,A,-,03,22350,NA,N,C,C,A,A,H,-,A,A,0,NA,NA,NA,NA,Y,NA,-,NA,0,1,1,0,0,0,0,0,0,-,-,NA,NA,LOS ANGELES,SOUTH PASADENA,-118.14667854,34.10536243
6598870,2014,2014-09-02,1970,2014-07-01,1659,169,2,2,5,4,1970,0,0,0,NA,0,002,FAIR OAKS AV,HOPE ST,375,N,N,A,-,N,NA,NA,NA,NA,NA,NA,NA,NA,NA,Y,3,0,1,3,A,-,09,21804,A,N,D,C,A,A,H,-,A,D,0,NA,NA,Y,NA,Y,NA,A,01,0,1,0,0,0,0,0,0,1,-,-,NA,NA,LOS ANGELES,SOUTH PASADENA,-118.15032449,34.11787829
6598874,2014,2016-06-13,1970,2014-07-15,1457,169,1,2,5,4,1970,0,0,0,NA,0,001,ORANGE GROVE AV,RT 110,0,NA,Y,A,-,Y,LA,7,110,-,-,35.513,R,4,N,Y,4,0,1,2,A,-,12,21453,A,N,D,C,A,A,H,-,A,A,0,NA,NA,NA,NA,Y,NA,A,01,0,0,1,0,0,0,0,0,0,-,NF,NA,NA,LOS ANGELES,SOUTH PASADENA,-118.1605101,34.11926006
6598878,2014,2014-09-02,1970,2014-07-13,2110,827,1970,7,5,4,1970,0,0,0,NA,0,002,FAIR OAKS AV,OXLEY ST,255,S,N,A,-,N,NA,NA,NA,NA,NA,NA,NA,NA,NA,Y,4,0,1,2,A,-,01,23153,A,N,C,C,A,A,H,-,C,A,0,NA,NA,NA,NA,Y,Y,A,01,0,0,1,0,0,0,0,0,0,-,-,NA,NA,LOS ANGELES,SOUTH PASADENA,-118.1503745,34.11311077
6598881,2014,2014-09-02,1942,2014-07-30,1345,36571,0314,3,5,7,1942,0,0,0,C,0,12TL41,ARLINGTON AV,24TH ST,7,N,N,A,-,N,NA,NA,NA,NA,NA,NA,NA,NA,NA,Y,4,0,2,2,A,-,03,22350,NA,N,C,C,A,A,H,-,A,D,0,NA,NA,NA,NA,Y,NA,A,01,0,0,2,0,0,0,0,0,0,-,-,NA,NA,LOS ANGELES,LOS ANGELES,-118.317691,34.034902
6598885,2014,2014-09-02,1942,2014-07-29,1225,25250,0395,2,5,7,1942,0,0,0,C,0,3MQ5,WESTERN AV,42ND PL,6,N,N,A,-,N,NA,NA,NA,NA,NA,NA,NA,NA,NA,Y,4,0,1,2,A,-,03,22350,NA,N,C,C,A,A,H,-,A,D,0,NA,NA,NA,NA,Y,NA,A,01,0,0,1,0,0,0,0,0,0,-,-,NA,NA,LOS ANGELES,LOS ANGELES,-118.30893,34.00636646
6598886,2014,2014-09-02,1942,2014-07-02,0120,40219,1001,3,5,7,1942,0,0,0,J,0,10A3,TAMPA,ARMINTA,105,N,N,A,-,N,NA,NA,NA,NA,NA,NA,NA,NA,NA,Y,4,0,1,2,A,-,01,23152,A,N,B,E,A,A,H,-,C,D,0,NA,NA,NA,NA,Y,Y,A,01,0,0,1,0,0,0,0,0,0,-,-,NA,NA,LOS ANGELES,LOS ANGELES,-118.55353,34.21409803
6598889,2014,2014-09-02,1942,2014-07-31,2250,38694,1824,4,5,7,1942,0,0,0,R,0,3T5,AVALON BL,103RD ST,100,N,N,A,-,N,NA,NA,NA,NA,NA,NA,NA,NA,NA,N,4,0,1,2,A,-,07,21658,A,F,B,C,A,A,H,-,C,A,0,NA,NA,NA,NA,Y,NA,-,99,0,0,1,0,0,0,0,0,0,-,-,NA,NA,LOS ANGELES,LOS ANGELES,-118.26518,33.94312425
6598890,2014,2014-08-29,1942,2014-07-19,2100,40643,2143,6,5,7,1942,0,0,0,NA,0,17T43,OXNARD ST,WOODLAKE AV,390,E,N,A,-,N,NA,NA,NA,NA,NA,NA,NA,NA,NA,Y,4,0,1,3,A,-,01,23152,A,N,C,E,A,A,H,-,D,D,0,NA,NA,NA,NA,Y,Y,A,07,0,0,1,0,0,0,0,0,0,-,-,NA,NA,LOS ANGELES,LOS ANGELES,-118.6307827,34.17913043
6598893,2014,2014-09-02,1942,2014-07-30,2135,36646,1824,3,5,7,1942,0,0,0,R,0,18T23,CENTRAL AV,74TH ST,22,N,N,A,-,N,NA,NA,NA,NA,NA,NA,NA,NA,NA,Y,2,0,1,2,A,-,11,21954,A,N,D,B,D,A,H,-,C,D,0,Y,NA,NA,NA,Y,NA,N,60,1,0,0,0,1,0,0,0,0,-,-,NA,NA,LOS ANGELES,LOS ANGELES,-118.25643,33.97306033
6598896,2014,2014-09-02,1912,2014-07-24,2331,12705,NA,4,5,6,1912,0,0,0,NA,0,NA,6TH ST,MAGNOLIA BL,0,NA,Y,A,-,N,NA,NA,NA,NA,NA,NA,NA,NA,NA,N,3,0,1,1,A,-,08,22107,NA,N,H,-,A,A,H,-,C,D,0,NA,NA,Y,NA,Y,NA,C,03,0,1,0,0,0,0,0,0,1,-,-,NA,NA,LOS ANGELES,BURBANK,-118.30680003,34.18770002
6598897,2014,2014-09-08,1942,2014-07-12,2310,40674,1039,6,5,7,1942,0,0,0,J,0,10A39,SHERMAN WAY,TAMPA AV,0,NA,Y,A,-,N,NA,NA,NA,NA,NA,NA,NA,NA,NA,N,4,0,1,2,A,-,10,21950,A,N,G,B,B,A,H,-,C,A,0,Y,NA,NA,NA,Y,NA,A,01,0,0,1,0,1,0,0,0,0,-,-,NA,NA,LOS ANGELES,LOS ANGELES,-118.55347012,34.20116006
6598898,2014,2014-08-29,1942,2014-07-01,1525,38326,1077,2,5,7,1942,0,0,0,J,0,9TL52,VENTURA BL,BALBOA BL,0,NA,Y,A,-,N,NA,NA,NA,NA,NA,NA,NA,NA,NA,Y,4,0,1,3,A,-,09,21801,A,N,D,C,A,A,H,-,A,A,0,NA,NA,NA,NA,Y,NA,A,01,0,0,1,0,0,0,0,0,0,-,-,NA,NA,LOS ANGELES,LOS ANGELES,-118.50111011,34.15926012
6598901,2014,2014-09-02,1942,2014-07-30,1100,40696,1846,3,5,7,1942,0,0,0,R,0,3T5,CENTRAL AV,114TH ST,0,NA,Y,A,-,N,NA,NA,NA,NA,NA,NA,NA,NA,NA,N,4,0,1,2,A,-,10,21950,A,F,G,B,B,A,H,-,A,A,0,Y,NA,NA,NA,Y,NA,-,99,0,0,1,0,1,0,0,0,0,-,-,NA,NA,LOS ANGELES,LOS ANGELES,-118.25426005999999,33.9309701
6598902,2014,2014-09-02,1942,2014-07-13,2100,39217,2137,7,5,7,1942,0,0,0,NA,0,21TL61,DE SOTO AV,SHERMAN WAY,25,S,N,A,-,N,NA,NA,NA,NA,NA,NA,NA,NA,NA,N,4,0,1,2,A,-,04,21703,NA,N,C,C,A,A,H,-,C,A,0,NA,NA,NA,NA,Y,NA,A,01,0,0,1,0,0,0,0,0,0,-,-,NA,NA,LOS ANGELES,LOS ANGELES,-118.58845,34.20105142
6598903,2014,2014-08-29,1942,2014-07-23,1700,39971,0923,3,5,7,1942,0,0,0,I,0,10T32,KITTRIDGE ST,COLUMBUS,130,W,N,A,-,N,NA,NA,NA,NA,NA,NA,NA,NA,NA,Y,4,0,2,3,A,-,09,21804,A,N,D,C,A,A,H,-,A,D,0,NA,NA,NA,NA,Y,NA,A,07,0,0,2,0,0,0,0,0,0,-,-,NA,NA,LOS ANGELES,LOS ANGELES,-118.46445861,34.19028714
6598905,2014,2014-09-02,1942,2014-07-31,0830,40440,1805,4,5,7,1942,0,0,0,R,0,18T23,92ND ST,AVALON BL,0,NA,Y,A,-,N,NA,NA,NA,NA,NA,NA,NA,NA,NA,Y,3,0,3,2,A,-,09,21801,A,N,-,C,A,A,H,-,A,A,0,NA,NA,NA,NA,Y,NA,A,07,0,2,1,0,0,0,0,0,0,-,-,NA,NA,LOS ANGELES,LOS ANGELES,-118.26516002,33.95289009
6598906,2014,2014-09-02,1942,2014-07-17,0900,32774,1067,4,5,7,1942,0,0,0,J,0,9TL57,MAGNOLIA BL,BALBOA BL,183,W,N,A,-,N,NA,NA,NA,NA,NA,NA,NA,NA,NA,Y,4,0,1,2,A,-,03,22350,NA,N,C,C,A,A,H,-,A,D,0,NA,NA,NA,NA,Y,NA,A,01,0,0,1,0,0,0,0,0,0,-,-,NA,NA,LOS ANGELES,LOS ANGELES,-118.50169389,34.16495
6598908,2014,2014-09-02,1942,2014-07-20,1530,36633,1007,7,5,7,1942,0,0,0,J,0,10A3,SATICOY,BALBOA,150,E,N,A,-,N,NA,NA,NA,NA,NA,NA,NA,NA,NA,N,4,0,1,2,A,-,09,21804,A,N,B,G,A,A,H,-,A,D,0,NA,Y,NA,NA,Y,NA,L,04,0,0,1,0,0,0,1,0,0,-,-,NA,NA,LOS ANGELES,LOS ANGELES,-118.50066477,34.2084233
6598909,2014,2014-09-02,1942,2014-07-31,2240,40971,1086,4,5,7,1942,0,0,0,J,0,12T41,AVALON BL,90TH ST,33,N,N,A,-,N,NA,NA,NA,NA,NA,NA,NA,NA,NA,Y,4,0,3,2,A,-,09,21802,A,N,C,C,A,A,H,-,C,D,0,NA,NA,NA,NA,Y,NA,A,01,0,0,3,0,0,0,0,0,0,-,-,NA,NA,LOS ANGELES,LOS ANGELES,-118.26514869,33.9547705
6598910,2014,2014-09-08,1942,2014-07-17,0940,39701,1012,4,5,7,1942,0,0,0,J,0,21TL61,CAPPS AV,SHERMAN WAY,100,N,N,A,-,N,NA,NA,NA,NA,NA,NA,NA,NA,NA,Y,4,0,1,2,B,-,22,NA,NA,N,A,E,A,A,G,-,A,D,0,NA,NA,NA,NA,Y,NA,-,-,0,0,1,0,0,0,0,0,0,-,-,NA,NA,LOS ANGELES,LOS ANGELES,-118.5396844,34.20145428
6598912,2014,2014-09-06,1942,2014-07-31,1920,39440,1035,4,5,7,1942,0,0,0,J,0,10X94,VICTORY BL,WHITE OAK AV,12,E,N,A,-,N,NA,NA,NA,NA,NA,NA,NA,NA,NA,Y,2,0,1,2,A,-,09,21801,A,N,D,C,A,A,H,-,A,A,0,NA,NA,Y,NA,Y,NA,C,03,1,0,0,0,0,0,0,0,1,-,-,NA,NA,LOS ANGELES,LOS ANGELES,-118.51845039,34.18661944
6598913,2014,2014-09-02,1942,2014-07-03,1900,40038,0361,4,5,7,1942,0,0,0,C,0,3L90,LA BREA AV,COLISEUM ST,200,S,N,A,-,N,NA,NA,NA,NA,NA,NA,NA,NA,NA,N,4,0,1,2,A,-,03,22350,NA,N,C,C,A,A,H,-,A,D,0,NA,NA,NA,NA,Y,Y,A,01,0,0,1,0,0,0,0,0,0,-,-,NA,NA,LOS ANGELES,LOS ANGELES,-118.35567,34.017769
6598914,2014,2014-09-02,1942,2014-07-05,2100,40337,1025,6,5,7,1942,0,0,0,J,0,10T35,SHERMAN WAY,LINDLEY AV,0,NA,Y,A,-,N,NA,NA,NA,NA,NA,NA,NA,NA,NA,N,4,0,1,2,A,-,09,21801,A,N,D,C,A,A,H,-,C,A,0,NA,NA,NA,NA,Y,NA,A,01,0,0,1,0,0,0,0,0,0,-,-,NA,NA,LOS ANGELES,LOS ANGELES,-118.52730003,34.20108009
6598917,2014,2014-09-02,1942,2014-07-31,1150,40697,0319,4,5,7,1942,0,0,0,C,0,3T5,ADAMS BL,FIGUEROA ST,4,E,N,A,-,N,NA,NA,NA,NA,NA,NA,NA,NA,NA,N,3,0,1,2,A,-,05,21650,NA,N,D,G,A,A,H,-,A,A,0,NA,Y,NA,NA,Y,Y,L,04,0,1,0,0,0,0,1,0,0,-,-,NA,NA,LOS ANGELES,LOS ANGELES,-118.27600861,34.02815449
6598918,2014,2014-09-02,1942,2014-07-07,1655,40731,1021,1,5,7,1942,0,0,0,J,0,17TL12,TAMPA AV,VAN OWEN ST,0,NA,Y,A,-,N,NA,NA,NA,NA,NA,NA,NA,NA,NA,Y,3,0,4,2,A,-,09,21801,A,N,A,C,A,A,H,-,A,A,0,NA,NA,NA,NA,Y,NA,A,01,0,1,3,0,0,0,0,0,0,-,-,NA,NA,LOS ANGELES,LOS ANGELES,-118.55345008,34.19383003
6598921,2014,2014-09-02,1942,2014-07-28,1840,36738,0397,1,5,7,1942,0,0,0,C,0,18T35,MARTIN LUTHER KING BL,BUDLONG AV,0,NA,Y,A,-,N,NA,NA,NA,NA,NA,NA,NA,NA,NA,Y,3,0,2,2,A,-,09,21801,A,N,D,C,A,A,H,-,A,D,0,NA,NA,NA,NA,Y,NA,A,01,0,1,1,0,0,0,0,0,0,-,-,NA,NA,LOS ANGELES,LOS ANGELES,-118.29590013,34.01087005
6598922,2014,2014-09-08,1942,2014-07-05,2000,36336,1011,6,5,7,1942,0,0,0,J,0,9T55,SATICOY ST,CORBIN AV,0,NA,Y,A,-,N,NA,NA,NA,NA,NA,NA,NA,NA,NA,N,4,0,1,2,A,-,12,21453,A,N,D,C,A,A,H,-,B,A,0,NA,NA,NA,NA,Y,NA,-,-,0,0,1,0,0,0,0,0,0,-,-,NA,NA,LOS ANGELES,LOS ANGELES,-118.56227002,34.20834008
6598925,2014,2014-09-02,1942,2014-07-05,1215,39102,0396,6,5,7,1942,0,0,0,C,0,3A31,VERMONT AV,43RD PL,100,S,N,A,-,N,NA,NA,NA,NA,NA,NA,NA,NA,NA,N,3,0,2,2,A,-,07,21658,A,N,B,G,A,A,H,-,A,D,0,NA,Y,Y,NA,Y,NA,L,04,0,1,1,0,0,0,1,0,1,-,-,NA,NA,LOS ANGELES,LOS ANGELES,-118.29156,34.00427589
6598926,2014,2014-09-02,1942,2014-07-15,2200,33829,1088,2,5,7,1942,0,0,0,J,0,15TL46,VENTURA BL,HAYVENHURST AV,0,NA,Y,A,-,N,NA,NA,NA,NA,NA,NA,NA,NA,NA,Y,3,0,1,2,A,-,09,21801,A,N,D,C,A,A,H,-,C,A,0,NA,NA,NA,NA,Y,NA,A,01,0,1,0,0,0,0,0,0,0,-,-,NA,NA,LOS ANGELES,LOS ANGELES,-118.49232001,34.15755008
6598929,2014,2014-09-02,1942,2014-07-10,1305,35355,0331,4,5,7,1942,0,0,0,C,0,3X72,LA BREA AV,ROSELAND ST,0,NA,Y,A,-,N,NA,NA,NA,NA,NA,NA,NA,NA,NA,Y,4,0,1,2,A,-,09,21801,A,N,D,C,A,A,H,-,A,D,0,NA,NA,NA,NA,Y,NA,A,01,0,0,1,0,0,0,0,0,0,-,-,NA,NA,LOS ANGELES,LOS ANGELES,-118.35373012,34.02720003
6598930,2014,2014-09-02,1942,2014-07-07,1615,38857,1009,1,5,7,1942,0,0,0,J,0,9TL54,ROSCOE BL,HASKELL AV,0,NA,Y,A,-,N,NA,NA,NA,NA,NA,NA,NA,NA,NA,Y,3,0,1,2,A,-,09,21801,A,N,A,C,A,A,H,-,A,A,0,NA,NA,NA,NA,Y,NA,A,01,0,1,0,0,0,0,0,0,0,-,-,NA,NA,LOS ANGELES,LOS ANGELES,-118.4764601,34.22135001
6598932,2014,2014-09-02,1942,2014-07-31,1030,39075,1581,4,5,7,1942,0,0,0,O,0,15A85,MOORPARK ST,MARY ELLEN AV,15,E,N,A,-,N,NA,NA,NA,NA,NA,NA,NA,NA,NA,Y,4,0,2,2,A,-,21,22106,NA,N,B,C,A,A,H,-,A,A,0,NA,NA,NA,NA,Y,NA,A,01,0,0,2,0,0,0,0,0,0,-,-,NA,NA,LOS ANGELES,LOS ANGELES,-118.41919052,34.15035074
6598933,2014,2014-09-02,1942,2014-07-27,1450,40476,0395,7,5,7,1942,0,0,0,C,0,3TL57,VERNON,WESTERN,100,W,N,A,-,N,NA,NA,NA,NA,NA,NA,NA,NA,NA,Y,4,0,2,2,A,-,21,22106,NA,N,D,C,A,A,H,-,A,A,0,NA,NA,NA,NA,Y,NA,A,01,0,0,2,0,0,0,0,0,0,-,-,NA,NA,LOS ANGELES,LOS ANGELES,-118.30925931,34.00372
6598934,2014,2014-09-02,1942,2014-07-10,1525,39085,1023,4,5,7,1942,0,0,0,J,0,10TL32,SHERMAN WAY,WILBUR AV,0,NA,Y,A,-,N,NA,NA,NA,NA,NA,NA,NA,NA,NA,Y,2,0,2,2,A,-,09,21801,A,N,D,C,A,A,H,-,A,A,0,NA,NA,NA,NA,Y,NA,A,01,2,0,0,0,0,0,0,0,0,-,-,NA,NA,LOS ANGELES,LOS ANGELES,-118.54476012,34.20117002
6598936,2014,2014-09-02,1942,2014-07-26,2230,39723,1591,6,5,7,1942,0,0,0,O,0,15A86,VENTURA BL,VANTAGE AV,375,W,N,A,-,N,NA,NA,NA,NA,NA,NA,NA,NA,NA,N,4,0,1,2,A,-,11,21954,A,F,-,B,D,A,-,-,C,D,0,Y,NA,NA,NA,Y,NA,N,60,0,0,1,0,1,0,0,0,0,-,-,NA,NA,LOS ANGELES,LOS ANGELES,-118.39879044,34.14325391
6598937,2014,2016-01-12,1938,2014-07-08,2140,619,228,2,5,4,1938,0,0,0,NA,0,001,BASELINE RD,WHEELER AV,0,NA,Y,A,-,N,NA,NA,NA,NA,NA,NA,NA,NA,NA,Y,4,0,1,2,A,-,09,21802,A,N,A,C,A,A,H,-,C,A,0,NA,NA,NA,NA,Y,NA,-,NA,0,0,1,0,0,0,0,0,0,-,-,NA,NA,LOS ANGELES,LA VERNE,-117.77685007,34.1216801