CASE_ID,ACCIDENT_YEAR,PROC_DATE,JURIS,COLLISION_DATE,COLLISION_TIME,OFFICER_ID,REPORTING_DISTRICT,DAY_OF_WEEK,CHP_SHIFT,POPULATION,CNTY_CITY_LOC,SPECIAL_COND,BEAT_TYPE,CHP_BEAT_TYPE,CITY_DIVISION_LAPD,CHP_BEAT_CLASS,BEAT_NUMBER,PRIMARY_RD,SECONDARY_RD,DISTANCE,DIRECTION,INTERSECTION,WEATHER_1,WEATHER_2,STATE_HWY_IND,CALTRANS_COUNTY,CALTRANS_DISTRICT,STATE_ROUTE,ROUTE_SUFFIX,POSTMILE_PREFIX,POSTMILE,LOCATION_TYPE,RAMP_INTERSECTION,SIDE_OF_HWY,TOW_AWAY,COLLISION_SEVERITY,NUMBER_KILLED,NUMBER_INJURED,PARTY_COUNT,PRIMARY_COLL_FACTOR,PCF_CODE_OF_VIOL,PCF_VIOL_CATEGORY,PCF_VIOLATION,PCF_VIOL_SUBSECTION,HIT_AND_RUN,TYPE_OF_COLLISION,MVIW,PED_ACTION,ROAD_SURFACE,ROAD_COND_1,ROAD_COND_2,LIGHTING,CONTROL_DEVICE,CHP_ROAD_TYPE,PEDESTRIAN_ACCIDENT,BICYCLE_ACCIDENT,MOTORCYCLE_ACCIDENT,TRUCK_ACCIDENT,NOT_PRIVATE_PROPERTY,ALCOHOL_INVOLVED,STWD_VEHTYPE_AT_FAULT,CHP_VEHTYPE_AT_FAULT,COUNT_SEVERE_INJ,COUNT_VISIBLE_INJ,COUNT_COMPLAINT_PAIN,COUNT_PED_KILLED,COUNT_PED_INJURED,COUNT_BICYCLIST_KILLED,COUNT_BICYCLIST_INJURED,COUNT_MC_KILLED,COUNT_MC_INJURED,PRIMARY_RAMP,SECONDARY_RAMP,LATITUDE,LONGITUDE,COUNTY,CITY,POINT_X,POINT_Y
6611640,2014,2016-06-11,9565,2014-08-18,0930,19556,NA,1,1,9,1900,0,1,1,NA,2,012,RT 105,NORMANDIE AV,100,E,N,A,-,Y,LA,7,105,-,R,6.27,H,-,W,Y,4,0,1,3,A,-,03,22350,NA,N,C,C,A,A,H,-,A,D,1,NA,NA,NA,NA,Y,NA,A,01,0,0,1,0,0,0,0,0,0,-,-,33.92784,-118.29973,LOS ANGELES,UNINCORPORATED,-118.30005388,33.92773093
6611644,2014,2016-06-16,9565,2014-08-06,2215,19443,NA,3,3,5,1965,0,1,3,NA,2,080,RT 1,4TH ST,300,E,N,B,-,Y,LA,7,1,-,R,34.686,R,2,N,Y,3,0,1,2,A,-,07,21658,A,N,C,C,A,A,H,-,C,D,1,NA,NA,NA,NA,Y,NA,A,08,0,1,0,0,0,0,0,0,0,-,-,34.01361,-118.48836,LOS ANGELES,SANTA MONICA,-118.48756214,34.013866
6611692,2014,2014-10-03,1900,2014-09-04,1533,213720,2927,4,5,5,1990,0,0,0,NA,0,292M2,DIAMOND BAR BL,PATHFINDER RD,0,NA,Y,A,-,N,NA,NA,NA,NA,NA,NA,NA,NA,NA,Y,3,0,1,1,A,-,03,22350,NA,N,E,I,A,A,H,-,A,A,0,NA,NA,NA,NA,Y,NA,A,01,0,1,0,0,0,0,0,0,0,-,-,NA,NA,LOS ANGELES,DIAMOND BAR,-117.83084007,33.98145008
6611696,2014,2016-06-04,9540,2014-09-01,0830,017076,NA,1,1,9,1900,0,1,1,NA,2,511,RT 5,WHITAKER BRAKE CHECK,1056,N,N,A,-,Y,LA,7,5,-,R,68.14,H,-,S,Y,4,0,1,2,A,-,03,22350,NA,N,C,C,A,A,H,-,A,D,1,NA,NA,NA,NA,Y,NA,A,07,0,0,1,0,0,0,0,0,0,-,-,34.59644,-118.71224,LOS ANGELES,UNINCORPORATED,-118.71203801,34.59202271
6611700,2014,2014-09-23,1972,2014-08-06,2258,19522,NA,3,5,6,1972,0,0,0,NA,0,NA,PRAIRIE AV,190TH ST,35,S,N,A,-,N,NA,NA,NA,NA,NA,NA,NA,NA,NA,Y,4,0,1,2,A,-,01,23152,A,M,C,C,A,A,H,-,C,A,0,NA,NA,NA,NA,Y,Y,A,NA,0,0,1,0,0,0,0,0,0,-,-,NA,NA,LOS ANGELES,TORRANCE,-118.34387,33.858194
6611704,2014,2014-09-24,1972,2014-08-20,2116,15555,NA,3,5,6,1972,0,0,0,NA,0,NA,CARSON ST,CRENSHAW BL,35,E,N,A,-,N,NA,NA,NA,NA,NA,NA,NA,NA,NA,Y,4,0,1,3,A,-,03,22350,NA,N,C,C,A,A,H,-,C,A,0,NA,NA,NA,NA,Y,NA,A,NA,0,0,1,0,0,0,0,0,0,-,-,NA,NA,LOS ANGELES,TORRANCE,-118.328495,33.83131217
6611708,2014,2014-09-23,1972,2014-08-19,0553,18059,NA,2,5,6,1972,0,0,0,NA,0,NA,190TH,HAWTHORNE,1100,E,N,B,-,N,NA,NA,NA,NA,NA,NA,NA,NA,NA,N,4,0,1,2,A,-,11,21954,A,N,G,B,D,A,H,-,A,D,0,Y,NA,NA,NA,Y,NA,N,NA,0,0,1,0,1,0,0,0,0,-,-,NA,NA,LOS ANGELES,TORRANCE,-118.35367,33.85825
6611712,2014,2014-09-23,1972,2014-08-22,1226,18450,NA,5,5,6,1972,0,0,0,NA,0,NA,OCEAN AV,SEPULVEDA,80,S,N,A,-,N,NA,NA,NA,NA,NA,NA,NA,NA,NA,Y,4,0,1,2,A,-,09,21804,A,N,D,C,A,A,H,-,A,D,0,NA,NA,NA,NA,Y,NA,A,NA,0,0,1,0,0,0,0,0,0,-,-,NA,NA,LOS ANGELES,TORRANCE,-118.35465,33.82582
6611716,2014,2016-06-16,1972,2014-08-23,1420,17624,NA,6,5,6,1972,0,0,0,NA,0,NA,PACIFIC COAST HWY,CRENSHAW,300,E,N,A,-,Y,LA,7,1,-,-,14.57,H,-,N,Y,3,0,1,2,A,-,07,21658,A,N,B,C,A,A,H,-,A,D,0,NA,NA,Y,NA,Y,NA,A,NA,0,1,0,0,0,0,0,0,1,-,-,NA,NA,LOS ANGELES,TORRANCE,-118.33229185,33.79150753
6611720,2014,2014-09-23,1972,2014-08-22,1820,18874,NA,5,5,6,1972,0,0,0,NA,0,NA,LOMITA BL,CRENSHAW BL,339,E,N,B,-,N,NA,NA,NA,NA,NA,NA,NA,NA,NA,Y,3,0,2,2,A,-,03,22350,NA,N,D,C,A,A,H,-,A,D,0,NA,NA,NA,NA,Y,NA,A,NA,0,2,0,0,0,0,0,0,0,-,-,NA,NA,LOS ANGELES,TORRANCE,-118.32700503,33.80546139
6611724,2014,2016-06-09,1972,2014-08-10,0951,17624,NA,7,5,6,1972,0,0,0,NA,0,NA,HAWTHORNE,DEL AMO CIR BL,0,NA,Y,A,-,Y,LA,7,107,-,-,3.01,I,5,N,Y,4,0,2,2,A,-,03,22350,NA,N,C,C,A,A,H,-,A,A,0,NA,NA,NA,Y,Y,NA,F,NA,0,0,2,0,0,0,0,0,0,-,-,NA,NA,LOS ANGELES,TORRANCE,-118.35362432,33.84856935
6611728,2014,2014-09-23,1972,2014-08-10,2033,17438,NA,7,5,6,1972,0,0,0,NA,0,NA,CABRILLO,218TH ST,100,S,N,A,-,N,NA,NA,NA,NA,NA,NA,NA,NA,NA,Y,3,0,1,2,A,-,01,23152,A,N,C,E,A,A,H,-,C,D,0,NA,NA,NA,NA,Y,Y,A,NA,0,1,0,0,0,0,0,0,0,-,-,NA,NA,LOS ANGELES,TORRANCE,-118.31441649,33.82934575
6611732,2014,2014-09-23,1972,2014-08-16,0807,17771,NA,6,5,6,1972,0,0,0,NA,0,NA,TORRANCE,AMAPOLA,0,NA,Y,A,-,N,NA,NA,NA,NA,NA,NA,NA,NA,NA,Y,4,0,1,2,-,-,-,NA,NA,N,D,C,A,A,H,-,A,D,0,NA,NA,NA,NA,Y,NA,-,-,0,0,1,0,0,0,0,0,0,-,-,NA,NA,LOS ANGELES,TORRANCE,-118.32379007,33.83640001
6611736,2014,2014-09-23,1972,2014-08-16,1312,17649,NA,6,5,6,1972,0,0,0,NA,0,NA,TORRANCE BL,AMIE,274,E,N,A,-,N,NA,NA,NA,NA,NA,NA,NA,NA,NA,Y,4,0,1,1,A,-,08,22107,NA,N,E,I,A,A,H,-,A,A,0,NA,NA,NA,NA,Y,NA,D,NA,0,0,1,0,0,0,0,0,0,-,-,NA,NA,LOS ANGELES,TORRANCE,-118.34845942,33.83759
6611740,2014,2016-06-11,9565,2014-08-18,0925,19556,NA,1,1,9,1900,0,1,1,NA,2,012,RT 105,NORMANDIE AV,75,E,N,A,-,Y,LA,7,105,-,R,6.27,H,-,W,Y,4,0,1,2,A,-,03,22350,NA,N,C,C,A,A,H,-,A,D,1,NA,NA,NA,NA,Y,NA,A,01,0,0,1,0,0,0,0,0,0,-,-,33.92887,-118.2963,LOS ANGELES,UNINCORPORATED,-118.30005388,33.92773093
6611744,2014,2016-06-11,9565,2014-08-19,2217,20442,NA,2,3,7,1942,0,1,1,NA,2,063,RT 405,SANTA MONICA BL,50,N,N,A,-,Y,LA,7,405,-,-,30.93,H,-,N,N,4,0,4,5,A,-,03,22350,NA,M,C,C,A,A,H,-,C,D,1,NA,NA,NA,NA,Y,NA,A,01,0,0,4,0,0,0,0,0,0,-,-,34.0472,-118.4468,LOS ANGELES,LOS ANGELES,-118.44722009,34.0477649
6611748,2014,2016-06-11,9565,2014-08-19,1645,19320,NA,2,2,7,1942,0,1,1,NA,2,063,RT 405,SANTA MONICA BL,100,N,N,A,-,Y,LA,7,405,-,-,30.9,H,-,N,Y,3,0,1,3,A,-,03,22350,NA,N,B,C,A,A,H,-,A,D,1,NA,NA,Y,NA,Y,NA,C,02,0,1,0,0,0,0,0,0,1,-,-,34.04749,-118.44704,LOS ANGELES,LOS ANGELES,-118.44692284,34.04742024
6611752,2014,2016-06-08,9565,2014-08-20,1958,20735,NA,3,2,7,1942,0,1,1,NA,2,060,RT 405,CENTURY BL,50,N,N,A,-,Y,LA,7,405,-,-,22.202,R,2,N,Y,4,0,1,2,A,-,02,22400,A,N,C,D,A,A,H,-,C,D,1,NA,NA,NA,NA,Y,NA,A,01,0,0,1,0,0,0,0,0,0,-,-,33.94553,-118.36797,LOS ANGELES,LOS ANGELES,-118.3682101,33.94483358
6611764,2014,2014-09-24,1947,2014-08-11,1516,1336,NA,1,5,5,1947,0,0,0,NA,0,00E,TELEGRAPH RD,GREENWOOD AV,579,W,N,A,-,N,NA,NA,NA,NA,NA,NA,NA,NA,NA,Y,4,0,1,2,A,-,03,22350,NA,N,B,E,A,A,H,-,A,D,0,NA,NA,NA,NA,Y,NA,-,NA,0,0,1,0,0,0,0,0,0,-,-,NA,NA,LOS ANGELES,MONTEBELLO,-118.12956975,33.98096976
6611768,2014,2016-01-12,1947,2014-08-15,1521,1340,NA,5,5,5,1947,0,0,0,NA,0,00B,WHITTIER BL,10TH ST,0,NA,Y,A,-,N,NA,NA,NA,NA,NA,NA,NA,NA,NA,Y,4,0,2,2,A,-,09,21801,A,N,A,C,A,A,H,-,A,A,0,NA,NA,NA,NA,Y,NA,-,NA,0,0,2,0,0,0,0,0,0,-,-,NA,NA,LOS ANGELES,MONTEBELLO,-118.11081012,34.01063006
6611772,2014,2014-09-24,1947,2014-08-16,1304,1391,NA,6,5,5,1947,0,0,0,NA,0,00A,GARFIELD AV,MADISON AV,150,S,N,A,-,N,NA,NA,NA,NA,NA,NA,NA,NA,NA,Y,4,0,1,2,A,-,09,21801,A,N,A,C,A,A,H,-,A,A,0,NA,NA,NA,NA,Y,NA,-,NA,0,0,1,0,0,0,0,0,0,-,-,NA,NA,LOS ANGELES,MONTEBELLO,-118.12979606,34.01754606
6611776,2014,2016-01-12,1947,2014-08-06,1314,1297,NA,3,5,5,1947,0,0,0,NA,0,03E,18TH ST,WHITTIER BL,5,N,N,A,-,N,NA,NA,NA,NA,NA,NA,NA,NA,NA,N,4,0,1,2,A,-,17,21663,NA,N,D,G,A,A,H,-,A,D,0,NA,Y,Y,NA,Y,NA,L,04,0,0,1,0,0,0,1,0,0,-,-,NA,NA,LOS ANGELES,MONTEBELLO,-118.12034,34.01257
6611780,2014,2014-09-29,1947,2014-08-22,1750,1399,NA,5,5,5,1947,0,0,0,NA,0,040,TELEGRAPH RD,GREENWOOD AV,460,E,N,A,-,N,NA,NA,NA,NA,NA,NA,NA,NA,NA,Y,4,0,1,2,A,-,08,22102,NA,F,D,C,A,A,H,-,A,D,0,NA,NA,NA,NA,Y,NA,-,NA,0,0,1,0,0,0,0,0,0,-,-,NA,NA,LOS ANGELES,MONTEBELLO,-118.12739377,33.97877204
6611784,2014,2016-01-12,1947,2014-08-16,2050,1403,NA,6,5,5,1947,0,0,0,NA,0,00B,W WHITTIER BL,GREENWOOD AV,0,NA,Y,A,-,N,NA,NA,NA,NA,NA,NA,NA,NA,NA,N,4,0,1,2,A,-,10,21950,A,N,G,B,B,A,H,-,C,D,0,Y,NA,NA,NA,Y,Y,A,01,0,0,1,0,1,0,0,0,0,-,-,NA,NA,LOS ANGELES,MONTEBELLO,-118.11188006,34.01084012
6611788,2014,2014-09-24,1947,2014-08-01,1109,1340,NA,5,5,5,1947,0,0,0,NA,0,00D,MONTEBELLO WY,TRUCK WY,380,S,N,A,-,N,NA,NA,NA,NA,NA,NA,NA,NA,NA,N,4,0,2,2,A,-,09,21804,A,N,D,C,A,A,H,-,A,A,0,NA,NA,NA,NA,Y,NA,-,NA,0,0,2,0,0,0,0,0,0,-,-,NA,NA,LOS ANGELES,MONTEBELLO,-118.11110129,34.00460471
6611792,2014,2014-09-24,1947,2014-08-07,1735,1391,NA,4,5,5,1947,0,0,0,NA,0,00D,GREENWOOD AV,CARMELITA AV,100,N,N,A,-,N,NA,NA,NA,NA,NA,NA,NA,NA,NA,Y,4,0,3,3,A,-,13,22500,A,N,C,C,A,A,H,-,A,A,0,NA,NA,NA,NA,Y,NA,-,NA,0,0,3,0,0,0,0,0,0,-,-,NA,NA,LOS ANGELES,MONTEBELLO,-118.11529334,34.0019855
6611796,2014,2014-09-24,1947,2014-08-10,0643,1398,1947,7,5,5,1947,0,0,0,NA,0,00A,BEVERLY BL,BRADSHAWE,198,E,N,A,-,N,NA,NA,NA,NA,NA,NA,NA,NA,NA,Y,2,0,1,1,A,-,08,22107,NA,N,A,I,A,A,H,-,A,D,0,NA,NA,NA,NA,Y,NA,A,01,1,0,0,0,0,0,0,0,0,-,-,NA,NA,LOS ANGELES,MONTEBELLO,-118.14088417,34.02453606
6611803,2014,2014-09-24,1947,2014-08-28,1804,1519,NA,4,5,5,1947,0,0,0,NA,0,00E,WASHINGTON BL,MAPLE AV,0,NA,Y,A,-,N,NA,NA,NA,NA,NA,NA,NA,NA,NA,N,4,0,1,2,A,-,17,22517,NA,N,B,C,A,A,H,-,A,A,0,NA,NA,NA,NA,Y,NA,-,NA,0,0,1,0,0,0,0,0,0,-,-,NA,NA,LOS ANGELES,MONTEBELLO,-118.12372008,33.99693009
6611804,2014,2014-09-24,1947,2014-08-05,1429,1400,NA,2,5,5,1947,0,0,0,NA,0,00B,VIA CAMPO,WILCOX AV,790,E,N,A,-,N,NA,NA,NA,NA,NA,NA,NA,NA,NA,Y,3,0,2,2,A,-,03,22350,NA,N,C,C,A,A,H,-,A,D,0,NA,NA,NA,NA,Y,NA,-,NA,0,1,1,0,0,0,0,0,0,-,-,NA,NA,LOS ANGELES,MONTEBELLO,-118.1224689,34.03284014
6611807,2014,2014-09-24,1947,2014-08-28,1524,1252,NA,4,5,5,1947,0,0,0,NA,0,00A,WILCOX AV,VICTORIA AV,5,S,N,A,-,N,NA,NA,NA,NA,NA,NA,NA,NA,NA,Y,4,0,1,2,A,-,09,21804,A,N,D,C,A,A,H,-,A,D,0,NA,NA,NA,NA,Y,NA,-,NA,0,0,1,0,0,0,0,0,0,-,-,NA,NA,LOS ANGELES,MONTEBELLO,-118.12236394,34.02250669
6611811,2014,2014-09-24,1947,2014-08-30,1349,1363,NA,6,5,5,1947,0,0,0,NA,0,00F,MONTEBELLO BL,AVENIDA DE LA MERCED,0,NA,Y,A,-,N,NA,NA,NA,NA,NA,NA,NA,NA,NA,Y,4,0,1,2,A,-,09,21801,A,N,D,C,A,A,H,-,A,A,0,NA,NA,NA,NA,Y,NA,-,NA,0,0,1,0,0,0,0,0,0,-,-,NA,NA,LOS ANGELES,MONTEBELLO,-118.1044,34.02246006
6611815,2014,2014-09-24,1947,2014-08-15,1528,1382,NA,5,5,5,1947,0,0,0,NA,0,00B,MAPLE AV,LINCOLN AV,0,NA,Y,A,-,N,NA,NA,NA,NA,NA,NA,NA,NA,NA,N,3,0,1,2,A,-,-,NA,NA,F,C,C,A,A,H,-,A,A,0,NA,NA,NA,NA,Y,NA,-,NA,0,1,0,0,0,0,0,0,0,-,-,NA,NA,LOS ANGELES,MONTEBELLO,-118.11337013,34.02254001
6611819,2014,2014-09-24,1947,2014-08-24,0039,1399,NA,7,5,5,1947,0,0,0,NA,0,040,WASHINGTON BL,4TH ST,111,E,N,A,-,N,NA,NA,NA,NA,NA,NA,NA,NA,NA,Y,3,0,1,2,A,-,01,23152,F,F,B,C,A,A,H,-,C,A,0,NA,NA,NA,NA,Y,Y,A,01,0,1,0,0,0,0,0,0,0,-,-,NA,NA,LOS ANGELES,MONTEBELLO,-118.11241609,33.99228941
6611823,2014,2014-09-24,1947,2014-08-23,2045,1385,4B,6,5,5,1947,0,0,0,NA,0,00B,W LINCOLN AV,W LINCOLN AV 2645,0,NA,N,A,-,N,NA,NA,NA,NA,NA,NA,NA,NA,NA,Y,3,0,1,2,A,-,01,23152,A,M,A,E,A,A,H,-,C,D,0,NA,NA,NA,NA,Y,Y,-,NA,0,1,0,0,0,0,0,0,0,-,-,NA,NA,LOS ANGELES,MONTEBELLO,-118.125713,34.028723
6611827,2014,2014-09-24,1947,2014-08-08,1753,1391,NA,5,5,5,1947,0,0,0,NA,0,00B,LINCOLN AV,VAIL AV,50,E,N,A,-,N,NA,NA,NA,NA,NA,NA,NA,NA,NA,Y,4,0,1,1,A,-,01,23152,A,M,E,I,A,A,H,-,A,A,0,NA,NA,NA,NA,Y,Y,-,NA,0,0,1,0,0,0,0,0,0,-,-,NA,NA,LOS ANGELES,MONTEBELLO,-118.1153204,34.02294628
6611852,2014,2016-06-11,1900,2014-08-11,0810,274626,1015,1,5,3,1995,0,0,0,NA,0,101T1,RT 1,MALIBU CANYON RD,0,NA,Y,A,-,Y,LA,7,1,-,-,48.171,I,5,N,Y,2,0,3,2,A,-,12,21453,A,N,A,C,A,A,H,-,A,A,0,NA,NA,NA,NA,Y,NA,A,07,2,0,1,0,0,0,0,0,0,-,-,NA,NA,LOS ANGELES,MALIBU,-118.70390621,34.03474995
6611879,2014,2016-06-11,1900,2014-08-02,1633,530182,1011,6,5,3,1995,0,0,0,NA,0,101T4,RT 1,W BROAD BEACH RD,528,E,N,A,-,Y,LA,7,1,-,-,58.36,H,-,N,Y,3,0,2,2,D,-,00,NA,NA,N,C,E,A,A,H,-,A,D,0,NA,NA,NA,NA,Y,NA,-,-,0,1,1,0,0,0,0,0,0,-,-,NA,NA,LOS ANGELES,MALIBU,-118.86704441,34.0384507
6611883,2014,2016-06-11,1900,2014-08-10,1550,524060,1011,7,5,3,1995,0,0,0,NA,0,101T4,RT 1,LA HERRAN RD,25,W,N,A,-,Y,LA,7,1,-,-,57.65,H,-,S,Y,4,0,1,3,A,-,05,21460,A,N,C,C,A,A,H,-,A,A,0,NA,NA,NA,NA,Y,NA,A,01,0,0,1,0,0,0,0,0,0,-,-,NA,NA,LOS ANGELES,MALIBU,-118.85554578,34.03596805
6611884,2014,2014-09-22,1972,2014-08-31,1849,15555,NA,7,5,6,1972,0,0,0,NA,0,NA,TORRANCE BL,FERN AV,35,W,N,A,-,N,NA,NA,NA,NA,NA,NA,NA,NA,NA,Y,4,0,1,2,A,-,08,22101,D,N,B,C,A,A,H,-,A,A,0,NA,NA,NA,NA,Y,NA,A,NA,0,0,1,0,0,0,0,0,0,-,-,NA,NA,LOS ANGELES,TORRANCE,-118.33241503,33.83631
6611887,2014,2014-09-22,1900,2014-08-10,1520,524060,1015,7,5,3,1995,0,0,0,NA,0,101T4,CROSS CREEK RD,CIVIC CENTER WY,150,S,N,A,-,N,NA,NA,NA,NA,NA,NA,NA,NA,NA,N,4,0,1,2,A,-,-,NA,NA,N,B,C,A,A,H,-,A,A,0,NA,NA,Y,NA,Y,NA,C,02,0,0,1,0,0,0,0,0,1,-,-,NA,NA,LOS ANGELES,MALIBU,-118.6854785,34.03637587
6611888,2014,2014-09-22,1972,2014-08-25,1335,18450,NA,1,5,6,1972,0,0,0,NA,0,NA,DEL AMO BL,WAYNE AV,0,NA,Y,A,-,N,NA,NA,NA,NA,NA,NA,NA,NA,NA,Y,3,0,2,2,A,-,09,21453,B,N,D,C,A,A,H,-,A,A,0,NA,NA,NA,NA,Y,NA,A,NA,0,2,0,0,0,0,0,0,0,-,-,NA,NA,LOS ANGELES,TORRANCE,-118.37313013,33.8486201
6611891,2014,2014-09-22,1900,2014-08-05,1420,525962,NA,2,5,3,1989,0,0,0,NA,0,224T2,PARK SORRENTO,PARK ORA,58080,N,N,A,-,N,NA,NA,NA,NA,NA,NA,NA,NA,NA,Y,4,0,1,2,A,-,08,22107,NA,N,G,B,F,A,H,-,A,D,0,Y,NA,NA,NA,Y,NA,A,01,0,0,1,0,0,0,0,0,0,-,-,NA,NA,LOS ANGELES,CALABASAS,-118.63204,34.14876
6611892,2014,2014-09-22,1972,2014-08-24,1455,14197,NA,7,5,6,1972,0,0,0,NA,0,NA,VAN NESS AV,190TH ST,35,S,N,A,-,N,NA,NA,NA,NA,NA,NA,NA,NA,NA,Y,3,0,2,2,A,-,03,22350,NA,N,C,C,A,A,H,-,A,A,0,NA,NA,NA,NA,Y,NA,A,NA,0,1,1,0,0,0,0,0,0,-,-,NA,NA,LOS ANGELES,TORRANCE,-118.31781618,33.85825406
6611895,2014,2016-06-11,1900,2014-08-12,2127,533192,1016,2,5,3,1995,0,0,0,NA,0,101T7,RT 1,RAMBLA PACIFICO,528,W,N,A,-,Y,LA,7,1,-,-,44.18,H,-,N,Y,2,0,1,3,A,-,09,21801,A,N,D,C,A,A,H,-,C,D,0,NA,NA,Y,NA,Y,NA,A,01,1,0,0,0,0,0,0,0,0,-,-,NA,NA,LOS ANGELES,MALIBU,-118.63694578,34.03704235
6611896,2014,2014-09-24,1972,2014-08-24,1900,17267,NA,7,5,6,1972,0,0,0,NA,0,NA,MAPLE,PLAZA DEL AMO,0,NA,Y,A,-,N,NA,NA,NA,NA,NA,NA,NA,NA,NA,Y,3,0,4,2,A,-,08,22107,NA,N,A,C,A,A,H,-,A,A,0,NA,NA,NA,NA,Y,NA,A,NA,0,3,1,0,0,0,0,0,0,-,-,NA,NA,LOS ANGELES,TORRANCE,-118.33997002,33.82723009
6611899,2014,2016-06-11,1900,2014-08-17,1821,533002,1011,7,5,3,1995,0,0,0,NA,0,101,RT 1,ENCINAL CANYON RD,2640,S,N,A,-,Y,LA,7,1,-,-,59.35,H,-,N,Y,4,0,1,2,A,-,08,22107,NA,N,D,C,A,A,-,-,A,D,0,NA,NA,NA,NA,Y,NA,A,01,0,0,1,0,0,0,0,0,0,-,-,NA,NA,LOS ANGELES,MALIBU,-118.88454749,34.04033791
6611903,2014,2014-09-22,1900,2014-08-11,2200,A31686,2262,1,5,2,1993,0,0,0,NA,0,222P,W LINDERO CANYON RD,VIA COLINAS,275,S,N,A,-,N,NA,NA,NA,NA,NA,NA,NA,NA,NA,N,3,0,1,2,A,-,11,21954,A,N,G,-,D,A,H,-,D,A,0,Y,NA,NA,NA,Y,Y,N,60,0,1,0,0,1,0,0,0,0,-,-,34.15225,-118.80206,LOS ANGELES,WESTLAKE VILLAGE,-118.80224993,34.15210363
6611912,2014,2014-09-22,1972,2014-08-10,0052,19522,NA,7,5,6,1972,0,0,0,NA,0,NA,HAWTHORNE BL,ARTESIA BL,25,N,N,A,-,N,NA,NA,NA,NA,NA,NA,NA,NA,NA,N,4,0,1,2,A,-,12,21453,A,N,D,G,A,A,H,-,C,A,0,NA,Y,NA,NA,Y,NA,L,NA,0,0,1,0,0,0,1,0,0,-,-,NA,NA,LOS ANGELES,TORRANCE,-118.3527,33.87296857
6611916,2014,2014-09-22,1972,2014-08-28,0832,18059,NA,4,5,6,1972,0,0,0,NA,0,NA,CRENSHAW,RT 1,400,N,N,A,-,N,NA,NA,NA,NA,NA,NA,NA,NA,NA,Y,4,0,1,2,A,-,09,21801,A,N,D,C,A,A,H,-,A,D,0,NA,NA,NA,NA,Y,NA,A,NA,0,0,1,0,0,0,0,0,0,-,-,NA,NA,LOS ANGELES,TORRANCE,-118.332115,33.792749
6611920,2014,2014-09-22,1972,2014-08-28,1115,14197,NA,4,5,6,1972,0,0,0,NA,0,NA,190TH ST,CRENSHAW BL,125,E,N,A,-,N,NA,NA,NA,NA,NA,NA,NA,NA,NA,Y,4,0,1,2,A,-,05,21651,A,N,D,C,A,A,H,-,A,A,0,NA,NA,NA,NA,Y,NA,A,NA,0,0,1,0,0,0,0,0,0,-,-,NA,NA,LOS ANGELES,TORRANCE,-118.32757911,33.85830493
6611936,2014,2014-09-16,1942,2014-07-11,2337,36530,0706,5,5,7,1942,0,0,0,G,0,7T23,HIGHLAND AV,WARING AV,0,NA,Y,A,-,N,NA,NA,NA,NA,NA,NA,NA,NA,NA,Y,4,0,1,2,A,-,01,23152,A,N,D,C,A,A,H,-,C,A,0,NA,NA,Y,NA,Y,Y,A,01,0,0,1,0,0,0,0,0,1,-,-,NA,NA,LOS ANGELES,LOS ANGELES,-118.33859003,34.08526012
6611940,2014,2014-09-16,1942,2014-07-14,1615,41451,0893,1,5,7,1942,0,0,0,H,0,8A98,CLARKSON RD,GLENDON AV,260,E,N,A,-,N,NA,NA,NA,NA,NA,NA,NA,NA,NA,N,4,0,1,2,A,-,05,21650,NA,N,D,C,A,A,H,-,A,D,0,NA,NA,Y,NA,Y,NA,A,01,0,0,1,0,0,0,0,0,1,-,-,NA,NA,LOS ANGELES,LOS ANGELES,-118.42009823,34.03222303
6611950,2014,2014-09-22,1969,2014-08-07,1905,10076,PATRL,4,5,5,1969,0,0,0,NA,0,CITY,IMPERIAL HWY,BEAK AV,70,W,N,A,-,N,NA,NA,NA,NA,NA,NA,NA,NA,NA,Y,4,0,1,2,A,-,03,22350,NA,N,C,C,A,A,H,-,A,D,0,NA,NA,NA,NA,Y,NA,D,22,0,0,1,0,0,0,0,0,0,-,-,NA,NA,LOS ANGELES,SOUTH GATE,-118.16373707,33.92935193
6611952,2014,2015-11-04,1942,2014-07-10,0030,19368,NA,4,5,7,1942,0,0,0,NA,0,021,RT 10,CESAR CHAVEZ AV,100,E,N,A,-,Y,NA,NA,10,NA,NA,NA,NA,NA,NA,N,4,0,2,2,A,-,-,NA,NA,N,C,C,A,A,D,-,C,A,0,NA,NA,NA,NA,Y,NA,A,01,0,0,2,0,0,0,0,0,0,-,-,34.05335,-118.22277,LOS ANGELES,LOS ANGELES,-118.22280444,34.05339059
6611960,2014,2014-09-16,1953,2014-07-02,1010,4980,1953,3,5,6,1953,0,0,0,NA,0,003,HILL AV,WASHINGTON BL,150,S,N,A,-,N,NA,NA,NA,NA,NA,NA,NA,NA,NA,Y,3,0,1,2,A,-,09,21801,A,N,D,C,A,A,H,-,A,D,0,NA,NA,NA,NA,Y,NA,A,01,0,1,0,0,0,0,0,0,0,-,-,NA,NA,LOS ANGELES,PASADENA,-118.12152971,34.16865869
6611975,2014,2014-09-16,9565,2014-07-30,1330,020785,NA,3,1,9,1900,0,3,5,NA,2,004,HAWTHORN BL,LENNOX BL,0,NA,Y,A,-,N,NA,NA,NA,NA,NA,NA,NA,NA,NA,Y,3,0,1,2,A,-,03,22350,NA,N,C,C,A,A,H,-,A,A,0,NA,NA,NA,NA,Y,NA,A,01,0,1,0,0,0,0,0,0,0,-,-,33.93817,-118.35264,LOS ANGELES,UNINCORPORATED,-118.35272,33.93818