CASE_ID,ACCIDENT_YEAR,PROC_DATE,JURIS,COLLISION_DATE,COLLISION_TIME,OFFICER_ID,REPORTING_DISTRICT,DAY_OF_WEEK,CHP_SHIFT,POPULATION,CNTY_CITY_LOC,SPECIAL_COND,BEAT_TYPE,CHP_BEAT_TYPE,CITY_DIVISION_LAPD,CHP_BEAT_CLASS,BEAT_NUMBER,PRIMARY_RD,SECONDARY_RD,DISTANCE,DIRECTION,INTERSECTION,WEATHER_1,WEATHER_2,STATE_HWY_IND,CALTRANS_COUNTY,CALTRANS_DISTRICT,STATE_ROUTE,ROUTE_SUFFIX,POSTMILE_PREFIX,POSTMILE,LOCATION_TYPE,RAMP_INTERSECTION,SIDE_OF_HWY,TOW_AWAY,COLLISION_SEVERITY,NUMBER_KILLED,NUMBER_INJURED,PARTY_COUNT,PRIMARY_COLL_FACTOR,PCF_CODE_OF_VIOL,PCF_VIOL_CATEGORY,PCF_VIOLATION,PCF_VIOL_SUBSECTION,HIT_AND_RUN,TYPE_OF_COLLISION,MVIW,PED_ACTION,ROAD_SURFACE,ROAD_COND_1,ROAD_COND_2,LIGHTING,CONTROL_DEVICE,CHP_ROAD_TYPE,PEDESTRIAN_ACCIDENT,BICYCLE_ACCIDENT,MOTORCYCLE_ACCIDENT,TRUCK_ACCIDENT,NOT_PRIVATE_PROPERTY,ALCOHOL_INVOLVED,STWD_VEHTYPE_AT_FAULT,CHP_VEHTYPE_AT_FAULT,COUNT_SEVERE_INJ,COUNT_VISIBLE_INJ,COUNT_COMPLAINT_PAIN,COUNT_PED_KILLED,COUNT_PED_INJURED,COUNT_BICYCLIST_KILLED,COUNT_BICYCLIST_INJURED,COUNT_MC_KILLED,COUNT_MC_INJURED,PRIMARY_RAMP,SECONDARY_RAMP,LATITUDE,LONGITUDE,COUNTY,CITY,POINT_X,POINT_Y
6613537,2014,2014-09-12,1942,2014-08-10,1405,32565,0713,7,5,7,1942,0,0,0,G,0,20TL56,CURSON AV,OAKWOOD AV,300,N,N,A,-,N,NA,NA,NA,NA,NA,NA,NA,NA,NA,Y,3,0,3,2,A,-,09,21804,A,N,D,C,A,A,H,-,A,A,0,NA,NA,NA,NA,Y,NA,A,01,0,1,2,0,0,0,0,0,0,-,-,NA,NA,LOS ANGELES,LOS ANGELES,-118.35530587,34.07904281
6613538,2014,2014-09-12,1942,2014-08-07,2220,37511,0782,4,5,7,1942,0,0,0,G,0,7T23,WASHINGTON BL,ELECTRIC AV,0,NA,Y,A,-,N,NA,NA,NA,NA,NA,NA,NA,NA,NA,Y,3,0,1,2,A,-,09,21801,A,N,-,C,A,A,H,-,C,A,0,NA,NA,Y,NA,Y,NA,A,01,0,1,0,0,0,0,0,0,1,-,-,NA,NA,LOS ANGELES,LOS ANGELES,-118.36776,34.03529
6613539,2014,2014-09-12,1942,2014-08-02,1150,40605,0721,6,5,7,1942,0,0,0,G,0,6TL11,BURTON WY,ARNAZ DR,100,E,N,A,-,N,NA,NA,NA,NA,NA,NA,NA,NA,NA,N,4,0,1,2,A,-,11,21954,A,N,G,B,D,A,H,-,A,D,0,Y,NA,NA,NA,Y,NA,N,60,0,0,1,0,1,0,0,0,0,-,-,NA,NA,LOS ANGELES,LOS ANGELES,-118.3823904,34.07235
6613540,2014,2014-09-25,1942,2014-08-02,1700,40773,0734,6,5,7,1942,0,0,0,G,0,20T56,3RD ST,HAUSER BL,163,W,N,A,-,N,NA,NA,NA,NA,NA,NA,NA,NA,NA,Y,4,0,2,3,A,-,04,21703,NA,N,C,C,A,A,H,-,A,D,0,NA,NA,NA,NA,Y,NA,A,01,0,0,2,0,0,0,0,0,0,-,-,NA,NA,LOS ANGELES,LOS ANGELES,-118.35160274,34.07002308
6613541,2014,2014-09-19,1942,2014-08-01,1800,24517,738,5,5,7,1942,0,0,0,NA,0,7T38,JUNE ST,6TH ST,0,NA,Y,A,-,N,NA,NA,NA,NA,NA,NA,NA,NA,NA,Y,4,0,4,2,A,-,09,21804,A,N,D,C,A,A,H,-,A,A,0,NA,NA,NA,NA,Y,NA,A,01,0,0,4,0,0,0,0,0,0,-,-,NA,NA,LOS ANGELES,LOS ANGELES,-118.3343301,34.06496011
6613542,2014,2014-09-12,1942,2014-08-08,1739,33741,729,5,5,7,1942,0,0,0,NA,0,7A27,3RD ST,MUIRFIELD RD,0,NA,Y,A,-,N,NA,NA,NA,NA,NA,NA,NA,NA,NA,Y,3,0,2,2,A,-,09,21802,A,N,D,C,A,A,H,-,A,D,0,NA,NA,NA,NA,Y,NA,A,01,0,1,1,0,0,0,0,0,0,-,-,NA,NA,LOS ANGELES,LOS ANGELES,-118.32879007,34.06895011
6613543,2014,2014-09-17,1942,2014-08-09,2100,39454,0774,6,5,7,1942,0,0,0,G,0,7A85,LA BREA AV,WASHINGTON BL,5,N,N,A,-,N,NA,NA,NA,NA,NA,NA,NA,NA,NA,Y,3,0,4,2,A,-,05,21460,NA,N,A,C,A,A,H,-,C,A,0,NA,NA,NA,NA,Y,NA,A,01,0,1,3,0,0,0,0,0,0,-,-,NA,NA,LOS ANGELES,LOS ANGELES,-118.3475149,34.04041304
6613544,2014,2014-09-12,1942,2014-08-13,0855,40542,735,3,5,7,1942,0,0,0,NA,0,7A1,DETROIT,WILSHIRE,0,NA,Y,A,-,N,NA,NA,NA,NA,NA,NA,NA,NA,NA,N,4,0,1,2,A,-,12,22450,NA,N,H,G,A,A,H,-,A,A,0,NA,Y,NA,NA,Y,NA,A,07,0,0,1,0,0,0,1,0,0,-,-,NA,NA,LOS ANGELES,LOS ANGELES,-118.34516,34.06224004
6613545,2014,2014-09-12,1942,2014-08-13,1700,37987,782,3,5,7,1942,0,0,0,NA,0,7A22,FAIRFAX AV,ELECTRIC DR,0,NA,Y,A,-,N,NA,NA,NA,NA,NA,NA,NA,NA,NA,Y,4,0,1,2,A,-,04,21703,NA,N,C,C,A,A,H,-,A,A,0,NA,NA,NA,NA,Y,NA,A,07,0,0,1,0,0,0,0,0,0,-,-,NA,NA,LOS ANGELES,LOS ANGELES,-118.3692,34.03593
6613546,2014,2014-09-11,1942,2014-08-13,0820,38590,739,3,5,7,1942,0,0,0,NA,0,7E1,WILSHIRE BL,ROSSMORE AV,150,E,N,A,-,N,NA,NA,NA,NA,NA,NA,NA,NA,NA,N,3,0,1,2,A,-,07,21658,A,N,H,G,A,A,H,-,A,A,0,NA,Y,NA,NA,Y,NA,L,04,0,1,0,0,0,0,1,0,0,-,-,NA,NA,LOS ANGELES,LOS ANGELES,-118.32715577,34.06190453
6613547,2014,2014-09-11,1942,2014-08-15,1025,41568,0737,5,5,7,1942,0,0,0,G,0,7A21,3RD ST,S ARDEN BL,0,NA,Y,A,-,N,NA,NA,NA,NA,NA,NA,NA,NA,NA,Y,4,0,2,2,A,-,09,21801,A,N,A,C,A,A,H,-,A,A,0,NA,NA,NA,NA,Y,NA,A,01,0,0,2,0,0,0,0,0,0,-,-,NA,NA,LOS ANGELES,LOS ANGELES,-118.3259801,34.06896008
6613548,2014,2014-09-25,1942,2014-08-13,0810,36406,0724,3,5,7,1942,0,0,0,G,0,7MQ56,FAIRFAX AV,BEVERLY BL,0,NA,Y,A,-,N,NA,NA,NA,NA,NA,NA,NA,NA,NA,Y,3,0,2,2,A,-,12,21453,A,N,A,C,A,A,H,-,A,A,0,NA,NA,NA,NA,Y,NA,A,01,0,1,1,0,0,0,0,0,0,-,-,NA,NA,LOS ANGELES,LOS ANGELES,-118.3614601,34.07610002
6613549,2014,2014-09-11,1942,2014-08-11,1950,24475,0663,1,5,7,1942,0,0,0,F,0,6T7,SANTA MONICA BL,LAS PALMAS AV,40,E,N,A,-,N,NA,NA,NA,NA,NA,NA,NA,NA,NA,N,4,0,1,2,A,-,09,21801,A,F,D,C,A,A,H,-,A,D,0,NA,NA,NA,NA,Y,Y,-,99,0,0,1,0,0,0,0,0,0,-,-,NA,NA,LOS ANGELES,LOS ANGELES,-118.33613814,34.09072
6613550,2014,2014-09-11,1942,2014-08-15,0930,38876,0645,5,5,7,1942,0,0,0,F,0,6A45,HOLLYWOOD BL,SYCAMORE,9,E,N,A,-,N,NA,NA,NA,NA,NA,NA,NA,NA,NA,N,3,0,1,2,A,-,10,21950,C,F,A,B,B,A,H,-,A,A,0,Y,NA,NA,NA,Y,NA,A,01,0,1,0,0,1,0,0,0,0,-,-,NA,NA,LOS ANGELES,LOS ANGELES,-118.34336033,34.10153034
6613551,2014,2014-09-25,1942,2014-08-24,0405,40024,0622,7,5,7,1942,0,0,0,F,0,20T59,LAUREL CANYON BL,LAUREL CANYON PL,17,N,N,B,-,N,NA,NA,NA,NA,NA,NA,NA,NA,NA,N,2,0,1,1,A,-,01,23152,A,N,E,I,A,A,H,-,C,D,0,NA,NA,Y,NA,Y,Y,C,03,1,0,0,0,0,0,0,0,1,-,-,NA,NA,LOS ANGELES,LOS ANGELES,-118.37355988,34.12056089
6613552,2014,2014-09-11,1942,2014-08-12,1415,38266,2029,2,5,7,1942,0,0,0,NA,0,20TL57,COMMONWEALTH AV,GENEVA ST,80,N,N,A,-,N,NA,NA,NA,NA,NA,NA,NA,NA,NA,N,4,0,1,2,A,-,21,22106,NA,N,D,C,A,A,H,-,A,D,0,NA,NA,NA,NA,Y,NA,A,01,0,0,1,0,0,0,0,0,0,-,-,NA,NA,LOS ANGELES,LOS ANGELES,-118.28571176,34.0679294
6613553,2014,2014-09-11,1942,2014-08-12,1945,40899,0705,2,5,7,1942,0,0,0,G,0,7T23,MELROSE AV,FORMOSA AV,0,NA,Y,A,-,N,NA,NA,NA,NA,NA,NA,NA,NA,NA,N,3,0,2,3,A,-,10,21950,A,F,D,B,B,A,H,-,B,A,0,Y,NA,NA,NA,Y,NA,-,99,0,1,1,0,2,0,0,0,0,-,-,NA,NA,LOS ANGELES,LOS ANGELES,-118.3462501,34.08350006
6613695,2014,2014-09-11,1942,2014-07-10,2120,40825,0721,4,5,7,1942,0,0,0,G,0,6T7,ROBERTSON AV,3RD ST,200,N,N,A,-,N,NA,NA,NA,NA,NA,NA,NA,NA,NA,N,3,0,1,2,A,-,-,NA,NA,F,G,B,D,A,H,-,C,D,0,Y,NA,NA,NA,Y,NA,N,60,0,1,0,0,1,0,0,0,0,-,-,NA,NA,LOS ANGELES,LOS ANGELES,-118.38378,34.07415856
6613697,2014,2016-06-16,1942,2014-07-23,0100,36553,0823,3,5,7,1942,0,0,0,H,0,7T23,PACIFIC COAST HWY,CHAUTAUQUA BL,1150,N,N,A,-,Y,LA,7,1,-,-,37.27,H,-,N,Y,4,0,1,2,A,-,08,22103,NA,F,D,C,A,A,H,-,C,D,0,NA,NA,NA,NA,Y,NA,-,99,0,0,1,0,0,0,0,0,0,-,-,NA,NA,LOS ANGELES,LOS ANGELES,-118.52275028,34.03008032
6613698,2014,2014-09-11,1942,2014-07-13,0845,36803,2073,7,5,7,1942,0,0,0,NA,0,20A45,WESTERN AV,CAMBRIDGE ST,0,NA,Y,A,-,N,NA,NA,NA,NA,NA,NA,NA,NA,NA,N,4,0,1,2,A,-,04,21703,NA,F,C,G,A,A,H,-,A,B,0,NA,Y,NA,NA,Y,NA,-,99,0,0,1,0,0,0,1,0,0,-,-,NA,NA,LOS ANGELES,LOS ANGELES,-118.30904006,34.04451007
6613700,2014,2014-09-11,1942,2014-07-15,1230,37551,0745,2,5,7,1942,0,0,0,G,0,7A85,8TH ST,DETROIT ST,0,NA,Y,A,-,N,NA,NA,NA,NA,NA,NA,NA,NA,NA,Y,4,0,1,2,A,-,09,21802,NA,N,D,C,A,A,H,-,A,A,0,NA,NA,NA,NA,Y,NA,A,07,0,0,1,0,0,0,0,0,0,-,-,NA,NA,LOS ANGELES,LOS ANGELES,-118.34583002,34.06054006
6613702,2014,2014-09-11,1942,2014-07-31,2045,24475,0745,4,5,7,1942,0,0,0,G,0,6T7,OLYMPIC BL,LA BREA BL,30,E,N,A,-,N,NA,NA,NA,NA,NA,NA,NA,NA,NA,Y,4,0,2,2,A,-,12,21453,A,N,D,C,A,A,H,-,C,A,0,NA,NA,NA,NA,Y,NA,A,01,0,0,2,0,0,0,0,0,0,-,-,NA,NA,LOS ANGELES,LOS ANGELES,-118.34581114,34.05726
6613703,2014,2014-09-11,1942,2014-07-21,0805,40841,0733,1,5,7,1942,0,0,0,G,0,14TL47,HAUSER BL,WILSHIRE BL,100,N,N,A,-,N,NA,NA,NA,NA,NA,NA,NA,NA,NA,N,3,0,1,2,A,-,07,21658,A,N,H,G,A,A,H,-,A,D,0,NA,Y,NA,NA,Y,NA,A,01,0,1,0,0,0,0,1,0,0,-,-,NA,NA,LOS ANGELES,LOS ANGELES,-118.35144,34.06264427
6613704,2014,2014-09-11,1942,2014-07-09,1335,40299,0701,3,5,7,1942,0,0,0,G,0,7T38,FAIRFAX AV,MELROSE AV,0,NA,Y,A,-,N,NA,NA,NA,NA,NA,NA,NA,NA,NA,N,4,0,1,2,A,-,09,21804,A,N,D,G,A,A,H,-,A,A,0,NA,Y,NA,NA,Y,NA,L,04,0,0,1,0,0,0,1,0,0,-,-,NA,NA,LOS ANGELES,LOS ANGELES,-118.36153012,34.08381003
6613705,2014,2014-09-11,1942,2014-07-02,1215,38479,0734,3,5,7,1942,0,0,0,G,0,7A33W2,FAIRFAX AV,WHITWORTH DR,80,S,N,A,-,N,NA,NA,NA,NA,NA,NA,NA,NA,NA,N,4,0,1,2,A,-,03,22350,NA,N,C,C,A,A,H,-,A,A,0,NA,NA,NA,NA,Y,NA,A,07,0,0,1,0,0,0,0,0,0,-,-,NA,NA,LOS ANGELES,LOS ANGELES,-118.36505614,34.05554569
6613706,2014,2014-09-11,1942,2014-07-11,0825,26740,0738,5,5,7,1942,0,0,0,G,0,8MQ73,HIGHLAND AV,3RD ST,250,N,N,A,-,N,NA,NA,NA,NA,NA,NA,NA,NA,NA,Y,4,0,3,5,A,-,03,22350,NA,F,-,C,A,A,H,-,A,D,0,NA,NA,NA,NA,Y,NA,-,99,0,0,3,0,0,0,0,0,0,-,-,NA,NA,LOS ANGELES,LOS ANGELES,-118.338638,34.069594
6613707,2014,2014-09-26,1942,2014-07-24,0945,38282,0747,4,5,7,1942,0,0,0,G,0,7T23,OLYMPIC BL,LONGWOOD AV,0,NA,Y,A,-,N,NA,NA,NA,NA,NA,NA,NA,NA,NA,N,4,0,1,3,A,-,03,22350,NA,M,C,C,A,A,H,-,A,D,0,NA,NA,NA,NA,Y,NA,-,99,0,0,1,0,0,0,0,0,0,-,-,NA,NA,LOS ANGELES,LOS ANGELES,-118.33844009,34.0570601
6613708,2014,2014-09-11,1942,2014-07-28,1510,40899,0715,1,5,7,1942,0,0,0,G,0,34EL2,BEVERLY BL,DETROIT AV,133,W,N,A,-,N,NA,NA,NA,NA,NA,NA,NA,NA,NA,N,4,0,1,3,A,-,04,21703,NA,F,C,C,A,A,H,-,A,D,0,NA,NA,NA,NA,Y,NA,-,99,0,0,1,0,0,0,0,0,0,-,-,NA,NA,LOS ANGELES,LOS ANGELES,-118.34560837,34.07617
6613709,2014,2014-09-11,1942,2014-07-22,1200,39546,0721,2,5,7,1942,0,0,0,G,0,6T7W2,3RD ST,LA CIENEGA BL,0,NA,Y,A,-,N,NA,NA,NA,NA,NA,NA,NA,NA,NA,N,4,0,1,2,A,-,08,22107,NA,F,G,B,B,A,H,-,A,D,0,Y,NA,NA,NA,Y,NA,-,99,0,0,1,0,1,0,0,0,0,-,-,NA,NA,LOS ANGELES,LOS ANGELES,-118.37647012,34.07336009
6613710,2014,2014-09-11,1942,2014-07-11,1315,24517,0719,5,5,7,1942,0,0,0,G,0,7TL38,ROSSMORE,ROSEWOOD,50,N,N,A,-,N,NA,NA,NA,NA,NA,NA,NA,NA,NA,N,3,0,1,2,A,-,03,22350,NA,F,C,C,A,A,H,-,A,D,0,NA,NA,NA,NA,Y,NA,-,99,0,1,0,0,0,0,0,0,0,-,-,NA,NA,LOS ANGELES,LOS ANGELES,-118.32727,34.07908713
6613711,2014,2014-09-11,1942,2014-07-08,2220,39571,0778,2,5,7,1942,0,0,0,G,0,7A21,CRENSHAW BL,VENICE BL,70,S,N,A,-,N,NA,NA,NA,NA,NA,NA,NA,NA,NA,N,3,0,1,2,A,-,07,21658,A,F,H,G,A,A,H,-,C,D,0,NA,Y,NA,NA,Y,NA,-,99,0,1,0,0,0,0,1,0,0,-,-,NA,NA,LOS ANGELES,LOS ANGELES,-118.32850704,34.04452583
6613712,2014,2014-09-11,1942,2014-07-02,1130,41368,RD785,3,5,7,1942,0,0,0,NA,0,7A73,WASHINGTON BL,HILLCREST DR,0,NA,Y,A,-,N,NA,NA,NA,NA,NA,NA,NA,NA,NA,N,3,0,1,2,A,-,03,22350,NA,F,C,G,A,A,H,-,A,D,0,NA,Y,NA,NA,Y,NA,-,NA,0,1,0,0,0,0,1,0,0,-,-,NA,NA,LOS ANGELES,LOS ANGELES,-118.33877009,34.03984005
6613713,2014,2014-09-11,1942,2014-07-26,1300,R2138,0853,6,5,7,1942,0,0,0,H,0,20T59W,FEDERAL AV,SANTA MONICA BL,35,S,N,A,-,N,NA,NA,NA,NA,NA,NA,NA,NA,NA,N,4,0,1,2,A,-,09,21801,A,F,D,G,A,A,H,-,A,D,0,NA,Y,NA,NA,Y,NA,-,99,0,0,1,0,0,0,1,0,0,-,-,NA,NA,LOS ANGELES,LOS ANGELES,-118.45393173,34.04457262
6613717,2014,2014-09-11,1942,2014-07-20,1520,40908,2069,7,5,7,1942,0,0,0,NA,0,20A1,VERMONT AV,PICO BL,30,N,N,A,-,N,NA,NA,NA,NA,NA,NA,NA,NA,NA,N,4,0,1,3,A,-,04,21703,NA,F,C,C,A,A,H,-,A,A,0,NA,NA,NA,NA,Y,NA,-,99,0,0,1,0,0,0,0,0,0,-,-,NA,NA,LOS ANGELES,LOS ANGELES,-118.2916,34.04734228
6613718,2014,2014-09-11,1942,2014-07-29,1430,41250,2056,2,5,7,1942,0,0,0,NA,0,20A1,VERMONT AV,PICO BL,0,NA,Y,A,-,N,NA,NA,NA,NA,NA,NA,NA,NA,NA,N,3,0,1,2,A,-,08,22107,NA,F,G,B,F,A,H,-,A,D,0,Y,NA,NA,NA,Y,NA,-,99,0,1,0,0,1,0,0,0,0,-,-,NA,NA,LOS ANGELES,LOS ANGELES,-118.29160005,34.04726001
6613719,2014,2014-09-11,1942,2014-07-18,1945,33757,2074,5,5,7,1942,0,0,0,NA,0,20T59,PICO BL,NORMANDIE AV,80,E,N,A,-,N,NA,NA,NA,NA,NA,NA,NA,NA,NA,N,4,0,4,3,A,-,03,22350,NA,F,C,C,A,A,H,-,B,A,0,NA,NA,NA,NA,Y,NA,-,99,0,0,4,0,0,0,0,0,0,-,-,NA,NA,LOS ANGELES,LOS ANGELES,-118.29973642,34.04724
6613720,2014,2014-09-11,1942,2014-07-24,1820,41169,1752,4,5,7,1942,0,0,0,Q,0,17X54W,LASSEN ST,LURLINE AV,600,W,N,-,-,N,NA,NA,NA,NA,NA,NA,NA,NA,NA,Y,4,0,1,2,A,-,09,21801,A,F,B,C,A,-,-,-,-,D,0,NA,NA,NA,NA,Y,NA,-,99,0,0,1,0,0,0,0,0,0,-,-,NA,NA,LOS ANGELES,LOS ANGELES,-118.58615192,34.24997
6613742,2014,2016-04-21,9535,2014-06-27,0515,20161,NA,5,3,5,1948,0,1,1,NA,2,070,RT 710,RT 10,500,E,N,A,-,Y,LA,7,710,-,-,26.461,R,2,N,N,4,0,1,1,A,-,03,22350,NA,N,E,I,A,A,H,-,C,D,1,NA,NA,NA,NA,Y,NA,A,01,0,0,1,0,0,0,0,0,0,TO,-,34.06119,-118.16361,LOS ANGELES,MONTEREY PARK,-118.16510304,34.06067118
6613761,2014,2014-09-12,1942,2014-06-24,1340,37966,2024,2,5,7,1942,0,0,0,NA,0,20TL56,WILSHIRE BL,HARVARD BL,14,E,N,A,-,N,NA,NA,NA,NA,NA,NA,NA,NA,NA,N,3,0,1,2,A,-,11,21456,B,F,G,B,B,A,H,-,A,A,0,Y,NA,NA,NA,Y,NA,N,60,0,1,0,0,1,0,0,0,0,-,-,NA,NA,LOS ANGELES,LOS ANGELES,-118.30417403,34.06173672
6613762,2014,2014-09-11,1942,2014-06-24,2030,39764,0625,2,5,7,1942,0,0,0,F,0,6T7,CAHUENGA BL,HILLPARK DR,200,N,N,A,-,N,NA,NA,NA,NA,NA,NA,NA,NA,NA,N,4,0,1,2,A,-,04,21703,NA,F,H,G,A,A,H,-,C,D,0,NA,Y,NA,NA,Y,NA,-,99,0,0,1,0,0,0,1,0,0,-,-,NA,NA,LOS ANGELES,LOS ANGELES,-118.33805963,34.11768991
6613763,2014,2014-09-12,1942,2014-06-17,0800,38310,2071,2,5,7,1942,0,0,0,NA,0,7TL23,VENICE BL,E GRAMERCY PL,87,NA,N,A,-,N,NA,NA,NA,NA,NA,NA,NA,NA,NA,N,3,0,1,2,B,-,22,NA,NA,F,-,G,A,A,H,-,A,D,0,NA,Y,NA,NA,Y,NA,-,-,0,1,0,0,0,0,1,0,0,-,-,NA,NA,LOS ANGELES,LOS ANGELES,-118.31304005,34.04356011
6613764,2014,2014-09-17,1942,2014-06-17,0130,33757,0739,2,5,7,1942,0,0,0,G,0,20T59,ROSSMORE AV,3RD ST,0,NA,Y,A,-,N,NA,NA,NA,NA,NA,NA,NA,NA,NA,N,4,0,2,2,A,-,08,22100,B,N,C,C,A,A,H,-,C,A,0,NA,NA,Y,NA,Y,NA,-,-,0,0,2,0,0,0,0,0,1,-,-,NA,NA,LOS ANGELES,LOS ANGELES,-118.32733006,34.06894009
6613765,2014,2014-09-12,1922,2014-06-24,0759,599,1922,2,5,6,1922,0,0,0,NA,0,NA,PENN MAR AV,FERRIS RD,100,N,N,B,-,N,NA,NA,NA,NA,NA,NA,NA,NA,NA,N,4,0,1,2,A,-,09,21804,A,N,C,C,A,A,H,-,A,D,0,NA,NA,NA,NA,Y,NA,-,-,0,0,1,0,0,0,0,0,0,-,-,NA,NA,LOS ANGELES,EL MONTE,-118.01335431,34.06931344
6613766,2014,2014-09-12,1922,2014-06-25,1520,599,NA,3,5,6,1922,0,0,0,NA,0,NA,RAMONA BL,MAXSON RD,20,W,N,A,-,N,NA,NA,NA,NA,NA,NA,NA,NA,NA,Y,4,0,1,3,A,-,03,22350,NA,N,C,C,A,A,H,-,A,A,0,NA,NA,NA,NA,Y,NA,A,01,0,0,1,0,0,0,0,0,0,-,-,NA,NA,LOS ANGELES,EL MONTE,-118.00772522,34.07590217
6613767,2014,2014-09-11,1922,2014-06-07,0129,505,NA,6,5,6,1922,0,0,0,NA,0,NA,VALLEY BL,COGSWELL RD,70,W,N,A,-,N,NA,NA,NA,NA,NA,NA,NA,NA,NA,Y,3,0,1,1,A,-,01,23152,A,N,E,I,A,A,H,-,C,D,0,NA,NA,NA,NA,Y,Y,A,01,0,1,0,0,0,0,0,0,0,-,-,NA,NA,LOS ANGELES,EL MONTE,-118.01815617,34.06224089
6613768,2014,2014-09-12,1922,2014-06-08,0148,640,NA,7,5,6,1922,0,0,0,NA,0,004,PARKWAY DR,MARYVINE ST,250,N,N,A,-,N,NA,NA,NA,NA,NA,NA,NA,NA,NA,N,4,0,1,2,A,-,08,22103,NA,N,D,G,A,A,H,-,C,D,0,NA,Y,NA,NA,Y,NA,A,01,0,0,1,0,0,0,1,0,0,-,-,NA,NA,LOS ANGELES,EL MONTE,-118.01959974,34.04530034
6613769,2014,2014-09-17,1922,2014-06-30,1400,620,NA,1,5,6,1922,0,0,0,NA,0,NA,COGSWELL RD,FERRIS RD,0,N,N,A,-,N,NA,NA,NA,NA,NA,NA,NA,NA,NA,Y,4,0,1,2,A,-,09,21804,A,N,B,C,A,A,H,-,A,A,0,NA,NA,NA,NA,Y,NA,A,01,0,0,1,0,0,0,0,0,0,-,-,NA,NA,LOS ANGELES,EL MONTE,-118.01550001,34.06974012
6613770,2014,2014-09-12,1942,2014-06-05,1520,40199,1267,4,5,7,1942,0,0,0,L,0,12G41,MANCHESTER,HOOVER ST,0,NA,Y,A,-,N,NA,NA,NA,NA,NA,NA,NA,NA,NA,N,3,0,1,2,A,-,09,21801,A,N,D,C,A,A,H,-,A,A,0,NA,NA,NA,NA,Y,NA,A,01,0,1,0,0,0,0,0,0,0,-,-,NA,NA,LOS ANGELES,LOS ANGELES,-118.28706011,33.96005007
6613771,2014,2014-09-12,1942,2014-06-21,2115,25115,1117,6,5,7,1942,0,0,0,K,0,11T21,EAGLE ROCK BL,YOSEMITE DR,0,NA,Y,A,-,N,NA,NA,NA,NA,NA,NA,NA,NA,NA,Y,4,0,1,3,A,-,09,21801,A,N,B,C,A,A,H,-,C,D,0,NA,NA,NA,NA,Y,NA,A,07,0,0,1,0,0,0,0,0,0,-,-,NA,NA,LOS ANGELES,LOS ANGELES,-118.21531011,34.13512004
6613772,2014,2014-09-12,1900,2014-06-28,1456,442490,2608,6,5,6,1950,0,0,0,NA,0,262T1,25TH ST E,AVE Q-12,119,S,N,A,-,N,NA,NA,NA,NA,NA,NA,NA,NA,NA,N,3,0,1,2,A,-,10,21952,NA,N,G,B,D,A,H,-,A,D,0,Y,NA,NA,NA,Y,NA,A,01,0,1,0,0,1,0,0,0,0,-,-,NA,NA,LOS ANGELES,PALMDALE,-118.08504068,34.57532381
6613773,2014,2014-09-11,1942,2014-06-18,1340,41363,1406,3,5,7,1942,0,0,0,N,0,14A11,OVERLAND AV,MCCUNE AV,0,NA,Y,A,-,N,NA,NA,NA,NA,NA,NA,NA,NA,NA,N,3,0,1,3,A,-,04,21703,NA,N,C,C,A,A,H,-,A,D,0,NA,NA,NA,NA,Y,NA,A,01,0,1,0,0,0,0,0,0,0,-,-,NA,NA,LOS ANGELES,LOS ANGELES,-118.40798007,34.01997011
6613774,2014,2014-09-12,1946,2014-06-30,1628,P37,NA,1,5,4,1946,0,0,0,NA,0,002,CHESTNUT,ALTA VISTA,0,NA,Y,A,-,N,NA,NA,NA,NA,NA,NA,NA,NA,NA,Y,4,0,1,2,A,-,09,21802,A,N,D,C,A,A,H,-,A,D,0,NA,NA,NA,NA,Y,NA,A,07,0,0,1,0,0,0,0,0,0,-,-,NA,NA,LOS ANGELES,MONROVIA,-118.00746012,34.14253001
6613775,2014,2014-09-12,1946,2014-06-21,1844,P46,1946,6,5,4,1946,0,0,0,NA,0,002,DUARTE RD,MYRTLE AV,0,NA,Y,A,-,N,NA,NA,NA,NA,NA,NA,NA,NA,NA,Y,4,0,1,2,A,-,12,21453,A,N,D,C,A,A,H,-,A,A,0,NA,NA,NA,NA,Y,Y,A,01,0,0,1,0,0,0,0,0,0,-,-,NA,NA,LOS ANGELES,MONROVIA,-118.00083009,34.1321701
6613776,2014,2014-09-12,1946,2014-06-11,1147,10,NA,3,5,4,1946,0,0,0,NA,0,002,PECK,BRISBANE,0,NA,Y,A,-,N,NA,NA,NA,NA,NA,NA,NA,NA,NA,Y,4,0,1,2,A,-,09,21802,A,N,D,C,A,A,H,-,A,A,0,NA,NA,NA,NA,Y,NA,A,07,0,0,1,0,0,0,0,0,0,-,-,NA,NA,LOS ANGELES,MONROVIA,-118.00384005,34.11988003
6613777,2014,2014-09-12,1946,2014-06-11,1208,P14,NA,3,5,4,1946,0,0,0,NA,0,001,MAYFLOWER,LINWOOD,0,NA,Y,A,-,N,NA,NA,NA,NA,NA,NA,NA,NA,NA,Y,4,0,1,2,A,-,09,21801,A,N,D,C,A,A,H,-,A,D,0,NA,NA,NA,NA,Y,NA,A,01,0,0,1,0,0,0,0,0,0,-,-,NA,NA,LOS ANGELES,MONROVIA,-118.00979007,34.15012005
6613778,2014,2014-09-12,1946,2014-06-11,1804,P55,NA,3,5,4,1946,0,0,0,NA,0,003,CALIFORNIA,HUNTINGTON,0,NA,Y,A,-,N,NA,NA,NA,NA,NA,NA,NA,NA,NA,Y,3,0,1,2,A,-,09,21801,A,N,-,C,A,A,H,-,A,A,0,NA,NA,NA,NA,Y,NA,A,07,0,1,0,0,0,0,0,0,0,-,-,NA,NA,LOS ANGELES,MONROVIA,-117.99501013,34.14045001