CASE_ID,ACCIDENT_YEAR,PROC_DATE,JURIS,COLLISION_DATE,COLLISION_TIME,OFFICER_ID,REPORTING_DISTRICT,DAY_OF_WEEK,CHP_SHIFT,POPULATION,CNTY_CITY_LOC,SPECIAL_COND,BEAT_TYPE,CHP_BEAT_TYPE,CITY_DIVISION_LAPD,CHP_BEAT_CLASS,BEAT_NUMBER,PRIMARY_RD,SECONDARY_RD,DISTANCE,DIRECTION,INTERSECTION,WEATHER_1,WEATHER_2,STATE_HWY_IND,CALTRANS_COUNTY,CALTRANS_DISTRICT,STATE_ROUTE,ROUTE_SUFFIX,POSTMILE_PREFIX,POSTMILE,LOCATION_TYPE,RAMP_INTERSECTION,SIDE_OF_HWY,TOW_AWAY,COLLISION_SEVERITY,NUMBER_KILLED,NUMBER_INJURED,PARTY_COUNT,PRIMARY_COLL_FACTOR,PCF_CODE_OF_VIOL,PCF_VIOL_CATEGORY,PCF_VIOLATION,PCF_VIOL_SUBSECTION,HIT_AND_RUN,TYPE_OF_COLLISION,MVIW,PED_ACTION,ROAD_SURFACE,ROAD_COND_1,ROAD_COND_2,LIGHTING,CONTROL_DEVICE,CHP_ROAD_TYPE,PEDESTRIAN_ACCIDENT,BICYCLE_ACCIDENT,MOTORCYCLE_ACCIDENT,TRUCK_ACCIDENT,NOT_PRIVATE_PROPERTY,ALCOHOL_INVOLVED,STWD_VEHTYPE_AT_FAULT,CHP_VEHTYPE_AT_FAULT,COUNT_SEVERE_INJ,COUNT_VISIBLE_INJ,COUNT_COMPLAINT_PAIN,COUNT_PED_KILLED,COUNT_PED_INJURED,COUNT_BICYCLIST_KILLED,COUNT_BICYCLIST_INJURED,COUNT_MC_KILLED,COUNT_MC_INJURED,PRIMARY_RAMP,SECONDARY_RAMP,LATITUDE,LONGITUDE,COUNTY,CITY,POINT_X,POINT_Y
6620391,2014,2014-09-29,9545,2014-08-26,1035,012653,NA,2,1,9,1900,0,3,5,NA,2,004,AVENUE K,100TH ST E,1056,E,N,A,-,N,NA,NA,NA,NA,NA,NA,NA,NA,NA,Y,3,0,1,2,A,-,03,22350,NA,N,E,I,A,A,H,-,A,D,0,NA,NA,Y,Y,Y,NA,C,02,0,1,0,0,0,0,0,0,1,-,-,34.6755,-117.94698,LOS ANGELES,UNINCORPORATED,-117.94855585,34.67545581
6620395,2014,2016-01-13,9545,2014-08-24,1051,19951,NA,7,1,9,1900,0,3,5,NA,2,003,SIERRA HWY,SANTIAGO RD,6,S,N,A,-,N,NA,NA,NA,NA,NA,NA,NA,NA,NA,Y,4,0,1,2,A,-,03,22350,NA,N,C,C,A,A,H,-,A,A,0,NA,NA,Y,NA,Y,NA,D,22,0,0,1,0,0,0,0,0,1,-,-,34.48966,-118.16176,LOS ANGELES,UNINCORPORATED,-118.16184247,34.48976225
6620399,2014,2014-09-18,9545,2014-08-24,2100,19345,NA,7,2,9,1900,0,3,5,NA,2,004,PALMDALE BL,95TH ST E,118,E,N,A,-,N,NA,NA,NA,NA,NA,NA,NA,NA,NA,Y,4,0,3,2,A,-,09,21801,A,N,D,C,A,A,H,-,C,D,0,NA,NA,NA,NA,Y,NA,A,07,0,0,3,0,0,0,0,0,0,-,-,NA,NA,LOS ANGELES,UNINCORPORATED,-117.96028888,34.57976
6620408,2014,2014-09-23,1941,2014-08-31,2009,10311,NA,7,5,7,1941,0,0,0,NA,0,NA,MARKET ST,ATLANTIC AV,0,NA,Y,A,-,N,NA,NA,NA,NA,NA,NA,NA,NA,NA,N,3,0,1,2,A,-,09,21801,A,N,G,B,B,A,H,-,A,A,0,Y,NA,NA,NA,Y,NA,A,NA,0,1,0,0,1,0,0,0,0,-,-,NA,NA,LOS ANGELES,LONG BEACH,-118.18500007,33.85434007
6620412,2014,2014-09-29,1941,2014-08-14,1409,10143,NA,4,5,7,1941,0,0,0,NA,0,NA,LIVINGSTON DR,TERMINO AV,0,NA,Y,A,-,N,NA,NA,NA,NA,NA,NA,NA,NA,NA,Y,4,0,1,2,A,-,-,NA,NA,N,D,C,A,A,H,-,A,A,0,NA,NA,NA,NA,Y,NA,-,-,0,0,1,0,0,0,0,0,0,-,-,NA,NA,LOS ANGELES,LONG BEACH,-118.1459101,33.76063002
6620413,2014,2016-06-09,1941,2014-08-20,1644,5623,902T,3,5,7,1941,0,0,0,NA,0,NA,RT 47,RT 710,2640,W,N,A,-,Y,LA,7,47,-,-,3,H,-,N,Y,4,0,1,6,A,-,03,22350,NA,N,B,C,A,A,E,-,A,D,0,NA,NA,NA,NA,Y,NA,A,NA,0,0,1,0,0,0,0,0,0,-,-,NA,NA,LOS ANGELES,LONG BEACH,-118.2489345,33.7549519
6620416,2014,2014-09-23,1941,2014-08-22,1818,6265,NA,5,5,7,1941,0,0,0,NA,0,NA,COLORADO ST,TERMINO AV,118,E,N,A,-,N,NA,NA,NA,NA,NA,NA,NA,NA,NA,N,4,0,1,2,A,-,11,21956,A,N,G,B,E,A,H,-,A,D,0,Y,NA,NA,NA,Y,NA,N,NA,0,0,1,0,1,0,0,0,0,-,-,NA,NA,LOS ANGELES,LONG BEACH,-118.14589254,33.76987
6620417,2014,2014-09-19,1900,2014-08-15,2300,478595,1414,5,5,1,1932,0,0,0,NA,0,141T1,VALLEY BL,STIMSON AV,0,NA,Y,A,-,N,NA,NA,NA,NA,NA,NA,NA,NA,NA,Y,3,0,4,3,A,-,12,21453,A,N,B,C,A,A,H,-,C,A,0,NA,NA,NA,NA,Y,NA,A,01,0,1,3,0,0,0,0,0,0,-,-,NA,NA,LOS ANGELES,INDUSTRY,-117.95278005,34.01559007
6620420,2014,2014-09-23,1941,2014-08-29,1324,5870,431,5,5,7,1941,0,0,0,NA,0,009,3RD ST,MOLINO AV,0,NA,Y,A,-,N,NA,NA,NA,NA,NA,NA,NA,NA,NA,N,3,0,1,2,A,-,09,21804,A,N,D,G,A,A,H,-,A,A,0,NA,Y,NA,NA,Y,NA,L,04,0,1,0,0,0,0,1,0,0,-,-,NA,NA,LOS ANGELES,LONG BEACH,-118.16061007,33.76806009
6620431,2014,2014-09-23,1900,2014-08-25,1514,519509,1431,1,5,4,1937,0,0,0,NA,0,143T1P,UNRUH AV,TEMPLE AV,29,S,N,A,-,N,NA,NA,NA,NA,NA,NA,NA,NA,NA,N,4,0,1,2,A,-,03,22350,NA,N,C,C,A,A,H,-,A,A,0,NA,NA,NA,NA,Y,NA,A,01,0,0,1,0,0,0,0,0,0,-,-,NA,NA,LOS ANGELES,LA PUENTE,-117.95865391,34.03364092
6620432,2014,2014-09-23,1941,2014-08-31,1455,10135,NA,7,5,7,1941,0,0,0,NA,0,NA,LONG BEACH BL,6TH ST,0,NA,Y,A,-,N,NA,NA,NA,NA,NA,NA,NA,NA,NA,Y,4,0,1,2,A,-,12,21453,A,N,D,C,A,A,H,-,A,D,0,NA,NA,NA,NA,Y,NA,A,NA,0,0,1,0,0,0,0,0,0,-,-,NA,NA,LOS ANGELES,LONG BEACH,-118.18949006,33.77415007
6620435,2014,2014-09-23,1900,2014-08-20,1014,290645,1418,3,5,1,1932,0,0,0,NA,0,141T3,AZUSA AV,HURLEY ST,435,S,N,A,-,N,NA,NA,NA,NA,NA,NA,NA,NA,NA,Y,4,0,4,2,A,-,07,21658,A,N,B,C,A,A,H,-,A,D,0,NA,NA,NA,NA,Y,NA,A,01,0,0,4,0,0,0,0,0,0,-,-,NA,NA,LOS ANGELES,INDUSTRY,-117.92441929,34.01020091
6620436,2014,2014-09-23,1941,2014-08-30,1407,10135,NA,6,5,7,1941,0,0,0,NA,0,NA,LONG BEACH BL,4TH ST,7,S,N,A,-,N,NA,NA,NA,NA,NA,NA,NA,NA,NA,N,3,0,1,2,A,-,10,21950,A,N,G,B,B,A,H,-,A,D,0,Y,NA,NA,NA,Y,NA,A,NA,0,1,0,0,1,0,0,0,0,-,-,NA,NA,LOS ANGELES,LONG BEACH,-118.18947973,33.77171081
6620439,2014,2014-09-23,1900,2014-08-18,0445,438154,1419,1,5,1,1932,0,0,0,NA,0,141T1,BAKER PKWY,GRAND AV,1353,W,N,A,-,N,NA,NA,NA,NA,NA,NA,NA,NA,NA,Y,4,0,1,2,A,-,08,22102,NA,N,D,C,A,A,H,-,C,D,0,NA,NA,NA,NA,Y,NA,A,01,0,0,1,0,0,0,0,0,0,-,-,34.01807,-117.83051,LOS ANGELES,INDUSTRY,-117.83070153,34.01811648
6620443,2014,2014-09-23,1900,2014-08-17,0120,438154,1419,7,5,1,1932,0,0,0,NA,0,141T1,VALLEY BL,LEMON AV,0,NA,Y,A,-,N,NA,NA,NA,NA,NA,NA,NA,NA,NA,Y,3,0,1,1,A,-,07,21658,A,N,E,I,A,A,H,-,C,A,0,NA,NA,NA,NA,Y,Y,A,01,0,1,0,0,0,0,0,0,0,-,-,34.00973,-117.85864,LOS ANGELES,INDUSTRY,-117.85889008,34.00977009
6620447,2014,2014-09-23,1900,2014-08-15,1718,403161,1415,5,5,1,1932,0,0,0,NA,0,143T1P,AZUSA AV,MAIN ST,100,N,N,A,-,N,NA,NA,NA,NA,NA,NA,NA,NA,NA,Y,4,0,3,2,A,-,09,21804,A,N,B,E,A,A,H,-,A,A,0,NA,NA,NA,NA,Y,NA,A,08,0,0,3,0,0,0,0,0,0,-,-,34.01402,-117.92263,LOS ANGELES,INDUSTRY,-117.92316126,34.01305457
6620451,2014,2014-09-23,1900,2014-08-17,1535,516853,1418,7,5,1,1932,0,0,0,NA,0,141T6,AZUSA AV,HURLEY ST,60,S,N,A,-,N,NA,NA,NA,NA,NA,NA,NA,NA,NA,N,4,0,1,2,A,-,04,21703,NA,N,C,C,A,A,H,-,A,A,0,NA,NA,NA,NA,Y,NA,A,01,0,0,1,0,0,0,0,0,0,-,-,NA,NA,LOS ANGELES,INDUSTRY,-117.92388107,34.0111211
6620455,2014,2014-09-23,1900,2014-08-31,1205,403161,1418,7,5,1,1932,0,0,0,NA,0,141T3D,GALE AV,PLAZA DR,0,NA,Y,A,-,N,NA,NA,NA,NA,NA,NA,NA,NA,NA,N,4,0,1,2,A,-,10,21950,A,N,G,B,B,A,H,-,A,A,0,Y,NA,NA,NA,Y,NA,A,01,0,0,1,0,1,0,0,0,0,-,-,33.99548,-117.90681,LOS ANGELES,INDUSTRY,-117.906662,33.9955
6620456,2014,2014-09-23,9545,2014-08-26,0550,012250,NA,2,3,9,1900,0,3,5,NA,2,004,AVENUE O,150TH ST E,37,E,N,A,-,N,NA,NA,NA,NA,NA,NA,NA,NA,NA,Y,4,0,1,1,A,-,01,23152,A,N,E,I,A,A,H,-,B,D,0,NA,NA,NA,NA,Y,Y,A,01,0,0,1,0,0,0,0,0,0,-,-,34.61664,-117.86273,LOS ANGELES,UNINCORPORATED,-117.86237732,34.61654
6620459,2014,2014-09-23,1900,2014-08-29,1758,529400,1416,5,5,1,1932,0,0,0,NA,0,141T5,HANOVER RD,CASTLETON ST,15,S,N,A,-,N,NA,NA,NA,NA,NA,NA,NA,NA,NA,N,3,0,1,2,A,-,10,21950,A,N,G,B,B,A,H,-,A,A,0,Y,NA,NA,NA,Y,NA,A,07,0,1,0,0,1,0,0,0,0,-,-,NA,NA,LOS ANGELES,INDUSTRY,-117.91985569,33.99364488
6620463,2014,2014-09-23,1900,2014-08-26,2010,519509,NA,2,5,4,1937,0,0,0,NA,0,143T1P,HACIENDA BL,ELLIOT AV,16,S,N,A,-,N,NA,NA,NA,NA,NA,NA,NA,NA,NA,N,4,0,1,2,A,-,08,22107,NA,N,E,B,F,A,H,-,C,D,0,Y,NA,NA,NA,Y,NA,A,07,0,0,1,0,1,0,0,0,0,-,-,NA,NA,LOS ANGELES,LA PUENTE,-117.95012365,34.03575624
6620532,2014,2014-09-19,1942,2014-08-14,0525,37332,1208,4,5,7,1942,0,0,0,L,0,12A15,HOOVER ST,47TH ST,0,NA,Y,A,-,N,NA,NA,NA,NA,NA,NA,NA,NA,NA,Y,4,0,1,2,A,-,03,22350,NA,N,B,E,A,A,H,-,C,D,0,NA,NA,NA,NA,Y,NA,A,01,0,0,1,0,0,0,0,0,0,-,-,NA,NA,LOS ANGELES,LOS ANGELES,-118.2871501,34.00061009
6620564,2014,2014-09-23,1900,2014-08-28,1145,407364,0642,4,5,6,1985,0,0,0,NA,0,64T1D,NEWHALL RANCH RD,BRIDGEPORT MARKETPLACE,0,NA,Y,A,-,N,NA,NA,NA,NA,NA,NA,NA,NA,NA,Y,3,0,4,2,A,-,12,21453,A,N,D,C,A,A,H,-,A,A,0,NA,NA,NA,NA,Y,NA,A,01,0,3,1,0,0,0,0,0,0,-,-,NA,NA,LOS ANGELES,SANTA CLARITA,-118.554092,34.429427
6620568,2014,2014-09-23,1900,2014-08-25,1845,509580,0642,1,5,6,1985,0,0,0,NA,0,64T1,MCBEAN PKWY,FAIRVIEW DR,10,S,N,A,-,N,NA,NA,NA,NA,NA,NA,NA,NA,NA,N,4,0,1,2,A,-,04,21703,NA,N,C,C,A,A,H,-,A,A,0,NA,NA,Y,NA,Y,NA,A,01,0,0,1,0,0,0,0,0,1,-,-,NA,NA,LOS ANGELES,SANTA CLARITA,-118.55608315,34.43439269
6620570,2014,2014-10-16,1900,2014-08-30,0139,507884,0641,6,5,6,1985,0,0,0,NA,0,61T1,BOUQUET CANYON RD,STEVE JON ST,249,NA,N,A,-,N,NA,NA,NA,NA,NA,NA,NA,NA,NA,Y,3,0,1,2,A,-,03,22350,NA,N,D,E,A,A,H,-,C,D,0,NA,NA,NA,Y,Y,NA,D,22,0,1,0,0,0,0,0,0,0,-,-,NA,NA,LOS ANGELES,SANTA CLARITA,-118.4959401,34.45314003
6620572,2014,2014-09-23,1900,2014-08-27,1523,523834,0629,3,5,6,1985,0,0,0,NA,0,62T1P,LYONS AV,AVENIDA ROTELLA,0,NA,Y,A,-,N,NA,NA,NA,NA,NA,NA,NA,NA,NA,Y,3,0,2,2,A,-,09,21801,A,N,D,C,A,A,H,-,A,A,0,NA,NA,NA,NA,Y,NA,A,01,0,1,1,0,0,0,0,0,0,-,-,NA,NA,LOS ANGELES,SANTA CLARITA,-118.5460301,34.37952001
6620574,2014,2014-10-01,1900,2014-09-01,1245,273453,0639,1,5,6,1985,0,0,0,NA,0,64T1,PLUM CANYON RD,BOUQUET CANYON RD,20,E,N,A,-,N,NA,NA,NA,NA,NA,NA,NA,NA,NA,N,4,0,1,2,A,-,03,22350,NA,N,C,C,A,A,H,-,A,A,0,NA,NA,NA,NA,Y,NA,D,22,0,0,1,0,0,0,0,0,0,-,-,NA,NA,LOS ANGELES,SANTA CLARITA,-118.49814881,34.44987519
6620579,2014,2014-09-23,1942,2014-08-15,1650,40869,1239,5,5,7,1942,0,0,0,L,0,12773,SLAUSON AV,HOOVER ST,0,NA,Y,A,-,N,NA,NA,NA,NA,NA,NA,NA,NA,NA,Y,4,0,2,2,A,-,09,21801,A,N,D,C,A,A,H,-,A,A,0,NA,NA,NA,NA,Y,NA,A,01,0,0,2,0,0,0,0,0,0,-,-,NA,NA,LOS ANGELES,LOS ANGELES,-118.2871401,33.98914004
6620583,2014,2014-09-23,1942,2014-08-15,0740,40697,1283,5,5,7,1942,0,0,0,L,0,12T41,WESTERN AV,94TH ST,0,NA,Y,A,-,N,NA,NA,NA,NA,NA,NA,NA,NA,NA,N,3,0,1,2,A,-,09,21802,A,N,D,J,A,A,H,-,A,-,0,NA,NA,Y,NA,Y,NA,A,01,0,1,0,0,0,0,0,0,1,-,-,NA,NA,LOS ANGELES,LOS ANGELES,-118.30901,33.95112
6620586,2014,2014-09-26,1900,2014-08-30,0052,486417,0631,6,5,6,1985,0,0,0,NA,0,611E,SIERRA HWY,AMERICAN BEAUTY DR,0,NA,Y,A,-,N,NA,NA,NA,NA,NA,NA,NA,NA,NA,Y,4,0,1,2,A,-,01,23152,A,M,C,D,A,A,H,-,C,A,0,NA,NA,NA,NA,Y,Y,D,22,0,0,1,0,0,0,0,0,0,-,-,NA,NA,LOS ANGELES,SANTA CLARITA,-118.45199004,34.42255008
6620587,2014,2014-09-23,1942,2014-08-14,2310,36607,1267,4,5,7,1942,0,0,0,L,0,3T3,83RD ST,HOOVER ST,0,NA,Y,A,-,N,NA,NA,NA,NA,NA,NA,NA,NA,NA,N,4,0,1,2,A,-,12,21453,A,F,D,C,A,A,H,-,C,A,0,NA,NA,Y,NA,Y,NA,-,99,0,0,1,0,0,0,0,0,1,-,-,NA,NA,LOS ANGELES,LOS ANGELES,-118.28711005,33.96363006
6620591,2014,2014-09-23,1942,2014-08-31,1650,39291,1203,7,5,7,1942,0,0,0,L,0,18T39,WESTERN AV,VERNON AV,0,NA,Y,A,-,N,NA,NA,NA,NA,NA,NA,NA,NA,NA,Y,3,0,2,2,A,-,12,21453,A,F,D,C,A,A,H,-,A,A,0,NA,NA,NA,NA,Y,NA,A,01,0,1,1,0,0,0,0,0,0,-,-,NA,NA,LOS ANGELES,LOS ANGELES,-118.30893003,34.00372009
6620595,2014,2014-09-23,1942,2014-08-03,0030,41544,1263,7,5,7,1942,0,0,0,L,0,3A1,WESTERN AV,MANCHESTER AV,0,NA,Y,C,-,N,NA,NA,NA,NA,NA,NA,NA,NA,NA,N,4,0,1,2,C,-,18,NA,NA,N,D,C,A,B,G,-,C,B,0,NA,NA,NA,NA,Y,NA,-,-,0,0,1,0,0,0,0,0,0,-,-,NA,NA,LOS ANGELES,LOS ANGELES,-118.30901005,33.95997012
6620599,2014,2014-09-23,1942,2014-08-12,2000,40695,1215,2,5,7,1942,0,0,0,L,0,1213,GAGE AV,NORMANDIE AV,0,NA,Y,A,-,N,NA,NA,NA,NA,NA,NA,NA,NA,NA,Y,3,0,2,1,A,-,03,22350,NA,F,-,-,A,A,H,-,C,A,0,NA,NA,NA,NA,Y,NA,A,07,0,1,1,0,0,0,0,0,0,-,-,NA,NA,LOS ANGELES,LOS ANGELES,-118.3002601,33.98235003
6620600,2014,2014-09-23,1900,2014-08-29,2025,518055,0631,5,5,6,1985,0,0,0,NA,0,61T1,VIA PRINCESSA,WEYERHAUSER WY,0,NA,Y,A,-,N,NA,NA,NA,NA,NA,NA,NA,NA,NA,Y,4,0,3,2,A,-,02,22400,A,N,C,C,A,A,H,-,C,A,0,NA,NA,NA,NA,Y,NA,A,01,0,0,3,0,0,0,0,0,0,-,-,NA,NA,LOS ANGELES,SANTA CLARITA,-118.46881012,34.40741008
6620603,2014,2014-09-23,1942,2014-08-08,2210,37470,1283,5,5,7,1942,0,0,0,L,0,12A73,WESTERN AV,92ND ST,0,NA,Y,B,-,N,NA,NA,NA,NA,NA,NA,NA,NA,NA,N,3,0,1,2,A,-,01,23152,A,N,B,C,A,A,H,-,C,A,0,NA,NA,NA,NA,Y,Y,A,01,0,1,0,0,0,0,0,0,0,-,-,NA,NA,LOS ANGELES,LOS ANGELES,-118.30901,33.95271
6620607,2014,2014-09-23,1942,2014-08-09,1550,38541,1255,6,5,7,1942,0,0,0,L,0,12XL77,NORMANDIE,76TH ST,0,NA,Y,A,-,N,NA,NA,NA,NA,NA,NA,NA,NA,NA,N,4,0,1,2,A,-,09,21801,A,N,D,C,A,A,H,-,A,A,0,NA,NA,NA,NA,Y,NA,A,08,0,0,1,0,0,0,0,0,0,-,-,NA,NA,LOS ANGELES,LOS ANGELES,-118.30031001,33.97098005
6620611,2014,2014-09-23,1942,2014-08-06,1845,37191,1267,3,5,7,1942,0,0,0,L,0,12X56,MANCHESTER AV,BROADWAY,0,NA,Y,A,-,N,NA,NA,NA,NA,NA,NA,NA,NA,NA,N,3,0,1,2,A,-,09,21804,A,N,G,G,A,A,H,-,A,A,0,NA,Y,NA,NA,Y,NA,L,04,0,1,0,0,0,0,1,0,0,-,-,NA,NA,LOS ANGELES,LOS ANGELES,-118.27828005,33.96008008
6620615,2014,2014-09-23,1942,2014-08-11,1745,40740,12,1,5,7,1942,0,0,0,L,0,12X93,FLORENCE AV,WADSWORTH AV,0,NA,Y,A,-,N,NA,NA,NA,NA,NA,NA,NA,NA,NA,Y,4,0,2,3,A,-,09,21801,A,N,A,C,A,A,H,-,A,D,0,NA,NA,NA,NA,Y,NA,A,01,0,0,2,0,0,0,0,0,0,-,-,NA,NA,LOS ANGELES,LOS ANGELES,-118.25867002,33.97474004
6620618,2014,2014-09-26,1900,2014-08-22,1550,520084,0644,5,5,6,1985,0,0,0,NA,0,62T1,100TH AV,MAGIC MOUNTAIN PKWY,60,N,N,A,-,N,NA,NA,NA,NA,NA,NA,NA,NA,NA,N,4,0,2,2,A,-,04,21703,NA,N,C,C,A,A,H,-,A,A,0,NA,NA,NA,NA,Y,NA,D,22,0,0,2,0,0,0,0,0,0,-,-,NA,NA,LOS ANGELES,SANTA CLARITA,NA,NA
6620619,2014,2014-09-23,1942,2014-08-10,0850,41351,1203,7,5,7,1942,0,0,0,L,0,12A51,WESTERN AV,50TH ST,150,N,N,A,-,N,NA,NA,NA,NA,NA,NA,NA,NA,NA,N,4,0,1,2,A,-,21,22106,NA,N,C,C,A,A,H,-,A,D,0,NA,NA,NA,NA,Y,NA,A,07,0,0,1,0,0,0,0,0,0,-,-,NA,NA,LOS ANGELES,LOS ANGELES,-118.308938,33.998652
6620622,2014,2014-09-26,1900,2014-08-18,1800,520084,0622,1,5,6,1985,0,0,0,NA,0,62T1,ORCHARD VILLAGE RD,MILL VALLEY RD,212,S,N,A,-,N,NA,NA,NA,NA,NA,NA,NA,NA,NA,N,4,0,1,2,A,-,03,22350,NA,N,C,C,A,A,H,-,A,A,0,NA,NA,NA,NA,Y,NA,D,22,0,0,1,0,0,0,0,0,0,-,-,NA,NA,LOS ANGELES,SANTA CLARITA,-118.54980282,34.39204967
6620623,2014,2014-09-23,1942,2014-08-10,2000,36475,12A3,7,5,7,1942,0,0,0,L,0,1251,CRENSHAW AV,78TH ST,35,N,N,A,-,N,NA,NA,NA,NA,NA,NA,NA,NA,NA,Y,4,0,1,2,A,-,09,21804,A,N,D,C,A,A,H,-,C,A,0,NA,NA,NA,NA,Y,NA,A,01,0,0,1,0,0,0,0,0,0,-,-,NA,NA,LOS ANGELES,LOS ANGELES,-118.33086,33.96916599
6620627,2014,2014-09-23,1942,2014-08-15,0920,27328,1213,5,5,7,1942,0,0,0,L,0,3MQ58,SLAUSON AV,CIMARRON ST,0,NA,Y,A,-,N,NA,NA,NA,NA,NA,NA,NA,NA,NA,N,4,0,2,2,A,-,09,21801,A,N,D,C,A,A,H,-,A,D,0,NA,NA,NA,NA,Y,NA,A,01,0,0,2,0,0,0,0,0,0,-,-,NA,NA,LOS ANGELES,LOS ANGELES,-118.31605002,33.98912002
6620631,2014,2014-09-23,1942,2014-08-14,1545,38325,1251,4,5,7,1942,0,0,0,L,0,DESK,CRENSHAW,78TH ST,0,NA,Y,A,-,N,NA,NA,NA,NA,NA,NA,NA,NA,NA,N,4,0,3,3,A,-,09,21801,A,F,B,C,A,A,H,-,A,D,0,NA,NA,NA,NA,Y,NA,-,99,0,0,3,0,0,0,0,0,0,-,-,NA,NA,LOS ANGELES,LOS ANGELES,-118.33086,33.96907
6620635,2014,2014-09-23,1900,2014-08-27,1640,523421,0610,3,5,6,1985,0,0,0,NA,0,61T1,SOLEDAD CANYON RD,RAINBOW GLEN DR,387,E,N,A,-,N,NA,NA,NA,NA,NA,NA,NA,NA,NA,Y,4,0,1,1,A,-,-,NA,NA,N,E,I,A,A,H,-,A,D,0,NA,NA,NA,NA,Y,NA,A,07,0,0,1,0,0,0,0,0,0,-,-,NA,NA,LOS ANGELES,SANTA CLARITA,-118.48897996,34.42159
6620639,2014,2014-09-23,1900,2014-08-28,1530,523834,0627,4,5,6,1985,0,0,0,NA,0,63T1P,NEWHALL AV,MARKET ST,0,NA,Y,A,-,N,NA,NA,NA,NA,NA,NA,NA,NA,NA,N,4,0,2,2,A,-,09,21801,A,N,D,C,A,A,H,-,A,D,0,NA,NA,NA,NA,Y,NA,A,07,0,0,2,0,0,0,0,0,0,-,-,NA,NA,LOS ANGELES,SANTA CLARITA,-118.52938002,34.37774006
6620688,2014,2016-06-09,1976,2014-08-25,1240,465,NA,1,5,5,1976,0,0,0,NA,0,NA,WHITTIER BL,NORWALK BL,60,E,N,A,-,Y,LA,7,72,-,-,6.27,H,-,N,N,4,0,1,2,A,-,03,22350,NA,F,C,C,A,A,H,-,A,D,0,NA,NA,NA,NA,Y,NA,A,01,0,0,1,0,0,0,0,0,0,-,-,NA,NA,LOS ANGELES,WHITTIER,-118.06398301,33.9898721
6620721,2014,2014-09-23,1900,2014-08-22,1000,524048,0261,5,5,4,1917,0,0,0,NA,0,26T,OTIS AV,CLARA ST,0,NA,Y,A,-,N,NA,NA,NA,NA,NA,NA,NA,NA,NA,Y,3,0,1,2,A,-,08,22107,NA,N,G,B,B,A,H,-,A,A,0,Y,NA,NA,NA,Y,NA,A,01,0,1,0,0,1,0,0,0,0,-,-,NA,NA,LOS ANGELES,CUDAHY,-118.19453009,33.96636004
6620722,2014,2014-09-23,1900,2014-08-18,1752,507879,2112,1,5,5,1943,0,0,0,NA,0,212T2,MARTIN LUTHER KING BL,ELIZABETH AV,0,NA,Y,A,-,N,NA,NA,NA,NA,NA,NA,NA,NA,NA,N,3,0,1,2,A,-,05,21650,1,N,D,C,A,A,H,-,A,D,0,NA,Y,NA,NA,Y,NA,L,NA,0,1,0,0,0,0,1,0,0,-,-,NA,NA,LOS ANGELES,LYNWOOD,-118.21043003,33.93652009
6620723,2014,2014-09-23,1900,2014-08-18,2026,519902`,2116,1,5,5,1943,0,0,0,NA,0,212D,SANTA FE AV,WEBER ST,27,S,N,A,-,N,NA,NA,NA,NA,NA,NA,NA,NA,NA,N,4,0,1,3,A,-,12,22450,A,N,D,C,A,A,H,-,C,A,0,NA,NA,NA,NA,Y,NA,A,NA,0,0,1,0,0,0,0,0,0,-,-,NA,NA,LOS ANGELES,LYNWOOD,-118.21808802,33.92032663
6620724,2014,2014-09-23,1900,2014-08-15,0715,434141,0250,5,5,4,1945,0,0,0,NA,0,028,PINE AV,RANDOLPH ST,30,W,N,A,-,N,NA,NA,NA,NA,NA,NA,NA,NA,NA,N,4,0,1,2,A,-,03,22350,NA,N,C,C,A,A,H,-,A,A,0,NA,NA,NA,NA,Y,NA,A,01,0,0,1,0,0,0,0,0,0,-,-,NA,NA,LOS ANGELES,MAYWOOD,-118.18864,33.98189
6620747,2014,2014-09-19,1900,2014-08-31,0120,487809,2115,7,5,5,1943,0,0,0,NA,0,212T4,ATLANTIC AV,ABBOTT RD,0,NA,Y,A,-,N,NA,NA,NA,NA,NA,NA,NA,NA,NA,N,2,0,1,1,A,-,03,22350,NA,N,E,I,A,A,H,-,C,A,0,NA,NA,Y,NA,Y,NA,C,02,1,0,0,0,0,0,0,0,1,-,-,NA,NA,LOS ANGELES,LYNWOOD,-118.18247005,33.93397004
6620762,2014,2014-09-22,1900,2014-08-24,1530,530059,0645,7,5,6,1985,0,0,0,NA,0,64T1,AVENUE STANFORD,VANDERBILT WY,0,NA,Y,A,-,N,NA,NA,NA,NA,NA,NA,NA,NA,NA,Y,4,0,1,1,A,-,03,22350,NA,N,E,I,A,A,H,-,A,D,0,NA,NA,NA,NA,Y,NA,A,01,0,0,1,0,0,0,0,0,0,-,-,NA,NA,LOS ANGELES,SANTA CLARITA,-118.60024013,34.44129002
6620763,2014,2014-09-22,1900,2014-08-23,0046,507884,0641,6,5,6,1985,0,0,0,NA,0,61TIE,BOUQUET CANYON RD,CINEMA DR,105,S,N,A,-,N,NA,NA,NA,NA,NA,NA,NA,NA,NA,Y,3,0,1,1,A,-,01,23152,A,N,E,I,A,A,H,-,C,D,0,NA,NA,NA,NA,Y,Y,A,01,0,1,0,0,0,0,0,0,0,-,-,NA,NA,LOS ANGELES,SANTA CLARITA,-118.54200157,34.41895478