CASE_ID,ACCIDENT_YEAR,PROC_DATE,JURIS,COLLISION_DATE,COLLISION_TIME,OFFICER_ID,REPORTING_DISTRICT,DAY_OF_WEEK,CHP_SHIFT,POPULATION,CNTY_CITY_LOC,SPECIAL_COND,BEAT_TYPE,CHP_BEAT_TYPE,CITY_DIVISION_LAPD,CHP_BEAT_CLASS,BEAT_NUMBER,PRIMARY_RD,SECONDARY_RD,DISTANCE,DIRECTION,INTERSECTION,WEATHER_1,WEATHER_2,STATE_HWY_IND,CALTRANS_COUNTY,CALTRANS_DISTRICT,STATE_ROUTE,ROUTE_SUFFIX,POSTMILE_PREFIX,POSTMILE,LOCATION_TYPE,RAMP_INTERSECTION,SIDE_OF_HWY,TOW_AWAY,COLLISION_SEVERITY,NUMBER_KILLED,NUMBER_INJURED,PARTY_COUNT,PRIMARY_COLL_FACTOR,PCF_CODE_OF_VIOL,PCF_VIOL_CATEGORY,PCF_VIOLATION,PCF_VIOL_SUBSECTION,HIT_AND_RUN,TYPE_OF_COLLISION,MVIW,PED_ACTION,ROAD_SURFACE,ROAD_COND_1,ROAD_COND_2,LIGHTING,CONTROL_DEVICE,CHP_ROAD_TYPE,PEDESTRIAN_ACCIDENT,BICYCLE_ACCIDENT,MOTORCYCLE_ACCIDENT,TRUCK_ACCIDENT,NOT_PRIVATE_PROPERTY,ALCOHOL_INVOLVED,STWD_VEHTYPE_AT_FAULT,CHP_VEHTYPE_AT_FAULT,COUNT_SEVERE_INJ,COUNT_VISIBLE_INJ,COUNT_COMPLAINT_PAIN,COUNT_PED_KILLED,COUNT_PED_INJURED,COUNT_BICYCLIST_KILLED,COUNT_BICYCLIST_INJURED,COUNT_MC_KILLED,COUNT_MC_INJURED,PRIMARY_RAMP,SECONDARY_RAMP,LATITUDE,LONGITUDE,COUNTY,CITY,POINT_X,POINT_Y
6622859,2014,2016-05-25,9590,2014-08-29,1525,20342,NA,5,2,7,1942,0,1,1,NA,2,083,RT 5,MISSION RD,100,S,N,A,-,Y,LA,7,5,-,-,18.76,H,-,S,Y,4,0,2,2,A,-,03,22350,NA,N,C,C,A,A,H,-,A,D,1,NA,NA,NA,NA,Y,NA,A,01,0,0,2,0,0,0,0,0,0,-,-,34.05394,-118.21433,LOS ANGELES,LOS ANGELES,-118.21486026,34.05964098
6622860,2014,2016-06-16,1942,2014-08-28,1605,36016,1414,4,5,7,1942,0,0,0,N,0,14A67,LINCOLN BL,CALIFORNIA,9,S,N,A,-,Y,LA,7,1,-,-,32.711,I,5,S,N,4,0,1,2,A,-,09,21801,A,N,D,G,A,A,H,-,B,A,0,NA,Y,NA,NA,Y,NA,A,07,0,0,1,0,0,0,1,0,0,-,-,NA,NA,LOS ANGELES,LOS ANGELES,-118.46104214,33.99798943
6622863,2014,2016-05-31,9590,2014-08-15,1230,20740,NA,5,1,7,1942,0,1,1,NA,2,052,RT 110,3RD ST,30,N,N,A,-,Y,LA,7,110,-,-,23.13,H,-,N,N,4,0,1,2,A,-,03,22350,NA,N,C,C,A,A,H,-,A,D,1,NA,NA,NA,NA,Y,NA,A,01,0,0,1,0,0,0,0,0,0,-,-,34.05617,-118.2557,LOS ANGELES,LOS ANGELES,-118.2557095,34.05633049
6622864,2014,2016-06-16,1942,2014-08-28,1437,36016,1415,4,5,7,1942,0,0,0,N,0,14A67,LINCOLN BL,PALMS BL,27,S,N,A,-,Y,LA,7,1,-,-,32.581,I,5,N,Y,4,0,1,2,A,-,09,21801,A,N,D,C,A,A,H,-,A,A,0,NA,NA,NA,NA,Y,NA,A,01,0,0,1,0,0,0,0,0,0,-,-,NA,NA,LOS ANGELES,LOS ANGELES,-118.45910942,33.99716822
6622867,2014,2016-06-08,9590,2014-08-28,0820,13435,NA,4,1,7,1942,0,1,1,NA,2,050,RT 110,74TH ST,200,N,N,A,-,Y,LA,7,110,-,-,16.88,H,-,N,Y,3,0,1,2,A,-,07,21658,A,N,C,C,A,A,H,-,A,D,1,NA,NA,Y,NA,Y,NA,A,01,0,1,0,0,0,0,0,0,1,-,-,33.97296,-118.28063,LOS ANGELES,LOS ANGELES,-118.28072619,33.97326338
6622868,2014,2014-09-25,1942,2014-08-27,1700,41525,1485,3,5,7,1942,0,0,0,N,0,14A76,SEPULVEDA BL,MANCHESTER BL,0,NA,Y,A,-,N,NA,NA,NA,NA,NA,NA,NA,NA,NA,Y,3,0,5,2,A,-,12,21453,A,N,A,C,A,A,H,-,A,A,0,NA,NA,NA,NA,Y,NA,A,07,0,2,3,0,0,0,0,0,0,-,-,NA,NA,LOS ANGELES,LOS ANGELES,-118.39623006,33.95992008
6622871,2014,2016-05-31,9590,2014-08-31,2227,20672,NA,7,3,7,1942,0,1,1,NA,2,052,RT 110,1ST,25,S,N,A,-,Y,LA,7,110,-,-,23.34,H,-,N,N,4,0,1,3,A,-,03,22350,NA,N,C,C,A,A,H,-,C,D,1,NA,NA,NA,NA,Y,NA,A,01,0,0,1,0,0,0,0,0,0,-,-,34.0583,-118.25365,LOS ANGELES,LOS ANGELES,-118.25328389,34.05869932
6622872,2014,2014-09-25,1942,2014-08-25,1800,38799,1475,1,5,7,1942,0,0,0,N,0,14A28,W MANCHESTER AV,GEORGETOWN AV,85,S,N,A,-,N,NA,NA,NA,NA,NA,NA,NA,NA,NA,Y,3,0,1,2,A,-,09,21801,A,N,D,C,A,A,H,-,A,A,0,NA,NA,NA,NA,Y,NA,A,01,0,1,0,0,0,0,0,0,0,-,-,NA,NA,LOS ANGELES,LOS ANGELES,-118.41363,33.95986
6622875,2014,2016-05-31,9590,2014-08-27,0930,15575,NA,3,1,7,1942,0,1,1,NA,2,013,RT 110,AVENUE 43,500,S,N,A,-,Y,LA,7,110,-,-,27.03,H,-,S,N,4,0,1,4,A,-,03,22350,NA,F,C,C,A,A,H,-,A,D,1,NA,NA,NA,NA,Y,NA,A,01,0,0,1,0,0,0,0,0,0,-,-,34.08849,-118.20913,LOS ANGELES,LOS ANGELES,-118.20647179,34.09209841
6622876,2014,2014-09-25,1942,2014-08-04,2220,40157,2069,1,5,7,1942,0,0,0,NA,0,20T59,PICO BL,WESTMORELAND AV,0,NA,Y,A,-,N,NA,NA,NA,NA,NA,NA,NA,NA,NA,Y,3,0,1,2,A,-,09,21801,A,N,A,C,A,A,H,-,C,A,0,NA,NA,NA,NA,Y,NA,A,01,0,1,0,0,0,0,0,0,0,-,-,NA,NA,LOS ANGELES,LOS ANGELES,-118.28917012,34.04728001
6622879,2014,2016-06-08,9590,2014-08-28,2230,20663,NA,4,3,7,1942,0,1,2,NA,2,071,RT 101,GLENDALE BL,100,N,N,A,-,Y,LA,7,101,-,-,2.55,H,-,N,N,4,0,1,2,A,-,03,22350,NA,N,C,C,A,A,H,-,D,D,1,NA,NA,Y,NA,Y,NA,C,02,0,0,1,0,0,0,0,0,1,-,-,34.07032,-118.2623,LOS ANGELES,LOS ANGELES,-118.26209357,34.07010054
6622880,2014,2014-09-25,1942,2014-08-04,1835,37073,2023,1,5,7,1942,0,0,0,NA,0,20A14,OXFORD AV,4TH ST,0,NA,Y,A,-,N,NA,NA,NA,NA,NA,NA,NA,NA,NA,N,4,0,1,2,A,-,05,21650,1,N,H,G,A,A,H,-,A,A,0,NA,Y,NA,NA,Y,NA,L,04,0,0,1,0,0,0,1,0,0,-,-,NA,NA,LOS ANGELES,LOS ANGELES,-118.3078401,34.06714003
6622897,2014,2015-05-01,1906,2014-08-06,1355,H406,WESTC,3,5,5,1906,0,0,0,NA,0,001,RAMONA AV,MERCED AV,5,W,N,A,-,N,NA,NA,NA,NA,NA,NA,NA,NA,NA,N,4,0,1,2,A,-,05,21650,NA,N,A,G,A,A,H,-,A,D,0,NA,Y,NA,NA,Y,NA,L,04,0,0,1,0,0,0,1,0,0,-,-,NA,NA,LOS ANGELES,BALDWIN PARK,-117.97315588,34.08387634
6622919,2014,2015-04-30,1900,2014-08-27,1420,488369,0458,3,5,6,1949,0,0,0,NA,0,45T1,166TH ST,CLARKDALE AV,0,NA,Y,A,-,N,NA,NA,NA,NA,NA,NA,NA,NA,NA,Y,4,0,1,3,A,-,09,21801,A,N,D,C,A,A,H,-,A,D,0,NA,NA,NA,NA,Y,NA,A,01,0,0,1,0,0,0,0,0,0,-,-,NA,NA,LOS ANGELES,NORWALK,-118.07974009,33.88038005
6622944,2014,2015-04-30,1900,2014-08-28,1328,464460,0456,4,5,6,1949,0,0,0,NA,0,45T1,HOPLAND ST,ARLEE AV,45,E,N,A,-,N,NA,NA,NA,NA,NA,NA,NA,NA,NA,N,4,0,1,2,A,-,21,22106,NA,N,D,C,A,A,H,-,A,D,0,NA,NA,NA,NA,Y,NA,A,01,0,0,1,0,0,0,0,0,0,-,-,NA,NA,LOS ANGELES,NORWALK,-118.08135204,33.89244
6622961,2014,2014-10-02,1900,2014-09-05,1048,442391,0462,5,5,4,1936,0,0,0,NA,0,46T1,LA MIRADA BL,TACUBA DR,0,NA,Y,A,-,N,NA,NA,NA,NA,NA,NA,NA,NA,NA,Y,4,0,2,2,A,-,-,NA,NA,N,A,C,A,A,H,-,A,A,0,NA,NA,NA,NA,Y,NA,A,01,0,0,2,0,0,0,0,0,0,-,-,NA,NA,LOS ANGELES,LA MIRADA,-118.01210001,33.91433008
6622963,2014,2014-10-01,1956,2014-09-07,1055,1252,03,7,5,5,1956,0,0,0,NA,0,001,PALOS VERDES BL,AVE H,50,E,N,A,-,N,NA,NA,NA,NA,NA,NA,NA,NA,NA,Y,4,0,1,1,C,-,18,NA,NA,N,A,I,A,A,H,-,A,D,0,NA,NA,NA,NA,Y,NA,-,-,0,0,1,0,0,0,0,0,0,-,-,NA,NA,LOS ANGELES,REDONDO BEACH,-118.38299269,33.81961101
6622964,2014,2014-10-01,1941,2014-09-05,0830,6016,NA,5,5,7,1941,0,0,0,NA,0,011,TEMPLE AV,ANAHEIM ST,0,NA,Y,A,-,N,NA,NA,NA,NA,NA,NA,NA,NA,NA,Y,4,0,2,2,D,-,00,NA,NA,N,D,C,A,A,H,-,A,A,0,NA,NA,NA,NA,Y,NA,-,-,0,0,2,0,0,0,0,0,0,-,-,NA,NA,LOS ANGELES,LONG BEACH,-118.15895007,33.78260007
6622967,2014,2016-06-16,1956,2014-09-05,2149,1268,20,5,5,5,1956,0,0,0,NA,0,002,RT 1,DIAMOND ST,0,NA,Y,A,-,Y,LA,7,1,-,-,19.941,I,5,N,N,3,0,1,2,A,-,11,21456,B,N,A,B,B,A,H,-,C,A,0,Y,NA,NA,NA,Y,NA,N,60,0,1,0,0,1,0,0,0,0,-,-,NA,NA,LOS ANGELES,REDONDO BEACH,-118.38725744,33.84497176
6622968,2014,2014-10-21,1941,2014-09-04,1847,5462,NA,4,5,7,1941,0,0,0,NA,0,NA,2ND ST,DWP RD,0,NA,Y,A,-,N,NA,NA,NA,NA,NA,NA,NA,NA,NA,Y,3,0,2,2,A,-,12,21453,A,N,D,C,A,A,H,-,A,A,0,NA,NA,Y,NA,Y,NA,C,NA,0,2,0,0,0,0,0,0,1,-,-,NA,NA,LOS ANGELES,LONG BEACH,NA,NA
6622973,2014,2016-01-12,1900,2014-09-09,0615,442391,0467,2,5,4,1936,0,0,0,NA,0,46T1,BEACH BL,HILLSBOROUGH DR,0,NA,Y,A,-,N,NA,NA,NA,NA,NA,NA,NA,NA,NA,N,4,0,1,2,A,-,10,21950,A,M,G,B,B,A,H,-,A,A,0,Y,NA,NA,NA,Y,NA,A,01,0,0,1,0,1,0,0,0,0,-,-,NA,NA,LOS ANGELES,LA MIRADA,-117.97793003,33.90861002
6622977,2014,2014-10-02,1900,2014-09-09,0650,442391,0465,2,5,4,1936,0,0,0,NA,0,46T1,LA MIRADA BL,EXCELSIOR DR,0,NA,Y,A,-,N,NA,NA,NA,NA,NA,NA,NA,NA,NA,Y,3,0,2,2,A,-,12,21453,A,N,D,C,A,A,H,-,A,A,0,NA,NA,NA,NA,Y,NA,A,01,0,2,0,0,0,0,0,0,0,-,-,NA,NA,LOS ANGELES,LA MIRADA,-118.00928003,33.89522009
6622981,2014,2014-10-02,1900,2014-09-08,1800,101944,0454,1,5,6,1949,0,0,0,NA,0,43T-11,NORWALK BL,ADOREE ST,124,S,N,A,-,N,NA,NA,NA,NA,NA,NA,NA,NA,NA,N,4,0,2,2,A,-,07,21658,A,N,B,C,A,A,H,-,A,A,0,NA,NA,NA,NA,Y,NA,A,01,0,0,2,0,0,0,0,0,0,-,-,NA,NA,LOS ANGELES,NORWALK,-118.07330627,33.91254179
6622987,2014,2014-10-01,1956,2014-09-05,1025,1236,2,5,5,5,1956,0,0,0,NA,0,001,AVE I,CATALINA AV,294,E,N,A,-,N,NA,NA,NA,NA,NA,NA,NA,NA,NA,N,4,0,3,2,A,-,21,22106,NA,N,C,C,A,A,H,-,A,D,0,NA,NA,NA,NA,Y,NA,A,01,0,0,3,0,0,0,0,0,0,-,-,NA,NA,LOS ANGELES,REDONDO BEACH,-118.38736306,33.81913896
6622992,2014,2014-10-01,1941,2014-09-07,1713,6280,NA,7,5,7,1941,0,0,0,NA,0,NA,10TH ST,PACIFIC AV,5,W,N,B,-,N,NA,NA,NA,NA,NA,NA,NA,NA,NA,Y,3,0,1,2,A,-,12,21453,A,N,G,B,A,A,H,-,A,A,0,NA,Y,NA,NA,Y,NA,A,NA,0,1,0,0,0,0,1,0,0,-,-,NA,NA,LOS ANGELES,LONG BEACH,-118.19374642,33.77898
6622995,2014,2014-10-01,1956,2014-09-04,1000,1257,54,4,5,5,1956,0,0,0,NA,0,005,RUHLAND AV,FELTON LN,0,NA,Y,A,-,N,NA,NA,NA,NA,NA,NA,NA,NA,NA,Y,3,0,1,3,A,-,09,21802,A,N,D,C,A,A,H,-,A,D,0,NA,NA,NA,NA,Y,NA,A,01,0,1,0,0,0,0,0,0,0,-,-,NA,NA,LOS ANGELES,REDONDO BEACH,-118.36434005,33.87567001
6622999,2014,2014-10-01,1956,2014-09-06,0016,1224,65,6,5,5,1956,0,0,0,NA,0,004,GIBSON PL,159TH ST,100,N,N,A,-,N,NA,NA,NA,NA,NA,NA,NA,NA,NA,Y,4,0,1,1,A,-,01,23152,A,N,E,I,A,A,H,-,C,D,0,NA,NA,NA,NA,Y,Y,A,01,0,0,1,0,0,0,0,0,0,-,-,NA,NA,LOS ANGELES,REDONDO BEACH,-118.36516301,33.88654427
6623015,2014,2014-10-17,1900,2014-09-06,1043,512429,0521,6,5,4,1971,0,0,0,NA,0,52T1AM,LONGDEN AV,MUSCATEL AV,0,NA,Y,A,-,N,NA,NA,NA,NA,NA,NA,NA,NA,NA,N,4,0,1,2,A,-,03,22350,NA,N,C,G,A,A,H,-,A,A,0,NA,Y,NA,NA,Y,NA,L,04,0,0,1,0,0,0,1,0,0,-,-,NA,NA,LOS ANGELES,TEMPLE CITY,-118.07733002,34.11353002
6623027,2014,2014-09-30,1900,2014-09-01,1900,478087,0521,1,5,4,1971,0,0,0,NA,0,53T1PM,CAMELLIA AV,GARIBALDI AV,525,N,N,A,-,N,NA,NA,NA,NA,NA,NA,NA,NA,NA,Y,4,0,1,2,A,-,09,21801,A,N,B,C,A,A,H,-,B,D,0,NA,NA,NA,NA,Y,NA,A,08,0,0,1,0,0,0,0,0,0,-,-,NA,NA,LOS ANGELES,TEMPLE CITY,-118.06047288,34.11186577
6623032,2014,2014-10-24,1942,2014-09-02,2100,31745,1253,2,5,7,1942,0,0,0,L,0,18T23,WESTERN AV,FLORENCE AV,2,S,N,A,-,N,NA,NA,NA,NA,NA,NA,NA,NA,NA,Y,4,0,1,1,A,-,03,22350,NA,M,A,I,A,A,H,-,C,A,0,NA,NA,NA,NA,Y,NA,A,01,0,0,1,0,0,0,0,0,0,-,-,NA,NA,LOS ANGELES,LOS ANGELES,-118.3089801,33.97456452
6623036,2014,2014-10-01,1900,2014-09-06,0845,535076,0643,6,5,6,1985,0,0,0,NA,0,064,SOLEDAD CANYON RD,COMMUTER WY,0,NA,Y,A,-,N,NA,NA,NA,NA,NA,NA,NA,NA,NA,N,4,0,1,2,A,-,12,21453,A,N,D,G,A,A,H,-,A,A,0,NA,Y,NA,NA,Y,NA,L,04,0,0,1,0,0,0,1,0,0,-,-,NA,NA,LOS ANGELES,SANTA CLARITA,-118.52603003,34.4158701
6623044,2014,2014-09-30,1928,2014-09-01,2006,310,520,1,5,5,1928,0,0,0,NA,0,0H3,ROSECRANS AV,PRAIRIE AV,170,E,N,A,-,N,NA,NA,NA,NA,NA,NA,NA,NA,NA,Y,4,0,1,3,A,-,17,22109,NA,N,C,D,A,A,H,-,C,D,0,NA,NA,NA,NA,Y,NA,-,NA,0,0,1,0,0,0,0,0,0,-,-,NA,NA,LOS ANGELES,HAWTHORNE,-118.34331083,33.90191
6623048,2014,2014-09-30,1928,2014-09-02,1206,216,519,2,5,5,1928,0,0,0,NA,0,003,CRENSHAW BL,139TH ST,15,N,N,A,-,N,NA,NA,NA,NA,NA,NA,NA,NA,NA,Y,4,0,1,3,A,-,09,21802,A,N,D,-,A,A,H,-,A,A,0,NA,NA,NA,NA,Y,NA,-,NA,0,0,1,0,0,0,0,0,0,-,-,NA,NA,LOS ANGELES,HAWTHORNE,-118.32653558,33.90558518
6623056,2014,2014-09-30,1928,2014-09-01,1544,386,512,1,5,5,1928,0,0,0,NA,0,004,147TH ST,OCEAN GATE AV,200,E,N,A,-,N,NA,NA,NA,NA,NA,NA,NA,NA,NA,N,4,0,1,2,B,-,22,NA,NA,M,B,B,D,A,H,-,A,D,0,Y,NA,NA,NA,Y,NA,N,60,0,0,1,0,1,0,0,0,0,-,-,NA,NA,LOS ANGELES,HAWTHORNE,-118.36644734,33.89784394
6623060,2014,2014-09-30,1928,2014-09-01,1837,372,516,1,5,5,1928,0,0,0,NA,0,003,PRAIRIE AV,142ND ST,50,S,N,A,-,N,NA,NA,NA,NA,NA,NA,NA,NA,NA,Y,3,0,1,2,A,-,03,22350,NA,N,C,E,A,A,H,-,A,A,0,NA,NA,NA,NA,Y,NA,A,01,0,1,0,0,0,0,0,0,0,-,-,NA,NA,LOS ANGELES,HAWTHORNE,-118.34386,33.90285286
6623076,2014,2014-10-06,1928,2014-09-02,2014,324,526,2,5,5,1928,0,0,0,NA,0,501,HAWTHORN BL,116TH ST,0,NA,Y,A,-,N,NA,NA,NA,NA,NA,NA,NA,NA,NA,Y,4,0,1,2,A,-,09,21800,A,N,D,C,A,-,H,-,C,A,0,NA,NA,Y,NA,Y,NA,A,07,0,0,1,0,0,0,0,0,1,-,-,NA,NA,LOS ANGELES,HAWTHORNE,-118.35272,33.92913
6623088,2014,2014-09-30,1928,2014-09-03,1212,386,520,3,5,5,1928,0,0,0,NA,0,003,ROSECRANS AV,YUKON AV,0,NA,Y,A,-,N,NA,NA,NA,NA,NA,NA,NA,NA,NA,Y,3,0,2,2,A,-,09,21801,A,N,D,C,A,A,H,-,A,A,0,NA,NA,NA,NA,Y,NA,A,01,0,1,1,0,0,0,0,0,0,-,-,NA,NA,LOS ANGELES,HAWTHORNE,-118.33523002,33.9019301
6623115,2014,2014-09-29,1942,2014-09-01,1750,37966,0884,1,5,7,1942,0,0,0,H,0,6T4W4,MIDVALE AV,PICO BL,427,N,N,A,-,N,NA,NA,NA,NA,NA,NA,NA,NA,NA,Y,3,0,3,3,A,-,01,23152,A,N,C,C,A,A,H,-,A,D,0,NA,NA,NA,NA,Y,Y,A,01,0,1,2,0,0,0,0,0,0,-,-,NA,NA,LOS ANGELES,LOS ANGELES,-118.43030926,34.04061613
6623127,2014,2014-09-25,1942,2014-08-18,1215,39192,1795,1,5,7,1942,0,0,0,Q,0,10T36W,ROSCOE BL,WHITE OAK AV,0,NA,Y,A,-,N,NA,NA,NA,NA,NA,NA,NA,NA,NA,Y,4,0,2,2,A,-,-,NA,NA,N,D,C,A,A,H,-,A,A,0,NA,NA,NA,NA,Y,NA,-,-,0,0,2,0,0,0,0,0,0,-,-,NA,NA,LOS ANGELES,LOS ANGELES,-118.51863002,34.22100006
6623156,2014,2016-06-06,1900,2014-08-30,1540,526915,531,6,5,5,1959,0,0,0,NA,0,53T1PM,VALLEY BL,RT 164,14,E,N,A,-,Y,LA,7,164,-,-,6.224,I,6,N,Y,4,0,1,2,A,-,03,22350,NA,N,C,C,A,A,H,-,A,A,0,NA,NA,NA,NA,Y,NA,A,08,0,0,1,0,0,0,0,0,0,-,-,NA,NA,LOS ANGELES,ROSEMEAD,-118.07313738,34.08091501
6623164,2014,2014-09-29,1900,2014-08-23,1640,524194,562,6,5,3,1968,0,0,0,NA,0,55T1PM,TYLER AV,RUSH ST,21,N,N,A,-,N,NA,NA,NA,NA,NA,NA,NA,NA,NA,Y,3,0,2,2,A,-,03,22350,NA,N,C,C,A,A,H,-,A,A,0,NA,NA,NA,NA,Y,NA,A,01,0,1,1,0,0,0,0,0,0,-,-,NA,NA,LOS ANGELES,SOUTH EL MONTE,-118.03685272,34.05166203
6623175,2014,2014-09-23,1928,2014-08-09,1455,310,511,6,5,5,1928,0,0,0,NA,0,504,135TH ST,CERISE AV E,0,NA,Y,A,-,N,NA,NA,NA,NA,NA,NA,NA,NA,NA,Y,4,0,2,2,A,-,09,21802,NA,N,D,C,A,A,H,-,A,A,0,NA,NA,NA,NA,Y,Y,A,01,0,0,2,0,0,0,0,0,0,-,-,NA,NA,LOS ANGELES,HAWTHORNE,-118.33302008,33.90919011
6623199,2014,2014-09-23,1900,2014-08-20,1029,517838,251,3,5,4,1945,0,0,0,NA,0,28T,SLAUSON AV,WOODLAWN AV,132,E,N,A,-,N,NA,NA,NA,NA,NA,NA,NA,NA,NA,N,4,0,1,2,A,-,03,22350,NA,N,C,C,A,A,H,-,A,A,0,NA,NA,NA,NA,Y,NA,A,01,0,0,1,0,0,0,0,0,0,-,-,NA,NA,LOS ANGELES,MAYWOOD,-118.17611882,33.98620508
6623208,2014,2014-10-01,1928,2014-09-05,1859,385,506,5,5,5,1928,0,0,0,NA,0,H501,INGLEWOOD AV,IMPERIAL HWY,0,NA,Y,A,-,N,NA,NA,NA,NA,NA,NA,NA,NA,NA,Y,4,0,2,2,A,-,09,21801,A,F,D,C,A,A,H,-,A,A,0,NA,NA,NA,NA,Y,NA,A,01,0,0,2,0,0,0,0,0,0,-,-,NA,NA,LOS ANGELES,HAWTHORNE,-118.36135004,33.93093003
6623212,2014,2014-10-01,1928,2014-09-05,2205,387,H518,5,5,5,1928,0,0,0,NA,0,503,135TH ST,YUKON AV,0,NA,Y,A,-,N,NA,NA,NA,NA,NA,NA,NA,NA,NA,Y,3,0,3,3,A,-,03,22350,NA,N,C,C,A,A,H,-,C,A,0,NA,NA,NA,NA,Y,NA,B,01,0,1,2,0,0,0,0,0,0,-,-,NA,NA,LOS ANGELES,HAWTHORNE,-118.33521006,33.90917012
6623216,2014,2014-10-01,1928,2014-09-03,1615,388,NA,3,5,5,1928,0,0,0,NA,0,NA,AVIATION BL,EL SEGUNDO BL,0,NA,Y,A,-,N,NA,NA,NA,NA,NA,NA,NA,NA,NA,N,4,0,1,3,A,-,04,21703,NA,N,C,-,A,A,H,-,A,A,0,NA,NA,NA,NA,Y,NA,A,01,0,0,1,0,0,0,0,0,0,-,-,NA,NA,LOS ANGELES,HAWTHORNE,-118.37844002,33.91629
6623218,2014,2014-09-22,1973,2014-07-28,1530,562,SENOR,1,5,1,1973,0,0,0,NA,0,001,VERNON AV,SANTA FE AV,0,NA,Y,A,-,N,NA,NA,NA,NA,NA,NA,NA,NA,NA,N,3,0,1,2,A,-,05,21650,1,N,H,G,A,A,H,-,A,A,0,NA,Y,NA,NA,Y,NA,L,04,0,1,0,0,0,0,1,0,0,-,-,NA,NA,LOS ANGELES,VERNON,-118.23025001,34.00522003
6623230,2014,2014-09-22,1900,2014-07-28,1625,411983,1419,1,5,1,1932,0,0,0,NA,0,141T6,SAN JOSE AV,NOGALES ST,0,NA,Y,A,-,N,NA,NA,NA,NA,NA,NA,NA,NA,NA,Y,4,0,1,2,A,-,09,21801,A,N,D,C,A,A,D,-,A,A,0,NA,NA,NA,NA,Y,NA,A,08,0,0,1,0,0,0,0,0,0,-,-,NA,NA,LOS ANGELES,INDUSTRY,-117.88808008,33.99943004
6623232,2014,2014-10-01,1965,2014-09-06,0921,3816,0B2E,6,5,5,1965,0,0,0,NA,0,B002,CLOVERFIELD BL,KANSAS AV,38,N,N,A,-,N,NA,NA,NA,NA,NA,NA,NA,NA,NA,Y,4,0,2,2,A,-,08,22100,B,N,D,C,A,A,E,-,A,D,0,NA,NA,NA,NA,Y,NA,A,08,0,0,2,0,0,0,0,0,0,-,-,NA,NA,LOS ANGELES,SANTA MONICA,-118.4664776,34.02215446
6623234,2014,2014-09-22,1900,2014-07-19,1016,294011,2111,6,5,5,1943,0,0,0,NA,0,212T4,ALAMEDA ST,MARTIN LUTHER KING BL,0,NA,Y,A,-,N,NA,NA,NA,NA,NA,NA,NA,NA,NA,Y,4,0,2,2,A,-,12,21453,A,N,D,C,A,A,H,-,A,A,0,NA,NA,NA,NA,Y,NA,A,01,0,0,2,0,0,0,0,0,0,-,-,NA,NA,LOS ANGELES,LYNWOOD,-118.22656006,33.93820001
6623236,2014,2014-10-01,1928,2014-09-08,1320,341,H514,1,5,5,1928,0,0,0,NA,0,504,137TH ST,RAMONA AV,300,W,N,A,-,N,NA,NA,NA,NA,NA,NA,NA,NA,NA,N,4,0,1,2,A,-,21,22106,NA,N,D,C,A,A,H,-,A,D,0,NA,NA,NA,NA,Y,NA,B,01,0,0,1,0,0,0,0,0,0,-,-,NA,NA,LOS ANGELES,HAWTHORNE,-118.35819667,33.90792396
6623237,2014,2014-09-24,1942,2014-06-25,0800,139546,1401,3,5,7,1942,0,0,0,N,0,14T47W,OCEAN PARK BL,BUNDY DR,0,NA,Y,A,-,N,NA,NA,NA,NA,NA,NA,NA,NA,NA,Y,4,0,2,3,A,-,09,21801,A,N,D,C,A,A,H,-,A,A,0,NA,NA,NA,NA,Y,NA,A,01,0,0,2,0,0,0,0,0,0,-,-,NA,NA,LOS ANGELES,LOS ANGELES,-118.44632001,34.02447006
6623240,2014,2014-10-01,1928,2014-09-09,1643,324,517,2,5,5,1928,0,0,0,NA,0,503,ROSELLE AV,130TH ST W,0,NA,Y,A,-,N,NA,NA,NA,NA,NA,NA,NA,NA,NA,Y,4,0,1,2,A,-,09,21800,A,N,D,C,A,A,H,-,A,A,0,NA,NA,NA,NA,Y,NA,A,01,0,0,1,0,0,0,0,0,0,-,-,NA,NA,LOS ANGELES,HAWTHORNE,-118.34282005,33.91459009
6623241,2014,2014-09-24,1942,2014-06-25,0110,37613,1441,3,5,7,1942,0,0,0,N,0,14T47,ABBOTT KINNEY,VENICE,10,N,N,A,-,N,NA,NA,NA,NA,NA,NA,NA,NA,NA,N,4,0,1,3,A,-,03,22350,NA,F,C,B,E,A,H,-,C,D,0,Y,NA,NA,NA,Y,NA,-,99,0,0,1,0,1,0,0,0,0,-,-,NA,NA,LOS ANGELES,LOS ANGELES,-118.46258596,33.98913688
6623244,2014,2014-10-01,1928,2014-09-09,2055,364,529,2,5,5,1928,0,0,0,NA,0,502,EL SEGUNDO BL,VAN NESS AV,5,W,N,A,-,N,NA,NA,NA,NA,NA,NA,NA,NA,NA,N,4,0,2,2,A,-,03,22350,NA,F,C,C,A,A,H,-,C,A,0,NA,NA,NA,NA,Y,NA,-,99,0,0,2,0,0,0,0,0,0,-,-,NA,NA,LOS ANGELES,HAWTHORNE,-118.31785645,33.91646
6623258,2014,2014-09-22,1900,2014-07-25,1508,524189,2116,5,5,5,1943,0,0,0,NA,0,212B1,ALAMEDA ST,IMPERIAL HWY,190,NA,N,A,-,N,NA,NA,NA,NA,NA,NA,NA,NA,NA,N,4,0,2,3,A,-,03,22350,NA,N,C,C,A,A,H,-,A,A,0,NA,NA,NA,NA,Y,NA,A,01,0,0,2,0,0,0,0,0,0,-,-,NA,NA,LOS ANGELES,LYNWOOD,-118.22522012,33.92997012