CASE_ID,ACCIDENT_YEAR,PROC_DATE,JURIS,COLLISION_DATE,COLLISION_TIME,OFFICER_ID,REPORTING_DISTRICT,DAY_OF_WEEK,CHP_SHIFT,POPULATION,CNTY_CITY_LOC,SPECIAL_COND,BEAT_TYPE,CHP_BEAT_TYPE,CITY_DIVISION_LAPD,CHP_BEAT_CLASS,BEAT_NUMBER,PRIMARY_RD,SECONDARY_RD,DISTANCE,DIRECTION,INTERSECTION,WEATHER_1,WEATHER_2,STATE_HWY_IND,CALTRANS_COUNTY,CALTRANS_DISTRICT,STATE_ROUTE,ROUTE_SUFFIX,POSTMILE_PREFIX,POSTMILE,LOCATION_TYPE,RAMP_INTERSECTION,SIDE_OF_HWY,TOW_AWAY,COLLISION_SEVERITY,NUMBER_KILLED,NUMBER_INJURED,PARTY_COUNT,PRIMARY_COLL_FACTOR,PCF_CODE_OF_VIOL,PCF_VIOL_CATEGORY,PCF_VIOLATION,PCF_VIOL_SUBSECTION,HIT_AND_RUN,TYPE_OF_COLLISION,MVIW,PED_ACTION,ROAD_SURFACE,ROAD_COND_1,ROAD_COND_2,LIGHTING,CONTROL_DEVICE,CHP_ROAD_TYPE,PEDESTRIAN_ACCIDENT,BICYCLE_ACCIDENT,MOTORCYCLE_ACCIDENT,TRUCK_ACCIDENT,NOT_PRIVATE_PROPERTY,ALCOHOL_INVOLVED,STWD_VEHTYPE_AT_FAULT,CHP_VEHTYPE_AT_FAULT,COUNT_SEVERE_INJ,COUNT_VISIBLE_INJ,COUNT_COMPLAINT_PAIN,COUNT_PED_KILLED,COUNT_PED_INJURED,COUNT_BICYCLIST_KILLED,COUNT_BICYCLIST_INJURED,COUNT_MC_KILLED,COUNT_MC_INJURED,PRIMARY_RAMP,SECONDARY_RAMP,LATITUDE,LONGITUDE,COUNTY,CITY,POINT_X,POINT_Y
6623264,2014,2014-10-01,1956,2014-09-08,1117,1292,45,1,5,5,1956,0,0,0,NA,0,003,MEYER LN,190TH ST,0,NA,Y,B,-,N,NA,NA,NA,NA,NA,NA,NA,NA,NA,N,4,0,1,2,A,-,10,21950,A,N,G,B,B,A,H,-,A,A,0,Y,NA,NA,NA,Y,NA,A,01,0,0,1,0,1,0,0,0,0,-,-,NA,NA,LOS ANGELES,REDONDO BEACH,-118.36990003,33.8582601
6623272,2014,2015-03-09,1956,2014-09-10,0421,1206,14,3,5,5,1956,0,0,0,NA,0,001,TORRANCE BL,TORRANCE BL 600,0,NA,Y,A,-,N,NA,NA,NA,NA,NA,NA,NA,NA,NA,Y,2,0,2,1,A,-,-,NA,NA,N,E,I,A,A,H,-,C,D,0,NA,NA,Y,NA,Y,NA,C,02,1,1,0,0,0,0,0,0,2,-,-,NA,NA,LOS ANGELES,REDONDO BEACH,-118.381705,33.837701
6623276,2014,2014-10-01,1956,2014-09-10,1237,1257,02,3,5,5,1956,0,0,0,NA,0,001,AV I,CATALINA AV,327,E,N,A,-,N,NA,NA,NA,NA,NA,NA,NA,NA,NA,Y,3,0,2,2,A,-,21,22106,NA,N,C,C,A,A,H,-,A,D,0,NA,NA,NA,NA,Y,NA,A,07,0,1,1,0,0,0,0,0,0,-,-,NA,NA,LOS ANGELES,REDONDO BEACH,-118.38725564,33.8191265
6623284,2014,2016-04-21,1942,2014-06-30,1810,25609,0517,1,5,7,1942,0,0,0,E,0,5L90W2,PACIFIC COAST HWY,EUBANK AV,0,NA,Y,A,-,Y,LA,7,1,-,-,10.123,I,5,S,N,3,0,1,2,A,-,12,21453,A,F,D,G,A,A,H,-,A,A,0,NA,Y,NA,NA,Y,NA,-,99,0,1,0,0,0,0,1,0,0,-,-,NA,NA,LOS ANGELES,LOS ANGELES,-118.25623055,33.7915402
6623296,2014,2014-09-24,9525,2014-06-26,2204,020499,NA,4,3,9,1900,0,3,5,NA,2,001,SANTA ANITA AV,FREER ST,0,NA,Y,A,-,N,NA,NA,NA,NA,NA,NA,NA,NA,NA,Y,2,0,1,2,A,-,09,21801,A,N,D,C,A,A,H,-,C,A,0,NA,NA,Y,NA,Y,NA,A,01,1,0,0,0,0,0,0,0,1,-,-,34.10031,-118.02909,LOS ANGELES,UNINCORPORATED,-118.02927013,34.10044011
6623304,2014,2014-09-24,1942,2014-06-30,0725,38920,0519,1,5,7,1942,0,0,0,E,0,5A25,ALAMEDA ST,ROBIDOUX ST,0,NA,Y,A,-,N,NA,NA,NA,NA,NA,NA,NA,NA,NA,Y,4,0,1,2,A,-,03,22350,NA,N,C,C,A,A,H,-,A,-,0,NA,NA,NA,NA,Y,NA,A,07,0,0,1,0,0,0,0,0,0,-,-,NA,NA,LOS ANGELES,LOS ANGELES,-118.2418501,33.78870008
6623308,2014,2014-09-24,1942,2014-06-27,0830,38866,0669,5,5,7,1942,0,0,0,F,0,6A79,FOUNTAIN AV,N GOWER ST,0,NA,Y,A,-,N,NA,NA,NA,NA,NA,NA,NA,NA,NA,N,4,0,1,3,A,-,12,21453,A,N,D,C,A,A,H,-,A,A,0,NA,NA,NA,NA,Y,NA,A,01,0,0,1,0,0,0,0,0,0,-,-,NA,NA,LOS ANGELES,LOS ANGELES,-118.32229009,34.0943801
6623320,2014,2014-09-24,1972,2014-06-14,2117,19767,NA,6,5,6,1972,0,0,0,NA,0,NA,CRENSHAW BL,229TH ST,0,NA,Y,A,-,N,NA,NA,NA,NA,NA,NA,NA,NA,NA,Y,3,0,3,2,A,-,01,23153,A,N,A,C,A,A,H,-,C,D,0,NA,NA,NA,NA,Y,Y,A,NA,0,1,2,0,0,0,0,0,0,-,-,NA,NA,LOS ANGELES,TORRANCE,-118.32804012,33.81857002
6623324,2014,2014-09-24,1972,2014-06-24,2016,18192,NA,2,5,6,1972,0,0,0,NA,0,NA,ROSLIN,SPENCER,40,N,N,A,-,N,NA,NA,NA,NA,NA,NA,NA,NA,NA,Y,4,0,1,2,A,-,08,22107,NA,N,A,G,A,A,H,-,B,D,0,NA,Y,NA,NA,Y,NA,L,NA,0,0,1,0,0,0,1,0,0,-,-,NA,NA,LOS ANGELES,TORRANCE,-118.35115,33.84509971
6623347,2014,2014-09-22,1942,2014-05-29,0945,38310,1401,4,5,7,1942,0,0,0,N,0,0945,OCEAN PARK AV,CENTINELLA AV,0,NA,Y,A,-,N,NA,NA,NA,NA,NA,NA,NA,NA,NA,N,3,0,1,2,A,-,08,22107,NA,F,D,G,A,A,H,-,A,A,0,NA,Y,NA,NA,Y,NA,-,99,0,1,0,0,0,0,1,0,0,-,-,NA,NA,LOS ANGELES,LOS ANGELES,-118.44878004,34.02313001
6623351,2014,2014-09-22,1942,2014-05-31,2300,41195,1456,6,5,7,1942,0,0,0,N,0,14A76,INGLEWOOD BL,AVON WY,0,NA,Y,A,-,N,NA,NA,NA,NA,NA,NA,NA,NA,NA,N,3,0,2,3,A,-,21,22106,NA,M,C,C,A,A,H,-,C,D,0,NA,NA,NA,NA,Y,NA,A,01,0,1,1,0,0,0,0,0,0,-,-,NA,NA,LOS ANGELES,LOS ANGELES,-118.41897004,33.99560006
6623355,2014,2014-09-22,1942,2014-05-08,1545,24517,1469,4,5,7,1942,0,0,0,N,0,7TL38,LATIJERA BL,ALVERN ST,300,S,N,A,-,N,NA,NA,NA,NA,NA,NA,NA,NA,NA,N,4,0,1,2,A,-,-,NA,NA,F,C,C,A,A,G,-,A,D,0,NA,NA,NA,NA,Y,NA,-,99,0,0,1,0,0,0,0,0,0,-,-,NA,NA,LOS ANGELES,LOS ANGELES,-118.37504469,33.97443909
6623359,2014,2014-09-22,1942,2014-05-11,1210,32785,1412,7,5,7,1942,0,0,0,N,0,14TL47,ABBOTT KINNEY BL,ANDALUSIA AV,20,S,N,A,-,N,NA,NA,NA,NA,NA,NA,NA,NA,NA,Y,4,0,1,2,A,-,07,21658,A,F,B,C,A,A,H,-,A,A,0,NA,NA,NA,NA,Y,NA,-,99,0,0,1,0,0,0,0,0,0,-,-,NA,NA,LOS ANGELES,LOS ANGELES,-118.4669972,33.99090347
6623489,2014,2014-10-03,1900,2014-07-15,1245,273559,1349,2,5,3,1903,0,0,0,NA,0,134A,NORWALK BL,185TH ST,0,NA,Y,A,-,N,NA,NA,NA,NA,NA,NA,NA,NA,NA,Y,4,0,1,4,A,-,04,21703,NA,N,C,C,A,A,H,-,A,D,0,NA,NA,NA,NA,Y,NA,A,01,0,0,1,0,0,0,0,0,0,-,-,NA,NA,LOS ANGELES,ARTESIA,-118.07243011,33.86388002
6623597,2014,2014-09-24,1900,2014-07-17,1945,524069,1363,4,5,5,1952,0,0,0,NA,0,136T1,SOMERSET BL,ORANGE AV,19,E,N,A,-,N,NA,NA,NA,NA,NA,NA,NA,NA,NA,Y,2,0,1,2,A,-,11,21461,5,N,G,B,B,A,H,-,C,A,0,Y,NA,NA,NA,Y,NA,N,60,1,0,0,0,1,0,0,0,0,-,-,NA,NA,LOS ANGELES,PARAMOUNT,-118.17745753,33.89637112
6623842,2014,2014-09-23,1942,2014-07-15,1920,36553,2055,2,5,7,1942,0,0,0,NA,0,20T59,MARIPOSA AV,12TH ST,200,S,N,A,-,N,NA,NA,NA,NA,NA,NA,NA,NA,NA,Y,4,0,1,3,A,-,03,22350,NA,N,D,C,A,A,H,-,A,D,0,NA,NA,NA,NA,Y,NA,A,07,0,0,1,0,0,0,0,0,0,-,-,NA,NA,LOS ANGELES,LOS ANGELES,-118.29893,34.04853149
6623843,2014,2014-09-29,1942,2014-07-12,2320,35643,0833,6,5,7,1942,0,0,0,H,0,8A34,GAYLEY AV,WILSHIRE BL,0,NA,Y,A,-,N,NA,NA,NA,NA,NA,NA,NA,NA,NA,N,3,0,1,2,A,-,10,21950,A,N,G,B,B,A,H,-,C,A,0,Y,NA,NA,NA,Y,NA,A,01,0,1,0,0,1,0,0,0,0,-,-,NA,NA,LOS ANGELES,LOS ANGELES,-118.44552001,34.05833005
6623844,2014,2014-09-23,1900,2014-07-11,1800,524069,1368,5,5,5,1952,0,0,0,NA,0,136T1,ALONDRA BL,DOWNEY AV,65,W,N,A,-,N,NA,NA,NA,NA,NA,NA,NA,NA,NA,N,3,0,1,2,A,-,04,21703,NA,M,C,G,A,A,H,-,A,A,0,NA,Y,NA,NA,Y,NA,-,NA,0,1,0,0,0,0,1,0,0,-,-,NA,NA,LOS ANGELES,PARAMOUNT,-118.15167369,33.88928666
6623845,2014,2016-03-01,9575,2014-09-07,0110,019931,NA,7,3,9,1900,0,3,5,NA,2,002,GLENVIEW TER,MENDOCINO LN,173,S,N,A,-,N,NA,NA,NA,NA,NA,NA,NA,NA,NA,Y,2,0,1,1,A,-,01,23152,A,N,E,I,A,A,H,-,C,D,0,NA,NA,NA,NA,Y,Y,D,22,1,0,0,0,0,0,0,0,0,-,-,34.11155,-118.06624,LOS ANGELES,UNINCORPORATED,-118.11011729,34.1856741
6623846,2014,2014-09-24,1942,2014-07-02,2045,40315,2027,3,5,7,1942,0,0,0,NA,0,8T35,6TH ST,CATALINA ST,7,W,N,A,-,N,NA,NA,NA,NA,NA,NA,NA,NA,NA,N,4,0,1,2,A,-,03,22350,NA,N,C,C,A,A,H,-,C,D,0,NA,NA,NA,NA,Y,NA,A,01,0,0,1,0,0,0,0,0,0,-,-,NA,NA,LOS ANGELES,LOS ANGELES,-118.29539307,34.06360982
6623847,2014,2014-09-29,1942,2014-07-18,0245,39748,0836,5,5,7,1942,0,0,0,H,0,8A53,SANTA MONICA BL,THAYER AV,155,W,N,A,-,N,NA,NA,NA,NA,NA,NA,NA,NA,NA,Y,4,0,1,1,A,-,03,22350,NA,N,A,J,A,A,H,-,C,D,0,NA,NA,NA,NA,Y,NA,A,01,0,0,1,0,0,0,0,0,0,-,-,NA,NA,LOS ANGELES,LOS ANGELES,-118.42734712,34.05537425
6623848,2014,2014-09-23,1900,2014-07-11,1850,438096,1349,5,5,3,1903,0,0,0,NA,0,132T1,186TH ST,HORST AV,45,W,N,A,-,N,NA,NA,NA,NA,NA,NA,NA,NA,NA,N,4,0,1,2,A,-,17,22517,NA,N,D,G,A,A,H,-,A,D,0,NA,Y,NA,NA,Y,NA,A,NA,0,0,1,0,0,0,1,0,0,-,-,NA,NA,LOS ANGELES,ARTESIA,-118.0747779,33.86284858
6623850,2014,2014-09-29,1942,2014-07-06,1550,37966,2069,7,5,7,1942,0,0,0,NA,0,6TL2,OLYMPIC BL,WESTMORELAND AV,0,NA,Y,A,-,N,NA,NA,NA,NA,NA,NA,NA,NA,NA,Y,3,0,3,2,A,-,12,21453,A,N,D,C,A,A,H,-,A,A,0,NA,NA,NA,NA,Y,NA,-,-,0,1,2,0,0,0,0,0,0,-,-,NA,NA,LOS ANGELES,LOS ANGELES,-118.28909013,34.05241012
6623852,2014,2014-09-23,1900,2014-07-16,1852,524069,1365,3,5,5,1952,0,0,0,NA,0,136T1,PARAMOUNT BL,ROSECRANS AV,19,NA,N,A,-,N,NA,NA,NA,NA,NA,NA,NA,NA,NA,N,4,0,1,2,A,-,10,21950,A,N,G,B,B,A,H,-,A,A,0,Y,NA,NA,NA,Y,NA,A,NA,0,0,1,0,1,0,0,0,0,-,-,NA,NA,LOS ANGELES,PARAMOUNT,-118.16024011,33.90375008
6623854,2014,2014-09-24,1942,2014-07-23,2115,39299,2027,3,5,7,1942,0,0,0,NA,0,6T7,WILSHIRE BL,NEW HAMPSHIRE AV,0,NA,Y,A,-,N,NA,NA,NA,NA,NA,NA,NA,NA,NA,Y,3,0,6,2,A,-,09,21801,A,N,A,C,A,A,H,-,C,A,0,NA,NA,NA,NA,Y,Y,A,07,0,2,4,0,0,0,0,0,0,-,-,NA,NA,LOS ANGELES,LOS ANGELES,-118.29290009,34.06179008
6623855,2014,2014-09-29,1942,2014-07-27,1010,34959,0899,7,5,7,1942,0,0,0,H,0,20T55,VENICE BL,NATIONAL BL,0,NA,Y,B,-,N,NA,NA,NA,NA,NA,NA,NA,NA,NA,Y,3,0,4,2,A,-,12,21453,A,N,D,C,A,A,D,-,A,A,0,NA,NA,NA,NA,Y,NA,A,01,0,1,3,0,0,0,0,0,0,-,-,NA,NA,LOS ANGELES,LOS ANGELES,-118.38830011,34.02942012
6623856,2014,2014-09-23,1900,2014-07-15,1601,523746,1368,2,5,5,1952,0,0,0,NA,0,0PM,ALONDA BL,COLORADO AV,0,NA,Y,A,-,N,NA,NA,NA,NA,NA,NA,NA,NA,NA,Y,4,0,1,2,A,-,09,21801,A,N,A,C,A,A,H,-,A,A,0,NA,NA,NA,NA,Y,NA,A,01,0,0,1,0,0,0,0,0,0,-,-,NA,NA,LOS ANGELES,PARAMOUNT,-118.16146001,33.88924007
6623858,2014,2014-09-24,1942,2014-07-04,1605,32565,2011,5,5,7,1942,0,0,0,NA,0,20TL56,3RD ST,OXFORD AV,0,NA,Y,A,-,N,NA,NA,NA,NA,NA,NA,NA,NA,NA,N,4,0,1,2,A,-,12,21453,A,N,-,C,A,A,H,-,A,A,0,NA,NA,NA,NA,Y,NA,A,01,0,0,1,0,0,0,0,0,0,-,-,NA,NA,LOS ANGELES,LOS ANGELES,-118.30789004,34.06898003
6623859,2014,2014-09-29,1942,2014-07-14,1650,36256,0819,1,5,7,1942,0,0,0,H,0,8A34,SUNSET BL,CHARING CROSS RD,0,NA,Y,A,-,N,NA,NA,NA,NA,NA,NA,NA,NA,NA,Y,3,0,1,2,A,-,03,22350,NA,N,D,C,A,B,H,-,A,D,0,NA,NA,NA,NA,Y,NA,A,01,0,1,0,0,0,0,0,0,0,-,-,NA,NA,LOS ANGELES,LOS ANGELES,-118.42987013,34.07933003
6623860,2014,2014-09-29,1900,2014-07-15,1717,523746,1368,2,5,5,1952,0,0,0,NA,0,0PM,DOWNEY AV,SOMERSET BL,150,N,N,B,-,N,NA,NA,NA,NA,NA,NA,NA,NA,NA,N,4,0,1,2,A,-,05,21202,A,N,H,G,A,A,H,-,A,D,0,NA,Y,NA,NA,Y,NA,L,04,0,0,1,0,0,0,1,0,0,-,-,NA,NA,LOS ANGELES,PARAMOUNT,-118.15150236,33.89692133
6623861,2014,2016-06-04,9575,2014-09-02,1535,20484,NA,2,2,7,1942,0,1,1,NA,2,052,RT 5,SHELDON ST,800,S,N,A,-,Y,LA,7,5,-,-,35.85,H,-,N,Y,2,0,2,3,A,-,03,22350,NA,N,C,C,A,A,H,-,A,D,1,NA,NA,NA,NA,Y,NA,A,01,1,1,0,0,0,0,0,0,0,-,-,34.2292,-118.39359,LOS ANGELES,LOS ANGELES,-118.40170346,34.23131882
6623862,2014,2014-09-23,1942,2014-07-15,1140,38310,2036,2,5,7,1942,0,0,0,NA,0,8TL35,8TH ST,VERMONT AV,28,E,N,A,-,N,NA,NA,NA,NA,NA,NA,NA,NA,NA,N,4,0,1,4,A,-,03,22350,NA,N,C,C,A,-,H,-,A,A,0,NA,NA,NA,NA,Y,NA,A,01,0,0,1,0,0,0,0,0,0,-,-,NA,NA,LOS ANGELES,LOS ANGELES,-118.29155774,34.05775928
6623863,2014,2014-09-29,1942,2014-07-12,1200,41355,848,6,5,7,1942,0,0,0,NA,0,8EL2,OLYMPIC BL,CENTURY PARK EAST,0,NA,Y,A,-,N,NA,NA,NA,NA,NA,NA,NA,NA,NA,N,3,0,1,2,A,-,03,22350,NA,N,D,C,A,A,H,-,A,A,0,NA,NA,NA,NA,Y,NA,A,01,0,1,0,0,0,0,0,0,0,-,-,NA,NA,LOS ANGELES,LOS ANGELES,-118.41194004,34.0584501
6623864,2014,2014-09-23,1900,2014-07-16,0854,526288,1337,3,5,5,1908,0,0,0,NA,0,133T1,BELLFLOWER BL,SOMERSET BL,63,S,N,B,-,N,NA,NA,NA,NA,NA,NA,NA,NA,NA,Y,3,0,2,2,A,-,09,21804,A,N,D,C,A,A,H,-,A,D,0,NA,NA,NA,NA,Y,NA,A,01,0,1,1,0,0,0,0,0,0,-,-,NA,NA,LOS ANGELES,BELLFLOWER,-118.12533,33.89641725
6623866,2014,2014-09-23,1942,2014-07-14,1215,32896,2042,1,5,7,1942,0,0,0,NA,0,14TL47,8TH ST,WILTON PL,50,N,N,A,-,N,NA,NA,NA,NA,NA,NA,NA,NA,NA,N,4,0,2,3,A,-,03,22350,NA,N,C,C,A,A,H,-,A,A,0,NA,NA,NA,NA,Y,NA,A,07,0,0,2,0,0,0,0,0,0,-,-,NA,NA,LOS ANGELES,LOS ANGELES,-118.31427,34.05805
6623867,2014,2014-09-29,1942,2014-07-25,1725,35643,0841,5,5,7,1942,0,0,0,H,0,8EL4,WILSHIRE BL,SALTAIR AV,0,NA,Y,A,-,N,NA,NA,NA,NA,NA,NA,NA,NA,NA,Y,4,0,1,2,A,-,08,22100,A,N,D,C,A,A,H,-,A,D,0,NA,NA,NA,NA,Y,NA,A,07,0,0,1,0,0,0,0,0,0,-,-,NA,NA,LOS ANGELES,LOS ANGELES,-118.46603003,34.04526009
6623868,2014,2014-09-23,1900,2014-07-28,1055,476816,1329,1,5,5,1935,0,0,0,NA,0,132T1,DEL AMO BL,LAKEWOOD BL,40,E,N,A,-,N,NA,NA,NA,NA,NA,NA,NA,NA,NA,N,4,0,1,2,A,-,01,23152,A,N,C,C,A,A,H,-,A,A,0,NA,NA,NA,NA,Y,Y,A,NA,0,0,1,0,0,0,0,0,0,-,-,NA,NA,LOS ANGELES,LAKEWOOD,-118.14278,33.84668
6623870,2014,2016-06-06,9575,2014-09-10,1515,18762,NA,3,2,9,1900,0,1,1,NA,2,062,RT 210,OCEAN VIEW BL,175,W,N,A,-,Y,LA,7,210,-,R,17.936,H,-,E,N,4,0,2,2,A,-,03,22350,NA,N,C,C,A,A,H,-,A,A,1,NA,NA,NA,NA,Y,NA,A,01,0,0,2,0,0,0,0,0,0,TO,-,34.21126,-118.22853,LOS ANGELES,UNINCORPORATED,-118.23217944,34.21384587
6623871,2014,2014-09-29,1942,2014-07-28,0725,40719,0828,1,5,7,1942,0,0,0,H,0,8A59,WILSHIRE BL,WARNER AV,0,NA,Y,A,-,N,NA,NA,NA,NA,NA,NA,NA,NA,NA,N,3,0,1,2,A,-,07,21658,A,N,H,A,A,A,H,-,A,A,0,NA,NA,Y,NA,Y,NA,A,01,0,1,0,0,0,0,0,0,1,-,-,NA,NA,LOS ANGELES,LOS ANGELES,-118.4321501,34.06429003
6623872,2014,2014-09-23,1900,2014-07-29,1930,539079,1331,2,5,5,1908,0,0,0,NA,0,133H,CLARK AV,HOBACK ST,0,NA,Y,A,-,N,NA,NA,NA,NA,NA,NA,NA,NA,NA,N,4,0,1,2,A,-,04,21703,NA,N,C,C,A,A,-,-,A,D,0,NA,NA,NA,NA,Y,NA,A,01,0,0,1,0,0,0,0,0,0,-,-,NA,NA,LOS ANGELES,BELLFLOWER,-118.1341201,33.90799007
6623875,2014,2014-09-29,1942,2014-07-30,1720,37966,0853,3,5,7,1942,0,0,0,H,0,6TL4,SAWTELLE BL,MISSOURI AV,0,NA,Y,A,-,N,NA,NA,NA,NA,NA,NA,NA,NA,NA,Y,4,0,2,2,A,-,09,21802,A,N,D,C,A,A,H,-,A,A,0,NA,NA,NA,NA,Y,NA,A,07,0,0,2,0,0,0,0,0,0,-,-,NA,NA,LOS ANGELES,LOS ANGELES,-118.44498008,34.04251009
6623876,2014,2014-09-23,1900,2014-07-16,1655,524069,1368,3,5,5,1952,0,0,0,NA,0,136T1,PARAMOUNT BL,1ST ST,80,N,N,A,-,N,NA,NA,NA,NA,NA,NA,NA,NA,NA,N,4,0,1,2,A,-,03,22350,NA,N,C,C,A,A,H,-,A,A,0,NA,NA,NA,NA,Y,NA,A,01,0,0,1,0,0,0,0,0,0,-,-,NA,NA,LOS ANGELES,PARAMOUNT,-118.16021244,33.89754937
6623879,2014,2014-09-29,1942,2014-07-29,1610,41175,0842,2,5,7,1942,0,0,0,H,0,8X48,WILSHIRE BL,STONER AV,0,NA,Y,A,-,N,NA,NA,NA,NA,NA,NA,NA,NA,NA,Y,3,0,1,2,A,-,09,21801,A,N,B,C,A,A,H,-,A,D,0,NA,NA,NA,NA,Y,NA,A,01,0,1,0,0,0,0,0,0,0,-,-,NA,NA,LOS ANGELES,LOS ANGELES,-118.46175008,34.04870011
6623880,2014,2014-09-23,1900,2014-07-31,1130,466331,1349,4,5,3,1903,0,0,0,NA,0,134A,183RD ST,CLARKDALE AV,0,NA,Y,A,-,N,NA,NA,NA,NA,NA,NA,NA,NA,NA,Y,4,0,1,2,A,-,09,21801,A,N,D,C,A,A,H,-,A,A,0,NA,NA,NA,NA,Y,NA,A,01,0,0,1,0,0,0,0,0,0,-,-,NA,NA,LOS ANGELES,ARTESIA,-118.07977011,33.86575009
6623883,2014,2014-09-30,1942,2014-07-28,1800,32576,881,1,5,7,1942,0,0,0,NA,0,8A95,MISSOURI AV,BUNDY DR,0,NA,Y,A,-,N,NA,NA,NA,NA,NA,NA,NA,NA,NA,N,3,0,1,2,A,-,09,21801,A,N,H,G,A,A,H,-,A,A,0,NA,Y,NA,NA,Y,NA,-,-,0,1,0,0,0,0,1,0,0,-,-,NA,NA,LOS ANGELES,LOS ANGELES,-118.4570701,34.03526007
6623884,2014,2014-09-23,1900,2014-07-11,0750,517860,1352,5,5,3,1927,0,0,0,NA,0,135A,CARSON ST,CLARKDALE AV,10,W,N,A,-,N,NA,NA,NA,NA,NA,NA,NA,NA,NA,Y,3,0,1,1,A,-,08,22107,NA,N,E,I,A,A,H,-,A,D,0,NA,NA,NA,NA,Y,NA,A,NA,0,1,0,0,0,0,0,0,0,-,-,NA,NA,LOS ANGELES,HAWAIIAN GARDENS,-118.08002286,33.83141
6623887,2014,2014-09-29,1942,2014-07-29,1355,41439,0815,2,5,7,1942,0,0,0,H,0,8A12,SEPULVEDA BL,MONTANA AV,0,NA,Y,A,-,N,NA,NA,NA,NA,NA,NA,NA,NA,NA,Y,3,0,2,2,A,-,12,21453,A,N,D,C,A,A,H,-,A,A,0,NA,NA,NA,NA,Y,NA,A,01,0,1,1,0,0,0,0,0,0,-,-,NA,NA,LOS ANGELES,LOS ANGELES,-118.46125013,34.06728006
6623888,2014,2016-01-12,1900,2014-07-26,1130,274533,1332,6,5,5,1908,0,0,0,NA,0,133T2,BELLFLOWER BL,MAPLEWOOD ST,324,S,N,A,-,N,NA,NA,NA,NA,NA,NA,NA,NA,NA,Y,4,0,4,2,A,-,03,22350,NA,N,C,C,A,A,H,-,A,D,0,NA,NA,NA,NA,Y,NA,A,01,0,0,4,0,0,0,0,0,0,-,-,NA,NA,LOS ANGELES,BELLFLOWER,-118.12533562,33.89946156
6623891,2014,2014-09-29,1942,2014-07-22,1820,41439,0818,2,5,7,1942,0,0,0,H,0,8A12,SUNSET BL,ROYCE DR,150,E,N,A,-,N,NA,NA,NA,NA,NA,NA,NA,NA,NA,N,3,0,1,1,A,-,03,22350,NA,N,H,A,A,A,H,-,B,D,0,NA,NA,Y,NA,Y,NA,C,02,0,1,0,0,0,0,0,0,1,-,-,NA,NA,LOS ANGELES,LOS ANGELES,-118.4423062,34.07747
6623892,2014,2014-09-23,1900,2014-07-27,1335,524505,1323,7,5,5,1935,0,0,0,NA,0,132D,CARSON ST,WATSON PLAZA DR,0,NA,Y,A,-,N,NA,NA,NA,NA,NA,NA,NA,NA,NA,Y,4,0,1,2,A,-,09,21801,A,N,D,C,A,A,H,-,A,A,0,NA,NA,NA,NA,Y,NA,A,01,0,0,1,0,0,0,0,0,0,-,-,NA,NA,LOS ANGELES,LAKEWOOD,-118.15513007,33.83234008
6623894,2014,2016-06-04,9575,2014-08-17,1320,20763,NA,7,1,7,1942,0,1,1,NA,2,053,RT 5,OSBORN ST,25,S,N,A,-,Y,LA,7,5,-,-,37.281,R,1,N,Y,4,0,2,3,A,-,03,22350,NA,N,C,C,A,A,H,-,A,D,1,NA,NA,NA,NA,Y,NA,D,22,0,0,2,0,0,0,0,0,0,-,-,34.24532,-118.42152,LOS ANGELES,LOS ANGELES,-118.42072108,34.24322538
6623895,2014,2014-09-29,1942,2014-07-01,1740,32297,2019,2,5,7,1942,0,0,0,NA,0,20A39,BEVERLY BL,WESTMORELAND AV,0,NA,Y,A,-,N,NA,NA,NA,NA,NA,NA,NA,NA,NA,N,3,0,1,2,A,-,11,21456,B,N,G,B,D,A,H,-,A,A,0,Y,NA,NA,NA,Y,NA,N,60,0,1,0,0,1,0,0,0,0,-,-,NA,NA,LOS ANGELES,LOS ANGELES,-118.28797009,34.07631005
6623896,2014,2016-01-12,1900,2014-07-29,1629,509582,19001,2,5,5,1935,0,0,0,NA,0,132T2,CENTRALIA ST,BLOOMFIELD AV,0,NA,Y,A,-,N,NA,NA,NA,NA,NA,NA,NA,NA,NA,Y,4,0,1,2,A,-,09,21801,A,N,A,C,A,A,H,-,A,A,0,NA,NA,NA,NA,Y,NA,A,NA,0,0,1,0,0,0,0,0,0,-,-,NA,NA,LOS ANGELES,LAKEWOOD,-118.06348008,33.83876005
6623899,2014,2014-09-29,1942,2014-07-15,1705,37073,2014,2,5,7,1942,0,0,0,NA,0,20A14,ARDMORE,BEVERLY,0,NA,Y,A,-,N,NA,NA,NA,NA,NA,NA,NA,NA,NA,N,4,0,1,2,A,-,09,21800,A,N,D,G,A,A,H,-,A,D,0,NA,Y,NA,NA,Y,NA,L,04,0,0,1,0,0,0,1,0,0,-,-,NA,NA,LOS ANGELES,LOS ANGELES,-118.3023301,34.07628007
6623903,2014,2014-09-29,1942,2014-07-23,1905,37573,0831,3,5,7,1942,0,0,0,H,0,14T47,WILSHIRE BL,ARMACOST,0,NA,Y,A,-,N,NA,NA,NA,NA,NA,NA,NA,NA,NA,Y,4,0,1,2,A,-,09,21801,A,N,D,C,A,A,H,-,A,D,0,NA,NA,NA,NA,Y,NA,A,01,0,0,1,0,0,0,0,0,0,-,-,NA,NA,LOS ANGELES,LOS ANGELES,-118.4643201,34.04663006