CASE_ID,ACCIDENT_YEAR,PROC_DATE,JURIS,COLLISION_DATE,COLLISION_TIME,OFFICER_ID,REPORTING_DISTRICT,DAY_OF_WEEK,CHP_SHIFT,POPULATION,CNTY_CITY_LOC,SPECIAL_COND,BEAT_TYPE,CHP_BEAT_TYPE,CITY_DIVISION_LAPD,CHP_BEAT_CLASS,BEAT_NUMBER,PRIMARY_RD,SECONDARY_RD,DISTANCE,DIRECTION,INTERSECTION,WEATHER_1,WEATHER_2,STATE_HWY_IND,CALTRANS_COUNTY,CALTRANS_DISTRICT,STATE_ROUTE,ROUTE_SUFFIX,POSTMILE_PREFIX,POSTMILE,LOCATION_TYPE,RAMP_INTERSECTION,SIDE_OF_HWY,TOW_AWAY,COLLISION_SEVERITY,NUMBER_KILLED,NUMBER_INJURED,PARTY_COUNT,PRIMARY_COLL_FACTOR,PCF_CODE_OF_VIOL,PCF_VIOL_CATEGORY,PCF_VIOLATION,PCF_VIOL_SUBSECTION,HIT_AND_RUN,TYPE_OF_COLLISION,MVIW,PED_ACTION,ROAD_SURFACE,ROAD_COND_1,ROAD_COND_2,LIGHTING,CONTROL_DEVICE,CHP_ROAD_TYPE,PEDESTRIAN_ACCIDENT,BICYCLE_ACCIDENT,MOTORCYCLE_ACCIDENT,TRUCK_ACCIDENT,NOT_PRIVATE_PROPERTY,ALCOHOL_INVOLVED,STWD_VEHTYPE_AT_FAULT,CHP_VEHTYPE_AT_FAULT,COUNT_SEVERE_INJ,COUNT_VISIBLE_INJ,COUNT_COMPLAINT_PAIN,COUNT_PED_KILLED,COUNT_PED_INJURED,COUNT_BICYCLIST_KILLED,COUNT_BICYCLIST_INJURED,COUNT_MC_KILLED,COUNT_MC_INJURED,PRIMARY_RAMP,SECONDARY_RAMP,LATITUDE,LONGITUDE,COUNTY,CITY,POINT_X,POINT_Y
6625584,2014,2016-06-06,9575,2014-08-26,1535,20438,NA,2,2,6,1953,0,1,1,NA,2,064,RT 210,SIERRA MADRE BL,300,W,N,A,-,Y,LA,7,210,-,R,28.4,H,-,E,Y,4,0,3,2,A,-,03,22350,NA,N,C,C,A,A,H,-,A,D,1,NA,NA,NA,NA,Y,NA,D,22,0,0,3,0,0,0,0,0,0,-,-,34.1524,-118.10051,LOS ANGELES,PASADENA,-118.09623653,34.15240124
6625592,2014,2016-06-06,9575,2014-08-26,1840,20172,NA,2,2,5,1902,0,1,1,NA,2,065,RT 210,SANTA ANITA AV,500,W,N,A,-,Y,LA,7,210,-,R,31.79,H,-,W,N,4,0,1,4,A,-,03,22350,NA,N,C,C,A,A,H,-,A,D,1,NA,NA,NA,NA,Y,NA,D,22,0,0,1,0,0,0,0,0,0,-,-,34.14945,-118.05012,LOS ANGELES,ARCADIA,-118.03348486,34.14824338
6625740,2014,2014-09-24,1900,2014-08-20,0745,434181,1264,3,5,3,1991,0,0,0,NA,0,121T1,FOOTHILL BL,DALERIDGE RD,528,E,N,A,-,N,NA,NA,NA,NA,NA,NA,NA,NA,NA,N,4,0,1,2,A,-,09,21804,A,N,D,C,A,A,H,-,A,D,0,NA,NA,NA,NA,Y,NA,-,NA,0,0,1,0,0,0,0,0,0,-,-,NA,NA,LOS ANGELES,LA CANADA-FLINTRIDGE,-118.18075,34.19549217
6625744,2014,2014-09-24,1900,2014-08-22,0921,434181,1264,5,5,3,1991,0,0,0,NA,0,121T1,ALTA CANYADA RD,FOOTHILL BL,61,S,N,A,-,N,NA,NA,NA,NA,NA,NA,NA,NA,NA,N,4,0,1,2,A,-,09,21804,A,N,C,C,A,A,H,-,A,D,0,NA,NA,NA,NA,Y,NA,A,07,0,0,1,0,0,0,0,0,0,-,-,NA,NA,LOS ANGELES,LA CANADA-FLINTRIDGE,-118.21152489,34.20947298
6625748,2014,2014-09-24,1900,2014-08-20,1150,434181,1264,3,5,3,1991,0,0,0,NA,0,121T1,FOOTHILL BL,DALERIDGE RD,122,W,N,A,-,N,NA,NA,NA,NA,NA,NA,NA,NA,NA,Y,4,0,1,2,A,-,08,22107,NA,N,B,C,A,A,H,-,A,D,0,NA,NA,NA,NA,Y,NA,-,NA,0,0,1,0,0,0,0,0,0,-,-,NA,NA,LOS ANGELES,LA CANADA-FLINTRIDGE,-118.18261498,34.19637249
6625760,2014,2014-09-24,1900,2014-08-16,1730,186723,1262,6,5,3,1991,0,0,0,NA,0,121T1,OAKWOOD AV,HOUSEMAN ST,0,NA,Y,A,-,N,NA,NA,NA,NA,NA,NA,NA,NA,NA,Y,4,0,1,2,A,-,09,21802,A,N,A,C,A,A,H,-,A,D,0,NA,NA,NA,NA,Y,NA,A,01,0,0,1,0,0,0,0,0,0,-,-,NA,NA,LOS ANGELES,LA CANADA-FLINTRIDGE,-118.19358012,34.20454
6625824,2014,2014-09-29,1900,2014-08-30,1236,542412,1121,6,5,6,1992,0,0,0,NA,0,111T2,10TH ST WEST,AVENUE H-14,0,NA,Y,A,-,N,NA,NA,NA,NA,NA,NA,NA,NA,NA,N,4,0,2,2,A,-,09,21801,A,N,D,C,A,A,H,-,A,D,0,NA,NA,NA,NA,Y,NA,A,01,0,0,2,0,0,0,0,0,0,-,-,NA,NA,LOS ANGELES,LANCASTER,-118.14817005,34.70560001
6625827,2014,2014-09-29,1912,2014-08-29,1742,12451,NA,5,5,6,1912,0,0,0,NA,0,NA,VICTORY BL,KEYSTONE ST,0,NA,Y,A,-,N,NA,NA,NA,NA,NA,NA,NA,NA,NA,N,4,0,1,2,A,-,09,21801,A,N,D,C,A,A,H,-,A,A,0,NA,NA,NA,NA,Y,NA,A,01,0,0,1,0,0,0,0,0,0,-,-,NA,NA,LOS ANGELES,BURBANK,-118.33369003,34.18452001
6625831,2014,2014-10-13,1912,2014-08-25,1855,12592,NA,1,5,6,1912,0,0,0,NA,0,NA,HOLLYWOOD WY,THORNTON AV,0,NA,Y,A,-,N,NA,NA,NA,NA,NA,NA,NA,NA,NA,Y,3,0,4,2,A,-,09,21801,A,N,D,C,A,A,H,-,A,A,0,NA,NA,NA,NA,Y,NA,A,01,0,3,1,0,0,0,0,0,0,-,-,NA,NA,LOS ANGELES,BURBANK,-118.3489201,34.19570008
6625864,2014,2014-09-24,1900,2014-08-30,1055,530043,2607,6,5,6,1950,0,0,0,NA,0,264T1,AV R-8,43RD ST EAST,0,NA,Y,A,-,N,NA,NA,NA,NA,NA,NA,NA,NA,NA,Y,3,0,2,2,A,-,08,22107,NA,N,D,C,A,A,H,-,A,D,0,NA,NA,NA,NA,Y,NA,A,01,0,1,1,0,0,0,0,0,0,-,-,NA,NA,LOS ANGELES,PALMDALE,-118.05172013,34.56546005
6625868,2014,2014-09-24,1900,2014-08-31,1253,424956,2610,7,5,6,1950,0,0,0,NA,0,262T2,SIERRA HWY,RANCHO VISTA BL,0,NA,Y,A,-,N,NA,NA,NA,NA,NA,NA,NA,NA,NA,Y,4,0,1,2,D,-,00,NA,NA,N,A,C,A,A,H,-,A,A,0,NA,NA,NA,NA,Y,NA,-,-,0,0,1,0,0,0,0,0,0,-,-,NA,NA,LOS ANGELES,PALMDALE,-118.12131,34.60181
6625872,2014,2014-09-24,1900,2014-08-23,0730,515899,2607,6,5,6,1950,0,0,0,NA,0,264,50TH ST EAST,RT 138,2640,N,N,A,-,N,NA,NA,NA,NA,NA,NA,NA,NA,NA,Y,4,0,1,2,A,-,05,21650,NA,N,A,C,A,A,H,-,A,D,0,NA,NA,NA,NA,Y,NA,A,01,0,0,1,0,0,0,0,0,0,-,-,NA,NA,LOS ANGELES,PALMDALE,NA,NA
6625876,2014,2016-05-28,1900,2014-08-24,0023,530600,2607,7,5,6,1950,0,0,0,NA,0,263T1,RT 138,AV S,12,W,N,A,-,Y,LA,7,138,-,-,49.971,I,5,W,Y,4,0,1,2,A,-,01,23152,A,N,B,C,A,A,H,-,C,A,0,NA,NA,NA,NA,Y,Y,A,01,0,0,1,0,0,0,0,0,0,-,-,NA,NA,LOS ANGELES,PALMDALE,-118.0452652,34.55806692
6625880,2014,2014-09-24,1900,2014-08-30,2103,550494,2610,6,5,6,1950,0,0,0,NA,0,263E,AV S,DOWNING ST,0,NA,Y,A,-,N,NA,NA,NA,NA,NA,NA,NA,NA,NA,N,4,0,2,2,A,-,03,22350,NA,N,C,C,A,A,H,-,C,A,0,NA,NA,NA,NA,Y,NA,A,01,0,0,2,0,0,0,0,0,0,-,-,NA,NA,LOS ANGELES,PALMDALE,-118.10510005,34.55809006
6625881,2014,2016-01-15,9580,2014-08-29,0010,019903,NA,5,3,9,1900,0,3,5,NA,1,040,ENCINAL CANYON RD,DECKER CYN RD,2000,E,N,A,-,N,NA,NA,NA,NA,NA,NA,NA,NA,NA,N,3,0,1,1,A,-,03,22350,NA,N,F,I,A,A,H,-,D,D,0,NA,NA,Y,NA,Y,NA,C,02,0,1,0,0,0,0,0,0,1,-,-,34.08755,-118.84367,LOS ANGELES,UNINCORPORATED,NA,NA
6625884,2014,2016-05-28,1900,2014-08-30,1446,530043,2608,6,5,6,1950,0,0,0,NA,0,264T1,RT 138,TOWN SQUARE DR,0,NA,Y,A,-,Y,LA,7,138,-,-,45.971,I,5,E,Y,3,0,2,2,A,-,12,21453,A,N,D,C,A,A,H,-,A,A,0,NA,NA,NA,NA,Y,NA,-,-,0,1,1,0,0,0,0,0,0,-,-,NA,NA,LOS ANGELES,PALMDALE,-118.08959388,34.58011462
6625890,2014,2016-05-07,9580,2014-08-25,1450,020119,NA,1,2,7,1942,0,1,2,NA,2,103,RT 101,HAYVENHURST AV,1056,S,N,A,-,Y,LA,7,101,-,-,18.5,H,-,S,N,4,0,1,2,A,-,08,22107,NA,F,G,B,E,A,H,-,A,D,1,Y,NA,NA,NA,Y,NA,-,99,0,0,1,0,1,0,0,0,0,-,-,34.16521,-118.48206,LOS ANGELES,LOS ANGELES,-118.49035413,34.16509204
6625905,2014,2016-06-08,9580,2014-08-27,1840,016550,NA,3,2,3,1989,0,1,2,NA,2,107,RT 101,PARKWAY CALABASAS,1056,N,N,A,-,Y,LA,7,101,-,-,28.49,H,-,S,N,4,0,1,3,A,-,03,22350,NA,N,C,C,A,A,H,-,A,D,1,NA,NA,NA,NA,Y,NA,A,01,0,0,1,0,0,0,0,0,0,-,-,34.15225,-118.65522,LOS ANGELES,CALABASAS,-118.65534276,34.15215543
6625917,2014,2016-06-07,9580,2014-08-27,1800,019715,NA,3,2,7,1942,0,1,3,NA,2,170,RT 170,HART ST,5,N,N,A,-,Y,LA,7,170,-,R,18.02,H,-,N,Y,4,0,1,3,A,-,03,22350,NA,N,C,C,A,A,H,-,A,D,1,NA,NA,NA,NA,Y,NA,A,01,0,0,1,0,0,0,0,0,0,-,-,34.1964,-118.40271,LOS ANGELES,LOS ANGELES,-118.40282223,34.19757744
6625936,2014,2015-01-08,1905,2014-08-30,1632,1147,241,6,5,4,1905,0,0,0,NA,0,061,ROLAND ST,ARTHUR AV,55,E,N,A,-,N,NA,NA,NA,NA,NA,NA,NA,NA,NA,Y,3,0,3,2,A,-,09,21804,A,N,D,C,A,A,H,-,A,D,0,NA,NA,NA,NA,Y,NA,-,NA,0,1,2,0,0,0,0,0,0,-,-,NA,NA,LOS ANGELES,AZUSA,-117.90651872,34.1160494
6625940,2014,2016-01-12,1905,2014-08-29,1232,2019,211,5,5,4,1905,0,0,0,NA,0,072,5TH ST,AZUSA AV,75,W,N,A,-,N,NA,NA,NA,NA,NA,NA,NA,NA,NA,N,3,0,1,2,A,-,09,21804,A,N,D,G,A,A,-,-,A,D,0,NA,Y,NA,NA,Y,NA,L,04,0,1,0,0,0,0,1,0,0,-,-,NA,NA,LOS ANGELES,AZUSA,-117.90782724,34.12984196
6625944,2014,2015-01-08,1905,2014-08-24,1900,1099,416,7,5,4,1905,0,0,0,NA,0,072,FOOTHILL BL,LOREN,0,NA,Y,A,-,N,NA,NA,NA,NA,NA,NA,NA,NA,NA,Y,3,0,2,2,A,-,07,21658,A,F,B,C,A,A,H,-,B,D,0,NA,NA,NA,NA,Y,NA,-,NA,0,1,1,0,0,0,0,0,0,-,-,NA,NA,LOS ANGELES,AZUSA,-117.92379004,34.13369006
6625950,2014,2016-06-03,9535,2014-08-20,1430,20814,NA,3,2,9,1900,0,1,3,NA,2,600,RT 60,EASTERN AV,100,W,N,A,-,Y,LA,7,60,-,R,3.01,H,-,E,N,4,0,1,2,A,-,03,22350,NA,N,C,C,A,A,H,-,A,D,1,NA,NA,NA,NA,Y,NA,A,01,0,0,1,0,0,0,0,0,0,-,-,34.03328,-118.17459,LOS ANGELES,UNINCORPORATED,-118.1744881,34.03481877
6625965,2014,2015-04-30,9535,2014-08-02,2250,20381,NA,6,3,9,1900,0,2,4,NA,2,022,OLYMPIC BL,HENDRICKS AV,345,W,N,C,-,N,NA,NA,NA,NA,NA,NA,NA,NA,NA,N,4,0,2,3,A,-,09,21804,A,M,D,C,A,B,H,-,C,D,0,NA,NA,NA,NA,Y,NA,A,01,0,0,2,0,0,0,0,0,0,-,-,34.01332,-118.1433,LOS ANGELES,UNINCORPORATED,-118.14217884,34.01318403
6625992,2014,2016-06-06,9575,2014-08-27,1600,20846,NA,3,2,9,1900,0,1,1,NA,2,062,RT 210,OCEAN VIEW BL,600,W,N,A,-,Y,LA,7,210,-,R,18.11,H,-,W,Y,3,0,1,1,A,-,03,22350,NA,N,E,J,A,A,H,-,A,D,1,NA,NA,Y,NA,Y,NA,C,02,0,1,0,0,0,0,0,0,1,-,-,34.21369,-118.23123,LOS ANGELES,UNINCORPORATED,-118.22952079,34.21269991
6625996,2014,2016-06-06,9575,2014-08-26,1820,20438,NA,2,2,6,1953,0,1,1,NA,2,064,RT 210,MARENGO AV,150,E,N,A,-,Y,LA,7,210,-,R,25.65,H,-,W,Y,4,0,3,3,A,-,03,22350,NA,N,C,C,A,A,H,-,A,D,1,NA,NA,NA,NA,Y,NA,A,01,0,0,3,0,0,0,0,0,0,-,-,34.15195,-118.14248,LOS ANGELES,PASADENA,-118.14419332,34.15203673
6626001,2014,2016-06-11,9575,2014-08-27,2007,19211,NA,3,2,7,1942,0,1,1,NA,2,061,RT 210,LA TUNA CANYON RD,1350,W,N,A,-,Y,LA,7,210,-,R,13.91,H,-,W,Y,3,0,1,1,A,-,08,22107,NA,N,E,I,A,A,H,-,D,D,1,NA,NA,NA,NA,Y,NA,A,01,0,1,0,0,0,0,0,0,0,-,-,34.23805,-118.30515,LOS ANGELES,LOS ANGELES,-118.29549413,34.23484844
6626002,2014,2016-06-07,9580,2014-08-28,1750,020076,NA,4,2,7,1942,0,1,3,NA,2,115,RT 118,SHARP AV,40,E,N,A,-,Y,LA,7,118,-,R,11.33,H,-,W,Y,4,0,1,4,A,-,03,22350,NA,N,C,C,A,A,H,-,A,D,1,NA,NA,NA,NA,Y,NA,A,01,0,0,1,0,0,0,0,0,0,-,-,34.26674,-118.44628,LOS ANGELES,LOS ANGELES,-118.44565216,34.26671567
6626005,2014,2016-06-04,9575,2014-08-31,1310,18381,NA,7,1,9,1900,0,1,3,NA,2,304,RT 2,CLOUDBURST SUMMIT,19536,W,N,A,-,Y,LA,7,2,-,-,56.26,H,-,E,N,4,0,1,1,A,-,03,22350,NA,N,F,A,A,A,H,-,A,D,0,NA,NA,Y,NA,Y,NA,C,02,0,0,1,0,0,0,0,0,1,-,-,34.35388,-117.94603,LOS ANGELES,UNINCORPORATED,-117.94645469,34.35544295
6626006,2014,2016-06-07,9580,2014-08-24,2305,20404,NA,7,3,9,1900,0,1,3,NA,2,119,RT 118,ROCKY PEAK RD,400,E,N,A,-,Y,VEN,7,118,-,R,32.51,H,-,W,Y,3,0,1,1,A,-,01,23152,A,N,E,I,A,A,H,-,C,D,0,NA,NA,NA,NA,Y,Y,A,01,0,1,0,0,0,0,0,0,0,-,-,34.27194,-118.63083,LOS ANGELES,UNINCORPORATED,-118.63462215,34.26888118
6626009,2014,2016-06-04,9575,2014-08-30,2100,20530,NA,6,2,9,1900,0,1,3,NA,2,301,ANGELES CREST HWY,4000' ELEVATION SIGN,792,W,N,A,-,Y,LA,7,2,-,-,36.35,H,-,E,Y,2,0,2,2,A,-,05,21460,A,N,A,C,A,A,H,-,A,D,0,NA,NA,NA,NA,Y,NA,A,01,1,1,0,0,0,0,0,0,0,-,-,34.26211,-118.11638,LOS ANGELES,UNINCORPORATED,-118.11570782,34.26178654
6626010,2014,2016-05-20,9580,2014-08-28,0105,018297,NA,4,3,7,1942,0,1,2,NA,2,111,RT 101,LINDERO CANYON RD,250,N,N,A,-,Y,LA,7,101,-,-,37.59,H,-,S,Y,4,0,1,1,A,-,08,22107,NA,N,E,I,A,A,H,-,C,D,1,NA,NA,NA,NA,Y,NA,A,01,0,0,1,0,0,0,0,0,0,-,-,34.14903,-118.80483,LOS ANGELES,LOS ANGELES,-118.80504635,34.14924187
6626013,2014,2016-06-11,9575,2014-08-22,1825,19782,NA,5,2,6,1953,0,1,1,NA,2,064,RT 210,LAKE AV,650,E,N,A,-,Y,LA,7,210,-,R,26.45,H,-,W,Y,3,0,1,2,A,-,01,23152,A,N,C,C,A,A,H,-,A,D,1,NA,NA,NA,NA,Y,Y,A,01,0,1,0,0,0,0,0,0,0,-,-,34.15235,-118.12164,LOS ANGELES,PASADENA,-118.13025723,34.15197429
6626014,2014,2016-06-07,9580,2014-08-26,0720,17386,NA,2,1,7,1942,0,1,3,NA,2,115,RT 118,LAUREL CANYON BL,2112,W,N,A,-,Y,LA,7,118,-,R,11.2,H,-,W,Y,4,0,1,3,A,-,03,22350,NA,N,C,C,A,A,H,-,A,D,1,NA,NA,NA,NA,Y,NA,A,01,0,0,1,0,0,0,0,0,0,-,-,34.26619,-118.44832,LOS ANGELES,LOS ANGELES,-118.44787656,34.26638129
6626017,2014,2016-06-04,9575,2014-08-24,2251,20702,NA,7,3,7,1942,0,1,1,NA,2,050,RT 5,RT 134,1200,N,N,A,-,Y,LA,7,5,-,-,26.96,H,-,S,Y,4,0,1,1,A,-,08,22107,NA,N,E,I,A,A,H,-,C,D,1,NA,NA,Y,NA,Y,NA,C,02,0,0,1,0,0,0,0,0,1,-,-,34.15425,-118.28814,LOS ANGELES,LOS ANGELES,-118.28784306,34.15422356
6626018,2014,2016-06-04,9580,2014-08-25,1855,019715,NA,1,2,7,1942,0,1,1,NA,2,404,RT 405,SEPULVEDA BL,2640,S,N,A,-,Y,LA,7,405,-,-,38.12,H,-,N,Y,4,0,3,3,A,-,03,22350,NA,N,C,C,A,A,H,-,A,D,1,NA,NA,NA,NA,Y,NA,A,01,0,0,3,0,0,0,0,0,0,-,-,34.1489,-118.46888,LOS ANGELES,LOS ANGELES,-118.4713521,34.14159892
6626021,2014,2016-06-04,9575,2014-08-30,1903,20691,NA,6,2,9,1900,0,1,3,NA,2,090,RT 2,STANCREST FRONTAGE RD,400,W,N,A,-,Y,LA,7,2,-,R,22.59,H,-,E,Y,4,0,2,2,A,-,03,22350,NA,N,C,C,A,A,H,-,A,D,1,NA,NA,NA,NA,Y,NA,A,01,0,0,2,0,0,0,0,0,0,-,-,34.19845,-118.21952,LOS ANGELES,UNINCORPORATED,-118.21930749,34.19985246
6626022,2014,2016-05-25,9580,2014-08-26,1239,020119,NA,2,1,7,1942,0,1,2,NA,2,102,RT 101,VAN NUYS BL,1056,S,N,A,-,Y,LA,7,101,-,-,15.71,H,-,N,Y,3,0,1,2,A,-,03,22350,NA,N,C,C,A,A,H,-,A,D,1,NA,NA,NA,NA,Y,NA,A,07,0,1,0,0,0,0,0,0,0,-,-,34.15516,-118.44271,LOS ANGELES,LOS ANGELES,-118.44546702,34.15571726
6626025,2014,2016-06-06,9575,2014-08-24,1940,20530,NA,7,2,6,1925,0,1,1,NA,2,062,RT 210,PENNSYLVANIA AV,100,W,N,A,-,Y,LA,7,210,-,R,16.75,H,-,E,Y,4,0,1,2,A,-,08,22107,NA,N,A,C,A,A,H,-,B,D,1,NA,NA,NA,NA,Y,NA,A,01,0,0,1,0,0,0,0,0,0,-,-,34.22172,-118.2466,LOS ANGELES,GLENDALE,-118.24933739,34.22336567
6626026,2014,2016-06-04,9580,2014-08-25,1750,019715,NA,1,2,7,1942,0,1,1,NA,2,407,RT 405,NORDHOFF ST,2640,S,N,A,-,Y,LA,7,405,-,-,45.29,H,-,S,Y,4,0,1,3,A,-,03,22350,NA,N,C,C,A,A,H,-,A,D,1,NA,NA,NA,NA,Y,NA,A,07,0,0,1,0,0,0,0,0,0,-,-,34.26627,-118.46369,LOS ANGELES,LOS ANGELES,-118.47310413,34.24339258
6626029,2014,2016-06-11,9575,2014-08-25,1840,20526,NA,1,2,6,1912,0,1,3,NA,2,044,RT 134,RIVERSIDE DR,1000,E,N,A,-,Y,LA,7,134,-,R,3.13,H,-,W,Y,4,0,1,2,A,-,03,22350,NA,N,C,C,A,A,H,-,A,D,1,NA,NA,NA,NA,Y,NA,A,08,0,0,1,0,0,0,0,0,0,-,-,34.15521,-118.31891,LOS ANGELES,BURBANK,-118.32375978,34.15426946
6626033,2014,2016-05-27,9575,2014-08-22,1450,20484,NA,5,2,6,1912,0,1,3,NA,2,044,RT 134,RIVERSIDE DR,300,W,N,A,-,Y,LA,7,134,-,-,2.84,H,-,E,Y,4,0,1,3,A,-,07,21658,A,N,B,C,A,A,H,-,A,-,1,NA,NA,NA,NA,Y,NA,A,01,0,0,1,0,0,0,0,0,0,-,-,34.1538,-118.32506,LOS ANGELES,BURBANK,-118.32741418,34.15330576
6626034,2014,2016-05-28,9580,2014-08-24,1125,20836,NA,7,1,7,1942,0,1,2,NA,2,105,RT 101,WINNETKA AV,400,N,N,A,-,Y,LA,7,101,-,-,23.45,H,-,S,N,4,0,3,2,A,-,08,22107,NA,N,B,C,A,A,H,-,A,D,1,NA,NA,NA,NA,Y,NA,A,01,0,0,3,0,0,0,0,0,0,-,-,34.17221,-118.75039,LOS ANGELES,LOS ANGELES,-118.57376437,34.17106411
6626037,2014,2016-06-04,9575,2014-08-30,1435,20729,NA,6,2,9,1900,0,1,3,NA,2,302,RT 2,RED BOX RD,7920,E,N,A,-,Y,LA,7,2,-,-,39.7,H,-,E,Y,3,0,1,1,A,-,03,22350,NA,N,F,A,A,A,H,-,A,D,0,NA,NA,Y,NA,Y,NA,C,02,0,1,0,0,0,0,0,0,1,-,-,34.27247,-118.03088,LOS ANGELES,UNINCORPORATED,-118.08834429,34.26550625
6626038,2014,2016-06-04,9580,2014-08-23,2140,020400,NA,6,2,9,1900,0,1,3,NA,2,119,RT 27,RT 118,85,N,N,A,-,Y,LA,7,118,-,R,1.897,R,4,W,Y,4,0,2,3,A,-,12,21453,A,N,D,C,A,A,H,-,C,A,1,NA,NA,NA,NA,Y,NA,A,01,0,0,2,0,0,0,0,0,0,-,-,34.27811,-118.60467,LOS ANGELES,UNINCORPORATED,-118.60317608,34.27735108
6626041,2014,2016-06-06,9575,2014-08-29,2005,19211,NA,5,2,6,1925,0,1,1,NA,2,062,RT 210,DUNSMORE AV,30,W,N,A,-,Y,LA,7,210,-,R,16.15,H,-,W,Y,4,0,1,2,A,-,03,22350,NA,N,C,C,A,A,H,-,C,D,1,NA,NA,NA,NA,Y,NA,A,07,0,0,1,0,0,0,0,0,0,-,-,34.2295,-118.25827,LOS ANGELES,GLENDALE,-118.25781277,34.22883231
6626042,2014,2016-06-07,9580,2014-08-22,2043,019930,NA,5,2,7,1942,0,1,3,NA,2,114,RT 118,SEPULVEDA BL,1901,E,N,A,-,Y,LA,7,118,-,R,10.32,H,-,E,Y,3,0,4,4,A,-,07,21658,A,N,B,C,A,A,H,-,C,D,1,NA,NA,NA,NA,Y,NA,A,07,0,2,2,0,0,0,0,0,0,-,-,34.26563,-118.46017,LOS ANGELES,LOS ANGELES,-118.4632984,34.26578743
6626045,2014,2016-06-06,9575,2014-08-27,0900,20484,NA,3,1,6,1953,0,1,1,NA,2,065,RT 210,MADRE ST,250,E,N,A,-,Y,LA,7,210,-,R,29.38,H,-,E,Y,3,0,1,2,A,-,03,22350,NA,N,C,C,A,A,H,-,A,D,1,NA,NA,NA,NA,Y,NA,A,01,0,1,0,0,0,0,0,0,0,-,-,34.1476,-118.08152,LOS ANGELES,PASADENA,-118.07894294,34.14758787
6626046,2014,2016-05-25,9580,2014-08-21,0925,017919,NA,4,1,7,1942,0,1,2,NA,2,103,RT 101,VAN NUYS BL,300,N,N,A,-,Y,LA,7,101,-,-,16,H,-,S,N,4,0,1,2,A,-,07,21658,A,N,D,C,A,A,H,-,A,D,1,NA,NA,NA,NA,Y,NA,A,01,0,0,1,0,0,0,0,0,0,-,-,34.15781,-118.45499,LOS ANGELES,LOS ANGELES,-118.44986165,34.15721453
6626049,2014,2016-06-11,9575,2014-08-27,0840,019754,NA,3,1,6,1953,0,1,1,NA,2,064,RT 210,LAKE AV,600,W,N,A,-,Y,LA,7,210,-,R,26.22,H,-,W,N,4,0,1,3,A,-,03,22350,NA,N,C,C,A,A,H,-,A,D,1,NA,NA,NA,NA,Y,NA,A,01,0,0,1,0,0,0,0,0,0,-,-,34.15216,-118.13714,LOS ANGELES,PASADENA,-118.13426875,34.15200502
6626050,2014,2016-05-28,9580,2014-08-20,0620,017228,NA,3,1,7,1942,0,1,2,NA,2,100,RT 101,MOORPARK ST,150,S,N,B,-,Y,LA,7,101,-,-,11.4,H,-,N,Y,3,0,1,1,A,-,08,22107,NA,N,E,I,A,A,H,-,A,D,1,NA,NA,NA,NA,Y,NA,A,01,0,1,0,0,0,0,0,0,0,-,-,34.15624,-118.40266,LOS ANGELES,LOS ANGELES,-118.37358263,34.1497489
6626053,2014,2014-09-29,9575,2014-08-25,2020,020536,575,1,2,9,1900,0,1,3,NA,2,081,ROSEMEAD BL,COLORADO BL,0,NA,Y,A,-,N,NA,NA,NA,NA,NA,NA,NA,NA,NA,N,2,0,1,2,A,-,17,21451,A,N,-,G,A,A,H,-,C,A,0,NA,Y,NA,NA,Y,NA,A,01,1,0,0,0,0,0,1,0,0,-,-,34.1462,-118.07326,LOS ANGELES,UNINCORPORATED,-118.07339003,34.14630004
6626054,2014,2016-06-04,9580,2014-08-17,2326,020462,NA,7,3,7,1942,0,1,3,NA,1,271,RT 27,RT 1,340,N,N,A,-,Y,LA,7,27,-,-,0.06,H,-,S,Y,2,0,1,2,A,-,01,23152,A,N,B,C,A,A,H,-,C,D,0,NA,NA,Y,NA,Y,Y,A,01,1,0,0,0,0,0,0,0,1,-,-,34.04121,-118.57867,LOS ANGELES,LOS ANGELES,-118.57893524,34.04092384
6626057,2014,2016-06-11,9575,2014-08-26,1840,20711,NA,2,2,6,1925,0,1,3,NA,2,042,RT 134,GENEVA ST,200,W,N,A,-,Y,LA,7,134,-,R,7.56,H,-,E,Y,4,0,1,4,A,-,03,22350,NA,N,C,C,A,A,H,-,A,D,1,NA,NA,NA,NA,Y,NA,A,01,0,0,1,0,0,0,0,0,0,-,-,34.14974,-118.27975,LOS ANGELES,GLENDALE,-118.24749809,34.15628925
6626058,2014,2016-06-04,9580,2014-08-12,0725,015348,NA,2,1,9,1900,0,1,3,NA,1,270,RT 27,OAKWOOD DR,40,N,N,A,-,Y,LA,7,27,-,-,6.05,H,-,S,Y,3,0,2,2,A,-,08,22107,NA,M,C,C,A,A,H,-,A,D,0,NA,NA,NA,NA,Y,NA,A,01,0,1,1,0,0,0,0,0,0,-,-,34.10711,-118.5917,LOS ANGELES,UNINCORPORATED,-118.59165679,34.10669037