CASE_ID,ACCIDENT_YEAR,PROC_DATE,JURIS,COLLISION_DATE,COLLISION_TIME,OFFICER_ID,REPORTING_DISTRICT,DAY_OF_WEEK,CHP_SHIFT,POPULATION,CNTY_CITY_LOC,SPECIAL_COND,BEAT_TYPE,CHP_BEAT_TYPE,CITY_DIVISION_LAPD,CHP_BEAT_CLASS,BEAT_NUMBER,PRIMARY_RD,SECONDARY_RD,DISTANCE,DIRECTION,INTERSECTION,WEATHER_1,WEATHER_2,STATE_HWY_IND,CALTRANS_COUNTY,CALTRANS_DISTRICT,STATE_ROUTE,ROUTE_SUFFIX,POSTMILE_PREFIX,POSTMILE,LOCATION_TYPE,RAMP_INTERSECTION,SIDE_OF_HWY,TOW_AWAY,COLLISION_SEVERITY,NUMBER_KILLED,NUMBER_INJURED,PARTY_COUNT,PRIMARY_COLL_FACTOR,PCF_CODE_OF_VIOL,PCF_VIOL_CATEGORY,PCF_VIOLATION,PCF_VIOL_SUBSECTION,HIT_AND_RUN,TYPE_OF_COLLISION,MVIW,PED_ACTION,ROAD_SURFACE,ROAD_COND_1,ROAD_COND_2,LIGHTING,CONTROL_DEVICE,CHP_ROAD_TYPE,PEDESTRIAN_ACCIDENT,BICYCLE_ACCIDENT,MOTORCYCLE_ACCIDENT,TRUCK_ACCIDENT,NOT_PRIVATE_PROPERTY,ALCOHOL_INVOLVED,STWD_VEHTYPE_AT_FAULT,CHP_VEHTYPE_AT_FAULT,COUNT_SEVERE_INJ,COUNT_VISIBLE_INJ,COUNT_COMPLAINT_PAIN,COUNT_PED_KILLED,COUNT_PED_INJURED,COUNT_BICYCLIST_KILLED,COUNT_BICYCLIST_INJURED,COUNT_MC_KILLED,COUNT_MC_INJURED,PRIMARY_RAMP,SECONDARY_RAMP,LATITUDE,LONGITUDE,COUNTY,CITY,POINT_X,POINT_Y
6627185,2014,2014-09-25,1942,2014-08-31,2045,40529,0398,7,5,7,1942,0,0,0,C,0,5T25,HOOVER ST,WESLEY AV,56,W,N,A,-,N,NA,NA,NA,NA,NA,NA,NA,NA,NA,N,4,0,2,3,A,-,03,22350,NA,F,C,C,A,A,H,-,C,A,0,NA,NA,NA,NA,Y,Y,-,99,0,0,2,0,0,0,0,0,0,-,-,NA,NA,LOS ANGELES,LOS ANGELES,NA,NA
6627186,2014,2014-09-25,1942,2014-08-09,0655,40697,1823,6,5,7,1942,0,0,0,R,0,18T23,CENTURY BL,AVALON BL,0,NA,Y,A,-,N,NA,NA,NA,NA,NA,NA,NA,NA,NA,Y,4,0,2,2,A,-,12,21453,A,N,D,C,A,A,H,-,A,A,0,NA,NA,NA,NA,Y,NA,A,01,0,0,2,0,0,0,0,0,0,-,-,NA,NA,LOS ANGELES,LOS ANGELES,-118.26518009,33.94561004
6627187,2014,2014-09-30,1942,2014-08-19,1555,39028,1218,2,5,7,1942,0,0,0,L,0,3T57,54TH ST,HOOVER,110,W,N,A,-,N,NA,NA,NA,NA,NA,NA,NA,NA,NA,N,3,0,1,2,C,-,18,NA,NA,N,H,G,A,A,H,-,A,A,0,NA,Y,NA,NA,Y,NA,-,-,0,1,0,0,0,0,1,0,0,-,-,NA,NA,LOS ANGELES,LOS ANGELES,-118.25250215,33.99388336
6627189,2014,2014-09-25,1942,2014-08-13,1625,36615,0311,3,5,7,1942,0,0,0,C,0,3XL58,JEFFERSON BL,LA CIENEGA BL,35,E,N,A,-,N,NA,NA,NA,NA,NA,NA,NA,NA,NA,N,4,0,1,2,A,-,03,22350,NA,F,C,C,A,A,H,-,A,A,0,NA,NA,NA,NA,Y,NA,-,99,0,0,1,0,0,0,0,0,0,-,-,NA,NA,LOS ANGELES,LOS ANGELES,-118.37196472,34.0265285
6627190,2014,2014-09-24,1942,2014-08-13,2330,35925,1841,3,5,7,1942,0,0,0,R,0,5T21,VERMONT AV,104TH ST,110,S,N,A,-,N,NA,NA,NA,NA,NA,NA,NA,NA,NA,Y,4,0,2,1,A,-,03,22350,NA,N,A,I,A,A,H,-,C,D,0,NA,NA,NA,NA,Y,NA,A,01,0,0,2,0,0,0,0,0,0,-,-,NA,NA,LOS ANGELES,LOS ANGELES,-118.291592,33.941974
6627191,2014,2014-09-24,1942,2014-08-19,2200,40696,1242,2,5,7,1942,0,0,0,L,0,3T5,8TH AV,63RD ST,100,S,N,A,-,N,NA,NA,NA,NA,NA,NA,NA,NA,NA,N,4,0,2,2,A,-,09,21804,A,N,D,C,A,A,H,-,C,D,0,NA,NA,NA,NA,Y,NA,A,01,0,0,2,0,0,0,0,0,0,-,-,NA,NA,LOS ANGELES,LOS ANGELES,-118.326478,33.982669
6627193,2014,2014-09-25,1942,2014-08-02,1405,33672,0514,6,5,7,1942,0,0,0,E,0,5A85,WILMINGTON BL,CHANDLER ST,69,S,N,B,-,N,NA,NA,NA,NA,NA,NA,NA,NA,NA,N,2,0,1,2,A,-,11,21954,A,N,G,B,D,A,H,-,A,D,0,Y,NA,NA,NA,Y,Y,N,60,1,0,0,0,1,0,0,0,0,-,-,NA,NA,LOS ANGELES,LOS ANGELES,-118.27521355,33.79589084
6627194,2014,2014-09-25,1942,2014-08-14,2100,36607,1824,4,5,7,1942,0,0,0,R,0,3T5,CENTRAL AV,103RD ST,130,S,N,A,-,N,NA,NA,NA,NA,NA,NA,NA,NA,NA,N,4,0,2,2,A,-,03,22350,NA,N,C,C,A,A,H,-,C,D,0,NA,NA,NA,NA,Y,NA,A,07,0,0,2,0,0,0,0,0,0,-,-,NA,NA,LOS ANGELES,LOS ANGELES,-118.25412724,33.94291377
6627195,2014,2014-09-24,1942,2014-08-20,1320,37146,1243,3,5,7,1942,0,0,0,L,0,12T41,70TH ST,VAN NESS AV,0,NA,Y,A,-,N,NA,NA,NA,NA,NA,NA,NA,NA,NA,N,4,0,1,2,A,-,09,21802,A,N,D,C,A,A,H,-,A,A,0,NA,NA,NA,NA,Y,NA,A,07,0,0,1,0,0,0,0,0,0,-,-,NA,NA,LOS ANGELES,LOS ANGELES,-118.31775007,33.97638004
6627197,2014,2014-09-25,1942,2014-08-20,0800,33599,0328,3,5,7,1942,0,0,0,C,0,375,HOOVER ST,30TH ST,0,NA,Y,B,-,N,NA,NA,NA,NA,NA,NA,NA,NA,NA,N,4,0,2,3,A,-,04,21703,NA,N,C,C,A,A,H,-,A,D,0,NA,NA,NA,NA,Y,NA,A,01,0,0,2,0,0,0,0,0,0,-,-,NA,NA,LOS ANGELES,LOS ANGELES,-118.28397005,34.02741008
6627198,2014,2014-09-25,1942,2014-08-24,1450,39291,1821,7,5,7,1942,0,0,0,R,0,12T78,VERMONT AV,98TH ST,0,NA,Y,A,-,N,NA,NA,NA,NA,NA,NA,NA,NA,NA,Y,3,0,3,3,A,-,01,23152,A,N,D,B,F,A,H,-,A,A,0,Y,NA,NA,NA,Y,Y,A,07,0,2,1,0,1,0,0,0,0,-,-,NA,NA,LOS ANGELES,LOS ANGELES,-118.2916,33.94698
6627199,2014,2014-09-24,1942,2014-08-20,1005,40059,1273,3,5,7,1942,0,0,0,L,0,12T41,WESTERN AV,89TH ST,30,S,N,A,-,N,NA,NA,NA,NA,NA,NA,NA,NA,NA,Y,3,0,2,2,A,-,08,22107,NA,N,D,C,A,A,H,-,A,A,0,NA,NA,NA,NA,Y,NA,A,01,0,1,1,0,0,0,0,0,0,-,-,NA,NA,LOS ANGELES,LOS ANGELES,-118.309018,33.95624
6627211,2014,2014-10-03,1976,2014-09-03,1551,356,NA,3,5,3,1964,0,0,0,NA,0,NA,LOS NIETOS RD,DICE RD,0,NA,Y,A,-,N,NA,NA,NA,NA,NA,NA,NA,NA,NA,Y,3,0,1,2,A,-,09,21802,A,N,D,C,A,A,H,-,A,A,0,NA,NA,Y,NA,Y,NA,A,01,0,1,0,0,0,0,0,0,1,-,-,NA,NA,LOS ANGELES,SANTA FE SPRINGS,-118.06726003,33.95464003
6627215,2014,2014-10-03,1976,2014-09-04,1339,248,WHITT,4,5,3,1964,0,0,0,NA,0,NA,TELEGRAPH RD,NORWALK BL,400,W,N,A,-,N,NA,NA,NA,NA,NA,NA,NA,NA,NA,N,4,0,1,2,A,-,03,22350,NA,F,C,C,A,A,H,-,A,D,0,NA,NA,NA,NA,Y,NA,A,01,0,0,1,0,0,0,0,0,0,-,-,NA,NA,LOS ANGELES,SANTA FE SPRINGS,-118.07392708,33.9424134
6627219,2014,2014-10-03,1955,2014-09-06,1702,41871,55,6,5,6,1955,0,0,0,NA,0,001,ORANGE GROVE AV,UNION AV,40,E,N,A,-,N,NA,NA,NA,NA,NA,NA,NA,NA,NA,Y,4,0,1,2,A,-,03,22350,NA,N,C,C,A,A,H,-,A,A,0,NA,NA,Y,NA,Y,NA,C,02,0,0,1,0,0,0,0,0,1,-,-,NA,NA,LOS ANGELES,POMONA,-117.7831719,34.06360562
6627252,2014,2016-06-06,1955,2014-09-04,1423,40348,0075,4,5,6,1955,0,0,0,NA,0,005,RT 71,NORTH RANCH RD,250,S,N,A,-,Y,LA,7,71,-,-,2.59,H,-,S,Y,4,0,1,2,A,-,04,21703,NA,N,C,C,A,A,H,-,A,D,0,NA,NA,NA,NA,Y,NA,A,01,0,0,1,0,0,0,0,0,0,-,-,NA,NA,LOS ANGELES,POMONA,-117.77019332,34.04304348
6627256,2014,2014-10-03,1955,2014-09-02,0701,30381,51,2,5,6,1955,0,0,0,NA,0,001,MISSION BL,HAMILTON BL,92,W,N,B,-,N,NA,NA,NA,NA,NA,NA,NA,NA,NA,Y,4,0,2,4,A,-,03,22350,NA,N,-,C,A,A,H,-,A,A,0,NA,NA,NA,NA,Y,NA,A,08,0,0,2,0,0,0,0,0,0,-,-,NA,NA,LOS ANGELES,POMONA,-117.76344285,34.05478279
6627272,2014,2014-10-03,1955,2014-09-02,0755,40437,0095,2,5,6,1955,0,0,0,NA,0,004,E GRAND AV,GIBBS AV,21,W,N,A,-,N,NA,NA,NA,NA,NA,NA,NA,NA,NA,N,4,0,1,1,D,-,00,NA,NA,N,F,A,A,A,H,-,A,D,0,NA,Y,NA,NA,Y,NA,-,-,0,0,1,0,0,0,1,0,0,-,-,NA,NA,LOS ANGELES,POMONA,-117.74767912,34.04786837
6627276,2014,2014-10-03,1955,2014-09-08,1614,40624,27,1,5,6,1955,0,0,0,NA,0,002,TOWNE AV,SAN ANTONIO AV,10,S,N,B,-,N,NA,NA,NA,NA,NA,NA,NA,NA,NA,Y,4,0,1,2,A,-,21,22106,NA,N,C,C,A,A,H,-,A,A,0,NA,NA,NA,NA,Y,NA,A,01,0,0,1,0,0,0,0,0,0,-,-,NA,NA,LOS ANGELES,POMONA,-117.73723023,34.08719395
6627280,2014,2014-10-03,1955,2014-09-02,0732,30354,60,2,5,6,1955,0,0,0,NA,0,001,TEMPLE AV,VALLEY BL,0,NA,Y,A,-,N,NA,NA,NA,NA,NA,NA,NA,NA,NA,Y,4,0,2,2,A,-,09,21801,A,N,A,C,A,A,H,-,A,A,0,NA,NA,NA,NA,Y,NA,A,01,0,0,2,0,0,0,0,0,0,-,-,NA,NA,LOS ANGELES,POMONA,-117.81235002,34.04842005
6627281,2014,2014-10-09,1942,2014-09-07,1750,41448,1871,7,5,7,1942,0,0,0,R,0,18A1,FIGUEROA,ROSECRANS,0,NA,Y,A,-,N,NA,NA,NA,NA,NA,NA,NA,NA,NA,Y,4,0,1,2,A,-,01,23152,A,N,D,C,A,A,H,-,A,A,0,NA,NA,NA,NA,Y,Y,A,01,0,0,1,0,0,0,0,0,0,-,-,NA,NA,LOS ANGELES,LOS ANGELES,-118.28278006,33.90189004
6627282,2014,2016-06-07,9540,2014-09-04,0720,018037,NA,4,1,9,1900,0,1,3,NA,1,145,RT 14,GOLDEN VALLEY RD,300,N,N,A,-,Y,LA,7,14,-,R,29.74,H,-,S,N,3,0,1,2,A,-,03,22350,NA,N,C,C,A,A,H,-,A,D,1,NA,NA,NA,NA,Y,NA,A,01,0,1,0,0,0,0,0,0,0,-,-,34.39312,-118.47164,LOS ANGELES,UNINCORPORATED,-118.47191247,34.39302359
6627285,2014,2014-10-02,1942,2014-09-07,2355,40662,1822,7,5,7,1942,0,0,0,R,0,18A35,CENTURY BL,GRAND AV,0,NA,Y,A,-,N,NA,NA,NA,NA,NA,NA,NA,NA,NA,Y,3,0,3,2,A,-,01,23152,A,N,D,C,A,A,H,-,C,A,0,NA,NA,NA,NA,Y,Y,A,01,0,2,1,0,0,0,0,0,0,-,-,NA,NA,LOS ANGELES,LOS ANGELES,-118.28031011,33.94555005
6627286,2014,2016-05-27,9540,2014-09-06,0300,019990,NA,6,3,9,1900,0,1,3,NA,1,142,RT 14,NEWHALL AV,1320,S,N,A,-,Y,LA,7,14,-,R,26.78,H,-,N,Y,4,0,1,1,A,-,08,22107,NA,N,E,I,A,A,H,-,D,D,1,NA,NA,NA,NA,Y,NA,A,01,0,0,1,0,0,0,0,0,0,-,-,34.36607,-118.55713,LOS ANGELES,UNINCORPORATED,-118.50544041,34.36143172
6627289,2014,2014-10-02,1942,2014-09-06,1735,34426,1172,6,5,7,1942,0,0,0,K,0,2T28,PARKMAN AV,SUNSET BL,0,NA,Y,A,-,N,NA,NA,NA,NA,NA,NA,NA,NA,NA,N,3,0,1,2,A,-,10,21950,A,N,G,B,B,A,H,-,A,D,0,Y,NA,NA,NA,Y,NA,A,01,0,1,0,0,1,0,0,0,0,-,-,NA,NA,LOS ANGELES,LOS ANGELES,-118.2733201,34.0829201
6627290,2014,2014-10-03,9540,2014-09-08,0730,13644,NA,1,1,9,1900,0,2,4,NA,1,104,SAN FRANCISQUITO CANYON RD,DRINK WATER FLATS,400,S,N,B,-,N,NA,NA,NA,NA,NA,NA,NA,NA,NA,Y,4,0,1,1,A,-,03,22350,NA,N,E,I,A,B,H,-,A,D,0,NA,NA,NA,NA,Y,NA,A,07,0,0,1,0,0,0,0,0,0,-,-,34.52545,-118.53192,LOS ANGELES,UNINCORPORATED,NA,NA
6627293,2014,2014-10-02,1942,2014-09-07,2020,38694,1861,7,5,7,1942,0,0,0,R,0,12T41,HOOVER ST,116TH PL,0,NA,Y,A,-,N,NA,NA,NA,NA,NA,NA,NA,NA,NA,N,3,0,1,2,A,-,09,21801,A,N,H,G,A,A,H,-,C,A,0,NA,Y,NA,NA,Y,NA,L,04,0,1,0,0,0,0,1,0,0,-,-,NA,NA,LOS ANGELES,LOS ANGELES,-118.28701,33.92809
6627294,2014,2016-06-04,9540,2014-09-03,1230,014299,NA,3,1,9,1900,0,1,1,NA,1,502,RT 5,CALGROVE BL,2640,S,N,A,-,Y,LA,7,5,-,R,48.53,H,-,N,Y,4,0,1,3,A,-,07,21658,A,F,C,C,A,A,H,-,A,D,1,NA,NA,NA,NA,Y,NA,A,01,0,0,1,0,0,0,0,0,0,-,-,34.35169,-118.54551,LOS ANGELES,UNINCORPORATED,-118.55074067,34.35559391
6627297,2014,2014-10-02,1942,2014-09-02,1545,40869,0319,2,5,7,1942,0,0,0,C,0,12T73,ADAMS BL,FLOWER ST,0,NA,Y,A,-,N,NA,NA,NA,NA,NA,NA,NA,NA,NA,N,4,0,1,2,A,-,09,21804,NA,F,-,G,A,A,H,-,A,A,0,NA,Y,NA,NA,Y,NA,L,04,0,0,1,0,0,0,1,0,0,-,-,NA,NA,LOS ANGELES,LOS ANGELES,-118.2749201,34.02764008
6627298,2014,2016-06-04,9540,2014-09-02,1321,18759,NA,2,1,7,1942,0,1,1,NA,1,503,RT 5,RT 14,300,S,N,A,-,Y,LA,7,5,-,R,45.52,H,-,S,Y,4,0,1,1,A,-,08,22107,NA,N,E,I,A,A,H,-,A,D,1,NA,NA,NA,NA,Y,NA,A,01,0,0,1,0,0,0,0,0,0,-,-,34.33083,-118.50665,LOS ANGELES,LOS ANGELES,-118.50771969,34.33285659
6627301,2014,2014-10-02,1942,2014-09-02,1320,40697,0359,2,5,7,1942,0,0,0,C,0,12T41,MARTIN LUTHER KING BL,FIGUEROA ST,250,E,N,A,-,N,NA,NA,NA,NA,NA,NA,NA,NA,NA,N,3,0,1,2,A,-,09,21801,A,N,D,G,A,A,H,-,A,D,0,NA,Y,NA,NA,Y,NA,A,01,0,1,0,0,0,0,1,0,0,-,-,NA,NA,LOS ANGELES,LOS ANGELES,-118.28191725,34.0111054
6627302,2014,2014-10-03,1942,2014-09-04,1615,34426,0467,4,5,7,1942,0,0,0,D,0,2T28,4TH ST,MOTT ST,15,E,N,A,-,N,NA,NA,NA,NA,NA,NA,NA,NA,NA,N,3,0,2,2,A,-,17,22109,NA,F,C,C,A,A,H,-,A,D,0,NA,NA,NA,NA,Y,NA,-,99,0,1,1,0,0,0,0,0,0,-,-,NA,NA,LOS ANGELES,LOS ANGELES,-118.20791641,34.03889063
6627306,2014,2014-10-09,1942,2014-09-04,1942,40730,0426,4,5,7,1942,0,0,0,D,0,13T53,PUEBLO AV,AXTELL ST,60,N,N,A,-,N,NA,NA,NA,NA,NA,NA,NA,NA,NA,Y,4,0,1,1,A,-,03,22350,NA,N,E,I,A,A,H,-,C,D,0,NA,NA,NA,NA,Y,NA,A,08,0,0,1,0,0,0,0,0,0,-,-,NA,NA,LOS ANGELES,LOS ANGELES,-118.17425397,34.08605412
6627309,2014,2016-06-07,9540,2014-09-05,0740,019254,NA,5,1,9,1900,0,1,3,NA,1,143,RT 14,SIERRA HWY,33,S,N,A,-,Y,LA,7,14,-,R,25.16,H,-,S,Y,3,0,1,2,A,-,03,22350,NA,N,F,A,A,A,H,-,A,D,3,NA,NA,Y,NA,Y,NA,C,02,0,1,0,0,0,0,0,0,1,-,-,34.33895,-118.50709,LOS ANGELES,UNINCORPORATED,-118.50718419,34.33892577
6627310,2014,2014-10-24,1942,2014-09-02,1700,41346,0463,2,5,7,1942,0,0,0,D,0,WA71,CUMMINGS ST,4TH ST,50,S,N,A,-,N,NA,NA,NA,NA,NA,NA,NA,NA,NA,Y,3,0,1,2,A,-,05,21651,A,N,D,D,A,A,H,-,B,D,0,NA,NA,NA,NA,Y,NA,A,01,0,1,0,0,0,0,0,0,0,-,-,NA,NA,LOS ANGELES,LOS ANGELES,-118.21676531,34.0427027
6627313,2014,2016-05-27,1942,2014-09-05,0020,40545,1109,5,5,7,1942,0,0,0,K,0,4T43,FIGUEROA ST,EAGLE VISTA DR,200,S,N,A,-,Y,LA,7,134,-,R,11.425,R,4,W,Y,4,0,2,2,A,-,12,21453,A,F,D,C,A,A,H,-,C,A,0,NA,NA,NA,NA,Y,NA,-,-,0,0,2,0,0,0,0,0,0,-,-,NA,NA,LOS ANGELES,LOS ANGELES,-118.18575977,34.14307821
6627317,2014,2014-10-02,1942,2014-09-05,1330,38171,1145,5,5,7,1942,0,0,0,K,0,24E4,FLETCHER DR,RIPPLE ST,0,NA,Y,A,-,N,NA,NA,NA,NA,NA,NA,NA,NA,NA,Y,4,0,2,2,A,-,09,21801,A,N,D,C,A,A,H,-,A,D,0,NA,NA,NA,NA,Y,NA,A,01,0,0,2,0,0,0,0,0,0,-,-,NA,NA,LOS ANGELES,LOS ANGELES,-118.25445008,34.10777008
6627321,2014,2014-10-02,1942,2014-09-08,1815,4087,0246,1,5,7,1942,0,0,0,B,0,2T15,ALVARADO ST,MARYLAND ST,0,NA,Y,A,-,N,NA,NA,NA,NA,NA,NA,NA,NA,NA,N,4,0,4,2,A,-,09,21801,A,N,D,C,A,A,H,-,A,A,0,NA,NA,NA,NA,Y,NA,A,07,0,0,4,0,0,0,0,0,0,-,-,NA,NA,LOS ANGELES,LOS ANGELES,-118.27374008,34.06130011
6627325,2014,2014-10-02,1942,2014-09-06,2115,38233,1373,6,5,7,1942,0,0,0,M,0,1T11W3,S CENTRAL AV,E 59TH ST,53,N,N,A,-,N,NA,NA,NA,NA,NA,NA,NA,NA,NA,Y,2,0,1,2,A,-,10,21950,A,F,G,B,B,A,H,-,C,A,0,Y,NA,NA,NA,Y,NA,A,01,1,0,0,0,1,0,0,0,0,-,-,NA,NA,LOS ANGELES,LOS ANGELES,-118.25646,33.98739535
6627329,2014,2014-10-02,1942,2014-09-08,1445,39349,0185,1,5,7,1942,0,0,0,A,0,SPAR,E OLYMPIC BL,S MAIN ST,45,W,N,B,-,N,NA,NA,NA,NA,NA,NA,NA,NA,NA,N,4,0,1,2,A,-,03,22350,NA,N,C,C,A,A,H,-,A,A,0,NA,NA,NA,NA,Y,NA,A,01,0,0,1,0,0,0,0,0,0,-,-,NA,NA,LOS ANGELES,LOS ANGELES,-118.25671,34.04045
6627333,2014,2014-10-02,1942,2014-09-08,1350,39889,0185,1,5,7,1942,0,0,0,A,0,1T24,S BROADWAY,OLYMPIC BL,56,N,N,B,-,N,NA,NA,NA,NA,NA,NA,NA,NA,NA,N,2,0,3,3,A,-,03,22350,NA,N,C,E,A,A,H,-,A,D,0,NA,NA,NA,NA,Y,NA,A,01,1,0,2,0,0,0,0,0,0,-,-,NA,NA,LOS ANGELES,LOS ANGELES,-118.25728622,34.04105089
6627337,2014,2016-01-12,1942,2014-09-03,2220,39062,0111,3,5,7,1942,0,0,0,A,0,1T11,MAIN ST,ARCADIA ST,0,NA,Y,A,-,N,NA,NA,NA,NA,NA,NA,NA,NA,NA,Y,4,0,2,2,A,-,12,21453,A,N,D,C,A,A,H,-,C,A,0,NA,NA,NA,NA,Y,NA,A,07,0,0,2,0,0,0,0,0,0,-,-,NA,NA,LOS ANGELES,LOS ANGELES,-118.24005014,34.05581007
6627338,2014,2014-10-20,9540,2014-09-10,1330,16659,NA,3,1,9,1900,0,2,4,NA,2,031,THE OLD RD,TURNBERRY LN,0,NA,Y,A,-,N,NA,NA,NA,NA,NA,NA,NA,NA,NA,Y,4,0,1,2,A,-,09,21801,A,N,A,C,A,A,H,-,A,D,0,NA,NA,NA,NA,Y,NA,A,01,0,0,1,0,0,0,0,0,0,-,-,34.44442,-118.60985,LOS ANGELES,UNINCORPORATED,-118.60990003,34.44454006
6627341,2014,2016-03-01,1942,2014-09-09,0830,39299,0159,2,5,7,1942,0,0,0,A,0,1Q73,7TH ST,ALAMEDA ST,0,NA,Y,A,-,N,NA,NA,NA,NA,NA,NA,NA,NA,NA,N,4,0,1,2,A,-,07,21658,A,F,B,C,A,A,H,-,A,D,0,NA,NA,NA,NA,Y,NA,A,01,0,0,1,0,0,0,0,0,0,-,-,NA,NA,LOS ANGELES,LOS ANGELES,-118.23864013,34.03505001
6627342,2014,2016-06-07,9540,2014-09-11,0650,014902,NA,4,1,9,1900,0,1,3,NA,1,145,RT 14,VIA PRINCESSA,2500,N,N,A,-,Y,LA,7,14,-,-,31.39,H,-,S,N,4,0,1,2,A,-,07,21658,A,N,B,C,A,A,H,-,A,D,1,NA,NA,Y,NA,Y,NA,A,01,0,0,1,0,0,0,0,0,1,-,-,34.41102,-118.4446,LOS ANGELES,UNINCORPORATED,-118.44821341,34.40686668
6627345,2014,2014-10-02,1942,2014-09-07,2000,38233,0468,7,5,7,1942,0,0,0,D,0,13T53,E 1ST ST,N EVERGREEN AV,0,NA,Y,A,-,N,NA,NA,NA,NA,NA,NA,NA,NA,NA,N,4,0,1,2,A,-,12,21453,A,N,D,G,A,A,H,-,C,A,0,NA,Y,NA,NA,Y,NA,L,04,0,0,1,0,0,0,1,0,0,-,-,NA,NA,LOS ANGELES,LOS ANGELES,-118.20240004,34.04042006
6627346,2014,2014-10-03,9540,2014-09-04,0240,018608,NA,4,3,9,1900,0,3,5,NA,2,100,COPPERHILL DR,CAMINO DEL ARTE DR,1024,E,N,A,-,N,NA,NA,NA,NA,NA,NA,NA,NA,NA,Y,3,0,1,1,A,-,01,23152,A,N,E,I,A,A,H,-,C,D,0,NA,NA,NA,NA,Y,Y,A,01,0,1,0,0,0,0,0,0,0,-,-,34.45513,-118.56638,LOS ANGELES,UNINCORPORATED,-118.56583,34.45174
6627349,2014,2014-10-02,1942,2014-09-03,1840,39184,0421,3,5,7,1942,0,0,0,D,0,13T53,N BROADWAY,AVE 20,140,N,N,A,-,N,NA,NA,NA,NA,NA,NA,NA,NA,NA,N,4,0,1,2,A,-,09,21801,A,F,D,C,A,A,H,-,A,A,0,NA,NA,NA,NA,Y,NA,-,99,0,0,1,0,0,0,0,0,0,-,-,NA,NA,LOS ANGELES,LOS ANGELES,-118.2197383,34.07281324
6627350,2014,2016-06-04,9540,2014-09-08,1555,18759,NA,1,2,7,1942,0,1,1,NA,2,210,RT 210,MACLAY ST,500,E,N,A,-,Y,LA,7,210,-,R,5.05,H,-,W,Y,3,0,1,2,A,-,03,22350,NA,N,C,C,A,A,H,-,A,D,1,NA,NA,NA,NA,Y,NA,A,01,0,1,0,0,0,0,0,0,0,-,-,34.29527,-118.41432,LOS ANGELES,LOS ANGELES,-118.41818686,34.29828277
6627353,2014,2014-10-02,1942,2014-09-04,2205,39184,0299,4,5,7,1942,0,0,0,B,0,11T21,W PICO BL,ALBANY ST,200,E,N,A,-,N,NA,NA,NA,NA,NA,NA,NA,NA,NA,N,3,0,1,2,A,-,07,21658,A,N,D,G,A,A,H,-,C,A,0,NA,Y,NA,NA,Y,Y,L,04,0,1,0,0,0,0,1,0,0,-,-,NA,NA,LOS ANGELES,LOS ANGELES,-118.27342894,34.04305638
6627354,2014,2016-06-04,9540,2014-09-02,1731,18759,NA,2,2,7,1942,0,1,1,NA,1,502,RT 5,ROXFORD ST,500,N,N,A,-,Y,LA,7,5,-,-,42.76,H,-,N,Y,4,0,1,2,A,-,03,22350,NA,N,C,C,A,A,H,-,A,D,1,NA,NA,NA,NA,Y,NA,A,07,0,0,1,0,0,0,0,0,0,-,-,34.30695,-118,LOS ANGELES,LOS ANGELES,-118.48067359,34.30450077
6627357,2014,2016-01-13,1942,2014-09-04,0100,37309,246,4,5,7,1942,0,0,0,NA,0,11A42,ALVARADO ST,6TH ST,30,N,N,A,-,N,NA,NA,NA,NA,NA,NA,NA,NA,NA,N,4,0,1,2,A,-,08,22107,NA,F,H,G,A,A,-,-,C,D,0,NA,Y,NA,NA,Y,NA,-,99,0,0,1,0,0,0,1,0,0,-,-,NA,NA,LOS ANGELES,LOS ANGELES,-118.274823,34.059598
6627358,2014,2016-05-27,9540,2014-09-03,0727,019531,NA,3,1,6,1985,0,1,3,NA,1,145,RT 14,SAND CANYON RD,900,S,N,A,-,Y,LA,7,14,-,-,33.25,H,-,S,Y,3,0,1,2,A,-,06,21755,NA,N,C,C,A,A,H,-,A,D,1,NA,NA,Y,NA,Y,NA,C,02,0,1,0,0,0,0,0,0,1,-,-,34.41771,-118.43658,LOS ANGELES,SANTA CLARITA,-118.42630184,34.42405034
6627482,2014,2014-11-05,1953,2014-09-09,1816,5281,1953,2,5,6,1953,0,0,0,NA,0,003,HILL AV,COLORADO BL,250,N,N,A,-,N,NA,NA,NA,NA,NA,NA,NA,NA,NA,Y,3,0,4,3,A,-,03,22350,NA,N,C,C,A,A,H,-,A,A,0,NA,NA,NA,NA,Y,NA,D,22,0,1,3,0,0,0,0,0,0,-,-,NA,NA,LOS ANGELES,PASADENA,-118.12136352,34.14666549
6627486,2014,2015-05-14,1953,2014-09-09,1704,2067,1953,2,5,6,1953,0,0,0,NA,0,002,RAYMOND AV,WASHINGTON BL,500,N,N,A,-,N,NA,NA,NA,NA,NA,NA,NA,NA,NA,Y,4,0,2,3,A,-,03,22350,NA,N,C,C,A,A,H,-,A,D,0,NA,NA,NA,NA,Y,NA,D,22,0,0,2,0,0,0,0,0,0,-,-,NA,NA,LOS ANGELES,PASADENA,-118.1491,34.17020093