CASE_ID,ACCIDENT_YEAR,PROC_DATE,JURIS,COLLISION_DATE,COLLISION_TIME,OFFICER_ID,REPORTING_DISTRICT,DAY_OF_WEEK,CHP_SHIFT,POPULATION,CNTY_CITY_LOC,SPECIAL_COND,BEAT_TYPE,CHP_BEAT_TYPE,CITY_DIVISION_LAPD,CHP_BEAT_CLASS,BEAT_NUMBER,PRIMARY_RD,SECONDARY_RD,DISTANCE,DIRECTION,INTERSECTION,WEATHER_1,WEATHER_2,STATE_HWY_IND,CALTRANS_COUNTY,CALTRANS_DISTRICT,STATE_ROUTE,ROUTE_SUFFIX,POSTMILE_PREFIX,POSTMILE,LOCATION_TYPE,RAMP_INTERSECTION,SIDE_OF_HWY,TOW_AWAY,COLLISION_SEVERITY,NUMBER_KILLED,NUMBER_INJURED,PARTY_COUNT,PRIMARY_COLL_FACTOR,PCF_CODE_OF_VIOL,PCF_VIOL_CATEGORY,PCF_VIOLATION,PCF_VIOL_SUBSECTION,HIT_AND_RUN,TYPE_OF_COLLISION,MVIW,PED_ACTION,ROAD_SURFACE,ROAD_COND_1,ROAD_COND_2,LIGHTING,CONTROL_DEVICE,CHP_ROAD_TYPE,PEDESTRIAN_ACCIDENT,BICYCLE_ACCIDENT,MOTORCYCLE_ACCIDENT,TRUCK_ACCIDENT,NOT_PRIVATE_PROPERTY,ALCOHOL_INVOLVED,STWD_VEHTYPE_AT_FAULT,CHP_VEHTYPE_AT_FAULT,COUNT_SEVERE_INJ,COUNT_VISIBLE_INJ,COUNT_COMPLAINT_PAIN,COUNT_PED_KILLED,COUNT_PED_INJURED,COUNT_BICYCLIST_KILLED,COUNT_BICYCLIST_INJURED,COUNT_MC_KILLED,COUNT_MC_INJURED,PRIMARY_RAMP,SECONDARY_RAMP,LATITUDE,LONGITUDE,COUNTY,CITY,POINT_X,POINT_Y
6629291,2014,2016-05-26,9590,2014-09-01,1858,18345,NA,1,2,7,1942,0,1,1,NA,2,061,RT 10,WASHINGTON BL,10,E,N,A,-,Y,LA,7,10,-,R,9.551,R,1,W,N,4,0,2,2,A,-,03,22350,NA,N,C,C,A,A,H,-,B,A,1,NA,NA,NA,NA,Y,NA,A,01,0,0,2,0,0,0,0,0,0,TO,-,34.03518,-118.36775,LOS ANGELES,LOS ANGELES,-118.36572273,34.03455631
6629446,2014,2014-10-07,9575,2014-08-14,0850,20438,NA,4,1,9,1900,0,3,5,NA,2,008,SIERRA MADRE BL,SAN PASQUAL ST,0,NA,Y,A,-,N,NA,NA,NA,NA,NA,NA,NA,NA,NA,Y,4,0,2,2,A,-,12,21453,A,N,D,C,A,A,H,-,A,D,0,NA,NA,NA,NA,Y,NA,A,07,0,0,2,0,0,0,0,0,0,-,-,34.13764,-118.10184,LOS ANGELES,UNINCORPORATED,-118.10167008,34.13781009
6629458,2014,2014-10-30,9575,2014-08-13,1555,20438,NA,3,2,9,1900,0,1,3,NA,2,081,ROSEMEAD BL,FOOTHILL BL,0,NA,Y,A,-,N,NA,NA,NA,NA,NA,NA,NA,NA,NA,Y,4,0,1,2,A,-,12,21453,A,N,D,C,A,A,H,-,A,A,0,NA,NA,NA,NA,Y,NA,D,22,0,0,1,0,0,0,0,0,0,-,-,34.15019,-118.07306,LOS ANGELES,UNINCORPORATED,-118.07341008,34.15022009
6629460,2014,2016-05-27,9575,2014-08-15,0805,20762,NA,5,1,7,1942,0,1,3,NA,2,044,RT 134,CAHUENGA BL,30,E,N,A,-,Y,LA,7,134,-,-,0.87,H,-,W,Y,4,0,1,2,A,-,03,22350,NA,N,C,C,A,A,H,-,A,D,1,NA,NA,NA,NA,Y,NA,A,01,0,0,1,0,0,0,0,0,0,-,-,34.15339,-118.3614,LOS ANGELES,LOS ANGELES,-118.36169481,34.15332471
6629506,2014,2014-10-07,1942,2014-08-17,1530,40731,1004,7,5,7,1942,0,0,0,J,0,9TL52,SATICOY ST,LINDLEY AV,0,NA,Y,A,-,N,NA,NA,NA,NA,NA,NA,NA,NA,NA,N,4,0,1,2,A,-,05,21650,NA,F,-,G,A,A,H,-,A,A,0,NA,Y,NA,NA,Y,NA,D,22,0,0,1,0,0,0,1,0,0,-,-,NA,NA,LOS ANGELES,LOS ANGELES,-118.52734006,34.20840011
6629509,2014,2014-10-02,1942,2014-08-22,1225,40972,1559,5,5,7,1942,0,0,0,O,0,15T44,CAHUENGA BL,MAGNOLIA BL,38,S,N,A,-,N,NA,NA,NA,NA,NA,NA,NA,NA,NA,N,4,0,4,2,A,-,21,22106,NA,M,C,C,A,A,H,-,A,A,0,NA,NA,NA,NA,Y,NA,D,22,0,0,4,0,0,0,0,0,0,-,-,NA,NA,LOS ANGELES,LOS ANGELES,-118.36154,34.16479578
6629510,2014,2014-10-07,1942,2014-08-19,1045,30825,1535,2,5,7,1942,0,0,0,O,0,17T15,CAMELLIA AV,HATTERAS ST,100,S,N,A,-,N,NA,NA,NA,NA,NA,NA,NA,NA,NA,Y,3,0,1,2,A,-,21,22106,NA,M,D,E,A,A,H,-,A,D,0,NA,NA,NA,NA,Y,NA,A,01,0,1,0,0,0,0,0,0,0,-,-,NA,NA,LOS ANGELES,LOS ANGELES,-118.38222339,34.17547574
6629518,2014,2014-11-05,1942,2014-09-14,2215,38980,1656,7,5,7,1942,0,0,0,P,0,17T13,SUNLAND BL,FENWICK ST,0,NA,Y,A,-,N,NA,NA,NA,NA,NA,NA,NA,NA,NA,NA,4,0,1,2,A,-,12,21453,A,F,D,C,A,A,H,-,C,A,0,NA,NA,NA,NA,Y,NA,A,01,0,0,1,0,0,0,0,0,0,-,-,NA,NA,LOS ANGELES,LOS ANGELES,-118.32816004,34.25976004
6629530,2014,2015-05-08,1920,2014-08-23,1719,12610,NA,6,5,6,1920,0,0,0,NA,0,005,FLORENCE AV,ORIZABA AV,0,NA,Y,A,-,N,NA,NA,NA,NA,NA,NA,NA,NA,NA,Y,3,0,2,2,A,-,09,21801,A,N,D,C,A,A,H,-,A,A,0,NA,NA,NA,NA,Y,NA,A,NA,0,2,0,0,0,0,0,0,0,-,-,NA,NA,LOS ANGELES,DOWNEY,-118.12791003,33.95250004
6629536,2014,2014-11-04,1922,2014-09-13,1541,620,NA,6,5,6,1922,0,0,0,NA,0,NA,LAMBERT AV,RICHWOOD AV,12,E,N,A,-,N,NA,NA,NA,NA,NA,NA,NA,NA,NA,N,4,0,1,2,A,-,03,22350,NA,N,C,C,A,A,H,-,A,A,0,NA,NA,NA,NA,Y,NA,D,22,0,0,1,0,0,0,0,0,0,-,-,NA,NA,LOS ANGELES,EL MONTE,-118.0157136,34.08119714
6629572,2014,2014-11-04,1976,2014-09-15,1232,750,NA,1,5,3,1964,0,0,0,NA,0,NA,TELEGRAPH RD,HOUGHTON AV,39,E,N,A,-,N,NA,NA,NA,NA,NA,NA,NA,NA,NA,Y,4,0,1,3,A,-,03,22350,NA,N,C,C,A,A,H,-,A,D,0,NA,NA,NA,NA,Y,NA,A,01,0,0,1,0,0,0,0,0,0,-,-,NA,NA,LOS ANGELES,SANTA FE SPRINGS,-118.08849567,33.94827145
6629593,2014,2014-10-03,1942,2014-08-25,2100,32297,2029,1,5,7,1942,0,0,0,NA,0,20A39,VERMONT AV,4TH ST,150,N,N,A,-,N,NA,NA,NA,NA,NA,NA,NA,NA,NA,N,4,0,2,3,A,-,04,21703,NA,F,C,C,A,A,H,-,C,D,0,NA,NA,NA,NA,Y,NA,-,99,0,0,2,0,0,0,0,0,0,-,-,NA,NA,LOS ANGELES,LOS ANGELES,-118.29167,34.067747
6629597,2014,2014-10-03,1942,2014-08-03,0210,33515,2017,7,5,7,1942,0,0,0,NA,0,20A71,3RD ST,CATALINA ST,60,E,N,C,-,N,NA,NA,NA,NA,NA,NA,NA,NA,NA,N,4,0,2,2,A,-,-,NA,NA,F,C,C,A,B,H,-,C,A,0,NA,NA,NA,NA,Y,NA,-,99,0,0,2,0,0,0,0,0,0,-,-,NA,NA,LOS ANGELES,LOS ANGELES,-118.29521227,34.06905
6629632,2014,2015-05-26,1920,2014-09-16,0042,12509,NA,2,5,6,1920,0,0,0,NA,0,004,LAKEWOOD BL,STONEWOOD ST,0,NA,Y,A,-,N,NA,NA,NA,NA,NA,NA,NA,NA,NA,Y,4,0,1,2,A,-,03,22350,NA,F,D,C,A,A,H,-,C,A,0,NA,NA,NA,NA,Y,NA,A,NA,0,0,1,0,0,0,0,0,0,-,-,NA,NA,LOS ANGELES,DOWNEY,-118.12311007,33.93731009
6629679,2014,2015-05-26,1942,2014-09-15,1515,27512,0111,1,5,7,1942,0,0,0,A,0,1A84,ALAMEDA ST,CESAR E CHAVEZ AV,0,NA,Y,A,-,N,NA,NA,NA,NA,NA,NA,NA,NA,NA,N,4,0,1,2,A,-,08,22100,A,F,B,C,A,A,H,-,A,A,0,NA,NA,NA,NA,Y,NA,-,99,0,0,1,0,0,0,0,0,0,-,-,NA,NA,LOS ANGELES,LOS ANGELES,-118.23709,34.05809007
6629682,2014,2014-09-29,1942,2014-09-05,1050,26101,1263,5,5,7,1942,0,0,0,L,0,18T23,WESTERN AV,80TH ST,12,S,N,A,-,N,NA,NA,NA,NA,NA,NA,NA,NA,NA,Y,4,0,1,2,A,-,03,22350,NA,N,C,C,A,A,H,-,A,D,0,NA,NA,NA,NA,Y,NA,A,01,0,0,1,0,0,0,0,0,0,-,-,NA,NA,LOS ANGELES,LOS ANGELES,-118.309021,33.966347
6629686,2014,2014-09-29,1942,2014-09-07,0020,31745,1268,7,5,7,1942,0,0,0,L,0,18T23,82ND ST,BROADWAY,600,E,N,A,-,N,NA,NA,NA,NA,NA,NA,NA,NA,NA,N,3,0,1,2,A,-,11,21954,A,F,G,B,E,A,H,-,C,A,0,Y,NA,NA,NA,Y,NA,N,60,0,1,0,0,1,0,0,0,0,-,-,NA,NA,LOS ANGELES,LOS ANGELES,-118.27632514,33.96504898
6629690,2014,2014-10-10,1942,2014-09-15,1230,34458,0112,1,5,7,1942,0,0,0,A,0,4TL4,SPRING ST,ALISO ST,0,NA,Y,A,-,N,NA,NA,NA,NA,NA,NA,NA,NA,NA,Y,4,0,1,2,A,-,12,21453,A,N,D,C,A,A,A,-,A,A,0,NA,NA,NA,NA,Y,NA,-,-,0,0,1,0,0,0,0,0,0,-,-,NA,NA,LOS ANGELES,LOS ANGELES,-118.24150006,34.05609001
6629694,2014,2014-09-29,1942,2014-09-13,0800,38124,0157,6,5,7,1942,0,0,0,A,0,13T55,7TH ST,CROCKER ST,0,NA,Y,A,-,N,NA,NA,NA,NA,NA,NA,NA,NA,NA,Y,4,0,2,2,A,-,12,22450,A,N,D,C,A,A,H,-,A,A,0,NA,NA,NA,NA,Y,NA,A,01,0,0,2,0,0,0,0,0,0,-,-,NA,NA,LOS ANGELES,LOS ANGELES,-118.24593004,34.04011011
6629698,2014,2014-09-29,1942,2014-09-13,1515,32912,0195,6,5,7,1942,0,0,0,A,0,1A1,HILL ST,14TH ST,165,S,N,A,-,N,NA,NA,NA,NA,NA,NA,NA,NA,NA,Y,3,0,2,2,A,-,09,21801,A,N,A,C,A,A,H,-,A,D,0,NA,NA,NA,NA,Y,NA,A,01,0,1,1,0,0,0,0,0,0,-,-,NA,NA,LOS ANGELES,LOS ANGELES,-118.26374292,34.03572431
6629710,2014,2014-09-29,1942,2014-09-07,0005,37740,1243,7,5,7,1942,0,0,0,L,0,12T41,FLORENCE AV,HOBART BL,25,W,N,A,-,N,NA,NA,NA,NA,NA,NA,NA,NA,NA,N,4,0,1,2,A,-,11,21956,A,F,G,B,D,A,H,-,C,D,0,Y,NA,NA,NA,Y,NA,N,60,0,0,1,0,1,0,0,0,0,-,-,NA,NA,LOS ANGELES,LOS ANGELES,-118.3079723,33.97457
6629761,2014,2014-09-29,1922,2014-09-05,1337,640,NA,5,5,6,1922,0,0,0,NA,0,004,COGSWELL RD,MAGNOLIA ST,0,NA,Y,A,-,N,NA,NA,NA,NA,NA,NA,NA,NA,NA,N,4,0,1,2,A,-,05,21650,NA,N,D,G,A,A,H,-,A,A,0,NA,Y,NA,NA,Y,NA,L,04,0,0,1,0,0,0,1,0,0,-,-,NA,NA,LOS ANGELES,EL MONTE,-118.02201004,34.05981007
6629763,2014,2014-10-01,1942,2014-09-06,0840,40971,1823,6,5,7,1942,0,0,0,R,0,18T23,CENTURY BL,SAN PEDRO,0,NA,Y,A,-,N,NA,NA,NA,NA,NA,NA,NA,NA,NA,Y,4,0,1,2,A,-,09,21801,A,N,D,C,A,A,H,-,A,D,0,NA,NA,NA,NA,Y,NA,A,01,0,0,1,0,0,0,0,0,0,-,-,NA,NA,LOS ANGELES,LOS ANGELES,-118.26953011,33.94559009
6629765,2014,2014-09-29,1922,2014-09-05,1642,505,NA,5,5,6,1922,0,0,0,NA,0,NA,RAMONA BL,LEXINGTON AV,5,W,N,A,-,N,NA,NA,NA,NA,NA,NA,NA,NA,NA,N,4,0,1,2,A,-,11,21950,B,N,E,B,B,A,H,-,A,D,0,Y,NA,NA,NA,Y,NA,N,60,0,0,1,0,1,0,0,0,0,-,-,NA,NA,LOS ANGELES,EL MONTE,-118.03946647,34.07200972
6629766,2014,2014-09-29,1920,2014-09-05,1748,10133,NA,5,5,6,1920,0,0,0,NA,0,005,BROOKSHIRE AV,FLORENCE AV,0,NA,Y,A,-,N,NA,NA,NA,NA,NA,NA,NA,NA,NA,Y,3,0,4,2,D,-,00,NA,NA,N,D,C,A,A,H,-,A,A,0,NA,NA,NA,NA,Y,NA,-,-,0,1,3,0,0,0,0,0,0,-,-,NA,NA,LOS ANGELES,DOWNEY,-118.12184,33.94984007
6629767,2014,2016-01-12,1942,2014-09-10,1700,36738,1842,3,5,7,1942,0,0,0,R,0,18T39,IMPERIAL HWY,MAIN ST,0,NA,Y,A,-,N,NA,NA,NA,NA,NA,NA,NA,NA,NA,N,4,0,1,2,A,-,09,21801,A,N,D,C,A,A,H,-,A,A,0,NA,NA,NA,NA,Y,NA,A,01,0,0,1,0,0,0,0,0,0,-,-,NA,NA,LOS ANGELES,LOS ANGELES,-118.41597012,33.93146001
6629769,2014,2014-09-29,1920,2014-09-03,1911,12611,NA,3,5,6,1920,0,0,0,NA,0,004,FLORENCE AV,LITTLE LAKE RD,0,NA,Y,A,-,N,NA,NA,NA,NA,NA,NA,NA,NA,NA,Y,4,0,3,2,-,-,-,NA,NA,N,D,C,A,A,D,-,E,B,0,NA,NA,NA,NA,Y,NA,-,-,0,0,3,0,0,0,0,0,0,-,-,NA,NA,LOS ANGELES,DOWNEY,-118.09896003,33.9382701
6629770,2014,2014-09-29,1920,2014-09-07,0405,11859,1920,7,5,6,1920,0,0,0,NA,0,006,PARAMOUNT BL,COMOLETTE ST,0,NA,Y,A,-,N,NA,NA,NA,NA,NA,NA,NA,NA,NA,N,3,0,1,2,A,-,09,21801,A,N,D,C,A,A,H,-,C,D,0,NA,NA,NA,NA,Y,NA,A,01,0,1,0,0,0,0,0,0,0,-,-,NA,NA,LOS ANGELES,DOWNEY,-118.15458006,33.92072002
6629771,2014,2014-10-01,1942,2014-09-09,0640,38385,1842,2,5,7,1942,0,0,0,R,0,18TL23,109TH ST,SAN PEDRO ST,100,W,N,A,-,N,NA,NA,NA,NA,NA,NA,NA,NA,NA,Y,3,0,1,2,A,-,01,23152,A,N,B,E,A,A,H,-,A,D,0,NA,NA,NA,NA,Y,Y,A,01,0,1,0,0,0,0,0,0,0,-,-,NA,NA,LOS ANGELES,LOS ANGELES,-118.26986904,33.9373909
6629773,2014,2016-01-12,1922,2014-09-02,0546,635,NA,2,5,6,1922,0,0,0,NA,0,NA,VALLEY BL,DURFEE AV,0,NA,Y,A,-,N,NA,NA,NA,NA,NA,NA,NA,NA,NA,Y,4,0,2,2,A,-,03,22350,NA,N,D,C,A,A,-,-,B,A,0,NA,NA,NA,NA,Y,NA,A,01,0,0,2,0,0,0,0,0,0,-,-,NA,NA,LOS ANGELES,EL MONTE,-118.01325001,34.0597301
6629775,2014,2014-10-01,1942,2014-09-09,1030,40059,1821,2,5,7,1942,0,0,0,R,0,5TL21,VERMONT AV,101ST ST,30,S,N,A,-,N,NA,NA,NA,NA,NA,NA,NA,NA,NA,N,4,0,1,2,A,-,21,22106,NA,F,G,B,F,A,H,-,A,D,0,Y,NA,NA,NA,Y,NA,-,99,0,0,1,0,1,0,0,0,0,-,-,NA,NA,LOS ANGELES,LOS ANGELES,-118.291603,33.94447
6629777,2014,2014-09-29,1922,2014-09-07,1850,463,NA,7,5,6,1922,0,0,0,NA,0,NA,MAXSON RD,DEANA ST,200,S,N,A,-,N,NA,NA,NA,NA,NA,NA,NA,NA,NA,N,4,0,2,2,A,-,09,21804,A,N,D,C,A,A,H,-,A,D,0,NA,NA,NA,NA,Y,NA,A,01,0,0,2,0,0,0,0,0,0,-,-,NA,NA,LOS ANGELES,EL MONTE,-118.01047661,34.07033494
6629779,2014,2014-10-01,1942,2014-09-09,0015,40705,1862,2,5,7,1942,0,0,0,R,0,3T5,120TH ST,MAIN ST,300,E,N,A,-,N,NA,NA,NA,NA,NA,NA,NA,NA,NA,Y,3,0,3,3,A,-,03,22350,NA,N,C,E,A,A,H,-,C,D,0,NA,NA,NA,NA,Y,NA,A,01,0,2,1,0,0,0,0,0,0,-,-,NA,NA,LOS ANGELES,LOS ANGELES,-118.27391,33.92372
6629781,2014,2014-09-29,1920,2014-09-03,0903,12645,NA,3,5,6,1920,0,0,0,NA,0,005,MYRTLE ST,4TH ST,0,NA,Y,A,-,N,NA,NA,NA,NA,NA,NA,NA,NA,NA,Y,4,0,1,2,A,-,09,21802,A,N,D,C,A,A,H,-,A,A,0,NA,NA,NA,NA,Y,NA,-,NA,0,0,1,0,0,0,0,0,0,-,-,NA,NA,LOS ANGELES,DOWNEY,-118.13439002,33.94487009
6629782,2014,2014-09-29,1920,2014-09-12,1541,10705,NA,5,5,6,1920,0,0,0,NA,0,005,3RD ST,LA REINA AV,0,NA,Y,A,-,N,NA,NA,NA,NA,NA,NA,NA,NA,NA,N,3,0,1,2,A,-,10,21950,A,M,G,B,B,A,H,-,A,A,0,Y,NA,NA,NA,Y,NA,-,NA,0,1,0,0,1,0,0,0,0,-,-,NA,NA,LOS ANGELES,DOWNEY,-118.13357005,33.9427601
6629783,2014,2014-10-01,1942,2014-09-09,0745,40971,1252,2,5,7,1942,0,0,0,L,0,12T41,VAN NESS AV,70TH ST,220,S,N,A,-,N,NA,NA,NA,NA,NA,NA,NA,NA,NA,Y,4,0,1,2,A,-,17,22517,NA,F,B,E,A,A,H,-,A,D,0,NA,NA,NA,NA,Y,NA,A,07,0,0,1,0,0,0,0,0,0,-,-,NA,NA,LOS ANGELES,LOS ANGELES,-118.31774376,33.97577666
6629785,2014,2014-09-29,1976,2014-09-05,0650,745,NA,5,5,3,1964,0,0,0,NA,0,NA,PIONEER BL,WHITELAND ST,0,NA,Y,A,-,N,NA,NA,NA,NA,NA,NA,NA,NA,NA,Y,3,0,1,2,A,-,12,22450,A,N,D,C,A,A,H,-,A,A,0,NA,NA,NA,NA,Y,NA,A,01,0,1,0,0,0,0,0,0,0,-,-,NA,NA,LOS ANGELES,SANTA FE SPRINGS,-118.08557011,33.95255004
6629786,2014,2016-05-27,1920,2014-09-11,1438,12646,NA,4,5,6,1920,0,0,0,NA,0,005,LAKEWOOD BL,RT 5,0,NA,Y,A,-,Y,LA,7,5,-,-,8.435,R,4,S,N,4,0,2,3,A,-,03,22350,NA,N,C,C,A,A,H,-,A,A,0,NA,NA,NA,NA,Y,NA,-,NA,0,0,2,0,0,0,0,0,0,-,SF,NA,NA,LOS ANGELES,DOWNEY,-118.1134992,33.95903739
6629789,2014,2014-09-29,1976,2014-09-04,1739,356,NA,4,5,3,1964,0,0,0,NA,0,NA,FLORENCE AV,LAKE CENTER PARK LN,311,E,N,A,-,N,NA,NA,NA,NA,NA,NA,NA,NA,NA,Y,4,0,1,2,A,-,03,22350,NA,N,C,C,A,A,H,-,A,D,0,NA,NA,NA,NA,Y,NA,A,01,0,0,1,0,0,0,0,0,0,-,-,NA,NA,LOS ANGELES,SANTA FE SPRINGS,-118.08346693,33.93531391
6629790,2014,2014-09-29,1920,2014-09-07,1300,11361,1920,7,5,6,1920,0,0,0,NA,0,006,DOWNEY AV,STEWART AND GRAY RD,30,S,N,A,-,N,NA,NA,NA,NA,NA,NA,NA,NA,NA,N,4,0,1,2,A,-,08,22107,NA,N,B,C,A,A,H,-,A,A,0,NA,NA,NA,NA,Y,NA,A,NA,0,0,1,0,0,0,0,0,0,-,-,NA,NA,LOS ANGELES,DOWNEY,-118.13875232,33.93200024
6629793,2014,2014-09-29,1922,2014-09-10,0632,576,NA,3,5,6,1922,0,0,0,NA,0,NA,PARKWAY DR,FINEVIEW ST,0,NA,Y,A,-,N,NA,NA,NA,NA,NA,NA,NA,NA,NA,N,4,0,1,2,A,-,10,21950,A,N,G,B,D,A,H,-,A,A,0,Y,NA,NA,NA,Y,NA,A,01,0,0,1,0,1,0,0,0,0,-,-,NA,NA,LOS ANGELES,EL MONTE,-118.02167,34.04394001
6629794,2014,2014-09-29,1920,2014-09-08,0759,19354,NA,1,5,6,1920,0,0,0,NA,0,001,LAKEWOOD BL,DONOVAN ST,0,NA,Y,B,C,N,NA,NA,NA,NA,NA,NA,NA,NA,NA,Y,4,0,1,2,A,-,09,21801,A,N,D,C,A,B,H,-,A,A,0,NA,NA,NA,NA,Y,NA,-,NA,0,0,1,0,0,0,0,0,0,-,-,NA,NA,LOS ANGELES,DOWNEY,-118.13538003,33.92047001
6629795,2014,2014-10-01,1942,2014-09-14,0005,35936,1821,7,5,7,1942,0,0,0,R,0,12T41,FIGUEROA ST,94TH ST,139,S,N,A,-,N,NA,NA,NA,NA,NA,NA,NA,NA,NA,N,4,0,1,2,A,-,05,21650,NA,N,A,C,A,A,H,-,C,A,0,NA,NA,NA,NA,Y,NA,A,01,0,0,1,0,0,0,0,0,0,-,-,NA,NA,LOS ANGELES,LOS ANGELES,-118.28272,33.95061878
6629797,2014,2014-09-29,1922,2014-09-06,1330,612,NA,6,5,6,1922,0,0,0,NA,0,NA,GARVEY AV,PECK RD,5,W,N,A,-,N,NA,NA,NA,NA,NA,NA,NA,NA,NA,N,4,0,1,2,A,-,03,22350,NA,F,C,C,A,A,H,-,A,A,0,NA,NA,NA,NA,Y,NA,-,NA,0,0,1,0,0,0,0,0,0,-,-,NA,NA,LOS ANGELES,EL MONTE,-118.03055647,34.06285
6629798,2014,2014-09-29,1920,2014-09-08,1911,12162,NA,1,5,6,1920,0,0,0,NA,0,003,FLORENCE AV,TWEEDY LN,32,W,N,A,-,N,NA,NA,NA,NA,NA,NA,NA,NA,NA,N,4,0,1,2,A,-,12,21453,A,N,D,G,A,A,H,-,B,A,0,NA,Y,NA,NA,Y,NA,A,NA,0,0,1,0,0,0,1,0,0,-,-,NA,NA,LOS ANGELES,DOWNEY,-118.13179082,33.9544444
6629801,2014,2014-09-29,1922,2014-09-14,2126,640,NA,7,5,6,1922,0,0,0,NA,0,003,SANTA ANITA AV,GARVEY AV,1320,S,N,A,-,N,NA,NA,NA,NA,NA,NA,NA,NA,NA,N,4,0,1,2,A,-,03,22350,NA,N,C,C,A,A,G,-,C,B,0,NA,NA,NA,NA,Y,NA,A,01,0,0,1,0,0,0,0,0,0,-,-,NA,NA,LOS ANGELES,EL MONTE,-118.04236915,34.05913717
6629802,2014,2014-09-29,1920,2014-09-08,1143,12646,NA,1,5,6,1920,0,0,0,NA,0,006,LAKEWOOD BL,ALAMEDA ST,0,NA,Y,B,-,N,NA,NA,NA,NA,NA,NA,NA,NA,NA,Y,4,0,1,2,A,-,09,21801,A,N,A,C,A,A,H,-,A,A,0,NA,NA,NA,NA,Y,NA,-,NA,0,0,1,0,0,0,0,0,0,-,-,NA,NA,LOS ANGELES,DOWNEY,-118.13289011,33.92358007
6629805,2014,2014-09-29,1922,2014-09-10,2123,505,NA,3,5,6,1922,0,0,0,NA,0,NA,GARVEY AV,CENTRAL AV,320,E,N,A,-,N,NA,NA,NA,NA,NA,NA,NA,NA,NA,N,3,0,1,2,A,-,11,21955,NA,N,G,B,D,A,H,-,C,D,0,Y,NA,NA,NA,Y,Y,N,60,0,1,0,0,1,0,0,0,0,-,-,NA,NA,LOS ANGELES,EL MONTE,-118.04586576,34.06273
6629806,2014,2014-09-29,1920,2014-09-11,1103,10705,NA,4,5,6,1920,0,0,0,NA,0,002,PARAMOUNT BL,BURNS AV,46,S,N,A,-,N,NA,NA,NA,NA,NA,NA,NA,NA,NA,Y,3,0,2,2,D,-,00,NA,NA,N,D,C,A,A,H,-,A,D,0,NA,NA,NA,NA,Y,NA,-,-,0,1,1,0,0,0,0,0,0,-,-,NA,NA,LOS ANGELES,DOWNEY,-118.13884951,33.94150267
6629809,2014,2014-09-29,1942,2014-09-11,1240,39721,111,4,5,7,1942,0,0,0,K,0,1A84W4,TEMPLE ST,GRAND AV,2,W,N,A,-,N,NA,NA,NA,NA,NA,NA,NA,NA,NA,N,4,0,1,2,A,-,10,21950,A,N,A,B,B,A,H,-,A,A,0,Y,NA,NA,NA,Y,NA,A,01,0,0,1,0,1,0,0,0,0,-,-,NA,NA,LOS ANGELES,LOS ANGELES,-118.24644473,34.05814382
6629810,2014,2014-09-29,1920,2014-09-16,0857,19354,NA,2,5,6,1920,0,0,0,NA,0,005,LAKEWOOD BL,CHEROKEE DR,100,N,N,A,-,N,NA,NA,NA,NA,NA,NA,NA,NA,NA,N,4,0,1,2,A,-,21,22106,NA,N,C,C,A,A,H,-,A,A,0,NA,NA,NA,NA,Y,NA,-,NA,0,0,1,0,0,0,0,0,0,-,-,NA,NA,LOS ANGELES,DOWNEY,-118.11940615,33.94345049
6629813,2014,2014-09-29,1976,2014-09-03,0848,494,NA,3,5,3,1964,0,0,0,NA,0,001,TELEGRAPH RD,PAINTER AV,0,NA,Y,B,-,N,NA,NA,NA,NA,NA,NA,NA,NA,NA,Y,4,0,1,3,A,-,12,21453,A,N,D,C,A,A,H,-,A,A,0,NA,NA,NA,NA,Y,NA,A,01,0,0,1,0,0,0,0,0,0,-,-,NA,NA,LOS ANGELES,SANTA FE SPRINGS,-118.05140013,33.94194002
6629814,2014,2014-09-29,1920,2014-09-15,1321,12646,NA,1,5,6,1920,0,0,0,NA,0,006,BROOKSHIRE AV,ALAMEDA ST,0,NA,Y,A,-,N,NA,NA,NA,NA,NA,NA,NA,NA,NA,Y,4,0,1,2,A,-,12,21453,A,N,D,C,A,A,H,-,A,A,0,NA,NA,NA,NA,Y,NA,-,NA,0,0,1,0,0,0,0,0,0,-,-,NA,NA,LOS ANGELES,DOWNEY,-118.13859012,33.92629001
6629816,2014,2014-10-01,1941,2014-09-12,1718,6066,NA,5,5,7,1941,0,0,0,NA,0,NA,ANAHEIM ST,BENNETT,115,W,N,A,-,N,NA,NA,NA,NA,NA,NA,NA,NA,NA,N,4,0,2,4,A,-,03,22350,NA,N,C,C,A,A,H,-,A,A,0,NA,NA,NA,NA,Y,NA,A,NA,0,0,2,0,0,0,0,0,0,-,-,NA,NA,LOS ANGELES,LONG BEACH,-118.14302766,33.7826
6629817,2014,2014-09-29,1942,2014-09-11,1430,39049,182,4,5,7,1942,0,0,0,R,0,4T4-W5,OLYMPIC BL,FIGUEROA AV,0,NA,Y,A,-,N,NA,NA,NA,NA,NA,NA,NA,NA,NA,N,4,0,1,2,-,-,-,NA,NA,N,A,C,A,A,H,-,A,A,0,NA,NA,NA,NA,Y,NA,-,-,0,0,1,0,0,0,0,0,0,-,-,NA,NA,LOS ANGELES,LOS ANGELES,-118.26398007,34.04497003
6629818,2014,2014-09-29,1920,2014-09-17,0737,12646,NA,3,5,6,1920,0,0,0,NA,0,003,OLD RIVER SCHOOL RD,FLORENCE AV,305,S,N,A,-,N,NA,NA,NA,NA,NA,NA,NA,NA,NA,N,3,0,1,2,A,-,11,21954,A,N,G,B,D,A,H,-,A,D,0,Y,NA,NA,NA,Y,NA,N,60,0,1,0,0,1,0,0,0,0,-,-,NA,NA,LOS ANGELES,DOWNEY,-118.14103476,33.95812711