CASE_ID,ACCIDENT_YEAR,PROC_DATE,JURIS,COLLISION_DATE,COLLISION_TIME,OFFICER_ID,REPORTING_DISTRICT,DAY_OF_WEEK,CHP_SHIFT,POPULATION,CNTY_CITY_LOC,SPECIAL_COND,BEAT_TYPE,CHP_BEAT_TYPE,CITY_DIVISION_LAPD,CHP_BEAT_CLASS,BEAT_NUMBER,PRIMARY_RD,SECONDARY_RD,DISTANCE,DIRECTION,INTERSECTION,WEATHER_1,WEATHER_2,STATE_HWY_IND,CALTRANS_COUNTY,CALTRANS_DISTRICT,STATE_ROUTE,ROUTE_SUFFIX,POSTMILE_PREFIX,POSTMILE,LOCATION_TYPE,RAMP_INTERSECTION,SIDE_OF_HWY,TOW_AWAY,COLLISION_SEVERITY,NUMBER_KILLED,NUMBER_INJURED,PARTY_COUNT,PRIMARY_COLL_FACTOR,PCF_CODE_OF_VIOL,PCF_VIOL_CATEGORY,PCF_VIOLATION,PCF_VIOL_SUBSECTION,HIT_AND_RUN,TYPE_OF_COLLISION,MVIW,PED_ACTION,ROAD_SURFACE,ROAD_COND_1,ROAD_COND_2,LIGHTING,CONTROL_DEVICE,CHP_ROAD_TYPE,PEDESTRIAN_ACCIDENT,BICYCLE_ACCIDENT,MOTORCYCLE_ACCIDENT,TRUCK_ACCIDENT,NOT_PRIVATE_PROPERTY,ALCOHOL_INVOLVED,STWD_VEHTYPE_AT_FAULT,CHP_VEHTYPE_AT_FAULT,COUNT_SEVERE_INJ,COUNT_VISIBLE_INJ,COUNT_COMPLAINT_PAIN,COUNT_PED_KILLED,COUNT_PED_INJURED,COUNT_BICYCLIST_KILLED,COUNT_BICYCLIST_INJURED,COUNT_MC_KILLED,COUNT_MC_INJURED,PRIMARY_RAMP,SECONDARY_RAMP,LATITUDE,LONGITUDE,COUNTY,CITY,POINT_X,POINT_Y
6637202,2014,2014-10-09,1942,2014-09-11,1840,36738,1207,4,5,7,1942,0,0,0,L,0,18T39,HOOVER ST,VERNON AV,0,NA,Y,A,-,N,NA,NA,NA,NA,NA,NA,NA,NA,NA,N,4,0,2,2,A,-,09,21801,A,N,D,C,A,A,H,-,A,A,0,NA,NA,Y,NA,Y,NA,A,07,0,0,2,0,0,0,0,0,0,-,-,NA,NA,LOS ANGELES,LOS ANGELES,-118.28717,34.00372005
6637222,2014,2016-06-11,1900,2014-09-22,1030,502200,2929,1,5,5,1990,0,0,0,NA,0,192K1,BREA CANYON CUT OFF RD,RT 57,0,NA,Y,A,-,Y,LA,7,57,-,R,1.807,R,4,N,Y,4,0,1,2,A,-,12,21453,A,N,D,C,A,A,H,-,A,A,0,NA,NA,NA,NA,Y,NA,A,01,0,0,1,0,0,0,0,0,0,-,WF,NA,NA,LOS ANGELES,DIAMOND BAR,-117.85019065,33.96639726
6637241,2014,2014-10-09,1942,2014-09-02,1745,34221,2031,2,5,7,1942,0,0,0,NA,0,6A76,VAN NESS AV,MELROSE AV,0,NA,Y,A,-,N,NA,NA,NA,NA,NA,NA,NA,NA,NA,N,4,0,1,2,A,-,12,21453,A,N,H,G,A,A,H,-,A,A,0,NA,Y,NA,NA,Y,NA,L,04,0,0,1,0,0,0,1,0,0,-,-,NA,NA,LOS ANGELES,LOS ANGELES,-118.3157,34.08351002
6637245,2014,2014-10-09,1942,2014-09-06,1620,40315,2031,6,5,7,1942,0,0,0,NA,0,7T38,WILTON PL,7TH ST,0,NA,Y,A,-,N,NA,NA,NA,NA,NA,NA,NA,NA,NA,Y,3,0,2,3,A,-,09,21801,A,N,A,C,A,A,H,-,A,D,0,NA,NA,NA,NA,Y,NA,A,01,0,2,0,0,0,0,0,0,0,-,-,NA,NA,LOS ANGELES,LOS ANGELES,-118.31434008,34.0598901
6637249,2014,2014-10-09,1942,2014-09-09,1545,34433,0853,2,5,7,1942,0,0,0,H,0,8A53,SANTA MONICA BL,SALTAIR AV,0,NA,Y,A,-,N,NA,NA,NA,NA,NA,NA,NA,NA,NA,Y,3,0,2,2,A,-,09,21801,A,N,D,C,A,A,H,-,A,D,0,NA,NA,NA,NA,Y,NA,A,01,0,1,1,0,0,0,0,0,0,-,-,NA,NA,LOS ANGELES,LOS ANGELES,-118.46236001,34.0409501
6637250,2014,2014-10-17,1942,2014-09-15,0715,40971,1203,1,5,7,1942,0,0,0,L,0,18723,WESTERN AV,49TH ST,124,S,N,A,-,N,NA,NA,NA,NA,NA,NA,NA,NA,NA,Y,3,0,2,2,A,-,08,22107,NA,N,C,C,A,A,H,-,A,D,0,NA,NA,NA,NA,Y,NA,A,07,0,1,1,0,0,0,0,0,0,-,-,NA,NA,LOS ANGELES,LOS ANGELES,-118.308941,33.998661
6637253,2014,2014-10-09,1942,2014-09-11,2035,35765,0853,4,5,7,1942,0,0,0,H,0,8A29,SANTA MONICA BL,SAWTELLE BL,0,NA,Y,A,-,N,NA,NA,NA,NA,NA,NA,NA,NA,NA,N,4,0,1,2,A,-,11,21456,B,N,G,B,B,A,H,-,C,A,0,Y,NA,NA,NA,Y,NA,N,60,0,0,1,0,1,0,0,0,0,-,-,NA,NA,LOS ANGELES,LOS ANGELES,-118.44843006,34.04649001
6637262,2014,2014-10-09,1942,2014-09-08,1005,39354,0858,1,5,7,1942,0,0,0,H,0,8A59,PICO BL,ROBERTSON BL,8,E,N,F,-,N,NA,NA,NA,NA,NA,NA,NA,NA,NA,N,4,0,1,2,A,-,09,21801,A,N,G,G,A,A,H,-,A,A,0,NA,Y,NA,NA,Y,NA,L,04,0,0,1,0,0,0,1,0,0,-,-,NA,NA,LOS ANGELES,LOS ANGELES,-118.38369419,34.05477555
6637266,2014,2014-10-09,1942,2014-09-11,2045,40033,0833,4,5,7,1942,0,0,0,H,0,8A34,WESTWOOD AV,OHIO AV,15,S,N,A,-,N,NA,NA,NA,NA,NA,NA,NA,NA,NA,N,2,0,2,3,A,-,11,21453,D,N,G,B,B,A,H,-,C,A,0,Y,NA,NA,NA,Y,NA,N,60,1,1,0,0,2,0,0,0,0,-,-,NA,NA,LOS ANGELES,LOS ANGELES,-118.44070129,34.05406651
6637278,2014,2014-10-09,1942,2014-09-05,1835,25495,2029,5,5,7,1942,0,0,0,NA,0,7T23,4TH ST,VERMONT AV,7,E,N,A,-,N,NA,NA,NA,NA,NA,NA,NA,NA,NA,N,4,0,1,2,A,-,05,21650,1,N,B,G,A,A,H,-,A,A,0,NA,Y,NA,NA,Y,NA,L,04,0,0,1,0,0,0,1,0,0,-,-,NA,NA,LOS ANGELES,LOS ANGELES,-118.2916487,34.06733263
6637282,2014,2014-10-02,1942,2014-08-26,1745,31255,2081,2,5,7,1942,0,0,0,NA,0,20T56,VENICE BL,SAINT ANDREWS PL,0,NA,Y,A,-,N,NA,NA,NA,NA,NA,NA,NA,NA,NA,Y,3,0,1,2,A,-,09,21801,A,N,D,C,A,A,H,-,A,D,0,NA,NA,NA,NA,Y,NA,A,01,0,1,0,0,0,0,0,0,0,-,-,NA,NA,LOS ANGELES,LOS ANGELES,-118.31160004,34.04357009
6637284,2014,2016-06-04,9530,2014-09-11,1110,14654,NA,4,1,7,1941,0,1,1,NA,2,420,RT 405,RT 710,1056,S,N,A,-,Y,LA,7,405,-,-,7.45,H,-,N,Y,3,0,1,2,A,-,07,21658,A,N,-,C,A,A,H,-,A,D,1,NA,NA,NA,Y,Y,NA,G,25,0,1,0,0,0,0,0,0,0,-,-,33.4927,-118.121,LOS ANGELES,LONG BEACH,-118.20505546,33.82614562
6637286,2014,2014-10-09,1942,2014-08-20,0610,38266,2071,3,5,7,1942,0,0,0,NA,0,6T11,VENICE BL,ARLINGTON AV,0,NA,Y,A,-,N,NA,NA,NA,NA,NA,NA,NA,NA,NA,Y,4,0,2,2,A,-,12,21453,A,N,D,C,A,A,H,-,A,A,0,NA,NA,NA,NA,Y,NA,-,-,0,0,2,0,0,0,0,0,0,-,-,NA,NA,LOS ANGELES,LOS ANGELES,-118.31773011,34.04356008
6637288,2014,2016-06-11,9530,2014-09-06,1755,20787,NA,6,2,7,1942,0,1,1,NA,2,200,RT 105,CENTRAL AV,615,W,N,A,-,Y,LA,7,105,-,R,8.78,H,-,E,N,4,0,1,2,A,-,07,21658,A,N,D,C,A,A,H,-,A,D,1,NA,NA,NA,NA,Y,NA,A,01,0,0,1,0,0,0,0,0,0,-,-,33.9272,-118.2631,LOS ANGELES,LOS ANGELES,-118.25640349,33.92764444
6637290,2014,2014-10-01,1942,2014-08-07,1830,34882,2033,4,5,7,1942,0,0,0,NA,0,20M182,WHILSHIRE BL,OXFORD AV,0,NA,Y,A,-,N,NA,NA,NA,NA,NA,NA,NA,NA,NA,Y,4,0,2,3,A,-,12,21453,A,N,D,C,A,A,H,-,A,A,0,NA,NA,NA,NA,Y,NA,A,01,0,0,2,0,0,0,0,0,0,-,-,NA,NA,LOS ANGELES,LOS ANGELES,-118.30783,34.0617
6637294,2014,2016-06-16,1942,2014-08-21,1743,37512,RD821,4,5,7,1942,0,0,0,NA,0,822,RT 1,BAY CLUB DR,0,NA,Y,A,-,Y,LA,7,1,-,-,38.741,I,5,S,Y,3,0,2,2,A,-,09,21801,A,N,D,C,A,A,H,-,A,A,0,NA,NA,NA,NA,Y,NA,A,07,0,1,1,0,0,0,0,0,0,-,-,NA,NA,LOS ANGELES,LOS ANGELES,-118.54586489,34.03957475
6637298,2014,2014-10-01,1942,2014-08-26,1355,41510,826,2,5,7,1942,0,0,0,NA,0,8X48,SAN VICENTE BL,SALTAIR AV,0,NA,Y,A,-,N,NA,NA,NA,NA,NA,NA,NA,NA,NA,N,3,0,1,2,A,-,08,22100,B,N,D,G,A,A,H,-,A,A,0,NA,Y,NA,NA,Y,NA,L,04,0,1,0,0,0,0,1,0,0,-,-,NA,NA,LOS ANGELES,LOS ANGELES,-118.47298001,34.05225
6637301,2014,2016-06-07,9540,2014-08-26,0710,12296,NA,2,1,9,1900,0,1,3,NA,2,147,RT 14,AGUA DULCE CYN RD,1848,N,N,A,-,Y,LA,7,14,-,-,40.23,H,-,S,Y,4,0,1,2,A,-,03,22350,NA,N,C,C,A,A,H,-,A,D,1,NA,NA,NA,NA,Y,NA,A,01,0,0,1,0,0,0,0,0,0,-,-,34.43839,-118.37162,LOS ANGELES,UNINCORPORATED,-118.32378525,34.46750116
6637302,2014,2014-10-01,1942,2014-08-15,1515,40033,0807,5,5,7,1942,0,0,0,H,0,8A34,BEVERLY GLEN BL,WINDTREE DR,0,NA,Y,A,-,N,NA,NA,NA,NA,NA,NA,NA,NA,NA,Y,4,0,1,2,A,-,09,21802,A,N,D,C,A,A,H,-,A,-,0,NA,NA,NA,NA,Y,NA,A,01,0,0,1,0,0,0,0,0,0,-,-,NA,NA,LOS ANGELES,LOS ANGELES,-118.44563013,34.12565001
6637306,2014,2014-10-01,9545,2014-08-31,2250,020655,NA,7,3,9,1900,0,3,5,NA,2,002,60TH ST WEST,AVENUE M-8,0,NA,Y,A,-,N,NA,NA,NA,NA,NA,NA,NA,NA,NA,Y,4,0,2,3,A,-,03,22350,NA,F,C,C,A,A,H,-,C,A,0,NA,NA,NA,NA,Y,NA,A,01,0,0,2,0,0,0,0,0,0,-,-,34.63801,-118.23612,LOS ANGELES,UNINCORPORATED,-118.23618004,34.63817009
6637310,2014,2014-10-01,1900,2014-08-23,1739,514204,2261,6,5,2,1993,0,0,0,NA,0,226T1,LAKEVIEW CANYON RD,AGOURA RD,0,NA,Y,A,-,N,NA,NA,NA,NA,NA,NA,NA,NA,NA,Y,4,0,3,4,A,-,12,21453,A,N,D,C,A,A,H,-,A,A,0,NA,NA,NA,NA,Y,NA,A,01,0,0,3,0,0,0,0,0,0,-,-,NA,NA,LOS ANGELES,WESTLAKE VILLAGE,-118.81929006,34.14809002
6637314,2014,2014-10-01,1942,2014-08-18,1520,40273,0835,1,5,7,1942,0,0,0,H,0,8A53,SANTA MONICA BL,VETERAN AV,0,NA,Y,A,-,N,NA,NA,NA,NA,NA,NA,NA,NA,NA,Y,4,0,1,2,A,-,04,21703,NA,N,C,C,A,A,H,-,A,D,0,NA,NA,NA,NA,Y,NA,A,01,0,0,1,0,0,0,0,0,0,-,-,NA,NA,LOS ANGELES,LOS ANGELES,-118.4401301,34.04892007
6637318,2014,2016-01-13,1942,2014-08-02,1530,40824,1251,6,5,7,1942,0,0,0,L,0,12A51,CRENSHAW AV,71ST ST,0,NA,Y,B,-,N,NA,NA,NA,NA,NA,NA,NA,NA,NA,N,4,0,1,2,A,-,04,21703,NA,N,C,C,A,A,H,-,A,D,0,NA,NA,NA,NA,Y,NA,A,01,0,0,1,0,0,0,0,0,0,-,-,NA,NA,LOS ANGELES,LOS ANGELES,-118.33089012,33.97566002
6637322,2014,2014-10-01,1942,2014-08-17,2130,41185,0831,7,5,7,1942,0,0,0,H,0,8A95,SAN VICENTE BL,26TH ST,0,NA,Y,A,-,N,NA,NA,NA,NA,NA,NA,NA,NA,NA,Y,4,0,1,2,A,-,-,NA,NA,N,G,C,A,A,H,-,C,D,0,NA,NA,NA,NA,Y,NA,A,01,0,0,1,0,0,0,0,0,0,-,-,NA,NA,LOS ANGELES,LOS ANGELES,-118.49203005,34.04844003
6637326,2014,2014-10-01,1942,2014-08-16,1335,38282,0882,6,5,7,1942,0,0,0,H,0,7T23,PURDUE AV,TENNESSEE AV,0,NA,Y,A,-,N,NA,NA,NA,NA,NA,NA,NA,NA,NA,N,3,0,1,2,A,-,09,21802,A,N,H,G,A,A,H,-,A,A,0,NA,Y,NA,NA,Y,NA,L,04,0,1,0,0,0,0,1,0,0,-,-,NA,NA,LOS ANGELES,LOS ANGELES,-118.44192002,34.03558002
6637327,2014,2014-10-24,9530,2014-09-09,1425,020718,NA,2,2,9,1900,0,3,5,NA,2,006,VERMONT AV,214TH ST,171,N,N,A,-,N,NA,NA,NA,NA,NA,NA,NA,NA,NA,N,3,0,1,2,A,-,05,21202,A,N,B,G,A,A,H,-,A,D,0,NA,Y,NA,NA,Y,NA,L,04,0,1,0,0,0,0,1,0,0,-,-,33.83441,-118.29026,LOS ANGELES,UNINCORPORATED,-118.29028919,33.83475892
6637334,2014,2014-10-01,1942,2014-08-14,1740,40875,0835,4,5,7,1942,0,0,0,H,0,34QL64,OLYMPIC BL,KELTON AV,0,NA,Y,A,-,N,NA,NA,NA,NA,NA,NA,NA,NA,NA,Y,3,0,4,2,A,-,09,21802,A,N,D,C,A,A,H,-,A,D,0,NA,NA,NA,NA,Y,NA,A,01,0,3,1,0,0,0,0,0,0,-,-,NA,NA,LOS ANGELES,LOS ANGELES,-118.4335801,34.04281002
6637342,2014,2014-10-01,1942,2014-08-21,0830,38266,2062,4,5,7,1942,0,0,0,NA,0,7T23,WILTON PL,OLYMPIC BL,0,NA,Y,A,-,N,NA,NA,NA,NA,NA,NA,NA,NA,NA,N,4,0,2,2,A,-,12,21453,A,N,D,C,A,A,H,-,A,A,0,NA,NA,NA,NA,Y,NA,A,01,0,0,2,0,0,0,0,0,0,-,-,NA,NA,LOS ANGELES,LOS ANGELES,-118.31506008,34.0525501
6637357,2014,2014-10-01,1942,2014-08-18,1630,41281,2042,1,5,7,1942,0,0,0,NA,0,20A53,8TH ST,SAINT ANDREWS PL,0,NA,Y,A,-,N,NA,NA,NA,NA,NA,NA,NA,NA,NA,Y,4,0,1,2,A,-,12,21453,A,N,D,C,A,A,H,-,A,A,0,NA,NA,NA,NA,Y,NA,A,01,0,0,1,0,0,0,0,0,0,-,-,NA,NA,LOS ANGELES,LOS ANGELES,-118.31119011,34.05803006
6637370,2014,2014-10-24,9530,2014-09-04,1640,13604,NA,4,2,9,1900,0,3,5,NA,2,001,NADEAU ST,MIRAMONTE BL,52,E,N,A,-,N,NA,NA,NA,NA,NA,NA,NA,NA,NA,N,4,0,1,3,A,-,21,22106,NA,N,B,C,A,A,H,-,A,D,0,NA,NA,NA,NA,Y,NA,A,01,0,0,1,0,0,0,0,0,0,-,-,33.96738,-118.24489,LOS ANGELES,UNINCORPORATED,-118.24593884,33.96744
6637406,2014,2016-05-31,9530,2014-08-26,2145,20080,NA,2,2,7,1941,0,1,1,NA,2,071,RT 710,ARTESIA BL,729,S,N,A,-,Y,LA,7,710,-,-,12.51,H,-,N,Y,4,0,3,2,A,-,21,22106,NA,N,C,C,A,A,H,-,C,D,1,NA,NA,NA,NA,Y,Y,A,08,0,0,3,0,0,0,0,0,0,-,-,33.87234,-118.19368,LOS ANGELES,LONG BEACH,-118.19526923,33.86892556
6637414,2014,2014-11-19,9530,2014-09-02,0830,018278,NA,2,1,9,1900,0,3,5,NA,2,002,MAIN ST,EL SEGUNDO BL,206,N,N,A,-,N,NA,NA,NA,NA,NA,NA,NA,NA,NA,Y,4,0,1,2,A,-,06,21755,NA,N,B,C,A,A,H,-,A,D,0,NA,NA,NA,Y,Y,NA,D,22,0,0,1,0,0,0,0,0,0,-,-,33.91678,-118.27407,LOS ANGELES,UNINCORPORATED,-118.41595345,33.91693502
6637418,2014,2016-05-11,9530,2014-09-02,1635,18200,NA,2,2,6,1972,0,1,1,NA,2,400,RT 405,NORMANDIE AV,600,N,N,A,-,Y,LA,7,405,-,-,13.84,H,-,N,Y,4,0,1,2,A,-,03,22350,NA,N,C,C,A,A,H,-,A,D,1,NA,NA,NA,NA,Y,NA,A,01,0,0,1,0,0,0,0,0,0,-,-,33.86,-118.299,LOS ANGELES,TORRANCE,-118.29906235,33.8599182
6637422,2014,2014-10-29,9530,2014-09-02,1800,20744,NA,2,2,9,1900,0,3,5,NA,2,006,NORMANDIE AV,SEPULVEDA BL,105,N,N,A,-,N,NA,NA,NA,NA,NA,NA,NA,NA,NA,N,4,0,1,4,A,-,03,22350,NA,F,C,C,A,A,H,-,A,A,0,NA,NA,NA,NA,Y,NA,-,99,0,0,1,0,0,0,0,0,0,-,-,33.4848,-118.1753,LOS ANGELES,UNINCORPORATED,-118.2982,33.81345798
6637426,2014,2016-06-04,9530,2014-09-02,1628,20776,NA,2,2,7,1942,0,1,1,NA,2,400,RT 405,VERMONT,1000,N,N,A,-,Y,LA,7,405,-,-,13.62,H,-,S,N,4,0,1,2,A,-,03,22350,NA,N,C,C,A,A,H,-,A,D,1,NA,NA,NA,NA,Y,NA,D,22,0,0,1,0,0,0,0,0,0,-,-,33.51349,-118.17383,LOS ANGELES,LOS ANGELES,-118.29539349,33.85972871
6637457,2014,2016-05-11,9530,2014-09-04,1900,019778,NA,4,2,7,1941,0,1,1,NA,2,430,RT 405,PALO VERDE AV,500,N,N,A,-,Y,LA,7,405,-,-,1.25,H,-,S,N,4,0,1,2,A,-,04,21703,NA,N,C,C,A,A,H,-,A,D,1,NA,NA,NA,NA,Y,NA,A,07,0,0,1,0,0,0,0,0,0,-,-,33.7981,-118.1101,LOS ANGELES,LONG BEACH,-118.10940142,33.79789782
6637461,2014,2016-06-04,9530,2014-09-04,0840,020718,NA,4,1,9,1900,0,1,1,NA,2,120,RT 110,CARSON ST,400,N,N,B,-,Y,LA,7,110,-,-,7.1,H,-,N,N,4,0,2,2,A,-,03,22350,NA,N,C,C,A,A,H,-,A,D,1,NA,NA,NA,NA,Y,NA,A,01,0,0,2,0,0,0,0,0,0,-,-,33.83494,-118.28743,LOS ANGELES,UNINCORPORATED,-118.28724348,33.83295084
6637464,2014,2016-06-11,9530,2014-09-09,0655,020793,NA,2,1,5,1943,0,1,1,NA,2,210,RT 105,LONG BEACH BL,350,E,N,A,-,Y,LA,7,105,-,R,11.69,H,-,W,Y,3,0,1,2,A,-,03,22350,NA,N,C,C,A,A,H,-,A,D,6,NA,NA,Y,NA,Y,NA,C,02,0,1,0,0,0,0,0,0,1,-,-,33.5518,-118.121,LOS ANGELES,LYNWOOD,-118.20772292,33.92411875
6637465,2014,2016-05-31,9530,2014-09-01,1300,014661,NA,1,1,7,1941,0,1,1,NA,2,072,RT 710,LOS ANGELES RIVER,100,S,N,A,-,Y,LA,7,710,-,-,9.305,R,2,N,N,3,0,1,1,C,-,18,NA,NA,N,E,I,A,D,B,-,A,D,1,NA,NA,Y,NA,Y,NA,-,-,0,1,0,0,0,0,0,0,1,TO,-,33.825920000000004,-118.20621,LOS ANGELES,LONG BEACH,-118.20702852,33.82496904
6637468,2014,2016-05-31,9530,2014-09-05,2210,020583,NA,5,3,7,1941,0,1,1,NA,2,071,RT 710,ATLANTIC AV,5,S,N,A,-,Y,LA,7,710,-,-,13.64,H,-,S,Y,3,0,1,2,A,-,01,23152,A,N,C,C,A,A,H,-,C,D,0,NA,NA,NA,NA,Y,Y,A,01,0,1,0,0,0,0,0,0,0,-,-,33.88491,-118.19082,LOS ANGELES,LONG BEACH,-118.19079351,33.88494742
6637472,2014,2016-05-14,9530,2014-09-08,0800,14701,NA,1,1,7,1941,0,1,1,NA,2,420,RT 405,ORANGE AV,300,N,N,B,C,Y,LA,7,405,-,-,5.37,H,-,N,Y,4,0,2,3,A,-,03,22350,NA,N,C,C,A,B,H,-,A,D,1,NA,NA,NA,NA,Y,NA,A,01,0,0,2,0,0,0,0,0,0,-,-,33.814,-118.176,LOS ANGELES,LONG BEACH,-118.1760235,33.81440679
6637473,2014,2016-05-11,9530,2014-09-08,1515,020331,NA,1,2,6,1972,0,1,1,NA,2,400,RT 405,PRAIRIE AV,100,S,N,A,-,Y,LA,7,405,-,-,16.76,H,-,N,Y,4,0,1,2,A,-,03,22350,NA,N,B,C,A,A,H,-,A,D,1,NA,NA,NA,NA,Y,NA,A,07,0,0,1,0,0,0,0,0,0,-,-,33.873,-118.342,LOS ANGELES,TORRANCE,-118.34369722,33.87519248
6637476,2014,2016-06-04,9530,2014-09-08,0925,020331,NA,1,1,9,1900,0,1,1,NA,2,120,RT 110,SEPULVEDA BL,100,S,N,B,-,Y,LA,7,110,-,-,5.43,H,-,N,Y,4,0,2,2,A,-,08,22107,NA,N,C,C,A,B,H,-,A,D,1,NA,NA,NA,NA,Y,NA,A,07,0,0,2,0,0,0,0,0,0,-,-,33.80851,-118.2877,LOS ANGELES,UNINCORPORATED,-118.28763091,33.80847983
6637477,2014,2016-05-14,9530,2014-09-05,1125,19722,NA,5,1,5,1977,0,1,1,NA,2,410,RT 405,RT 110,319,N,N,A,-,Y,LA,7,110,-,-,8.87,R,2,S,Y,3,0,1,1,A,-,03,22350,NA,N,F,A,A,A,H,-,A,D,1,NA,NA,Y,NA,Y,NA,C,02,0,1,0,0,0,0,0,0,1,TO,-,33.85825,-118.28606,LOS ANGELES,CARSON,-118.28476663,33.85840307
6637480,2014,2016-06-04,9530,2014-09-08,1355,020240,NA,1,1,6,1972,0,1,1,NA,2,400,RT 405,CRENSHAW BL,579,S,N,B,-,Y,LA,7,405,-,-,15.34,H,-,N,N,4,0,1,2,A,-,03,22350,NA,N,C,C,A,A,H,-,A,D,1,NA,NA,NA,NA,Y,NA,A,01,0,0,1,0,0,0,0,0,0,-,-,33.86402,-118.32455,LOS ANGELES,TORRANCE,-118.32443541,33.86409008
6637481,2014,2014-11-04,9530,2014-09-06,2200,020665,NA,6,3,9,1900,0,3,5,NA,2,001,FLORENCE AV,GRAHAM AV,25,E,N,A,-,N,NA,NA,NA,NA,NA,NA,NA,NA,NA,N,4,0,1,2,A,-,11,21954,A,N,G,B,D,A,H,-,C,A,0,Y,NA,NA,NA,Y,NA,N,60,0,0,1,0,1,0,0,0,0,-,-,33.9747,-118.2426,LOS ANGELES,UNINCORPORATED,-118.24270771,33.97474
6637484,2014,2016-06-11,9530,2014-09-05,1950,020636,NA,5,2,7,1942,0,1,1,NA,2,200,RT 105,SAN PEDRO ST,75,W,N,A,-,Y,LA,7,105,-,R,8.02,H,-,E,N,4,0,1,2,A,-,03,22350,NA,N,C,C,A,A,H,-,C,D,1,NA,NA,NA,NA,Y,NA,A,01,0,0,1,0,0,0,0,0,0,-,-,33.92732,-118.26971,LOS ANGELES,LOS ANGELES,-118.26955996,33.92731484
6637485,2014,2016-05-11,9530,2014-09-05,2340,020686,NA,5,3,7,1941,0,1,1,NA,2,430,RT 405,STUDEBAKER RD,1425,N,N,A,-,Y,LA,7,405,-,-,0.77,H,-,S,Y,4,0,1,2,A,-,03,22350,NA,N,C,C,A,A,D,-,C,D,1,NA,NA,NA,NA,Y,NA,A,07,0,0,1,0,0,0,0,0,0,-,-,33.79304,-118.10291,LOS ANGELES,LONG BEACH,-118.10313363,33.79320266
6637489,2014,2015-01-13,9530,2014-09-05,1710,020446,NA,5,2,9,1900,0,3,5,NA,2,001,BROADWAY AV,SOUTHGATE AV,0,NA,Y,A,-,N,NA,NA,NA,NA,NA,NA,NA,NA,NA,N,4,0,1,2,A,-,09,21802,A,N,D,G,A,A,H,-,A,A,0,NA,Y,NA,NA,Y,NA,A,01,0,0,1,0,0,0,1,0,0,-,-,33.96531,-118.21295,LOS ANGELES,UNINCORPORATED,-118.212904,33.965373
6637493,2014,2016-05-25,9530,2014-09-16,0800,14298,NA,2,1,7,1941,0,1,1,NA,2,430,RT 405,CLARK AV,25,N,N,A,-,Y,LA,7,405,-,-,2.8,H,-,S,N,4,0,1,3,A,-,07,21658,A,F,-,C,A,A,H,-,A,D,1,NA,NA,NA,NA,Y,NA,-,99,0,0,1,0,0,0,0,0,0,-,-,33.80278,-118.13369,LOS ANGELES,LONG BEACH,-118.13442296,33.80273533
6637497,2014,2016-06-04,9530,2014-09-12,1552,020732,NA,5,2,7,1942,0,1,1,NA,2,110,RT 110,FIGUEROA ST,75,S,N,A,-,Y,LA,7,110,-,-,20.91,H,-,N,Y,4,0,1,2,A,-,03,22350,NA,N,C,C,A,A,H,-,A,D,0,NA,NA,NA,NA,Y,NA,A,01,0,0,1,0,0,0,0,0,0,-,-,33.91909,-118.28362,LOS ANGELES,LOS ANGELES,-118.2743735,34.0306124
6637501,2014,2016-05-17,9530,2014-09-02,1710,020137,NA,2,2,5,1977,0,1,3,NA,2,310,RT 91,AVALON BL,528,E,N,A,-,Y,LA,7,91,-,R,7.62,H,-,W,Y,3,0,2,1,A,-,08,22107,NA,N,E,I,A,A,H,-,A,D,1,NA,NA,NA,NA,Y,NA,A,01,0,1,1,0,0,0,0,0,0,-,-,NA,NA,LOS ANGELES,CARSON,-118.26287033,33.87358727
6637602,2014,2014-10-16,1942,2014-08-23,1950,40639,1025,6,5,7,1942,0,0,0,J,0,9T53,VANOWEN ST,ETIWANDA AV,5,W,N,A,-,N,NA,NA,NA,NA,NA,NA,NA,NA,NA,Y,3,0,3,2,A,-,09,21801,A,N,D,C,A,A,H,-,B,A,0,NA,NA,NA,NA,Y,NA,A,01,0,1,2,0,0,0,0,0,0,-,-,NA,NA,LOS ANGELES,LOS ANGELES,-118.5316965,34.19386962
6637603,2014,2014-10-16,1942,2014-08-26,2205,38354,1021,2,5,7,1942,0,0,0,J,0,10T37,TAMPA AV,KITTRIDGE ST,0,NA,Y,A,-,N,NA,NA,NA,NA,NA,NA,NA,NA,NA,Y,3,0,3,2,A,-,01,23152,A,N,A,C,A,A,H,-,C,A,0,NA,NA,NA,NA,Y,Y,D,22,0,1,2,0,0,0,0,0,0,-,-,NA,NA,LOS ANGELES,LOS ANGELES,-118.55345012,34.19057006
6637604,2014,2014-10-21,1942,2014-09-16,0805,30830,1529,2,5,7,1942,0,0,0,O,0,16YL23,OXNARD ST,CAHUENGA BL,438,E,N,A,-,N,NA,NA,NA,NA,NA,NA,NA,NA,NA,N,4,0,1,2,A,-,21,22106,NA,N,H,C,A,A,H,-,A,D,0,NA,NA,NA,Y,Y,NA,F,27,0,0,1,0,0,0,0,0,0,-,-,NA,NA,LOS ANGELES,LOS ANGELES,-118.36013459,34.17943334