CASE_ID,ACCIDENT_YEAR,PROC_DATE,JURIS,COLLISION_DATE,COLLISION_TIME,OFFICER_ID,REPORTING_DISTRICT,DAY_OF_WEEK,CHP_SHIFT,POPULATION,CNTY_CITY_LOC,SPECIAL_COND,BEAT_TYPE,CHP_BEAT_TYPE,CITY_DIVISION_LAPD,CHP_BEAT_CLASS,BEAT_NUMBER,PRIMARY_RD,SECONDARY_RD,DISTANCE,DIRECTION,INTERSECTION,WEATHER_1,WEATHER_2,STATE_HWY_IND,CALTRANS_COUNTY,CALTRANS_DISTRICT,STATE_ROUTE,ROUTE_SUFFIX,POSTMILE_PREFIX,POSTMILE,LOCATION_TYPE,RAMP_INTERSECTION,SIDE_OF_HWY,TOW_AWAY,COLLISION_SEVERITY,NUMBER_KILLED,NUMBER_INJURED,PARTY_COUNT,PRIMARY_COLL_FACTOR,PCF_CODE_OF_VIOL,PCF_VIOL_CATEGORY,PCF_VIOLATION,PCF_VIOL_SUBSECTION,HIT_AND_RUN,TYPE_OF_COLLISION,MVIW,PED_ACTION,ROAD_SURFACE,ROAD_COND_1,ROAD_COND_2,LIGHTING,CONTROL_DEVICE,CHP_ROAD_TYPE,PEDESTRIAN_ACCIDENT,BICYCLE_ACCIDENT,MOTORCYCLE_ACCIDENT,TRUCK_ACCIDENT,NOT_PRIVATE_PROPERTY,ALCOHOL_INVOLVED,STWD_VEHTYPE_AT_FAULT,CHP_VEHTYPE_AT_FAULT,COUNT_SEVERE_INJ,COUNT_VISIBLE_INJ,COUNT_COMPLAINT_PAIN,COUNT_PED_KILLED,COUNT_PED_INJURED,COUNT_BICYCLIST_KILLED,COUNT_BICYCLIST_INJURED,COUNT_MC_KILLED,COUNT_MC_INJURED,PRIMARY_RAMP,SECONDARY_RAMP,LATITUDE,LONGITUDE,COUNTY,CITY,POINT_X,POINT_Y
6641401,2014,2016-05-16,9535,2014-08-25,0735,12767,NA,1,1,5,1906,0,1,1,NA,2,651,RT 605,VALLEY BL,1008,N,N,A,-,Y,LA,7,605,-,R,19.6,H,-,S,N,4,0,1,2,A,-,07,21658,A,N,B,C,A,A,H,-,A,D,1,NA,NA,NA,Y,Y,NA,F,25,0,0,1,0,0,0,0,0,0,-,-,34.05417,-118.00458,LOS ANGELES,BALDWIN PARK,-118.00298261,34.05688063
6641404,2014,2014-11-10,9535,2014-08-28,2000,13421,NA,4,2,9,1900,0,2,4,NA,2,024,WHITTIER BL,SIMMONS AV,0,NA,Y,A,-,N,NA,NA,NA,NA,NA,NA,NA,NA,NA,Y,4,0,1,2,A,-,09,21801,B,N,D,C,A,A,H,-,C,D,0,NA,NA,NA,NA,Y,NA,D,22,0,0,1,0,0,0,0,0,0,-,-,34.01795,-118.14561,LOS ANGELES,UNINCORPORATED,-118.14627013,34.01808005
6641408,2014,2016-05-31,9535,2014-08-31,0145,18188,NA,7,3,5,1915,0,1,1,NA,2,075,RT 710,ALONDRA BL,910,N,N,A,-,Y,LA,7,710,-,-,14.12,H,-,S,Y,3,0,2,3,A,-,01,23152,A,N,E,I,A,A,H,-,C,D,1,NA,NA,NA,NA,Y,Y,D,22,0,2,0,0,0,0,0,0,0,-,-,33.89152,-118.18833,LOS ANGELES,COMPTON,-118.18842256,33.89152893
6641409,2014,2014-10-16,9535,2014-09-10,1700,20488,NA,3,2,9,1900,0,2,4,NA,2,025,ATLANTIC BL,BEVERLY BL,25,S,N,A,-,N,NA,NA,NA,NA,NA,NA,NA,NA,NA,N,3,0,1,2,A,-,08,22107,NA,N,D,G,A,A,H,-,A,D,0,NA,Y,NA,NA,Y,NA,D,22,0,1,0,0,0,0,1,0,0,-,-,34.0321,-118.1544,LOS ANGELES,UNINCORPORATED,-118.15374281,34.03206712
6641416,2014,2016-06-04,9535,2014-09-09,0925,20825,NA,2,1,4,1907,0,1,1,NA,2,072,RT 710,FLORENCE AV,100,S,N,A,-,Y,LA,7,710,-,-,19.71,H,-,N,Y,4,0,2,2,A,-,04,21703,NA,N,C,C,A,A,H,-,A,D,1,NA,NA,NA,NA,Y,NA,D,22,0,0,2,0,0,0,0,0,0,-,-,33.9686,-118.16777,LOS ANGELES,BELL,-118.16772069,33.96783641
6641417,2014,2016-06-04,9535,2014-09-18,1155,15336,NA,4,1,3,1914,0,1,1,NA,2,501,RT 5,ATLANTIC BL,790,S,N,A,-,Y,LA,7,5,-,-,12.65,H,-,S,N,4,0,1,2,A,-,03,22350,NA,N,C,C,A,A,H,-,A,D,1,NA,NA,NA,NA,Y,NA,D,22,0,0,1,0,0,0,0,0,0,-,-,34.0066,-118.1559,LOS ANGELES,COMMERCE,-118.15691088,34.00730092
6641433,2014,2014-10-16,9535,2014-09-16,1130,20816,NA,2,1,9,1900,0,2,4,NA,2,025,ATLANTIC BL,UNION PACIFIC AV,0,NA,Y,A,-,N,NA,NA,NA,NA,NA,NA,NA,NA,NA,Y,4,0,1,2,A,-,12,21453,A,N,D,C,A,A,H,-,A,A,0,NA,NA,NA,NA,Y,NA,A,01,0,0,1,0,0,0,0,0,0,-,-,34.0141,-118.1593,LOS ANGELES,UNINCORPORATED,-118.15920014,34.01412004
6641434,2014,2014-10-16,9535,2014-09-22,1555,13421,NA,1,2,9,1900,0,2,4,NA,2,014,CESAR E CHAVEZ AV,CARMELITA AV,30,W,N,A,-,N,NA,NA,NA,NA,NA,NA,NA,NA,NA,N,4,0,1,2,A,-,03,22350,NA,N,C,C,A,A,H,-,A,D,0,NA,NA,NA,NA,Y,NA,D,22,0,0,1,0,0,0,0,0,0,-,-,34.04054,-118.17754,LOS ANGELES,UNINCORPORATED,-118.17752882,34.04056
6641437,2014,2016-06-02,9535,2014-09-06,2120,19121,NA,6,2,9,1900,0,1,3,NA,2,0620,RT 60,RT 164,10,E,N,A,-,Y,LA,7,60,-,-,9.49,H,-,E,Y,4,0,1,3,A,-,07,21658,A,N,B,C,A,A,H,-,C,D,1,NA,NA,NA,Y,Y,NA,D,22,0,0,1,0,0,0,0,0,0,-,-,34.04119,-118.06348,LOS ANGELES,UNINCORPORATED,-118.06461607,34.04118533
6641471,2014,2016-06-04,9535,2014-09-06,2010,20033,NA,6,2,3,1914,0,1,1,NA,2,500,RT 5,ARIZONA AV,565,S,N,A,-,Y,LA,7,5,-,-,13.46,H,-,N,N,4,0,1,2,A,-,07,21658,A,N,B,C,A,A,H,-,C,D,1,NA,NA,NA,NA,Y,NA,D,22,0,0,1,0,0,0,0,0,0,-,-,34.014,-118.168,LOS ANGELES,COMMERCE,-118.1678274,34.01444197
6641483,2014,2016-05-31,9535,2014-09-08,0946,15636,NA,1,1,5,1943,0,1,1,NA,2,075,RT 710,IMPERIAL HWY,650,S,N,B,-,Y,LA,7,710,-,-,16.87,H,-,S,Y,4,0,1,4,A,-,03,22350,NA,N,D,C,A,B,H,-,A,D,1,NA,NA,NA,Y,Y,NA,A,07,0,0,1,0,0,0,0,0,0,-,-,33.92896,-118.17898,LOS ANGELES,LYNWOOD,-118.17891307,33.92918377
6641601,2014,2014-11-06,1942,2014-09-10,1055,38185,1078,3,5,7,1942,0,0,0,J,0,10YL37,HAYVENHURST AV,MAGNOLIA BL,0,NA,Y,A,-,N,NA,NA,NA,NA,NA,NA,NA,NA,NA,Y,3,0,1,2,A,-,12,21453,A,N,D,C,A,A,H,-,A,A,0,NA,NA,NA,NA,Y,NA,-,-,0,1,0,0,0,0,0,0,0,-,-,NA,NA,LOS ANGELES,LOS ANGELES,-118.49234012,34.16492002
6641602,2014,2014-10-06,1942,2014-07-25,2040,38600,0514,5,5,7,1942,0,0,0,E,0,5A24,PACIFIC COAST HWY,FRIGATE AV,0,NA,Y,A,-,N,NA,NA,NA,NA,NA,NA,NA,NA,NA,Y,4,0,1,2,A,-,08,22107,NA,N,D,C,A,A,H,-,C,D,0,NA,NA,NA,NA,Y,NA,A,01,0,0,1,0,0,0,0,0,0,-,-,NA,NA,LOS ANGELES,LOS ANGELES,-118.27770007,33.79039002
6641603,2014,2016-06-16,1942,2014-07-20,2320,36065,0519,7,5,7,1942,0,0,0,E,0,5A25,PACIFIC COAST HWY,COIL AV,225,E,N,A,-,Y,LA,7,1,-,-,9.41,H,-,S,Y,3,0,1,1,A,-,01,23152,A,N,C,I,A,A,H,-,C,D,0,NA,NA,NA,NA,Y,Y,A,07,0,1,0,0,0,0,0,0,0,-,-,NA,NA,LOS ANGELES,LOS ANGELES,-118.24349659,33.79104109
6641605,2014,2016-01-12,1942,2014-09-09,1625,38181,1035,2,5,7,1942,0,0,0,J,0,10T34,VICTORY BL,YARMOUTH AV,0,NA,Y,A,-,N,NA,NA,NA,NA,NA,NA,NA,NA,NA,Y,4,0,1,2,A,-,09,21801,A,N,D,C,A,A,H,-,A,D,0,NA,NA,NA,NA,Y,NA,D,22,0,0,1,0,0,0,0,0,0,-,-,NA,NA,LOS ANGELES,LOS ANGELES,-118.51969009,34.18676011
6641606,2014,2014-10-06,1942,2014-07-26,2050,40956,0563,6,5,7,1942,0,0,0,E,0,5A85,GAFFEY ST,16TH ST,20,S,N,A,-,N,NA,NA,NA,NA,NA,NA,NA,NA,NA,NA,3,0,1,2,A,-,11,21954,A,N,G,B,D,A,H,-,C,D,0,Y,NA,NA,NA,Y,NA,N,60,0,1,0,0,1,0,0,0,0,-,-,NA,NA,LOS ANGELES,LOS ANGELES,-118.29238,33.72966515
6641607,2014,2016-06-16,1942,2014-07-05,1345,36362,0515,6,5,7,1942,0,0,0,E,0,5A14,WILMINGTON,PACIFIC COAST HWY,20,N,N,A,-,Y,LA,7,1,-,-,11.208,I,6,N,N,4,0,1,2,A,-,03,22350,NA,N,C,C,A,A,H,-,A,A,0,NA,NA,NA,NA,Y,NA,A,01,0,0,1,0,0,0,0,0,0,-,-,NA,NA,LOS ANGELES,LOS ANGELES,-118.27509505,33.79059272
6641609,2014,2014-10-20,1942,2014-08-18,1315,36083,2097,1,5,7,1942,0,0,0,NA,0,7T23,NORMANDIE AV,WASHINGTON BL,20,S,N,A,-,N,NA,NA,NA,NA,NA,NA,NA,NA,NA,Y,4,0,2,5,A,-,04,21703,NA,F,C,C,A,A,H,-,A,D,0,NA,NA,NA,NA,Y,NA,A,08,0,0,2,0,0,0,0,0,0,-,-,NA,NA,LOS ANGELES,LOS ANGELES,-118.30084,34.03999
6641610,2014,2014-10-06,1942,2014-07-27,0100,41407,0555,7,5,7,1942,0,0,0,E,0,5A55,CABRILLO AV,SEPULVEDA ST,60,S,N,A,-,N,NA,NA,NA,NA,NA,NA,NA,NA,NA,N,3,0,1,2,A,-,03,22350,NA,F,C,G,A,A,H,-,C,A,0,NA,Y,NA,NA,Y,NA,-,99,0,1,0,0,0,0,1,0,0,-,-,NA,NA,LOS ANGELES,LOS ANGELES,-118.29454,33.74546544
6641611,2014,2014-10-03,1942,2014-07-13,1900,38167,0516,7,5,7,1942,0,0,0,E,0,5XL4,MARINE AV,DENNI ST,0,NA,Y,A,-,N,NA,NA,NA,NA,NA,NA,NA,NA,NA,Y,4,0,2,2,A,-,12,22450,A,N,D,C,A,A,H,-,A,-,0,NA,NA,NA,NA,Y,NA,A,01,0,0,2,0,0,0,0,0,0,-,-,NA,NA,LOS ANGELES,LOS ANGELES,-118.26414004,33.78469009
6641614,2014,2014-10-03,1942,2014-07-08,0710,37234,0504,2,5,7,1942,0,0,0,E,0,5A11,WESTERN AV,207TH ST,30,N,N,A,-,N,NA,NA,NA,NA,NA,NA,NA,NA,NA,Y,3,0,1,3,A,-,04,21703,NA,N,C,C,A,A,H,-,A,D,0,NA,NA,NA,NA,Y,NA,A,01,0,1,0,0,0,0,0,0,0,-,-,NA,NA,LOS ANGELES,LOS ANGELES,-118.309211,33.842974
6641616,2014,2014-10-15,9530,2014-09-10,0650,020240,NA,3,1,7,1942,0,1,1,NA,2,071,RT 710,DEL AMO BL,2161,S,N,A,-,Y,NA,NA,NA,NA,NA,NA,NA,NA,NA,N,4,0,1,3,A,-,07,21658,A,N,B,C,A,A,H,-,A,D,0,NA,NA,NA,Y,Y,NA,A,01,0,0,1,0,0,0,0,0,0,-,-,33.84458,-118.20605,LOS ANGELES,LOS ANGELES,-118.20709637,33.84077769
6641618,2014,2016-05-28,1942,2014-07-01,1930,40151,515,2,5,7,1942,0,0,0,NA,0,NA,NEPTUNE,PCH,2,S,N,A,-,Y,LA,7,1,-,-,10.901,I,5,N,N,4,0,1,2,A,-,03,22350,NA,N,C,C,A,A,H,-,B,D,0,NA,NA,NA,NA,Y,Y,A,07,0,0,1,0,0,0,0,0,0,-,-,NA,NA,LOS ANGELES,LOS ANGELES,-118.26972868,33.79088192
6641619,2014,2014-10-03,1942,2014-07-24,1405,32565,2029,4,5,7,1942,0,0,0,NA,0,20TL56,WILSHIRE BL,VIRGIL AV,114,W,N,A,-,N,NA,NA,NA,NA,NA,NA,NA,NA,NA,Y,3,0,4,3,A,-,04,21703,NA,F,C,C,A,A,H,-,A,A,0,NA,NA,NA,NA,Y,NA,-,99,0,3,1,0,0,0,0,0,0,-,-,NA,NA,LOS ANGELES,LOS ANGELES,-118.28745549,34.06181939
6641622,2014,2014-10-06,1942,2014-07-07,2120,38205,0532,1,5,7,1942,0,0,0,E,0,5A15,NEPTUNE,M ST,0,NA,Y,A,-,N,NA,NA,NA,NA,NA,NA,NA,NA,NA,Y,3,0,2,2,A,-,01,23152,A,N,D,C,A,A,H,-,C,A,0,NA,NA,NA,NA,Y,Y,A,01,0,1,1,0,0,0,0,0,0,-,-,NA,NA,LOS ANGELES,LOS ANGELES,-118.26957008,33.78879005
6641623,2014,2014-10-03,1942,2014-07-20,0050,40151,521,7,5,7,1942,0,0,0,NA,0,5A55,PALOS VERDES DR,VERMONT,295,E,N,A,-,N,NA,NA,NA,NA,NA,NA,NA,NA,NA,Y,4,0,2,1,A,-,03,22350,NA,N,A,C,A,A,H,-,C,A,0,NA,NA,NA,NA,Y,NA,A,01,0,0,2,0,0,0,0,0,0,-,-,NA,NA,LOS ANGELES,LOS ANGELES,-118.29753,33.7821
6641626,2014,2014-10-13,1942,2014-07-17,2200,41398,0564,4,5,7,1942,0,0,0,E,0,NA,PACIFIC AV,5TH ST,0,NA,Y,A,-,N,NA,NA,NA,NA,NA,NA,NA,NA,NA,Y,4,0,1,2,A,-,12,21453,A,N,D,C,A,-,H,-,C,A,0,NA,NA,NA,NA,Y,NA,A,07,0,0,1,0,0,0,0,0,0,-,-,NA,NA,LOS ANGELES,LOS ANGELES,-118.28791005,33.73969006
6641627,2014,2014-10-03,1942,2014-07-14,1830,39920,6585,1,5,7,1942,0,0,0,NA,0,5055,18TH ST,CABRILLO AV,30,E,N,A,-,N,NA,NA,NA,NA,NA,NA,NA,NA,NA,N,3,0,1,2,A,-,03,22350,NA,F,G,B,E,A,H,-,B,D,0,Y,NA,NA,NA,Y,NA,-,99,0,1,0,0,1,0,0,0,0,-,-,NA,NA,LOS ANGELES,LOS ANGELES,-118.29452154,33.72789113
6641629,2014,2014-10-20,1942,2014-08-31,0915,36406,0833,7,5,7,1942,0,0,0,H,0,6T7,WILSHIRE BL,GAYLEY AV,87,E,N,A,-,N,NA,NA,NA,NA,NA,NA,NA,NA,NA,N,4,0,2,2,A,-,03,22350,NA,N,C,C,A,A,H,-,A,D,0,NA,NA,NA,NA,Y,NA,D,22,0,0,2,0,0,0,0,0,0,-,-,NA,NA,LOS ANGELES,LOS ANGELES,-118.44524803,34.05840555
6641630,2014,2014-10-03,1942,2014-07-12,2050,38600,0514,6,5,7,1942,0,0,0,E,0,5XL4,WILMINGTON BL,DENNI ST,100,S,N,A,-,N,NA,NA,NA,NA,NA,NA,NA,NA,NA,Y,4,0,1,3,A,-,03,22350,NA,N,D,E,A,A,H,-,C,D,0,NA,NA,NA,NA,Y,NA,A,01,0,0,1,0,0,0,0,0,0,-,-,NA,NA,LOS ANGELES,LOS ANGELES,-118.27456926,33.78406629
6641631,2014,2016-06-16,1942,2014-07-13,1315,25749,0517,7,5,7,1942,0,0,0,E,0,5AB5,PCH,BROAD AV,100,E,N,A,-,Y,LA,7,1,-,-,10.42,H,-,S,Y,3,0,1,2,A,-,21,22106,NA,N,G,B,F,A,H,-,A,D,0,Y,NA,NA,NA,Y,NA,A,01,0,1,0,0,1,0,0,0,0,-,-,NA,NA,LOS ANGELES,LOS ANGELES,-118.26139252,33.79124256
6641633,2014,2014-10-30,1942,2014-09-16,1355,40058,2029,2,5,7,1942,0,0,0,NA,0,7T38,VIRGIL AV,3RD ST,135,N,N,A,-,N,NA,NA,NA,NA,NA,NA,NA,NA,NA,N,4,0,2,3,A,-,03,22350,NA,N,C,C,A,A,H,-,A,D,0,NA,NA,NA,NA,Y,NA,A,01,0,0,2,0,0,0,0,0,0,-,-,NA,NA,LOS ANGELES,LOS ANGELES,-118.28682,34.06935024
6641639,2014,2014-10-03,1942,2014-07-28,1330,41033,7,1,5,7,1942,0,0,0,NA,0,711,BEVERLY BL,HAYWORTH AV,0,NA,Y,A,-,N,NA,NA,NA,NA,NA,NA,NA,NA,NA,N,4,0,1,2,A,-,03,22350,NA,N,C,C,A,A,H,-,A,A,0,NA,NA,NA,NA,Y,NA,A,01,0,0,1,0,0,0,0,0,0,-,-,NA,NA,LOS ANGELES,LOS ANGELES,-118.36264007,34.07611004
6641643,2014,2014-10-03,1942,2014-07-30,1910,40058,0723,3,5,7,1942,0,0,0,G,0,14T47,EDINBURGH AV,BEVERLY BL,0,NA,Y,A,-,N,NA,NA,NA,NA,NA,NA,NA,NA,NA,N,4,0,1,2,A,-,03,22350,NA,N,C,C,A,A,H,-,A,D,0,NA,NA,NA,NA,Y,NA,A,07,0,0,1,0,0,0,0,0,0,-,-,NA,NA,LOS ANGELES,LOS ANGELES,-118.36373007,34.07610005
6641647,2014,2014-10-03,1942,2014-07-31,0730,38282,0774,4,5,7,1942,0,0,0,G,0,7T23,VENICE BL,REDONDO BL,0,NA,Y,A,-,N,NA,NA,NA,NA,NA,NA,NA,NA,NA,Y,3,0,1,2,A,-,09,21801,A,N,D,C,A,A,H,-,A,A,0,NA,NA,NA,NA,Y,NA,A,01,0,1,0,0,0,0,0,0,0,-,-,NA,NA,LOS ANGELES,LOS ANGELES,-118.35043003,34.04512004
6641651,2014,2014-10-03,1942,2014-07-12,1600,40899,0715,6,5,7,1942,0,0,0,G,0,7T38,LA BREA BL,BEVERLY BL,114,N,N,A,-,N,NA,NA,NA,NA,NA,NA,NA,NA,NA,Y,4,0,1,3,A,-,08,22107,NA,N,D,C,A,A,H,-,A,D,0,NA,NA,NA,NA,Y,NA,A,01,0,0,1,0,0,0,0,0,0,-,-,NA,NA,LOS ANGELES,LOS ANGELES,-118.34404601,34.07648263
6641653,2014,2014-10-27,1942,2014-07-30,0830,41190,0738,3,5,7,1942,0,0,0,G,0,7A53,JUNE ST,4TH ST,10,S,N,A,-,N,NA,NA,NA,NA,NA,NA,NA,NA,NA,N,3,0,1,2,A,-,12,22450,A,N,D,G,A,A,H,-,A,A,0,NA,Y,NA,NA,Y,NA,-,-,0,1,0,0,0,0,1,0,0,-,-,NA,NA,LOS ANGELES,LOS ANGELES,-118.3341802,34.06687257
6641655,2014,2014-10-03,1942,2014-07-10,1900,24475,0747,4,5,7,1942,0,0,0,G,0,6T7,TERMAINE AV,OLYMPIC BL,18,N,N,A,-,N,NA,NA,NA,NA,NA,NA,NA,NA,NA,Y,4,0,1,2,A,-,09,21802,A,N,D,C,A,A,H,-,A,A,0,NA,NA,NA,NA,Y,NA,A,01,0,0,1,0,0,0,0,0,0,-,-,NA,NA,LOS ANGELES,LOS ANGELES,-118.33729223,34.0570771
6641657,2014,2014-10-03,1942,2014-07-29,1705,37966,0723,2,5,7,1942,0,0,0,G,0,6T2,3RD ST,LA JOLLA AV,0,NA,Y,A,-,N,NA,NA,NA,NA,NA,NA,NA,NA,NA,Y,4,0,1,2,A,-,09,21802,A,N,D,C,A,A,H,-,A,-,0,NA,NA,NA,NA,Y,NA,A,01,0,0,1,0,0,0,0,0,0,-,-,NA,NA,LOS ANGELES,LOS ANGELES,-118.36800003,34.07242012
6641659,2014,2014-10-03,1942,2014-07-12,1810,37966,0787,6,5,7,1942,0,0,0,G,0,6TL4,WASHINGTON BL,VIRGINIA AV,125,E,N,A,-,N,NA,NA,NA,NA,NA,NA,NA,NA,NA,N,4,0,1,2,A,-,21,22106,NA,N,B,C,A,A,H,-,A,D,0,NA,NA,NA,NA,Y,NA,A,01,0,0,1,0,0,0,0,0,0,-,-,NA,NA,LOS ANGELES,LOS ANGELES,-118.33496818,34.03984
6641663,2014,2016-01-12,1942,2014-07-13,0000,39299,0732,7,5,7,1942,0,0,0,G,0,7T23,FAIRFAX BL,DREXEL ST,0,NA,Y,A,-,N,NA,NA,NA,NA,NA,NA,NA,NA,NA,N,4,0,1,2,A,-,09,21801,A,N,D,C,A,A,H,-,C,D,0,NA,NA,Y,NA,Y,NA,A,01,0,0,1,0,0,0,0,0,1,-,-,NA,NA,LOS ANGELES,LOS ANGELES,-118.36141013,34.0682301
6641666,2014,2014-10-06,1942,2014-07-25,0200,40758,0513,5,5,7,1942,0,0,0,E,0,5A11,PACIFIC COAST HWY,NORMANDIE,0,NA,Y,A,-,N,NA,NA,NA,NA,NA,NA,NA,NA,NA,N,2,0,1,2,A,-,-,NA,NA,N,G,B,B,A,H,-,C,A,0,Y,NA,NA,NA,Y,NA,N,60,1,0,0,0,1,0,0,0,0,-,-,NA,NA,LOS ANGELES,LOS ANGELES,-118.29752009,33.78992004
6641667,2014,2014-10-03,1942,2014-07-12,1340,32565,0727,6,5,7,1942,0,0,0,G,0,20TL56,HIGHLAND AV,BEVERLY BL,65,N,N,A,-,N,NA,NA,NA,NA,NA,NA,NA,NA,NA,Y,3,0,3,3,A,-,04,21703,NA,N,C,C,A,A,H,-,A,D,0,NA,NA,NA,NA,Y,NA,A,01,0,1,2,0,0,0,0,0,0,-,-,NA,NA,LOS ANGELES,LOS ANGELES,-118.33865,34.07636827
6641675,2014,2016-05-17,9530,2014-09-11,1735,019348,NA,4,2,9,1900,0,1,3,NA,2,310,RT 91,AVALON BL,500,W,N,A,-,Y,LA,7,91,-,R,7.34,H,-,W,Y,3,0,3,4,A,-,03,22350,NA,N,C,C,A,A,H,-,A,D,1,NA,NA,NA,NA,Y,NA,D,22,0,1,2,0,0,0,0,0,0,-,-,NA,NA,LOS ANGELES,UNINCORPORATED,-118.26771851,33.87314192
6641683,2014,2014-10-29,9530,2014-08-31,1030,020718,NA,7,1,9,1900,0,3,5,NA,2,001,PACIFIC BL,CUDAHY ST,0,NA,Y,A,-,N,NA,NA,NA,NA,NA,NA,NA,NA,NA,N,4,0,1,2,A,-,09,21802,A,N,D,C,A,A,H,-,A,A,0,NA,NA,NA,NA,Y,NA,A,08,0,0,1,0,0,0,0,0,0,-,-,NA,NA,LOS ANGELES,UNINCORPORATED,-118.22522005,33.96584005
6641685,2014,2016-05-31,9530,2014-09-17,1015,020240,NA,3,1,7,1941,0,1,1,NA,2,071,RT 710,ATLANTIC AV,1662,S,N,A,-,Y,LA,7,710,-,-,13.31,H,-,S,N,4,0,1,2,A,-,03,22350,NA,N,C,C,A,A,H,-,A,D,1,NA,NA,NA,Y,Y,NA,G,25,0,0,1,0,0,0,0,0,0,-,-,33.88041,-118.19213,LOS ANGELES,LONG BEACH,-118.19213023,33.88029714
6641686,2014,2016-05-17,9530,2014-09-10,1730,18200,NA,3,2,9,1900,0,1,3,NA,2,310,RT 91,SANTA FE AV,300,E,N,A,-,Y,LA,7,91,-,R,10.47,H,-,E,N,4,0,1,2,A,-,07,21658,A,N,B,C,A,A,H,-,A,D,1,NA,NA,NA,Y,Y,NA,G,27,0,0,1,0,0,0,0,0,0,-,-,33.87337,-118.70987,LOS ANGELES,UNINCORPORATED,-118.21337157,33.87339797
6641687,2014,2016-05-11,9530,2014-08-29,2029,20686,NA,5,2,6,1972,0,1,1,NA,2,400,RT 405,ARTESIA BL,300,N,N,A,-,Y,LA,7,405,-,-,16.59,H,-,S,Y,4,0,1,2,A,-,07,21658,A,N,B,C,A,A,H,-,C,D,1,NA,NA,NA,Y,Y,NA,A,01,0,0,1,0,0,0,0,0,0,-,-,33.8737,-118.3429,LOS ANGELES,TORRANCE,-118.3424653,33.87305264
6641691,2014,2016-06-04,9530,2014-09-10,1120,20751,NA,3,1,6,1972,0,1,1,NA,2,400,RT 405,ARTESIA BL,700,N,N,A,-,Y,LA,7,405,-,-,16.83,H,-,N,Y,3,0,3,2,A,-,03,22350,NA,N,C,C,A,A,H,-,A,D,1,NA,NA,NA,NA,Y,NA,D,22,0,1,2,0,0,0,0,0,0,-,-,33.87597,-118.3447,LOS ANGELES,TORRANCE,-118.34432443,33.87607382
6641698,2014,2016-05-17,9530,2014-09-06,0005,020661,NA,6,3,5,1915,0,1,3,NA,2,310,RT 91,ALAMEDA ST,200,W,N,A,-,Y,LA,7,91,-,R,10.23,H,-,W,Y,3,0,1,1,A,-,08,22107,NA,N,E,I,A,A,H,-,A,A,1,NA,NA,NA,NA,Y,Y,D,22,0,1,0,0,0,0,0,0,0,-,-,33.52253,-118.13918,LOS ANGELES,COMPTON,-118.21755211,33.87360057
6641702,2014,2014-10-20,9530,2014-09-12,1215,020564,NA,5,1,9,1900,0,3,5,NA,2,006,SEPULVEDA BL,MARIPOSA AV,0,NA,Y,A,-,N,NA,NA,NA,NA,NA,NA,NA,NA,NA,Y,4,0,2,2,A,-,09,21801,A,N,A,C,A,A,H,-,A,D,0,NA,NA,NA,NA,Y,NA,D,22,0,0,2,0,0,0,0,0,0,-,-,33.81271,-118.29737,LOS ANGELES,UNINCORPORATED,-118.29733008,33.8127
6641706,2014,2014-10-21,9530,2014-09-11,1524,020096,NA,4,2,9,1900,0,3,5,NA,2,002,126TH ST,MONA BL,0,NA,Y,A,-,N,NA,NA,NA,NA,NA,NA,NA,NA,NA,Y,4,0,1,2,A,-,09,21802,A,N,D,C,A,A,H,-,A,A,0,NA,NA,NA,NA,Y,NA,D,22,0,0,1,0,0,0,0,0,0,-,-,33.91795,-118.22745,LOS ANGELES,UNINCORPORATED,-118.22755013,33.91800003
6641749,2014,2014-10-29,1948,2014-09-02,0901,398,1948,2,5,5,1948,0,0,0,NA,0,003,POMONA BL,GERHART AV,0,NA,Y,A,-,N,NA,NA,NA,NA,NA,NA,NA,NA,NA,Y,3,0,2,3,A,-,12,21453,A,N,D,C,A,A,H,-,A,B,0,NA,NA,NA,NA,Y,NA,D,22,0,1,1,0,0,0,0,0,0,-,-,NA,NA,LOS ANGELES,MONTEREY PARK,-118.14417012,34.03347001
6641757,2014,2016-06-04,9530,2014-08-28,0805,20624,NA,4,1,6,1972,0,1,1,NA,2,400,RT 405,ARTESIA BL,528,S,N,A,-,Y,LA,7,405,-,-,16.46,H,-,S,N,4,0,2,4,A,-,03,22350,NA,N,C,C,A,A,H,-,A,D,1,NA,NA,NA,NA,Y,NA,D,22,0,0,2,0,0,0,0,0,0,-,-,33.87162,-118.34124,LOS ANGELES,TORRANCE,-118.34125164,33.87131687
6641758,2014,2014-10-30,9530,2014-08-29,1245,19722,NA,5,1,9,1900,0,3,5,NA,2,004,LAUREL PARK RD,ENTRANCE RD,200,S,N,A,-,N,NA,NA,NA,NA,NA,NA,NA,NA,NA,Y,4,0,1,2,A,-,03,22350,NA,N,C,C,A,A,H,-,A,D,0,NA,NA,NA,Y,Y,NA,G,25,0,0,1,0,0,0,0,0,0,-,-,NA,NA,LOS ANGELES,UNINCORPORATED,-118.21968467,33.85768723