CASE_ID,ACCIDENT_YEAR,PROC_DATE,JURIS,COLLISION_DATE,COLLISION_TIME,OFFICER_ID,REPORTING_DISTRICT,DAY_OF_WEEK,CHP_SHIFT,POPULATION,CNTY_CITY_LOC,SPECIAL_COND,BEAT_TYPE,CHP_BEAT_TYPE,CITY_DIVISION_LAPD,CHP_BEAT_CLASS,BEAT_NUMBER,PRIMARY_RD,SECONDARY_RD,DISTANCE,DIRECTION,INTERSECTION,WEATHER_1,WEATHER_2,STATE_HWY_IND,CALTRANS_COUNTY,CALTRANS_DISTRICT,STATE_ROUTE,ROUTE_SUFFIX,POSTMILE_PREFIX,POSTMILE,LOCATION_TYPE,RAMP_INTERSECTION,SIDE_OF_HWY,TOW_AWAY,COLLISION_SEVERITY,NUMBER_KILLED,NUMBER_INJURED,PARTY_COUNT,PRIMARY_COLL_FACTOR,PCF_CODE_OF_VIOL,PCF_VIOL_CATEGORY,PCF_VIOLATION,PCF_VIOL_SUBSECTION,HIT_AND_RUN,TYPE_OF_COLLISION,MVIW,PED_ACTION,ROAD_SURFACE,ROAD_COND_1,ROAD_COND_2,LIGHTING,CONTROL_DEVICE,CHP_ROAD_TYPE,PEDESTRIAN_ACCIDENT,BICYCLE_ACCIDENT,MOTORCYCLE_ACCIDENT,TRUCK_ACCIDENT,NOT_PRIVATE_PROPERTY,ALCOHOL_INVOLVED,STWD_VEHTYPE_AT_FAULT,CHP_VEHTYPE_AT_FAULT,COUNT_SEVERE_INJ,COUNT_VISIBLE_INJ,COUNT_COMPLAINT_PAIN,COUNT_PED_KILLED,COUNT_PED_INJURED,COUNT_BICYCLIST_KILLED,COUNT_BICYCLIST_INJURED,COUNT_MC_KILLED,COUNT_MC_INJURED,PRIMARY_RAMP,SECONDARY_RAMP,LATITUDE,LONGITUDE,COUNTY,CITY,POINT_X,POINT_Y
6642321,2014,2014-10-06,1942,2014-07-08,1410,40487,2063,2,5,7,1942,0,0,0,NA,0,20XL2,WESTERN AV,12TH PL,120,S,N,A,-,N,NA,NA,NA,NA,NA,NA,NA,NA,NA,N,4,0,1,2,A,-,07,21658,A,N,B,C,A,A,H,-,A,D,0,NA,NA,NA,NA,Y,NA,A,01,0,0,1,0,0,0,0,0,0,-,-,NA,NA,LOS ANGELES,LOS ANGELES,-118.30904412,34.04781092
6642324,2014,2014-10-15,1976,2014-09-12,0915,722,NA,5,5,3,1964,0,0,0,NA,0,NA,TELEGRAPH RD,ALBURTIS AV,225,E,N,A,-,N,NA,NA,NA,NA,NA,NA,NA,NA,NA,N,4,0,1,2,A,-,03,22350,NA,F,C,C,A,A,H,-,A,D,0,NA,NA,NA,Y,Y,NA,F,26,0,0,1,0,0,0,0,0,0,-,-,NA,NA,LOS ANGELES,SANTA FE SPRINGS,-118.08442,33.94644
6642333,2014,2016-06-06,9590,2014-07-31,0531,00001,NA,4,3,7,1942,0,1,2,NA,2,042,RT 101,ALAMEDA ST,600,E,N,A,-,Y,LA,7,101,-,-,0.87,H,-,S,Y,4,0,1,1,A,-,08,22107,NA,N,E,I,A,A,H,-,A,D,1,NA,NA,NA,NA,Y,NA,A,01,0,0,1,0,0,0,0,0,0,-,-,34.054,-118.2372,LOS ANGELES,LOS ANGELES,-118.23946611,34.05504827
6642357,2014,2016-01-12,1942,2014-07-29,2050,36602,835,2,5,7,1942,0,0,0,NA,0,8TL35,SANTA MONICA BL,SEPULVEDA BL,3,E,N,A,-,N,NA,NA,NA,NA,NA,NA,NA,NA,NA,N,2,0,1,2,A,-,11,21453,D,N,G,B,D,A,H,-,C,A,0,Y,NA,NA,NA,Y,NA,N,60,1,0,0,0,1,0,0,0,0,-,-,NA,NA,LOS ANGELES,LOS ANGELES,-118.44428027,34.04764144
6642361,2014,2014-10-06,1942,2014-07-06,0440,39454,827,7,5,7,1942,0,0,0,NA,0,7A21,BARRINGTON AV,TERRY HILL PL,150,N,N,A,-,N,NA,NA,NA,NA,NA,NA,NA,NA,NA,Y,3,0,1,4,A,-,01,23152,A,N,C,E,A,A,H,-,C,D,0,NA,NA,NA,NA,Y,Y,A,01,0,1,0,0,0,0,0,0,0,-,-,NA,NA,LOS ANGELES,LOS ANGELES,-118.46825106,34.05810673
6642365,2014,2014-10-27,1942,2014-07-30,1630,40615,2069,3,5,7,1942,0,0,0,NA,0,20A16,WESTMORELAND AV,OLYMPIC BL,0,NA,Y,A,-,N,NA,NA,NA,NA,NA,NA,NA,NA,NA,N,4,0,1,2,A,-,-,NA,NA,N,A,B,C,A,H,-,A,A,0,Y,NA,NA,NA,Y,NA,-,-,0,0,1,0,1,0,0,0,0,-,-,NA,NA,LOS ANGELES,LOS ANGELES,-118.28909013,34.05241012
6642369,2014,2014-10-06,1942,2014-07-30,1850,40024,2062,3,5,7,1942,0,0,0,NA,0,8T35,WILTON PL,OLYMPIC BL,0,NA,Y,A,-,N,NA,NA,NA,NA,NA,NA,NA,NA,NA,Y,4,0,1,2,A,-,09,21801,A,N,D,C,A,A,H,-,A,A,0,NA,NA,NA,NA,Y,NA,A,08,0,0,1,0,0,0,0,0,0,-,-,NA,NA,LOS ANGELES,LOS ANGELES,-118.31506008,34.0525501
6642370,2014,2014-10-16,1942,2014-08-07,1000,34959,2093,4,5,7,1942,0,0,0,NA,0,20T55,WASHINGTON BL,NORMANDIE AV,0,NA,Y,A,-,N,NA,NA,NA,NA,NA,NA,NA,NA,NA,N,4,0,1,2,A,-,08,22100,A,F,D,C,A,A,H,-,A,D,0,NA,NA,NA,NA,Y,NA,-,99,0,0,1,0,0,0,0,0,0,-,-,NA,NA,LOS ANGELES,LOS ANGELES,-118.30084004,34.03999012
6642372,2014,2014-11-10,1976,2014-09-19,0819,339,NA,5,5,3,1964,0,0,0,NA,0,NA,VALLEY VIEW AV,ALONDRA BL,682,N,N,A,-,N,NA,NA,NA,NA,NA,NA,NA,NA,NA,Y,2,0,1,2,A,-,09,21801,A,N,D,C,A,A,H,-,A,D,0,NA,NA,Y,Y,Y,NA,G,25,1,0,0,0,0,0,0,0,1,-,-,NA,NA,LOS ANGELES,SANTA FE SPRINGS,-118.02891625,33.8886817
6642373,2014,2014-10-06,1942,2014-07-14,1410,41523,2029,1,5,7,1942,0,0,0,NA,0,20A39,6TH ST,S VIRGIL AV,0,NA,Y,A,-,N,NA,NA,NA,NA,NA,NA,NA,NA,NA,N,4,0,1,2,A,-,05,21650,1,N,H,G,A,A,H,-,A,A,0,NA,Y,NA,NA,Y,NA,L,04,0,0,1,0,0,0,1,0,0,-,-,NA,NA,LOS ANGELES,LOS ANGELES,-118.28705,34.06373005
6642377,2014,2014-10-06,1942,2014-07-29,1840,37073,2022,2,5,7,1942,0,0,0,NA,0,20A14,6TH ST,SAINT ANDREWS PL,0,NA,Y,A,-,N,NA,NA,NA,NA,NA,NA,NA,NA,NA,N,4,0,2,2,A,-,12,21453,A,N,D,C,A,A,H,-,A,A,0,NA,NA,NA,NA,Y,NA,A,01,0,0,2,0,0,0,0,0,0,-,-,NA,NA,LOS ANGELES,LOS ANGELES,-118.31158001,34.06352011
6642381,2014,2014-10-06,1942,2014-07-28,1900,35580,2029,1,5,7,1942,0,0,0,NA,0,20A29,VIRGIL AV,4TH ST,10,N,N,A,-,N,NA,NA,NA,NA,NA,NA,NA,NA,NA,N,4,0,1,2,A,-,03,22350,NA,N,C,C,A,A,H,-,A,D,0,NA,NA,NA,NA,Y,NA,A,01,0,0,1,0,0,0,0,0,0,-,-,NA,NA,LOS ANGELES,LOS ANGELES,-118.28711912,34.06671742
6642382,2014,2014-10-27,1965,2014-09-21,1515,3805,0B1G,7,5,5,1965,0,0,0,NA,0,A001,LINCOLN BL,OLYMPIC BL EAST,0,NA,Y,A,-,N,NA,NA,NA,NA,NA,NA,NA,NA,NA,N,4,0,2,2,A,-,08,22107,NA,N,B,C,A,A,H,-,A,A,0,NA,NA,NA,NA,Y,NA,I,09,0,0,2,0,0,0,0,0,0,-,-,NA,NA,LOS ANGELES,SANTA MONICA,-118.48632008,34.01522009
6642389,2014,2014-10-06,1924,2014-07-19,0238,116230,51,6,5,5,1924,0,0,0,NA,0,0G6,ARTESIA BL,VERMONT AV,0,NA,Y,A,-,N,NA,NA,NA,NA,NA,NA,NA,NA,NA,Y,3,0,2,2,A,-,12,21453,A,N,D,C,A,A,H,-,C,A,0,NA,NA,NA,NA,Y,NA,A,01,0,2,0,0,0,0,0,0,0,-,-,NA,NA,LOS ANGELES,GARDENA,-118.29093003,33.87287004
6642393,2014,2014-10-06,1924,2014-07-18,1828,116230,34,5,5,5,1924,0,0,0,NA,0,0G4,NORMANDIE AV,REDONDO BEACH BL,345,N,N,A,-,N,NA,NA,NA,NA,NA,NA,NA,NA,NA,Y,3,0,3,2,A,-,09,21804,A,N,D,C,A,A,H,-,A,D,0,NA,NA,NA,NA,Y,NA,A,01,0,1,2,0,0,0,0,0,0,-,-,NA,NA,LOS ANGELES,GARDENA,-118.30046,33.89229414
6642561,2014,2014-10-29,1976,2014-09-22,0915,226,1976,1,5,3,1964,0,0,0,NA,0,002,FLORENCE AV,LAUREL AV,0,NA,Y,A,-,N,NA,NA,NA,NA,NA,NA,NA,NA,NA,Y,4,0,1,2,A,-,09,21801,A,N,D,C,A,A,H,-,A,A,0,NA,NA,NA,NA,Y,NA,A,01,0,0,1,0,0,0,0,0,0,-,-,NA,NA,LOS ANGELES,SANTA FE SPRINGS,-118.04880001,33.93582001
6642570,2014,2014-11-13,1976,2014-09-16,0040,851,NA,2,5,3,1964,0,0,0,NA,0,NA,TELEGRAPH RD,BLOOMFIELD AV,0,NA,Y,A,-,N,NA,NA,NA,NA,NA,NA,NA,NA,NA,Y,3,0,1,2,A,-,12,21453,A,N,D,C,A,A,H,-,C,A,0,NA,NA,NA,NA,Y,NA,A,01,0,1,0,0,0,0,0,0,0,-,-,NA,NA,LOS ANGELES,SANTA FE SPRINGS,-118.06407009,33.94180009
6642576,2014,2014-10-24,1965,2014-09-20,1805,3727,0B3D,6,5,5,1965,0,0,0,NA,0,A003,MICHIGAN AV,12TH ST,97,E,N,A,-,N,NA,NA,NA,NA,NA,NA,NA,NA,NA,N,4,0,1,2,A,-,08,22107,NA,N,C,G,A,A,-,-,A,D,0,NA,Y,NA,NA,Y,NA,L,04,0,0,1,0,0,0,1,0,0,-,-,NA,NA,LOS ANGELES,SANTA MONICA,-118.48079247,34.01707682
6642577,2014,2014-10-30,1902,2014-09-19,1512,712,12,5,5,5,1902,0,0,0,NA,0,003,BALDWIN AV,CAMBRIDGE,39,N,N,A,-,N,NA,NA,NA,NA,NA,NA,NA,NA,NA,Y,4,0,1,2,A,-,09,21802,A,N,D,C,A,A,H,-,A,D,0,NA,NA,NA,NA,Y,NA,A,01,0,0,1,0,0,0,0,0,0,-,-,NA,NA,LOS ANGELES,ARCADIA,-118.05024674,34.14676602
6642606,2014,2014-10-30,1962,2014-09-24,0854,079,1962,3,5,4,1962,0,0,0,NA,0,025,MISSION RD,LAFAYETTE ST,0,NA,Y,A,-,N,NA,NA,NA,NA,NA,NA,NA,NA,NA,Y,4,0,2,2,A,-,09,21802,A,N,A,C,A,A,H,-,A,A,0,NA,NA,NA,NA,Y,NA,A,01,0,0,2,0,0,0,0,0,0,-,-,NA,NA,LOS ANGELES,SAN GABRIEL,-118.09508008,34.09250006
6642610,2014,2014-11-04,1962,2014-09-22,1007,094,1962,1,5,4,1962,0,0,0,NA,0,022,SANTA ANITA ST,MISSION DR,7,N,N,A,-,N,NA,NA,NA,NA,NA,NA,NA,NA,NA,N,4,0,1,2,D,-,00,NA,NA,N,G,B,B,A,H,-,A,A,0,Y,NA,NA,NA,Y,NA,-,-,0,0,1,0,1,0,0,0,0,-,-,NA,NA,LOS ANGELES,SAN GABRIEL,-118.11229466,34.09432867
6642630,2014,2014-10-30,1976,2014-09-03,1505,226,1976,3,5,3,1964,0,0,0,NA,0,002,PIONEER BL,CLARKMAN ST,0,NA,Y,A,-,N,NA,NA,NA,NA,NA,NA,NA,NA,NA,Y,3,0,2,2,A,-,09,21802,A,N,D,C,A,A,H,-,A,A,0,NA,NA,NA,NA,Y,NA,A,01,0,2,0,0,0,0,0,0,0,-,-,NA,NA,LOS ANGELES,SANTA FE SPRINGS,-118.08194012,33.93892002
6642634,2014,2014-10-30,1976,2014-09-11,0135,851,NA,4,5,3,1964,0,0,0,NA,0,NA,LOS NIETOS RD,NORWALK BL,850,W,N,A,-,N,NA,NA,NA,NA,NA,NA,NA,NA,NA,Y,3,0,1,1,A,-,08,22107,NA,N,E,I,A,A,H,-,C,D,0,NA,NA,NA,NA,Y,NA,A,01,0,1,0,0,0,0,0,0,0,-,-,NA,NA,LOS ANGELES,SANTA FE SPRINGS,-118.07355164,33.95894146
6642638,2014,2014-10-30,1976,2014-09-14,0242,239,NA,7,5,3,1964,0,0,0,NA,0,001,NORWALK BL,PACIFIC ST,113,S,N,A,-,N,NA,NA,NA,NA,NA,NA,NA,NA,NA,Y,3,0,1,1,A,-,01,23152,A,M,E,I,A,A,H,-,C,D,0,NA,NA,NA,NA,Y,Y,A,07,0,1,0,0,0,0,0,0,0,-,-,NA,NA,LOS ANGELES,SANTA FE SPRINGS,-118.07237161,33.9524421
6642678,2014,2014-10-29,1900,2014-08-22,1730,525140,0524,5,5,4,1971,0,0,0,NA,0,52PM,TEMPLE CITY BL,BISBY ST,153,N,N,A,-,N,NA,NA,NA,NA,NA,NA,NA,NA,NA,Y,3,0,1,1,C,-,18,NA,NA,N,E,I,A,A,H,-,A,D,0,NA,NA,NA,NA,Y,NA,-,-,0,1,0,0,0,0,0,0,0,-,-,NA,NA,LOS ANGELES,TEMPLE CITY,-118.05712816,34.08891208
6642682,2014,2016-06-06,1900,2014-09-11,1230,516570,0530,4,5,5,1959,0,0,0,NA,0,53T1AM,RT 164,NEWBY AV,27,N,N,A,-,Y,LA,7,164,-,-,6.36,H,-,S,N,4,0,1,2,A,-,03,22350,NA,N,C,C,A,A,H,-,A,D,0,NA,NA,NA,NA,Y,NA,A,08,0,0,1,0,0,0,0,0,0,-,-,NA,NA,LOS ANGELES,ROSEMEAD,-118.07334016,34.08291487
6642694,2014,2014-11-07,1900,2014-09-20,0916,529480,0561,6,5,3,1968,0,0,0,NA,0,5ST1AM,RUSH ST,MERCED AV,141,E,N,B,-,N,NA,NA,NA,NA,NA,NA,NA,NA,NA,Y,4,0,1,2,A,-,03,22350,NA,N,C,C,A,A,H,-,A,A,0,NA,NA,NA,Y,Y,NA,F,26,0,0,1,0,0,0,0,0,0,-,-,NA,NA,LOS ANGELES,SOUTH EL MONTE,-118.05082559,34.05185405
6642703,2014,2014-11-06,1900,2014-08-30,2332,514615,0521,6,5,4,1971,0,0,0,NA,0,52T1EM,TEMPLE CITY BL,LEMON AV,0,NA,Y,A,-,N,NA,NA,NA,NA,NA,NA,NA,NA,NA,Y,4,0,1,2,A,-,12,21453,A,N,D,C,A,A,H,-,C,A,0,NA,NA,NA,NA,Y,NA,A,01,0,0,1,0,0,0,0,0,0,-,-,NA,NA,LOS ANGELES,TEMPLE CITY,-118.06303007,34.11741002
6642712,2014,2014-10-30,1969,2014-09-02,1610,10106,PATRO,2,5,5,1969,0,0,0,NA,0,004,TWEEDY BL,BRYSON AV,0,NA,Y,A,-,N,NA,NA,NA,NA,NA,NA,NA,NA,NA,Y,4,0,1,2,A,-,09,21802,A,N,D,C,A,A,H,-,A,D,0,NA,NA,NA,NA,Y,NA,D,22,0,0,1,0,0,0,0,0,0,-,-,NA,NA,LOS ANGELES,SOUTH GATE,-118.19348001,33.94287002
6642776,2014,2015-05-19,1942,2014-09-14,2210,35274,0478,7,5,7,1942,0,0,0,D,0,NA,WHITTIER,LORENA,0,NA,Y,A,-,N,NA,NA,NA,NA,NA,NA,NA,NA,NA,N,4,0,1,2,A,-,09,21801,A,F,A,C,A,A,H,-,C,A,0,NA,NA,NA,NA,Y,NA,-,99,0,0,1,0,0,0,0,0,0,-,-,NA,NA,LOS ANGELES,LOS ANGELES,-118.20099005,34.02779007
6642832,2014,2016-05-18,9580,2014-09-17,0740,16349,NA,3,1,7,1942,0,1,2,NA,2,101,RT 101,VINELAND AV,300,N,N,A,-,Y,LA,7,101,-,-,11.18,H,-,S,N,4,0,2,3,A,-,03,22350,NA,M,C,C,A,A,H,-,A,D,1,NA,NA,NA,NA,Y,Y,-,99,0,0,2,0,0,0,0,0,0,-,-,34.14736,-118.37099,LOS ANGELES,LOS ANGELES,-118.37104302,34.14730317
6642842,2014,2016-06-08,9580,2014-09-24,1935,20728,NA,3,2,7,1942,0,1,2,NA,2,105,RT 101,RESEDA BL,100,W,N,A,-,Y,LA,7,101,-,-,21.29,H,-,S,N,4,0,1,2,A,-,03,22350,NA,N,C,C,A,A,H,-,A,D,1,NA,NA,NA,NA,Y,NA,A,01,0,0,1,0,0,0,0,0,0,-,-,34.17225,-118.53322,LOS ANGELES,LOS ANGELES,-118.53650963,34.17319577
6642963,2014,2014-11-14,1942,2014-10-03,1530,40869,1273,5,5,7,1942,0,0,0,L,0,5TL25,MANCHESTER,SAINT ANDREWS AV,55,E,N,A,-,N,NA,NA,NA,NA,NA,NA,NA,NA,NA,N,4,0,2,4,A,-,03,22350,NA,N,C,C,A,A,H,-,A,D,0,NA,NA,NA,NA,Y,NA,A,01,0,0,2,0,0,0,0,0,0,-,-,NA,NA,LOS ANGELES,LOS ANGELES,-118.31101897,33.95996
6642969,2014,2014-11-14,1931,2014-10-03,0711,5167,1931,5,5,5,1931,0,0,0,NA,0,002,CEDAR ST,RANDOLPH ST,5,S,N,A,-,N,NA,NA,NA,NA,NA,NA,NA,NA,NA,N,4,0,1,2,A,-,05,21202,A,N,D,G,A,A,H,-,A,A,0,NA,Y,NA,NA,Y,NA,L,04,0,0,1,0,0,0,1,0,0,-,-,NA,NA,LOS ANGELES,HUNTINGTON PARK,-118.21376962,33.98410629
6642973,2014,2014-11-14,1931,2014-10-02,0638,5167,1931,4,5,5,1931,0,0,0,NA,0,003,GAGE AV,ALBANY ST,20,W,N,A,-,N,NA,NA,NA,NA,NA,NA,NA,NA,NA,N,3,0,1,2,A,-,08,22107,NA,M,B,G,A,A,H,-,A,D,0,NA,Y,NA,NA,Y,NA,A,01,0,1,0,0,0,0,1,0,0,-,-,NA,NA,LOS ANGELES,HUNTINGTON PARK,-118.23264584,33.98164
6642974,2014,2014-11-14,1931,2014-10-03,2047,5646,1931,5,5,5,1931,0,0,0,NA,0,003,SATURN AV,MALABAR ST,108,W,N,A,-,N,NA,NA,NA,NA,NA,NA,NA,NA,NA,N,4,0,1,2,A,-,09,21804,A,N,D,G,A,A,H,-,C,A,0,NA,Y,NA,NA,Y,NA,A,08,0,0,1,0,0,0,1,0,0,-,-,NA,NA,LOS ANGELES,HUNTINGTON PARK,-118.22812544,33.97691578
6642986,2014,2014-11-14,1931,2014-10-02,0709,5167,1931,4,5,5,1931,0,0,0,NA,0,001,SANTA FE AV,CLARENDON AV,0,NA,Y,A,-,N,NA,NA,NA,NA,NA,NA,NA,NA,NA,Y,3,0,2,2,A,-,12,21453,A,N,D,C,A,A,H,-,A,A,0,NA,NA,NA,NA,Y,NA,A,01,0,1,1,0,0,0,0,0,0,-,-,NA,NA,LOS ANGELES,HUNTINGTON PARK,-118.23032013,33.98354011
6642991,2014,2014-11-14,1923,2014-10-03,1809,479,303,5,5,3,1923,0,0,0,NA,0,3K8,DOUGLAS ST,MAPLE AV,318,N,N,A,-,N,NA,NA,NA,NA,NA,NA,NA,NA,NA,Y,4,0,1,2,A,-,08,22107,NA,N,D,C,A,A,H,-,A,A,0,NA,NA,NA,NA,Y,Y,A,01,0,0,1,0,0,0,0,0,0,-,-,NA,NA,LOS ANGELES,EL SEGUNDO,-118.38315533,33.92795174
6643011,2014,2014-11-17,1900,2014-10-04,0105,506937,0627,6,5,6,1985,0,0,0,NA,0,62T1 E,RAILROAD AV,9TH ST,35,S,N,A,-,N,NA,NA,NA,NA,NA,NA,NA,NA,NA,Y,4,0,1,1,A,-,01,23152,A,N,E,I,A,A,H,-,C,D,0,NA,NA,NA,NA,Y,Y,A,01,0,0,1,0,0,0,0,0,0,-,-,NA,NA,LOS ANGELES,SANTA CLARITA,-118.52828853,34.38090864
6643022,2014,2014-11-14,1923,2014-10-06,1228,472,213,1,5,3,1923,0,0,0,NA,0,3M5,SEPULVEDA BL,EL SEGUNDO BL,27,N,N,A,-,Y,NA,NA,NA,NA,NA,NA,NA,NA,NA,Y,3,0,1,2,A,-,03,22350,NA,N,C,C,A,A,H,-,A,A,0,NA,NA,NA,NA,Y,NA,A,01,0,1,0,0,0,0,0,0,0,-,-,NA,NA,LOS ANGELES,EL SEGUNDO,-118.39611,33.91645406
6643026,2014,2014-11-14,1923,2014-10-06,1330,495,301,1,5,3,1923,0,0,0,NA,0,003,IMPERIAL HWY,HUGHES WY,379,W,N,A,-,N,NA,NA,NA,NA,NA,NA,NA,NA,NA,N,4,0,1,2,A,-,03,22350,NA,N,C,C,A,A,H,-,A,A,0,NA,NA,NA,NA,Y,NA,A,01,0,0,1,0,0,0,0,0,0,-,-,NA,NA,LOS ANGELES,EL SEGUNDO,-118.39303705,33.93084948
6643030,2014,2014-11-14,1923,2014-10-02,1541,492,E318,4,5,3,1923,0,0,0,NA,0,ES3,S SEPULVEDA BL,PARK PL,351,N,N,A,-,Y,NA,NA,NA,NA,NA,NA,NA,NA,NA,N,4,0,1,3,A,-,03,22350,NA,N,C,C,A,A,H,-,A,D,0,NA,NA,NA,NA,Y,NA,A,08,0,0,1,0,0,0,0,0,0,-,-,NA,NA,LOS ANGELES,EL SEGUNDO,-118.39595407,33.90611309
6643031,2014,2014-11-17,1942,2014-10-04,1100,26101,1871,6,5,7,1942,0,0,0,R,0,18T23,VERMONT AV,135TH ST,0,NA,Y,A,-,N,NA,NA,NA,NA,NA,NA,NA,NA,NA,Y,2,0,3,2,A,-,01,23152,A,N,D,C,A,A,H,-,A,A,0,NA,NA,Y,NA,Y,Y,A,01,2,1,0,0,0,0,0,0,1,-,-,NA,NA,LOS ANGELES,LOS ANGELES,-118.29161,33.90915
6643035,2014,2014-11-17,1942,2014-10-03,0730,39317,1267,5,5,7,1942,0,0,0,L,0,12T41,MANCHESTER AV,BROADWAY,120,E,N,A,-,N,NA,NA,NA,NA,NA,NA,NA,NA,NA,N,4,0,2,2,A,-,07,21658,A,N,B,C,A,A,H,-,A,D,0,NA,NA,NA,NA,Y,NA,A,01,0,0,2,0,0,0,0,0,0,-,-,NA,NA,LOS ANGELES,LOS ANGELES,-118.27788505,33.96008
6643039,2014,2014-11-17,1942,2014-10-03,1515,35393,1273,5,5,7,1942,0,0,0,L,0,12T41,MANCHESTER AV,VAN NESS AV,30,W,N,A,-,N,NA,NA,NA,NA,NA,NA,NA,NA,NA,N,4,0,1,2,A,-,04,21703,NA,N,C,C,A,A,H,-,A,A,0,NA,NA,NA,NA,Y,NA,A,08,0,0,1,0,0,0,0,0,0,-,-,NA,NA,LOS ANGELES,LOS ANGELES,-118.31776,33.95997
6643040,2014,2014-10-16,1900,2014-07-13,1950,525194,2111,7,5,5,1943,0,0,0,NA,0,212D,LONG BEACH BL,PLUMA ST,0,NA,Y,A,-,N,NA,NA,NA,NA,NA,NA,NA,NA,NA,N,4,0,1,2,A,-,09,21801,A,N,A,C,A,A,H,-,A,A,0,NA,NA,NA,NA,Y,NA,A,01,0,0,1,0,0,0,0,0,0,-,-,NA,NA,LOS ANGELES,LYNWOOD,-118.21267008,33.93391002
6643242,2014,2014-10-14,1942,2014-08-11,1340,31573,2042,1,5,7,1942,0,0,0,NA,0,34MQ9,WILTON PL,8TH ST,40,N,N,A,-,N,NA,NA,NA,NA,NA,NA,NA,NA,NA,N,4,0,2,2,A,-,07,21658,A,N,B,C,A,A,H,-,A,A,0,NA,NA,NA,NA,Y,NA,-,-,0,0,2,0,0,0,0,0,0,-,-,NA,NA,LOS ANGELES,LOS ANGELES,-118.31427,34.0581597
6643243,2014,2014-10-07,1942,2014-08-29,1130,38282,2011,5,5,7,1942,0,0,0,NA,0,7T23,WESTERN AV,COUNCIL ST,20,S,N,A,-,N,NA,NA,NA,NA,NA,NA,NA,NA,NA,Y,4,0,2,2,A,-,09,21804,A,N,D,C,A,A,H,-,A,D,0,NA,NA,NA,NA,Y,NA,A,01,0,0,2,0,0,0,0,0,0,-,-,NA,NA,LOS ANGELES,LOS ANGELES,-118.3091391,34.07454515
6643244,2014,2014-10-07,1942,2014-08-22,2050,40132,2024,5,5,7,1942,0,0,0,NA,0,20A53,PICO BL,NORMANDIE AV,10,S,N,A,-,N,NA,NA,NA,NA,NA,NA,NA,NA,NA,Y,3,0,5,2,A,-,12,21453,A,N,D,C,A,A,H,-,B,A,0,NA,NA,NA,NA,Y,NA,A,07,0,1,4,0,0,0,0,0,0,-,-,NA,NA,LOS ANGELES,LOS ANGELES,-118.3,34.04724
6643247,2014,2014-10-07,9530,2014-08-31,2035,020695,NA,7,2,9,1900,0,3,5,NA,2,002,SAN PEDRO ST,ROSECRANS AV,0,NA,Y,A,-,N,NA,NA,NA,NA,NA,NA,NA,NA,NA,Y,4,0,1,2,A,-,09,21801,A,N,D,C,A,A,H,-,C,A,0,NA,NA,NA,NA,Y,NA,A,07,0,0,1,0,0,0,0,0,0,-,-,33.90195,-118.26904,LOS ANGELES,UNINCORPORATED,-118.26900005,33.90196011
6643248,2014,2016-06-09,9530,2014-08-27,0650,020718,NA,3,1,7,1942,0,1,3,NA,1,470,RT 47,HARBOR BL,150,W,N,A,-,Y,LA,7,47,-,-,0.83,H,-,N,Y,4,0,1,3,A,-,03,22350,NA,N,C,C,A,A,H,-,A,D,1,NA,NA,NA,NA,Y,NA,A,07,0,0,1,0,0,0,0,0,0,FR,-,33.74943,-118.28133,LOS ANGELES,LOS ANGELES,-118.28183257,33.74936629
6643253,2014,2014-10-07,1942,2014-08-18,2100,37807,2019,1,5,7,1942,0,0,0,NA,0,20A88,TEMPLE ST,VIRGIL AV,35,E,N,A,-,N,NA,NA,NA,NA,NA,NA,NA,NA,NA,Y,4,0,1,2,A,-,09,21801,A,N,A,C,A,A,H,-,C,A,0,NA,NA,NA,NA,Y,NA,A,01,0,0,1,0,0,0,0,0,0,-,-,NA,NA,LOS ANGELES,LOS ANGELES,-118.2867054,34.07675901
6643254,2014,2014-10-07,1942,2014-08-22,0800,41535,2074,5,5,7,1942,0,0,0,NA,0,20A45,ARDMORE AV,VENICE BL,7,N,N,A,-,N,NA,NA,NA,NA,NA,NA,NA,NA,NA,N,3,0,1,2,A,-,05,21650,1,N,H,G,A,A,H,-,A,A,0,NA,Y,NA,NA,Y,NA,L,04,0,1,0,0,0,0,1,0,0,-,-,NA,NA,LOS ANGELES,LOS ANGELES,-118.30281,34.04361
6643255,2014,2014-10-07,1942,2014-08-20,0935,40841,0853,3,5,7,1942,0,0,0,H,0,6T11,SANTA MONICA BL,PURDUE AV,20,W,N,A,-,N,NA,NA,NA,NA,NA,NA,NA,NA,NA,Y,4,0,2,3,A,-,-,NA,NA,N,C,C,A,A,H,-,A,D,0,NA,NA,NA,NA,Y,NA,A,07,0,0,2,0,0,0,0,0,0,-,-,NA,NA,LOS ANGELES,LOS ANGELES,-118.45080187,34.0458111
6643256,2014,2014-10-07,1942,2014-08-23,1510,34468,0822,6,5,7,1942,0,0,0,H,0,8A29,SUNSET BL,PACIFIC COAST HWY,276,W,N,A,-,N,NA,NA,NA,NA,NA,NA,NA,NA,NA,N,4,0,1,2,A,-,10,21952,NA,N,G,B,F,A,H,-,A,D,0,Y,NA,NA,NA,Y,NA,A,01,0,0,1,0,1,0,0,0,0,-,-,NA,NA,LOS ANGELES,LOS ANGELES,-118.55563,34.03849