CASE_ID,ACCIDENT_YEAR,PROC_DATE,JURIS,COLLISION_DATE,COLLISION_TIME,OFFICER_ID,REPORTING_DISTRICT,DAY_OF_WEEK,CHP_SHIFT,POPULATION,CNTY_CITY_LOC,SPECIAL_COND,BEAT_TYPE,CHP_BEAT_TYPE,CITY_DIVISION_LAPD,CHP_BEAT_CLASS,BEAT_NUMBER,PRIMARY_RD,SECONDARY_RD,DISTANCE,DIRECTION,INTERSECTION,WEATHER_1,WEATHER_2,STATE_HWY_IND,CALTRANS_COUNTY,CALTRANS_DISTRICT,STATE_ROUTE,ROUTE_SUFFIX,POSTMILE_PREFIX,POSTMILE,LOCATION_TYPE,RAMP_INTERSECTION,SIDE_OF_HWY,TOW_AWAY,COLLISION_SEVERITY,NUMBER_KILLED,NUMBER_INJURED,PARTY_COUNT,PRIMARY_COLL_FACTOR,PCF_CODE_OF_VIOL,PCF_VIOL_CATEGORY,PCF_VIOLATION,PCF_VIOL_SUBSECTION,HIT_AND_RUN,TYPE_OF_COLLISION,MVIW,PED_ACTION,ROAD_SURFACE,ROAD_COND_1,ROAD_COND_2,LIGHTING,CONTROL_DEVICE,CHP_ROAD_TYPE,PEDESTRIAN_ACCIDENT,BICYCLE_ACCIDENT,MOTORCYCLE_ACCIDENT,TRUCK_ACCIDENT,NOT_PRIVATE_PROPERTY,ALCOHOL_INVOLVED,STWD_VEHTYPE_AT_FAULT,CHP_VEHTYPE_AT_FAULT,COUNT_SEVERE_INJ,COUNT_VISIBLE_INJ,COUNT_COMPLAINT_PAIN,COUNT_PED_KILLED,COUNT_PED_INJURED,COUNT_BICYCLIST_KILLED,COUNT_BICYCLIST_INJURED,COUNT_MC_KILLED,COUNT_MC_INJURED,PRIMARY_RAMP,SECONDARY_RAMP,LATITUDE,LONGITUDE,COUNTY,CITY,POINT_X,POINT_Y
6643257,2014,2014-10-07,1942,2014-08-22,1855,39764,0889,5,5,7,1942,0,0,0,H,0,6T7,LA CIENEGA BL,GUTHRIE AV,0,NA,Y,A,-,N,NA,NA,NA,NA,NA,NA,NA,NA,NA,N,4,0,1,2,A,-,05,21650,1,N,H,G,A,A,H,-,D,A,0,NA,Y,NA,NA,Y,NA,L,04,0,0,1,0,0,0,1,0,0,-,-,NA,NA,LOS ANGELES,LOS ANGELES,-118.37699002,34.04034006
6643258,2014,2014-10-07,1942,2014-08-22,1230,41561,0832,5,5,7,1942,0,0,0,H,0,8A12,BARRINGTON AV,WILSHIRE BL,75,N,N,A,-,N,NA,NA,NA,NA,NA,NA,NA,NA,NA,N,4,0,1,2,A,-,04,21703,NA,N,C,C,A,A,H,-,A,A,0,NA,NA,NA,NA,Y,NA,A,01,0,0,1,0,0,0,0,0,0,-,-,NA,NA,LOS ANGELES,LOS ANGELES,-118.46099932,34.04965531
6643259,2014,2014-10-07,1942,2014-08-19,1005,41203,0829,2,5,7,1942,0,0,0,H,0,8A53,BEVERLY GLEN BL,SANTA MONICA BL,250,N,N,B,-,N,NA,NA,NA,NA,NA,NA,NA,NA,NA,Y,4,0,1,2,A,-,07,21658,A,N,B,C,A,A,H,-,A,A,0,NA,NA,NA,NA,Y,NA,A,01,0,0,1,0,0,0,0,0,0,-,-,NA,NA,LOS ANGELES,LOS ANGELES,-118.42471822,34.05829061
6643260,2014,2014-10-07,1942,2014-08-14,1320,37700,0858,4,5,7,1942,0,0,0,H,0,14TL52,CREST DR,PICO BL,130,S,N,A,-,N,NA,NA,NA,NA,NA,NA,NA,NA,NA,Y,3,0,1,2,A,-,09,21804,A,N,D,C,A,A,H,-,A,D,0,NA,NA,NA,NA,Y,NA,A,01,0,1,0,0,0,0,0,0,0,-,-,NA,NA,LOS ANGELES,LOS ANGELES,-118.38783,34.05526
6643261,2014,2014-10-07,1942,2014-08-12,1500,38118,836,2,5,7,1942,0,0,0,NA,0,7T38,BEVERLY GLEN BL,SANTA MONICA BL,50,N,N,A,-,N,NA,NA,NA,NA,NA,NA,NA,NA,NA,Y,4,0,1,2,A,-,04,21703,NA,N,C,C,A,A,H,-,A,A,0,NA,NA,NA,NA,Y,NA,A,07,0,0,1,0,0,0,0,0,0,-,-,NA,NA,LOS ANGELES,LOS ANGELES,-118.42438489,34.05781754
6643262,2014,2014-10-07,1942,2014-08-11,0915,41150,2011,1,5,7,1942,0,0,0,NA,0,20A13,2ND ST,OXFORD AV,20,E,N,A,-,N,NA,NA,NA,NA,NA,NA,NA,NA,NA,N,4,0,1,2,A,-,04,21703,NA,N,C,D,A,A,H,-,A,D,0,NA,NA,NA,NA,Y,NA,A,01,0,0,1,0,0,0,0,0,0,-,-,NA,NA,LOS ANGELES,LOS ANGELES,-118.30782414,34.07110229
6643263,2014,2014-10-07,1942,2014-08-29,2030,40024,2046,5,5,7,1942,0,0,0,NA,0,7T23,BERENDO ST,JAMES M WOOD BL,160,N,N,A,-,N,NA,NA,NA,NA,NA,NA,NA,NA,NA,N,3,0,1,2,A,-,03,22350,NA,N,H,G,A,A,H,-,C,D,0,NA,Y,NA,NA,Y,NA,L,04,0,1,0,0,0,0,1,0,0,-,-,NA,NA,LOS ANGELES,LOS ANGELES,-118.294151,34.056371
6643269,2014,2014-10-07,1942,2014-08-01,1830,38067,1243,5,5,7,1942,0,0,0,L,0,12X66,WESTERN AV,70TH ST,20,N,N,A,-,N,NA,NA,NA,NA,NA,NA,NA,NA,NA,Y,4,0,3,3,A,-,03,22350,NA,N,A,C,A,A,H,-,A,D,0,NA,NA,NA,NA,Y,NA,A,07,0,0,3,0,0,0,0,0,0,-,-,NA,NA,LOS ANGELES,LOS ANGELES,-118.308975,33.976239
6643271,2014,2014-11-14,1900,2014-08-31,0545,602939,2227,7,5,3,1994,0,0,0,NA,0,224,KANAN RD,THOUSAND OAKS BL,619,N,N,A,-,N,NA,NA,NA,NA,NA,NA,NA,NA,NA,Y,2,0,1,1,A,-,01,23152,A,N,E,I,A,A,H,-,C,D,0,NA,NA,NA,NA,Y,NA,A,01,1,0,0,0,0,0,0,0,0,-,-,NA,NA,LOS ANGELES,AGOURA HILLS,-118.75644259,34.1555438
6643272,2014,2016-06-11,1900,2014-08-29,2223,523104,1013,5,5,3,1995,0,0,0,NA,0,101T1,RT 1,HEATHERCLIFF RD,95,E,N,A,-,Y,LA,7,1,-,-,54.32,H,-,N,Y,4,0,5,3,A,-,08,22107,NA,N,A,C,A,A,H,-,C,A,0,NA,NA,NA,NA,Y,NA,A,01,0,0,5,0,0,0,0,0,0,-,-,NA,NA,LOS ANGELES,MALIBU,-118.80837299,34.0222379
6643273,2014,2014-10-06,1942,2014-08-21,0730,39746,2033,4,5,7,1942,0,0,0,NA,0,7T23,SERRANO AV,SAN MARINO ST,20,N,N,A,-,N,NA,NA,NA,NA,NA,NA,NA,NA,NA,N,3,0,1,2,A,-,11,21956,A,N,G,B,D,A,H,-,A,D,0,Y,NA,NA,NA,Y,NA,N,60,0,1,0,0,1,0,0,0,0,-,-,NA,NA,LOS ANGELES,LOS ANGELES,-118.30658,34.05452485
6643274,2014,2014-10-06,1942,2014-08-03,0220,41122,D807,7,5,7,1942,0,0,0,NA,0,841,BENEDICT CANYON DR,HILLGROVE DR,75,N,N,C,-,N,NA,NA,NA,NA,NA,NA,NA,NA,NA,Y,2,0,6,2,A,-,05,21650,NA,N,A,C,A,B,H,-,C,D,0,NA,NA,NA,NA,Y,NA,A,01,1,3,2,0,0,0,0,0,0,-,-,NA,NA,LOS ANGELES,LOS ANGELES,-118.42930059,34.09262293
6643275,2014,2015-03-10,1942,2014-08-25,0845,39316,832,1,5,7,1942,0,0,0,NA,0,8A53,SAN VICENTE BL,BARRINGTON BL,200,E,N,A,-,N,NA,NA,NA,NA,NA,NA,NA,NA,NA,Y,4,0,1,2,A,-,04,21703,NA,N,C,C,A,A,H,-,A,A,0,NA,NA,NA,NA,Y,NA,A,01,0,0,1,0,0,0,0,0,0,-,-,NA,NA,LOS ANGELES,LOS ANGELES,-118.46504372,34.05382771
6643276,2014,2014-10-06,1942,2014-08-25,0840,40001,399,1,5,7,1942,0,0,0,NA,0,8A95,VENICE BL,OLIN ST,270,W,N,A,-,N,NA,NA,NA,NA,NA,NA,NA,NA,NA,N,3,0,1,2,C,-,18,NA,NA,N,H,G,A,A,H,-,A,D,0,NA,Y,NA,NA,Y,NA,-,-,0,1,0,0,0,0,1,0,0,-,-,NA,NA,LOS ANGELES,LOS ANGELES,-118.38067962,34.03374642
6643277,2014,2016-03-01,1942,2014-08-21,1930,40901,0636,4,5,7,1942,0,0,0,F,0,6FB33,HOLLYWOOD BL,LAS PALMAS AV,50,W,N,A,-,N,NA,NA,NA,NA,NA,NA,NA,NA,NA,N,3,0,1,2,A,-,06,21750,NA,F,B,G,A,A,H,-,C,D,0,NA,Y,NA,NA,Y,NA,A,01,0,1,0,0,0,0,1,0,0,-,-,NA,NA,LOS ANGELES,LOS ANGELES,-118.33629485,34.10155
6643278,2014,2014-10-06,1942,2014-08-04,0230,41122,803,1,5,7,1942,0,0,0,NA,0,8A1,MANDEVILLE CANYON RD,SUNSET BL,150,N,N,A,-,N,NA,NA,NA,NA,NA,NA,NA,NA,NA,Y,4,0,1,1,A,-,03,22350,NA,N,E,I,A,A,H,-,C,D,0,NA,NA,NA,NA,Y,NA,A,01,0,0,1,0,0,0,0,0,0,-,-,NA,NA,LOS ANGELES,LOS ANGELES,-118.49398535,34.06088385
6643490,2014,2014-10-16,9575,2014-09-22,0319,20784,NA,1,3,9,1900,0,3,5,NA,2,008,MICHILLINDA AV,CALIFORNIA BL,15,N,N,A,-,N,NA,NA,NA,NA,NA,NA,NA,NA,NA,N,4,0,1,2,A,-,03,22350,NA,N,C,C,A,A,H,-,C,A,0,NA,NA,NA,NA,Y,NA,D,22,0,0,1,0,0,0,0,0,0,-,-,34.13406,-118.06773,LOS ANGELES,UNINCORPORATED,-118.06752,34.13437
6643494,2014,2016-06-04,9575,2014-09-25,0907,17416,NA,4,1,7,1942,0,1,1,NA,2,053,RT 5,TUJUNGA WASH CHANNEL,450,N,N,A,-,Y,LA,7,5,-,-,36.46,H,-,S,Y,4,0,1,4,A,-,03,22350,NA,N,C,C,A,A,H,-,A,D,1,NA,NA,NA,NA,Y,NA,A,01,0,0,1,0,0,0,0,0,0,-,-,34.23363,-118.41167,LOS ANGELES,LOS ANGELES,-118.41138035,34.23418475
6643497,2014,2016-06-11,9575,2014-09-22,2100,020729,NA,1,2,7,1942,0,1,3,NA,2,044,RT 134,VINELAND AV,200,E,N,A,-,Y,LA,7,134,-,-,0.39,H,-,W,Y,4,0,3,4,A,-,03,22350,NA,N,C,C,A,A,H,-,D,D,1,NA,NA,NA,NA,Y,NA,A,01,0,0,3,0,0,0,0,0,0,-,-,34.15295,-118.36976,LOS ANGELES,LOS ANGELES,-118.37047549,34.15305782
6643499,2014,2016-06-11,9575,2014-09-09,1320,17852,NA,2,1,6,1953,0,1,3,NA,2,040,RT 134,ORANGE GROVE BL,500,E,N,A,-,Y,LA,7,134,-,R,13.06,H,-,W,Y,4,0,1,2,A,-,17,23114,A,N,E,J,A,A,H,-,A,D,1,NA,NA,NA,NA,Y,NA,D,22,0,0,1,0,0,0,0,0,0,-,-,34.14604,-118.16052,LOS ANGELES,PASADENA,-118.15693022,34.14910605
6643500,2014,2016-06-11,9575,2014-09-02,1235,19920,NA,2,1,6,1953,0,1,1,NA,2,064,RT 210,HILL AV,636,W,N,A,-,Y,LA,7,210,-,R,26.796,R,2,E,Y,3,0,2,3,A,-,03,22350,NA,N,C,C,A,A,H,-,A,D,1,NA,NA,NA,NA,Y,NA,A,01,0,1,1,0,0,0,0,0,0,TO,-,34.15177,-118.12436,LOS ANGELES,PASADENA,-118.12422605,34.15198641
6643502,2014,2016-05-25,9575,2014-09-10,1525,019824,NA,3,2,7,1942,0,1,1,NA,2,053,RT 5,TERRA BELLA ST,30,N,N,A,-,Y,LA,7,5,-,-,38,H,-,N,N,4,0,1,2,A,-,03,22350,NA,N,C,-,A,A,H,-,A,D,1,NA,NA,NA,Y,Y,NA,G,25,0,0,1,0,0,0,0,0,0,-,-,34.25081,-118.42878,LOS ANGELES,LOS ANGELES,-118.42901267,34.25106818
6643505,2014,2016-06-04,9575,2014-09-05,1650,20182,NA,5,2,7,1942,0,1,1,NA,2,053,RT 5,VAN NUYS BL,700,N,N,A,-,Y,LA,7,5,-,R,38.66,H,-,N,Y,4,0,3,3,A,-,03,22350,NA,N,C,C,A,A,H,-,A,D,1,NA,NA,NA,NA,Y,NA,D,22,0,0,3,0,0,0,0,0,0,-,-,34.25774,-118.4357,LOS ANGELES,LOS ANGELES,-118.43469368,34.25646834
6643509,2014,2016-06-06,9575,2014-09-16,0755,20762,NA,2,1,6,1953,0,1,1,NA,2,063,RT 210,ORANGE GROVE BL,200,W,N,A,-,Y,LA,7,210,-,R,24.6,H,-,E,Y,4,0,1,3,A,-,03,22350,NA,N,C,C,A,A,H,-,A,D,6,NA,NA,NA,NA,Y,NA,D,22,0,0,1,0,0,0,0,0,0,-,-,34.15438,-118.15739,LOS ANGELES,PASADENA,-118.15745202,34.15463558
6643510,2014,2016-06-06,9575,2014-09-11,1430,019754,NA,4,2,6,1953,0,1,1,NA,2,064,RT 210,LOS ROBLES AV,500,E,N,A,-,Y,LA,7,210,-,R,25.9,H,-,W,Y,4,0,1,3,A,-,03,22350,NA,N,C,C,A,A,H,-,A,D,1,NA,NA,NA,Y,Y,NA,G,25,0,0,1,0,0,0,0,0,0,-,-,34.15212,-118.14149,LOS ANGELES,PASADENA,-118.13984079,34.15201035
6643516,2014,2014-12-23,1942,2014-07-29,1320,19976,NA,2,5,7,1942,0,0,0,NA,0,NA,FOOTHILL BL,PAXTON ST,909,W,N,A,-,N,NA,NA,210,NA,NA,NA,NA,NA,NA,N,4,0,1,2,A,-,07,21658,A,N,B,G,A,A,H,-,A,D,0,NA,Y,NA,NA,Y,NA,L,04,0,0,1,0,0,0,1,0,0,-,-,34.28846,-118.40926,LOS ANGELES,LOS ANGELES,-118.40872533,34.28902696
6643521,2014,2014-11-05,1942,2014-09-11,0735,32896,0831,4,5,7,1942,0,0,0,H,0,14TL47,SAN VICENTE BL,BURLINGAME AV,0,NA,Y,A,-,N,NA,NA,NA,NA,NA,NA,NA,NA,NA,N,4,0,1,2,A,-,09,21801,A,N,D,G,A,A,H,-,A,A,0,NA,Y,NA,NA,Y,NA,A,07,0,0,1,0,0,0,1,0,0,-,-,NA,NA,LOS ANGELES,LOS ANGELES,-118.48742001,34.04937
6643522,2014,2014-11-05,1942,2014-09-13,2125,37495,1253,6,5,7,1942,0,0,0,L,0,12X18,FLORENCE AV,WESTERN AV,200,E,N,A,-,N,NA,NA,NA,NA,NA,NA,NA,NA,NA,N,3,0,1,2,A,-,11,21954,A,N,G,B,D,A,H,-,C,D,0,Y,NA,NA,NA,Y,Y,N,60,0,1,0,0,1,0,0,0,0,-,-,NA,NA,LOS ANGELES,LOS ANGELES,-118.30832161,33.97457
6643525,2014,2014-11-05,1900,2014-09-17,0135,507884,0635,3,5,6,1985,0,0,0,NA,0,61T1E,SOLEDAD CANYON RD,PRAIRIE LN,300,W,N,A,-,N,NA,NA,NA,NA,NA,NA,NA,NA,NA,Y,3,0,2,1,A,-,03,22350,NA,N,E,I,A,A,H,-,C,D,0,NA,NA,NA,NA,Y,Y,A,01,0,1,1,0,0,0,0,0,0,-,-,NA,NA,LOS ANGELES,SANTA CLARITA,-118.41763049,34.42822091
6643526,2014,2016-03-01,1942,2014-09-12,0330,38368,1353,5,5,7,1942,0,0,0,M,0,RA43,AVALON BL,AVALON BL 4618,0,NA,N,A,-,N,NA,NA,NA,NA,NA,NA,NA,NA,NA,NA,3,0,2,4,A,-,03,22350,NA,F,A,E,A,A,-,-,C,A,0,NA,NA,NA,NA,Y,NA,A,01,0,1,1,0,0,0,0,0,0,-,-,NA,NA,LOS ANGELES,LOS ANGELES,-118.265252,34.000936
6643529,2014,2014-11-05,1900,2014-09-12,2155,514857,0617,5,5,6,1985,0,0,0,NA,0,61TT,SIERRA HWY,FRIENDLY VALLEY PKWY,0,NA,Y,A,-,N,NA,NA,NA,NA,NA,NA,NA,NA,NA,Y,3,0,3,2,D,-,00,NA,NA,N,D,C,A,A,H,-,C,A,0,NA,NA,NA,NA,Y,NA,-,-,0,2,1,0,0,0,0,0,0,-,-,NA,NA,LOS ANGELES,SANTA CLARITA,-118.47389011,34.39967009
6643530,2014,2014-11-14,1942,2014-09-08,1745,40099,1354,1,5,7,1942,0,0,0,M,0,4TL4,41ST PL,TRINITY ST,15,E,N,A,-,N,NA,NA,NA,NA,NA,NA,NA,NA,NA,N,4,0,1,2,A,-,21,22106,NA,N,G,B,E,A,H,-,A,D,0,Y,NA,NA,NA,Y,NA,A,01,0,0,1,0,1,0,0,0,0,-,-,NA,NA,LOS ANGELES,LOS ANGELES,-118.27043065,34.00817173
6643533,2014,2014-11-05,1942,2014-09-03,1515,36864,955,3,5,7,1942,0,0,0,NA,0,9A19,CHANDLER BL,TYRONE AV,0,NA,Y,A,-,N,NA,NA,NA,NA,NA,NA,NA,NA,NA,Y,4,0,1,2,A,-,09,21802,A,N,D,C,A,A,H,-,A,A,0,NA,NA,NA,NA,Y,NA,A,01,0,0,1,0,0,0,0,0,0,-,-,NA,NA,LOS ANGELES,LOS ANGELES,-118.44435005,34.16855002
6643534,2014,2014-11-06,1942,2014-09-05,1230,33869,1105,5,5,7,1942,0,0,0,K,0,1A1,COLORADO AV,LIVE OAK VIEW AV,0,NA,Y,A,-,N,NA,NA,NA,NA,NA,NA,NA,NA,NA,Y,3,0,1,2,A,-,09,21801,A,N,D,C,A,A,H,-,A,D,0,NA,NA,NA,NA,Y,NA,A,01,0,1,0,0,0,0,0,0,0,-,-,NA,NA,LOS ANGELES,LOS ANGELES,-118.22201012,34.14172009
6643537,2014,2014-11-05,1942,2014-09-12,1830,39028,1215,5,5,7,1942,0,0,0,L,0,12T73,54TH ST,NORMANDIE AV,83,E,N,A,-,N,NA,NA,NA,NA,NA,NA,NA,NA,NA,N,3,0,1,2,A,-,09,21804,A,N,D,G,A,A,H,-,A,A,0,NA,Y,NA,NA,Y,NA,L,04,0,1,0,0,0,0,1,0,0,-,-,NA,NA,LOS ANGELES,LOS ANGELES,-118.29993671,33.99323
6643545,2014,2014-11-05,1942,2014-09-15,2050,38356,1756,1,5,7,1942,0,0,0,Q,0,9T57,LASSEN ST,LOUISE AV,45,E,N,A,-,N,NA,NA,NA,NA,NA,NA,NA,NA,NA,Y,3,0,4,2,A,-,01,23152,A,N,C,C,A,A,H,-,C,A,0,NA,NA,NA,NA,Y,Y,A,01,0,1,3,0,0,0,0,0,0,-,-,NA,NA,LOS ANGELES,LOS ANGELES,-118.51100139,34.25031714
6643549,2014,2014-11-05,1942,2014-09-05,2245,38354,1505,5,5,7,1942,0,0,0,O,0,10T37,SHERMAN WY,TROOST AV,78,E,N,A,-,N,NA,NA,NA,NA,NA,NA,NA,NA,NA,Y,3,0,1,2,A,-,09,21801,A,N,D,C,A,A,H,-,C,D,0,NA,NA,Y,NA,Y,Y,A,01,0,1,0,0,0,0,0,0,1,-,-,NA,NA,LOS ANGELES,LOS ANGELES,-118.38637252,34.20119
6643553,2014,2014-11-05,1942,2014-09-14,2210,32774,1509,7,5,7,1942,0,0,0,O,0,10TL35,CLYBOURN AV,SHERMAN WY,55,N,N,A,-,N,NA,NA,NA,NA,NA,NA,NA,NA,NA,Y,3,0,2,1,A,-,03,22350,NA,N,E,I,A,A,H,-,C,D,0,NA,NA,NA,NA,Y,NA,A,01,0,2,0,0,0,0,0,0,0,-,-,NA,NA,LOS ANGELES,LOS ANGELES,-118.36215612,34.20145928
6643558,2014,2014-11-21,1942,2014-09-13,0130,36821,251,6,5,7,1942,0,0,0,NA,0,NA,S RAMPART BL,4TH ST,50,S,N,A,-,N,NA,NA,NA,NA,NA,NA,NA,NA,NA,Y,4,0,1,2,A,-,01,23152,NA,N,H,G,A,A,H,-,C,D,0,NA,Y,NA,NA,Y,Y,-,NA,0,0,1,0,0,0,1,0,0,-,-,NA,NA,LOS ANGELES,LOS ANGELES,-118.06752,33.9259229
6643562,2014,2014-11-05,1942,2014-09-16,1550,39745,1942,2,5,7,1942,0,0,0,NA,0,1T24,7TH ST,VALENCIA ST,28,E,N,A,-,N,NA,NA,NA,NA,NA,NA,NA,NA,NA,N,3,0,1,2,A,-,12,21453,A,N,D,G,A,A,H,-,A,A,0,NA,Y,NA,NA,Y,NA,L,04,0,1,0,0,0,0,1,0,0,-,-,NA,NA,LOS ANGELES,LOS ANGELES,-118.26928946,34.05307254
6643566,2014,2014-11-06,1942,2014-09-16,0730,40008,0236,2,5,7,1942,0,0,0,B,0,2T15,N ALVARADO ST,W TEMPLE ST,100,S,N,A,-,N,NA,NA,NA,NA,NA,NA,NA,NA,NA,N,4,0,1,2,A,-,03,22350,NA,M,C,C,A,A,H,-,A,D,0,NA,NA,NA,NA,Y,NA,A,01,0,0,1,0,0,0,0,0,0,-,-,NA,NA,LOS ANGELES,LOS ANGELES,-118.26820492,34.07002794
6643570,2014,2014-11-06,1942,2014-09-14,1240,32973,0111,7,5,7,1942,0,0,0,A,0,11TL32,CESAR E CHAVEZ AV,HILL PL,30,W,N,A,-,N,NA,NA,NA,NA,NA,NA,NA,NA,NA,N,3,0,1,2,A,-,06,21750,NA,N,B,C,A,A,H,-,A,D,0,NA,Y,NA,NA,Y,NA,A,01,0,1,0,0,0,0,1,0,0,-,-,NA,NA,LOS ANGELES,LOS ANGELES,-118.24271053,34.05992772
6643573,2014,2014-11-05,1942,2014-09-08,1410,41437,NEWTO,1,5,7,1942,0,0,0,NA,0,13A13,LONG BEACH AV,15TH ST,0,NA,Y,B,-,N,NA,NA,NA,NA,NA,NA,NA,NA,NA,Y,3,0,2,2,A,-,09,21801,A,N,D,C,A,A,H,-,A,D,0,NA,NA,NA,NA,Y,NA,A,01,0,1,1,0,0,0,0,0,0,-,-,NA,NA,LOS ANGELES,LOS ANGELES,-118.24190005,34.02424006
6643574,2014,2014-11-06,1942,2014-09-10,1235,39349,0162,3,5,7,1942,0,0,0,A,0,2TL15,W 7TH ST,S FIGUEROA ST,95,E,N,A,-,N,NA,NA,NA,NA,NA,NA,NA,NA,NA,N,3,0,1,2,A,-,03,22350,NA,N,C,G,A,A,H,-,A,D,0,NA,Y,NA,NA,Y,NA,L,04,0,1,0,0,0,0,1,0,0,-,-,NA,NA,LOS ANGELES,LOS ANGELES,-118.25965617,34.04926788
6643577,2014,2014-11-05,1942,2014-09-09,1500,38171,1124,2,5,7,1942,0,0,0,K,0,11TL32,ESTARA AV,ANDRITA ST,103,W,N,A,-,N,NA,NA,NA,NA,NA,NA,NA,NA,NA,Y,4,0,1,2,A,-,09,21804,A,N,D,C,A,A,H,-,A,D,0,NA,NA,NA,NA,Y,NA,A,01,0,0,1,0,0,0,0,0,0,-,-,NA,NA,LOS ANGELES,LOS ANGELES,-118.24238717,34.11920717
6643578,2014,2014-11-21,1942,2014-09-03,1945,31476,0111,3,5,7,1942,0,0,0,A,0,2T14,NORTH MAIN ST,ARCADIA ST,0,NA,Y,A,-,N,NA,NA,NA,NA,NA,NA,NA,NA,NA,Y,4,0,1,2,A,-,12,21453,A,N,D,C,A,-,H,-,B,A,0,NA,NA,NA,NA,Y,NA,-,-,0,0,1,0,0,0,0,0,0,-,-,NA,NA,LOS ANGELES,LOS ANGELES,-118.24005014,34.05581007
6643582,2014,2016-05-10,1942,2014-09-08,0844,38399,0192,1,5,7,1942,0,0,0,A,0,13T53,FLOWER ST,18TH ST,65,N,N,C,-,Y,LA,7,10,-,-,15.261,R,4,E,Y,4,0,2,2,A,-,12,21453,A,N,B,F,A,B,H,-,A,A,0,NA,NA,NA,NA,Y,NA,-,-,0,0,2,0,0,0,0,0,0,-,-,NA,NA,LOS ANGELES,LOS ANGELES,-118.26785186,34.03486685
6643586,2014,2016-05-31,1942,2014-09-16,1845,39062,0132,2,5,7,1942,0,0,0,A,0,1T11,3RD ST,FIGUEROA ST,125,W,N,A,-,Y,LA,7,110,-,-,23.056,R,4,S,N,2,0,1,2,A,-,03,22350,NA,N,C,G,A,A,H,-,A,A,0,NA,Y,NA,NA,Y,NA,A,01,1,0,0,0,0,0,1,0,0,-,-,NA,NA,LOS ANGELES,LOS ANGELES,-118.25667653,34.05551815
6643590,2014,2014-11-14,1942,2014-09-17,0710,40726,0195,3,5,7,1942,0,0,0,A,0,1TL11,MAIN ST,17TH ST,0,NA,Y,A,-,N,NA,NA,NA,NA,NA,NA,NA,NA,NA,Y,3,0,2,2,A,-,12,21453,A,N,D,C,A,A,H,-,A,A,0,NA,NA,NA,NA,Y,NA,-,-,0,1,1,0,0,0,0,0,0,-,-,NA,NA,LOS ANGELES,LOS ANGELES,-118.26315008,34.03285007
6643591,2014,2015-01-14,1942,2014-11-08,0745,40398,1921,6,5,7,1942,0,0,0,NA,0,19TL75,ROXFORD ST,RALSTON AV,0,NA,Y,A,-,N,NA,NA,NA,NA,NA,NA,NA,NA,NA,Y,4,0,1,2,A,-,09,21801,A,N,A,C,A,A,H,-,A,D,0,NA,NA,NA,NA,Y,NA,D,22,0,0,1,0,0,0,0,0,0,-,-,NA,NA,LOS ANGELES,LOS ANGELES,-118.47136,34.31163006
6643595,2014,2015-01-14,1942,2014-11-08,1715,45317,1956,6,5,7,1942,0,0,0,NA,0,19X98,DEVONSHIRE,WOODMAN AV,0,NA,Y,A,-,N,NA,NA,NA,NA,NA,NA,NA,NA,NA,Y,4,0,1,2,A,-,09,21801,A,N,D,D,A,A,H,-,C,A,0,NA,NA,NA,NA,Y,NA,D,22,0,0,1,0,0,0,0,0,0,-,-,NA,NA,LOS ANGELES,LOS ANGELES,-118.45425012,34.25720005
6643599,2014,2015-01-14,1942,2014-11-08,1745,38263,1991,6,5,7,1942,0,0,0,NA,0,19A75,ROSCOE BL,ORION,100,E,N,A,-,N,NA,NA,NA,NA,NA,NA,NA,NA,NA,N,4,0,1,2,A,-,01,23152,A,N,C,C,A,A,H,-,B,A,0,NA,NA,NA,NA,Y,Y,A,07,0,0,1,0,0,0,0,0,0,-,-,NA,NA,LOS ANGELES,LOS ANGELES,-118.47175979,34.22138
6643686,2014,2015-01-21,1942,2014-11-17,0645,38689,1705,1,5,7,1942,0,0,0,Q,0,21T63,SAN FERNANDO RD,BALBOA RD,0,NA,Y,A,-,N,NA,NA,NA,NA,NA,NA,NA,NA,NA,N,4,0,1,2,A,-,12,21453,A,N,A,C,A,A,H,-,B,A,0,NA,NA,NA,NA,Y,NA,D,22,0,0,1,0,0,0,0,0,0,-,-,NA,NA,LOS ANGELES,LOS ANGELES,-118.49723012,34.32017006
6643689,2014,2015-01-16,9590,2014-11-07,0950,20436,NA,5,1,7,1942,0,1,3,NA,2,031,RT 60,LORENA ST,100,W,N,A,-,Y,NA,NA,60,NA,NA,NA,NA,NA,NA,N,4,0,1,2,A,-,03,22350,NA,N,C,C,A,A,H,-,A,D,0,NA,NA,NA,NA,Y,NA,D,22,0,0,1,0,0,0,0,0,0,-,-,34.02934,-118.20056,LOS ANGELES,LOS ANGELES,-118.20056802,34.02939025
6643695,2014,2014-12-30,1900,2014-10-09,1305,488650,2112,4,5,5,1943,0,0,0,NA,0,212T4,TWEEDY AV,LONG BEACH BL,0,NA,Y,A,-,N,NA,NA,NA,NA,NA,NA,NA,NA,NA,Y,4,0,1,2,A,-,12,21453,A,N,D,C,A,A,H,-,A,A,0,NA,NA,NA,Y,Y,NA,F,NA,0,0,1,0,0,0,0,0,0,-,-,NA,NA,LOS ANGELES,LYNWOOD,-118.21616011,33.94535002