CASE_ID,ACCIDENT_YEAR,PROC_DATE,JURIS,COLLISION_DATE,COLLISION_TIME,OFFICER_ID,REPORTING_DISTRICT,DAY_OF_WEEK,CHP_SHIFT,POPULATION,CNTY_CITY_LOC,SPECIAL_COND,BEAT_TYPE,CHP_BEAT_TYPE,CITY_DIVISION_LAPD,CHP_BEAT_CLASS,BEAT_NUMBER,PRIMARY_RD,SECONDARY_RD,DISTANCE,DIRECTION,INTERSECTION,WEATHER_1,WEATHER_2,STATE_HWY_IND,CALTRANS_COUNTY,CALTRANS_DISTRICT,STATE_ROUTE,ROUTE_SUFFIX,POSTMILE_PREFIX,POSTMILE,LOCATION_TYPE,RAMP_INTERSECTION,SIDE_OF_HWY,TOW_AWAY,COLLISION_SEVERITY,NUMBER_KILLED,NUMBER_INJURED,PARTY_COUNT,PRIMARY_COLL_FACTOR,PCF_CODE_OF_VIOL,PCF_VIOL_CATEGORY,PCF_VIOLATION,PCF_VIOL_SUBSECTION,HIT_AND_RUN,TYPE_OF_COLLISION,MVIW,PED_ACTION,ROAD_SURFACE,ROAD_COND_1,ROAD_COND_2,LIGHTING,CONTROL_DEVICE,CHP_ROAD_TYPE,PEDESTRIAN_ACCIDENT,BICYCLE_ACCIDENT,MOTORCYCLE_ACCIDENT,TRUCK_ACCIDENT,NOT_PRIVATE_PROPERTY,ALCOHOL_INVOLVED,STWD_VEHTYPE_AT_FAULT,CHP_VEHTYPE_AT_FAULT,COUNT_SEVERE_INJ,COUNT_VISIBLE_INJ,COUNT_COMPLAINT_PAIN,COUNT_PED_KILLED,COUNT_PED_INJURED,COUNT_BICYCLIST_KILLED,COUNT_BICYCLIST_INJURED,COUNT_MC_KILLED,COUNT_MC_INJURED,PRIMARY_RAMP,SECONDARY_RAMP,LATITUDE,LONGITUDE,COUNTY,CITY,POINT_X,POINT_Y
6644869,2014,2014-10-13,1969,2014-09-03,1453,10171,TRAFF,3,5,5,1969,0,0,0,NA,0,004,TWEEDY BL,ATLANTA AV,150,W,N,A,-,N,NA,NA,NA,NA,NA,NA,NA,NA,NA,Y,4,0,1,3,A,-,08,22107,NA,N,C,C,A,A,H,-,A,D,0,NA,NA,NA,NA,Y,NA,A,07,0,0,1,0,0,0,0,0,0,-,-,NA,NA,LOS ANGELES,SOUTH GATE,NA,NA
6644870,2014,2014-10-14,1941,2014-09-18,1611,5615,NA,4,5,7,1941,0,0,0,NA,0,NA,E SOUTH ST,ORIZABA AV,218,E,N,A,-,N,NA,NA,NA,NA,NA,NA,NA,NA,NA,N,2,0,1,3,A,-,17,22517,NA,N,E,G,A,A,H,-,B,D,0,NA,Y,NA,NA,Y,NA,A,NA,1,0,0,0,0,0,1,0,0,-,-,NA,NA,LOS ANGELES,LONG BEACH,-118.15700344,33.86018249
6644873,2014,2014-10-14,1969,2014-09-08,0726,10198,1969,1,5,5,1969,0,0,0,NA,0,TRAFFI,TWEEDY BL,MCNERNEY AV,0,NA,Y,B,-,N,NA,NA,NA,NA,NA,NA,NA,NA,NA,N,4,0,1,2,A,-,12,21453,A,N,D,C,A,B,H,-,A,A,0,NA,NA,NA,NA,Y,NA,A,01,0,0,1,0,0,0,0,0,0,-,-,NA,NA,LOS ANGELES,SOUTH GATE,-118.19662012,33.94323009
6644874,2014,2014-10-14,1941,2014-09-20,0112,10308,NA,6,5,7,1941,0,0,0,NA,0,NA,OCEAN BL,18TH ST,174,E,N,A,-,N,NA,NA,NA,NA,NA,NA,NA,NA,NA,N,3,0,1,3,A,-,03,22350,NA,N,D,E,A,A,H,-,C,D,0,NA,NA,NA,NA,Y,Y,A,NA,0,1,0,0,0,0,0,0,0,-,-,NA,NA,LOS ANGELES,LONG BEACH,-118.16564365,33.76398168
6644878,2014,2014-10-14,1941,2014-09-16,2250,5376,NA,2,5,7,1941,0,0,0,NA,0,NA,STUDEBAKER,BARBANELL ST,120,S,N,A,-,N,NA,NA,NA,NA,NA,NA,NA,NA,NA,Y,4,0,1,2,A,-,08,22107,NA,N,E,I,A,A,H,-,C,A,0,NA,NA,NA,NA,Y,NA,A,NA,0,0,1,0,0,0,0,0,0,-,-,NA,NA,LOS ANGELES,LONG BEACH,-118.0994438,33.80487096
6644882,2014,2014-10-10,1900,2014-09-21,0142,523025,525,7,5,4,1971,0,0,0,NA,0,S2T1EM,EL MONTE AV,DAINES DR,113,S,N,A,-,N,NA,NA,NA,NA,NA,NA,NA,NA,NA,Y,3,0,2,1,A,-,08,22107,NA,N,F,I,A,A,H,-,C,D,0,NA,NA,NA,NA,Y,NA,A,01,0,2,0,0,0,0,0,0,0,-,-,NA,NA,LOS ANGELES,TEMPLE CITY,-118.0373774,34.10229458
6644883,2014,2014-10-10,1900,2014-09-15,0940,529699,1126,1,5,6,1992,0,0,0,NA,0,111T2,15TH ST WEST,AVE J-8,0,NA,Y,A,-,N,NA,NA,NA,NA,NA,NA,NA,NA,NA,N,3,0,3,2,A,-,12,21453,A,N,D,C,A,A,H,-,A,A,0,NA,NA,NA,NA,Y,NA,A,01,0,1,2,0,0,0,0,0,0,-,-,NA,NA,LOS ANGELES,LANCASTER,-118.15683013,34.68217011
6644886,2014,2014-10-10,1900,2014-09-12,1840,531916,560,5,5,3,1968,0,0,0,NA,0,55T1PM,GARVEY AV,CHICO AV,120,W,N,A,-,N,NA,NA,NA,NA,NA,NA,NA,NA,NA,Y,4,0,2,2,A,-,03,22350,NA,N,C,C,A,A,H,-,B,A,0,NA,NA,NA,NA,Y,NA,-,NA,0,0,2,0,0,0,0,0,0,-,-,NA,NA,LOS ANGELES,SOUTH EL MONTE,-118.06042534,34.06274
6644890,2014,2014-10-10,1953,2014-09-20,1420,0701,1953,6,5,6,1953,0,0,0,NA,0,003,PARKWOOD AV,COLORADO BL,0,NA,Y,A,-,N,NA,NA,NA,NA,NA,NA,NA,NA,NA,N,4,0,3,2,A,-,21,22106,NA,N,C,C,A,A,H,-,A,A,0,NA,NA,NA,NA,Y,NA,A,01,0,0,3,0,0,0,0,0,0,-,-,NA,NA,LOS ANGELES,PASADENA,-118.11185001,34.14603006
6644891,2014,2014-10-10,1900,2014-09-11,1430,531566,1135,4,5,6,1992,0,0,0,NA,0,112T1,AVE I,CHALLENGER WY,0,NA,Y,A,-,N,NA,NA,NA,NA,NA,NA,NA,NA,NA,Y,3,0,3,2,A,-,12,21453,A,N,D,C,A,A,H,-,A,A,0,NA,NA,NA,NA,Y,NA,A,01,0,3,0,0,0,0,0,0,0,-,-,NA,NA,LOS ANGELES,LANCASTER,-118.112652,34.704223
6644894,2014,2016-06-06,1900,2014-09-05,2131,528684,560,5,5,3,1968,0,0,0,NA,0,55PM,RT 164,RUSH ST,0,NA,Y,A,-,Y,LA,7,164,-,-,4.057,I,5,S,N,4,0,1,2,A,-,14,21201,D,N,B,G,A,A,H,-,C,A,0,NA,Y,NA,NA,Y,NA,L,04,0,0,1,0,0,0,1,0,0,-,-,NA,NA,LOS ANGELES,SOUTH EL MONTE,-118.06437909,34.05178706
6644895,2014,2014-10-10,1900,2014-09-20,1847,527065,1137,6,5,6,1992,0,0,0,NA,0,111T1,AVE J-8,25TH ST E,620,W,N,A,-,N,NA,NA,NA,NA,NA,NA,NA,NA,NA,N,4,0,5,2,A,-,03,22350,NA,N,C,C,A,A,H,-,A,D,0,NA,NA,NA,NA,Y,NA,A,01,0,0,5,0,0,0,0,0,0,-,-,NA,NA,LOS ANGELES,LANCASTER,-118.08792083,34.6824116
6644898,2014,2014-10-10,1900,2014-09-02,0246,524507,532,2,5,5,1959,0,0,0,NA,0,53T1E,GARVEY AV,LINDY AV,81,W,N,A,-,N,NA,NA,NA,NA,NA,NA,NA,NA,NA,Y,3,0,1,1,A,-,08,22107,NA,N,A,I,A,A,H,-,C,D,0,NA,NA,NA,NA,Y,NA,A,01,0,1,0,0,0,0,0,0,0,-,-,NA,NA,LOS ANGELES,ROSEMEAD,-118.10616589,34.06255687
6644899,2014,2014-10-10,1900,2014-09-19,1440,253763,1127,5,5,6,1992,0,0,0,NA,0,112T1,25TH ST WEST,AVE J-8,0,NA,Y,A,-,N,NA,NA,NA,NA,NA,NA,NA,NA,NA,Y,3,0,4,2,A,-,09,21801,A,N,D,C,A,A,H,-,A,A,0,NA,NA,NA,NA,Y,NA,A,01,0,2,2,0,0,0,0,0,0,-,-,NA,NA,LOS ANGELES,LANCASTER,-118.17471011,34.68218003
6644902,2014,2014-10-10,1900,2014-09-18,0813,529395,521,4,5,4,1971,0,0,0,NA,0,52T1AM,TEMPLE CITY BL,VAL ST,0,NA,Y,A,-,N,NA,NA,NA,NA,NA,NA,NA,NA,NA,Y,4,0,1,2,A,-,03,22350,NA,N,C,C,A,A,H,-,A,-,0,NA,NA,NA,NA,Y,NA,A,01,0,0,1,0,0,0,0,0,0,-,-,NA,NA,LOS ANGELES,TEMPLE CITY,-118.06274007,34.11596009
6644903,2014,2014-10-10,1900,2014-09-18,1754,527065,1122,4,5,6,1992,0,0,0,NA,0,111T1,SIERRA HWY,LANCASTER BL,70,S,N,A,-,N,NA,NA,NA,NA,NA,NA,NA,NA,NA,N,4,0,2,2,A,-,07,21658,A,N,C,C,A,A,-,-,A,D,0,NA,NA,NA,NA,Y,NA,A,07,0,0,2,0,0,0,0,0,0,-,-,NA,NA,LOS ANGELES,LANCASTER,-118.13692648,34.69819007
6644906,2014,2014-10-10,1900,2014-09-13,2130,509847,533,6,5,5,1959,0,0,0,NA,0,53T1EM,WALNUT GROVE AV,GARVEY AV,429,N,N,A,-,N,NA,NA,NA,NA,NA,NA,NA,NA,NA,N,3,0,1,2,A,-,11,21954,A,N,G,B,D,A,H,-,C,D,0,Y,NA,NA,NA,Y,NA,N,NA,0,1,0,0,1,0,0,0,0,-,-,NA,NA,LOS ANGELES,ROSEMEAD,-118.0820025,34.06385615
6644907,2014,2014-10-10,1900,2014-09-15,1143,531566,1120,1,5,6,1992,0,0,0,NA,0,112T1,AV H,30TH ST W,0,NA,Y,A,-,N,NA,NA,NA,NA,NA,NA,NA,NA,NA,N,4,0,1,3,A,-,09,21801,A,N,D,C,A,A,H,-,A,A,0,NA,NA,Y,NA,Y,NA,A,01,0,0,1,0,0,0,0,0,1,-,-,NA,NA,LOS ANGELES,LANCASTER,-118.18375001,34.71872003
6644908,2014,2014-10-10,1942,2014-09-10,1945,36336,1526,3,5,7,1942,0,0,0,O,0,15T43,OXNARD ST,LANKERSHIM BL,3,E,N,A,-,N,NA,NA,NA,NA,NA,NA,NA,NA,NA,N,2,0,1,2,A,-,09,21801,A,N,D,G,A,A,H,-,C,A,0,NA,Y,NA,NA,Y,NA,A,01,1,0,0,0,0,0,1,0,0,-,-,NA,NA,LOS ANGELES,LOS ANGELES,-118.3834001,34.17942
6644910,2014,2016-06-06,1900,2014-09-14,1230,260327,531,7,5,5,1959,0,0,0,NA,0,53AMJ,RT 164,GUESS ST,0,NA,Y,A,-,Y,LA,7,164,-,-,6.075,I,5,N,N,4,0,2,2,A,-,04,21703,NA,N,C,C,A,A,H,-,A,D,0,NA,NA,NA,NA,Y,NA,A,07,0,0,2,0,0,0,0,0,0,-,-,NA,NA,LOS ANGELES,ROSEMEAD,-118.07307579,34.07874799
6644911,2014,2014-10-10,1967,2014-09-25,1415,40217,922,4,5,2,1967,0,0,0,NA,0,SOUTH,ORANGE AV,23RD,136,S,N,A,-,N,NA,NA,NA,NA,NA,NA,NA,NA,NA,Y,3,0,2,3,A,-,08,22107,NA,N,B,C,A,A,H,-,A,D,0,NA,NA,NA,NA,Y,NA,A,01,0,1,1,0,0,0,0,0,0,-,-,NA,NA,LOS ANGELES,SIGNAL HILL,-118.17634,33.79853705
6644913,2014,2014-10-10,1900,2014-09-10,1915,478087,530,3,5,5,1959,0,0,0,NA,0,53T1PM,MUSCATEL AV,LAWRENCE AV,30,E,N,A,-,N,NA,NA,NA,NA,NA,NA,NA,NA,NA,N,4,0,1,2,A,-,08,22103,NA,N,B,C,A,A,H,-,B,D,0,NA,NA,NA,NA,Y,NA,A,01,0,0,1,0,0,0,0,0,0,-,-,NA,NA,LOS ANGELES,ROSEMEAD,-118.0777,34.08385
6644914,2014,2014-10-10,1953,2014-09-16,0958,0311,1953,2,5,6,1953,0,0,0,NA,0,002,VILLA ST,MADISON AV,0,NA,Y,A,-,N,NA,NA,NA,NA,NA,NA,NA,NA,NA,N,4,0,1,2,A,-,03,22350,NA,N,C,C,A,A,H,-,A,D,0,NA,NA,NA,NA,Y,NA,A,08,0,0,1,0,0,0,0,0,0,-,-,NA,NA,LOS ANGELES,PASADENA,-118.13844007,34.15422009
6644917,2014,2014-10-10,1900,2014-09-08,0926,529395,NA,1,5,4,1971,0,0,0,NA,0,52T1AM,BALDWIN AV,HOWLAND DR,0,NA,Y,B,C,N,NA,NA,NA,NA,NA,NA,NA,NA,NA,Y,3,0,1,2,A,-,09,21802,A,N,D,C,A,B,H,-,A,A,0,NA,NA,NA,NA,Y,NA,A,01,0,1,0,0,0,0,0,0,0,-,-,NA,NA,LOS ANGELES,TEMPLE CITY,-118.05035012,34.09800002
6644918,2014,2014-10-10,1953,2014-09-16,2053,5281,1953,2,5,6,1953,0,0,0,NA,0,001,COLORADO BL,ORANGE GROVE BL,0,NA,Y,A,-,N,NA,NA,NA,NA,NA,NA,NA,NA,NA,Y,3,0,2,3,A,-,12,21453,A,N,D,C,A,A,H,-,C,A,0,NA,NA,NA,NA,Y,NA,A,01,0,1,1,0,0,0,0,0,0,-,-,NA,NA,LOS ANGELES,PASADENA,-118.16069012,34.14574002
6644921,2014,2016-01-12,1900,2014-09-12,1457,467605,522,5,5,4,1971,0,0,0,NA,0,52T1PM,RT 164,HERMOSA DR,0,NA,Y,A,-,N,NA,NA,NA,NA,NA,NA,NA,NA,NA,N,4,0,1,2,A,-,08,22107,NA,N,B,C,A,A,H,-,A,D,0,NA,NA,NA,NA,Y,NA,A,01,0,0,1,0,0,0,0,0,0,-,-,NA,NA,LOS ANGELES,TEMPLE CITY,-118.073604,34.106294
6644922,2014,2014-10-10,1953,2014-09-18,1246,4980,1953,4,5,6,1953,0,0,0,NA,0,003,LAKE AV,EARLHAM ST,57,S,N,A,-,N,NA,NA,NA,NA,NA,NA,NA,NA,NA,N,3,0,1,2,A,-,09,21804,A,N,D,G,A,A,H,-,A,D,0,NA,Y,NA,NA,Y,NA,A,01,0,1,0,0,0,0,1,0,0,-,-,NA,NA,LOS ANGELES,PASADENA,-118.13245868,34.1565937
6644923,2014,2014-10-10,1941,2014-09-22,1658,6042,NA,1,5,7,1941,0,0,0,NA,0,NA,ANAHEIM ST,ELM AV,0,NA,Y,A,-,N,NA,NA,NA,NA,NA,NA,NA,NA,NA,Y,4,0,2,2,A,-,09,21804,A,N,D,C,A,A,H,-,A,A,0,NA,NA,NA,NA,Y,NA,A,NA,0,0,2,0,0,0,0,0,0,-,-,NA,NA,LOS ANGELES,LONG BEACH,-118.18798012,33.78262001
6644925,2014,2014-10-10,1900,2014-09-12,1205,509850,531,5,5,5,1959,0,0,0,NA,0,53K2AM,WALNUT GROVE AV,MARSHALL ST,91,S,N,A,-,N,NA,NA,NA,NA,NA,NA,NA,NA,NA,Y,4,0,1,2,D,-,00,NA,NA,N,B,C,A,A,H,-,A,D,0,NA,NA,NA,NA,Y,NA,-,-,0,0,1,0,0,0,0,0,0,-,-,NA,NA,LOS ANGELES,ROSEMEAD,-118.08201657,34.07464054
6644926,2014,2014-10-10,1953,2014-09-18,1619,5281,1953,4,5,6,1953,0,0,0,NA,0,003,MICHIGAN AV,CORDOVA ST,100,N,N,A,-,N,NA,NA,NA,NA,NA,NA,NA,NA,NA,N,3,0,1,2,A,-,08,22107,NA,N,C,C,A,A,H,-,A,A,0,NA,NA,NA,NA,Y,NA,A,07,0,1,0,0,0,0,0,0,0,-,-,NA,NA,LOS ANGELES,PASADENA,-118.12596609,34.14323416
6644927,2014,2014-10-10,1965,2014-09-24,1710,2970,0B3D,3,5,5,1965,0,0,0,NA,0,003,PICO BL,18TH ST,150,E,N,A,-,N,NA,NA,NA,NA,NA,NA,NA,NA,NA,N,3,0,1,2,A,-,12,21453,A,N,G,B,C,A,H,-,A,A,0,Y,NA,NA,NA,Y,NA,-,NA,0,1,0,0,1,0,0,0,0,-,-,NA,NA,LOS ANGELES,SANTA MONICA,-118.47123107,34.01854819
6644930,2014,2014-10-10,1953,2014-09-18,2216,0366,1953,4,5,6,1953,0,0,0,NA,0,003,UNION ST,MAR VISTA AV,0,NA,Y,A,-,N,NA,NA,NA,NA,NA,NA,NA,NA,NA,N,4,0,4,2,A,-,09,21802,A,N,D,C,A,A,H,-,C,A,0,NA,NA,NA,NA,Y,NA,A,01,0,0,4,0,0,0,0,0,0,-,-,NA,NA,LOS ANGELES,PASADENA,-118.12671013,34.14812006
6644931,2014,2014-10-10,1965,2014-09-26,1700,3483,0B3A,5,5,5,1965,0,0,0,NA,0,B003,WILSHIRE BL,10TH ST,123,E,N,A,-,N,NA,NA,NA,NA,NA,NA,NA,NA,NA,N,4,0,1,2,A,-,17,22517,NA,N,E,G,A,A,H,-,A,D,0,NA,Y,NA,NA,Y,NA,A,01,0,0,1,0,0,0,1,0,0,-,-,NA,NA,LOS ANGELES,SANTA MONICA,-118.49235234,34.02395763
6644932,2014,2014-10-08,1942,2014-08-23,2340,40930,0898,6,5,7,1942,0,0,0,H,0,8A29,ROBERTSON BL,HARGIS ST,17,E,N,A,-,N,NA,NA,NA,NA,NA,NA,NA,NA,NA,Y,4,0,1,3,A,-,-,NA,NA,N,C,E,A,A,H,-,C,A,0,NA,NA,NA,NA,Y,Y,A,07,0,0,1,0,0,0,0,0,0,-,-,NA,NA,LOS ANGELES,LOS ANGELES,-118.3891376,34.03560547
6644934,2014,2014-10-10,1953,2014-09-19,1431,7176,1953,5,5,6,1953,0,0,0,NA,0,003,DEL MAR BL,HOLLISTON AV,0,NA,Y,A,-,N,NA,NA,NA,NA,NA,NA,NA,NA,NA,Y,4,0,1,2,A,-,09,21801,A,N,D,C,A,A,H,-,A,D,0,NA,NA,NA,NA,Y,NA,A,01,0,0,1,0,0,0,0,0,0,-,-,NA,NA,LOS ANGELES,PASADENA,-118.1228201,34.14148004
6644936,2014,2016-01-12,1942,2014-08-18,0815,31291,2076,1,5,7,1942,0,0,0,NA,0,20A1,PICO BL,CATALINA AV,0,NA,Y,A,-,N,NA,NA,NA,NA,NA,NA,NA,NA,NA,Y,3,0,1,3,A,-,03,22350,NA,F,C,C,A,A,H,-,A,D,0,NA,NA,NA,NA,Y,NA,A,08,0,1,0,0,0,0,0,0,0,-,-,NA,NA,LOS ANGELES,LOS ANGELES,-118.29472012,34.04727006
6644938,2014,2014-10-10,1953,2014-09-19,2332,5773,1953,5,5,6,1953,0,0,0,NA,0,004,MICHILLINDA AV,FAIRMEADE RD,300,S,N,A,-,N,NA,NA,NA,NA,NA,NA,NA,NA,NA,Y,3,0,1,2,A,-,03,22350,NA,N,B,E,A,A,H,-,C,D,0,NA,NA,NA,NA,Y,NA,A,01,0,1,0,0,0,0,0,0,0,-,-,NA,NA,LOS ANGELES,PASADENA,-118.06791228,34.15505775
6644940,2014,2014-10-08,1942,2014-08-02,2345,37807,2058,6,5,7,1942,0,0,0,NA,0,2345,OLYMPIC BL,WESTMORELAND AV,10,W,N,C,-,N,NA,NA,NA,NA,NA,NA,NA,NA,NA,Y,2,0,1,2,A,-,12,21453,A,N,D,G,A,B,-,-,C,A,0,NA,Y,NA,NA,Y,NA,L,04,1,0,0,0,0,0,1,0,0,-,-,NA,NA,LOS ANGELES,LOS ANGELES,-118.28912295,34.05241
6644942,2014,2014-10-10,1900,2014-09-13,1751,527065,1121,6,5,6,1992,0,0,0,NA,0,111T1,GENOA AV,AVENUE H-8,135,S,N,A,-,N,NA,NA,NA,NA,NA,NA,NA,NA,NA,NA,3,0,2,3,A,-,09,21804,A,N,H,G,D,A,H,-,A,D,0,Y,Y,NA,NA,Y,NA,L,04,0,1,1,0,1,0,1,0,0,-,-,NA,NA,LOS ANGELES,LANCASTER,-118.14720313,34.71046988
6644945,2014,2014-10-10,1976,2014-09-19,1709,203,NA,5,5,5,1976,0,0,0,NA,0,NA,COLIMA RD,CARRETERA DR,132,N,N,A,-,N,NA,NA,NA,NA,NA,NA,NA,NA,NA,Y,3,0,5,3,A,-,-,NA,NA,N,C,C,A,A,H,-,A,D,0,NA,NA,NA,NA,Y,NA,A,08,0,1,4,0,0,0,0,0,0,-,-,NA,NA,LOS ANGELES,WHITTIER,-118.00313909,33.95404637
6644946,2014,2014-10-10,1953,2014-09-13,0311,347,1953,6,5,6,1953,0,0,0,NA,0,001,HILLCREST AV,HILLCREST AV 1200,0,NA,N,A,-,N,NA,NA,NA,NA,NA,NA,NA,NA,NA,Y,3,0,1,1,A,-,01,23140,A,N,F,I,A,A,H,-,C,D,0,NA,NA,NA,NA,Y,Y,A,01,0,1,0,0,0,0,0,0,0,-,-,NA,NA,LOS ANGELES,PASADENA,-118.132656,34.127422
6644950,2014,2014-10-10,1953,2014-09-14,1725,2184,1953,7,5,6,1953,0,0,0,NA,0,002,LAKE AV,MAPLE ST,0,NA,Y,A,-,N,NA,NA,NA,NA,NA,NA,NA,NA,NA,Y,4,0,2,2,A,-,03,22350,NA,N,C,C,A,A,H,-,A,A,0,NA,NA,NA,NA,Y,NA,A,01,0,0,2,0,0,0,0,0,0,-,-,NA,NA,LOS ANGELES,PASADENA,-118.13236003,34.15233006
6644954,2014,2014-10-10,1953,2014-09-15,1157,7176,1953,1,5,6,1953,0,0,0,NA,0,003,ALTADENA DR,ORANGE GROVE BL,0,NA,Y,A,-,N,NA,NA,NA,NA,NA,NA,NA,NA,NA,N,4,0,2,2,A,-,12,21453,A,N,D,C,A,A,H,-,A,A,0,NA,NA,NA,NA,Y,NA,A,01,0,0,2,0,0,0,0,0,0,-,-,NA,NA,LOS ANGELES,PASADENA,-118.09847014,34.15828003
6644956,2014,2014-10-14,1942,2014-09-03,1530,36238,0236,3,5,7,1942,0,0,0,B,0,4T6,ALVARADO ST,COURT ST,120,N,N,A,-,N,NA,NA,NA,NA,NA,NA,NA,NA,NA,Y,4,0,1,3,A,-,01,23152,A,N,B,C,A,A,H,-,A,D,0,NA,NA,NA,NA,Y,Y,A,01,0,0,1,0,0,0,0,0,0,-,-,NA,NA,LOS ANGELES,LOS ANGELES,-118.2685041,34.06956047
6644958,2014,2014-10-10,1953,2014-09-15,1145,3775,NA,1,5,6,1953,0,0,0,NA,0,NA,FAIR OAKS AV,PICO ST,0,NA,Y,A,-,N,NA,NA,NA,NA,NA,NA,NA,NA,NA,N,4,0,2,2,A,-,03,22350,NA,N,C,C,A,A,H,-,A,A,0,NA,NA,NA,NA,Y,NA,A,07,0,0,2,0,0,0,0,0,0,-,-,NA,NA,LOS ANGELES,PASADENA,-118.15039002,34.13475011
6644961,2014,2014-10-08,1942,2014-08-28,1600,38118,0825,4,5,7,1942,0,0,0,H,0,7T38W4,SAN VICENTE BL,AVONDALE AV,0,NA,Y,A,-,N,NA,NA,NA,NA,NA,NA,NA,NA,NA,Y,3,0,2,2,A,-,09,21802,A,N,D,C,A,A,H,-,A,D,0,NA,NA,NA,NA,Y,NA,A,01,0,1,1,0,0,0,0,0,0,-,-,NA,NA,LOS ANGELES,LOS ANGELES,-118.48973012,34.04891002
6644962,2014,2016-01-13,1942,2014-09-19,1955,39359,0195,5,5,7,1942,0,0,0,A,0,13T53,EAST WASHINGTON BL,S HILL ST,0,NA,Y,A,-,N,NA,NA,NA,NA,NA,NA,NA,NA,NA,Y,3,0,2,2,A,-,12,21453,A,N,D,C,A,A,H,-,C,A,0,NA,NA,NA,NA,Y,NA,A,01,0,1,1,0,0,0,0,0,0,-,-,NA,NA,LOS ANGELES,LOS ANGELES,-118.26678001,34.03192007
6644965,2014,2014-10-08,1942,2014-08-26,1700,40773,0854,2,5,7,1942,0,0,0,H,0,8T28,OHIO AV,COTNER AV,12,E,N,A,-,N,NA,NA,NA,NA,NA,NA,NA,NA,NA,N,4,0,1,2,A,-,09,21802,A,N,H,G,A,A,H,-,A,A,0,NA,Y,NA,NA,Y,NA,A,01,0,0,1,0,0,0,1,0,0,-,-,NA,NA,LOS ANGELES,LOS ANGELES,-118.44813792,34.04951925
6644966,2014,2014-10-27,1942,2014-09-09,1430,40617,HOBK0,2,5,7,1942,0,0,0,NA,0,4A97,INDIANA ST,OLYMPIC,17,N,N,A,-,N,NA,NA,NA,NA,NA,NA,NA,NA,NA,Y,3,0,2,2,A,-,-,NA,NA,N,-,C,A,A,H,-,A,A,0,NA,NA,NA,Y,Y,NA,A,01,0,1,1,0,0,0,0,0,0,-,-,NA,NA,LOS ANGELES,LOS ANGELES,-118.19225097,34.01890661
6644969,2014,2014-10-08,1942,2014-08-14,1635,35481,1047,4,5,7,1942,0,0,0,J,0,1635,BURBANK BL,ANDASOL AV,140,W,N,A,-,N,NA,NA,NA,NA,NA,NA,NA,NA,NA,N,4,0,3,3,A,-,03,22350,NA,N,C,C,A,A,H,-,A,D,0,NA,NA,NA,NA,Y,NA,A,07,0,0,3,0,0,0,0,0,0,-,-,NA,NA,LOS ANGELES,LOS ANGELES,-118.51157204,34.17225
6644971,2014,2014-10-07,1942,2014-08-14,0845,37944,0507,4,5,7,1942,0,0,0,E,0,5A1,WESTERN AV,228TH ST,96,N,N,A,-,N,NA,NA,NA,NA,NA,NA,NA,NA,NA,Y,2,0,1,2,A,-,08,22107,NA,N,D,C,A,A,H,-,A,D,0,NA,NA,Y,NA,Y,NA,A,08,1,0,0,0,0,0,0,0,0,-,-,NA,NA,LOS ANGELES,LOS ANGELES,-118.308831,33.819294
6644972,2014,2014-10-09,1969,2014-08-30,1233,10050,NA,6,5,5,1969,0,0,0,NA,0,A-2,VICTORIA AV,SOUTHERN AV,183,N,N,A,-,N,NA,NA,NA,NA,NA,NA,NA,NA,NA,N,3,0,1,2,A,-,11,21954,A,N,G,B,D,A,H,-,A,D,0,Y,NA,NA,NA,Y,NA,N,60,0,1,0,0,1,0,0,0,0,-,-,NA,NA,LOS ANGELES,SOUTH GATE,-118.21030713,33.95198816
6644973,2014,2014-10-08,1942,2014-08-17,0005,40460,2029,7,5,7,1942,0,0,0,NA,0,14T47,3RD ST,JUANITA AV,63,W,N,A,-,N,NA,NA,NA,NA,NA,NA,NA,NA,NA,Y,2,0,1,2,A,-,11,21954,A,N,G,B,E,A,H,-,C,D,0,Y,NA,NA,NA,Y,NA,N,60,1,0,0,0,1,0,0,0,0,-,-,NA,NA,LOS ANGELES,LOS ANGELES,-118.28955762,34.06906
6644976,2014,2014-10-07,1969,2014-08-06,1930,10162,TRAFF,3,5,5,1969,0,0,0,NA,0,CITY,TWEEDY BL,DEARBORN AV,0,NA,Y,A,-,N,NA,NA,NA,NA,NA,NA,NA,NA,NA,N,4,0,1,2,A,-,05,21650,NA,N,G,G,A,A,H,-,A,A,0,NA,Y,NA,NA,Y,NA,L,04,0,0,1,0,0,0,1,0,0,-,-,NA,NA,LOS ANGELES,SOUTH GATE,-118.2119,33.94490002
6644977,2014,2014-10-08,1942,2014-08-30,2130,25495,2088,6,5,7,1942,0,0,0,NA,0,7T23,HOOVER ST,VENICE BL,105,N,N,A,-,N,NA,NA,NA,NA,NA,NA,NA,NA,NA,Y,4,0,1,3,A,-,01,23152,A,N,C,C,A,A,H,-,C,D,0,NA,NA,NA,NA,Y,Y,A,01,0,0,1,0,0,0,0,0,0,-,-,NA,NA,LOS ANGELES,LOS ANGELES,-118.28415252,34.04408793
6644978,2014,2014-10-31,1942,2014-08-26,1630,39107,1309,2,5,7,1942,0,0,0,M,0,13A85,WASHINGTON BL,15TH ST,0,NA,Y,A,-,N,NA,NA,NA,NA,NA,NA,NA,NA,NA,N,4,0,1,2,A,-,04,21703,NA,N,C,C,A,A,H,-,A,A,0,NA,NA,NA,NA,Y,NA,-,-,0,0,1,0,0,0,0,0,0,-,-,NA,NA,LOS ANGELES,LOS ANGELES,-118.228793,34.018819