CASE_ID,ACCIDENT_YEAR,PROC_DATE,JURIS,COLLISION_DATE,COLLISION_TIME,OFFICER_ID,REPORTING_DISTRICT,DAY_OF_WEEK,CHP_SHIFT,POPULATION,CNTY_CITY_LOC,SPECIAL_COND,BEAT_TYPE,CHP_BEAT_TYPE,CITY_DIVISION_LAPD,CHP_BEAT_CLASS,BEAT_NUMBER,PRIMARY_RD,SECONDARY_RD,DISTANCE,DIRECTION,INTERSECTION,WEATHER_1,WEATHER_2,STATE_HWY_IND,CALTRANS_COUNTY,CALTRANS_DISTRICT,STATE_ROUTE,ROUTE_SUFFIX,POSTMILE_PREFIX,POSTMILE,LOCATION_TYPE,RAMP_INTERSECTION,SIDE_OF_HWY,TOW_AWAY,COLLISION_SEVERITY,NUMBER_KILLED,NUMBER_INJURED,PARTY_COUNT,PRIMARY_COLL_FACTOR,PCF_CODE_OF_VIOL,PCF_VIOL_CATEGORY,PCF_VIOLATION,PCF_VIOL_SUBSECTION,HIT_AND_RUN,TYPE_OF_COLLISION,MVIW,PED_ACTION,ROAD_SURFACE,ROAD_COND_1,ROAD_COND_2,LIGHTING,CONTROL_DEVICE,CHP_ROAD_TYPE,PEDESTRIAN_ACCIDENT,BICYCLE_ACCIDENT,MOTORCYCLE_ACCIDENT,TRUCK_ACCIDENT,NOT_PRIVATE_PROPERTY,ALCOHOL_INVOLVED,STWD_VEHTYPE_AT_FAULT,CHP_VEHTYPE_AT_FAULT,COUNT_SEVERE_INJ,COUNT_VISIBLE_INJ,COUNT_COMPLAINT_PAIN,COUNT_PED_KILLED,COUNT_PED_INJURED,COUNT_BICYCLIST_KILLED,COUNT_BICYCLIST_INJURED,COUNT_MC_KILLED,COUNT_MC_INJURED,PRIMARY_RAMP,SECONDARY_RAMP,LATITUDE,LONGITUDE,COUNTY,CITY,POINT_X,POINT_Y
6644979,2014,2014-10-07,1942,2014-08-15,1845,40181,0504,5,5,7,1942,0,0,0,E,0,5A84,190TH ST,NORMANDIE,200,W,N,A,-,N,NA,NA,NA,NA,NA,NA,NA,NA,NA,NA,4,0,1,2,A,-,08,22107,NA,N,D,C,A,A,H,-,A,D,0,NA,NA,NA,NA,Y,NA,A,01,0,0,1,0,0,0,0,0,0,-,-,NA,NA,LOS ANGELES,LOS ANGELES,-118.29990746,33.85834189
6644980,2014,2016-01-12,1969,2014-08-28,1451,20201,TRAFF,4,5,5,1969,0,0,0,NA,0,002,STATE ST,MISSOURI,20,N,N,A,-,N,NA,NA,NA,NA,NA,NA,NA,NA,NA,Y,4,0,1,2,A,-,03,22350,NA,M,C,C,A,A,H,-,A,A,0,NA,NA,NA,NA,Y,NA,-,NA,0,0,1,0,0,0,0,0,0,-,-,NA,NA,LOS ANGELES,SOUTH GATE,-118.21331194,33.94740443
6644981,2014,2014-10-08,1942,2014-08-08,1240,32565,2049,5,5,7,1942,0,0,0,NA,0,20TL56,8TH ST,VERMONT AV,229,E,N,A,-,N,NA,NA,NA,NA,NA,NA,NA,NA,NA,Y,3,0,1,3,A,-,04,21703,NA,F,C,C,A,A,H,-,A,D,0,NA,NA,NA,NA,Y,NA,A,01,0,1,0,0,0,0,0,0,0,-,-,NA,NA,LOS ANGELES,LOS ANGELES,-118.29089545,34.05775413
6644982,2014,2014-10-20,1942,2014-09-24,1620,37611,0412,3,5,7,1942,0,0,0,D,0,13TL22,AVENUE 26,LACY ST,202,E,N,A,-,N,NA,NA,NA,NA,NA,NA,NA,NA,NA,N,3,0,1,2,A,-,-,NA,NA,N,B,G,A,A,H,-,A,D,0,NA,Y,NA,Y,Y,NA,F,75,0,1,0,0,0,0,1,0,0,-,-,NA,NA,LOS ANGELES,LOS ANGELES,-118.21996614,34.08140614
6644985,2014,2014-10-08,1942,2014-08-29,0730,32896,0829,5,5,7,1942,0,0,0,H,0,14T47,WILSHIRE BL,WARNER AV,0,NA,Y,A,-,N,NA,NA,NA,NA,NA,NA,NA,NA,NA,Y,3,0,2,3,A,-,09,21801,A,F,D,C,A,A,H,-,A,A,0,NA,NA,NA,NA,Y,NA,-,99,0,1,1,0,0,0,0,0,0,-,-,NA,NA,LOS ANGELES,LOS ANGELES,-118.4321501,34.06429003
6644986,2014,2014-10-27,1942,2014-08-16,1600,40233,1204,6,5,7,1942,0,0,0,L,0,3A57,VERNON AV,VERMONT AV,200,W,N,A,-,N,NA,NA,NA,NA,NA,NA,NA,NA,NA,N,4,0,2,2,A,-,01,23152,A,N,C,C,A,A,H,-,A,A,0,NA,NA,NA,NA,Y,Y,D,22,0,0,2,0,0,0,0,0,0,-,-,NA,NA,LOS ANGELES,LOS ANGELES,-118.2922286,34.00368
6644989,2014,2014-10-08,1942,2014-08-29,1500,40315,0806,5,5,7,1942,0,0,0,H,0,14T52,BEVERLY GLEN BL,ARIMO LN,18,S,N,A,-,N,NA,NA,NA,NA,NA,NA,NA,NA,NA,Y,3,0,1,2,A,-,03,22350,NA,N,C,E,A,A,H,-,A,D,0,NA,NA,NA,NA,Y,NA,A,01,0,1,0,0,0,0,0,0,0,-,-,NA,NA,LOS ANGELES,LOS ANGELES,-118.44157204,34.09759204
6644998,2014,2014-10-27,1942,2014-08-23,0055,37414,1269,6,5,7,1942,0,0,0,L,0,12X56,AVALON BL,81ST ST,30,S,N,A,-,N,NA,NA,NA,NA,NA,NA,NA,NA,NA,N,4,0,1,3,A,-,07,21658,A,N,C,E,A,A,-,-,C,D,0,NA,NA,NA,NA,Y,NA,A,01,0,0,1,0,0,0,0,0,0,-,-,NA,NA,LOS ANGELES,LOS ANGELES,-118.26515,33.96547772
6645003,2014,2014-10-08,9565,2014-08-28,1050,15512,NA,4,1,9,1900,0,3,5,NA,2,002,119TH PL,VERMONT AV,400,W,N,A,-,N,NA,NA,NA,NA,NA,NA,NA,NA,NA,N,3,0,2,3,A,-,11,21954,A,N,B,B,D,A,H,-,A,D,0,Y,NA,NA,NA,Y,NA,N,60,0,1,1,0,2,0,0,0,0,-,-,33.92423,-118.29306,LOS ANGELES,UNINCORPORATED,-118.29315,33.92422
6645014,2014,2016-01-12,1942,2014-09-17,1728,41535,0736,3,5,7,1942,0,0,0,G,0,20A34,LA BREA AV,4TH ST,225,N,N,A,-,N,NA,NA,NA,NA,NA,NA,NA,NA,NA,Y,4,0,1,2,A,-,09,21801,A,N,D,C,A,A,H,-,A,D,0,NA,NA,NA,NA,Y,NA,D,22,0,0,1,0,0,0,0,0,0,-,-,NA,NA,LOS ANGELES,LOS ANGELES,-118.3440448,34.06750708
6645023,2014,2014-10-07,1976,2014-08-27,1722,488,NA,3,5,3,1964,0,0,0,NA,0,NA,SANTA FE SPRINGS RD,LOS NIETOS RD,0,NA,Y,A,-,N,NA,NA,NA,NA,NA,NA,NA,NA,NA,Y,4,0,2,2,A,-,09,21801,NA,N,D,C,A,A,H,-,A,A,0,NA,NA,NA,NA,Y,NA,A,01,0,0,2,0,0,0,0,0,0,-,-,NA,NA,LOS ANGELES,SANTA FE SPRINGS,-118.06006008,33.94966008
6645029,2014,2014-10-27,1942,2014-08-14,1700,40343,1012,4,5,7,1942,0,0,0,J,0,10X44,SATICOY ST,BAIRD AV,0,NA,Y,A,-,N,NA,NA,NA,NA,NA,NA,NA,NA,NA,N,4,0,1,3,A,-,04,21703,NA,F,C,C,A,A,H,-,A,A,0,NA,NA,NA,NA,Y,NA,A,01,0,0,1,0,0,0,0,0,0,-,-,NA,NA,LOS ANGELES,LOS ANGELES,-118.53724001,34.20836008
6645033,2014,2014-10-08,1942,2014-08-18,1830,38832,1024,1,5,7,1942,0,0,0,J,0,10X12,VANOWEN ST,RESEDA,0,NA,Y,A,-,N,NA,NA,NA,NA,NA,NA,NA,NA,NA,Y,3,0,1,2,A,-,12,21453,A,F,-,C,A,A,H,-,A,A,0,NA,NA,NA,NA,Y,NA,-,99,0,1,0,0,0,0,0,0,0,-,-,NA,NA,LOS ANGELES,LOS ANGELES,-118.53604009,34.19385
6645036,2014,2014-10-07,1969,2014-08-29,1545,10097,PATRO,5,5,5,1969,0,0,0,NA,0,0A3,TWEEDY BL,SAN JUAN AV,0,NA,Y,A,-,N,NA,NA,NA,NA,NA,NA,NA,NA,NA,Y,4,0,1,2,A,-,09,21801,A,N,D,C,A,A,H,-,A,A,0,NA,NA,NA,NA,Y,NA,A,01,0,0,1,0,0,0,0,0,0,-,-,NA,NA,LOS ANGELES,SOUTH GATE,-118.20313009,33.94393008
6645037,2014,2014-10-08,1942,2014-08-14,1950,39096,1029,4,5,7,1942,0,0,0,J,0,9T57W3,BASSETT ST,HASKELL AV,80,W,N,A,-,N,NA,NA,NA,NA,NA,NA,NA,NA,NA,N,4,0,1,2,A,-,06,21750,NA,N,B,C,A,A,H,-,C,D,0,NA,NA,NA,NA,Y,NA,-,99,0,0,1,0,0,0,0,0,0,-,-,NA,NA,LOS ANGELES,LOS ANGELES,-118.47515407,34.19571772
6645038,2014,2014-11-05,1900,2014-04-09,0825,266037,0974,3,5,4,1979,0,0,0,NA,0,91T2,CURSON AV,SANTA MONICA BL,14,N,N,A,-,N,NA,NA,NA,NA,NA,NA,NA,NA,NA,N,4,0,1,2,A,-,11,21954,A,N,G,B,D,A,H,-,A,A,0,Y,NA,NA,NA,Y,NA,N,60,0,0,1,0,1,0,0,0,0,-,-,NA,NA,LOS ANGELES,WEST HOLLYWOOD,-118.35535,34.09079
6645040,2014,2014-10-09,1969,2014-08-30,2240,10182,PATRO,6,5,5,1969,0,0,0,NA,0,001,FIRESTONE BL,SANTA FE AV,0,NA,Y,A,-,N,NA,NA,NA,NA,NA,NA,NA,NA,NA,Y,3,0,2,2,D,-,00,NA,NA,N,D,C,A,A,H,-,C,A,0,NA,NA,NA,NA,Y,NA,-,-,0,1,1,0,0,0,0,0,0,-,-,NA,NA,LOS ANGELES,SOUTH GATE,-118.22483,33.95610007
6645053,2014,2014-10-14,1942,2014-09-21,1850,41056,1249,7,5,7,1942,0,0,0,L,0,3T5,FLORENCE BL,FIGUEROA ST,46,W,N,A,-,N,NA,NA,NA,NA,NA,NA,NA,NA,NA,N,4,0,2,2,A,-,03,22350,NA,F,C,C,A,A,H,-,A,A,0,NA,NA,NA,NA,Y,NA,D,22,0,0,2,0,0,0,0,0,0,-,-,NA,NA,LOS ANGELES,LOS ANGELES,-118.28285143,33.97466
6645057,2014,2014-10-27,1942,2014-08-31,0100,NA,1215,7,5,7,1942,0,0,0,L,0,12A61,54TH ST,BUDLONG AV,275,W,N,A,-,N,NA,NA,NA,NA,NA,NA,NA,NA,NA,Y,4,0,1,2,A,-,03,22350,NA,N,B,E,A,A,H,-,C,D,0,NA,NA,Y,NA,Y,Y,A,01,0,0,1,0,0,0,0,0,0,-,-,NA,NA,LOS ANGELES,LOS ANGELES,-118.29677547,33.99322237
6645071,2014,2014-10-14,1942,2014-09-25,2040,36698,0289,4,5,7,1942,0,0,0,B,0,11T21-,UNION AV,PICO BL,0,NA,Y,A,-,N,NA,NA,NA,NA,NA,NA,NA,NA,NA,Y,4,0,1,2,A,-,09,21801,A,F,B,C,A,A,H,-,C,D,0,NA,NA,NA,NA,Y,NA,A,01,0,0,1,0,0,0,0,0,0,-,-,NA,NA,LOS ANGELES,LOS ANGELES,-118.27695014,34.04465001
6645091,2014,2014-10-14,1942,2014-09-21,1530,39889,0238,7,5,7,1942,0,0,0,B,0,1TL24,TEMPLE ST,EDGEWATER RD,15,W,N,A,-,N,NA,NA,NA,NA,NA,NA,NA,NA,NA,N,4,0,1,2,A,-,03,22350,NA,N,C,C,A,A,H,-,A,A,0,NA,NA,NA,Y,Y,NA,-,99,0,0,1,0,0,0,0,0,0,-,-,NA,NA,LOS ANGELES,LOS ANGELES,-118.254693,34.066723
6645118,2014,2014-10-14,1942,2014-09-24,0140,36814,0159,3,5,7,1942,0,0,0,A,0,1T11,ALAMEDA ST,6TH ST,30,S,N,A,-,N,NA,NA,NA,NA,NA,NA,NA,NA,NA,Y,4,0,1,3,A,-,03,22350,NA,N,C,C,A,A,H,-,C,A,0,NA,NA,NA,NA,Y,NA,D,22,0,0,1,0,0,0,0,0,0,-,-,NA,NA,LOS ANGELES,LOS ANGELES,-118.238429,34.038087
6645124,2014,2014-10-14,1942,2014-09-14,2215,40604,669,7,5,7,1942,0,0,0,NA,0,6A67,NORMANDIE,FOUNTAIN,570,S,N,A,-,N,NA,NA,NA,NA,NA,NA,NA,NA,NA,Y,2,0,2,2,A,-,05,21650,NA,N,A,D,A,A,H,-,D,D,0,NA,NA,NA,NA,Y,NA,D,22,1,0,1,0,0,0,0,0,0,-,-,NA,NA,LOS ANGELES,LOS ANGELES,-118.3005,34.09363674
6645128,2014,2014-10-14,1942,2014-09-16,0810,40743,663,2,5,7,1942,0,0,0,NA,0,6A63,HIGHLAND,FOUNTAIN,0,NA,Y,A,-,N,NA,NA,NA,NA,NA,NA,NA,NA,NA,Y,4,0,1,2,A,-,09,21801,A,N,D,C,A,A,H,-,A,A,0,NA,NA,NA,NA,Y,NA,D,22,0,0,1,0,0,0,0,0,0,-,-,NA,NA,LOS ANGELES,LOS ANGELES,-118.33864012,34.0943701
6645140,2014,2014-10-14,1942,2014-09-11,0715,36083,2036,4,5,7,1942,0,0,0,NA,0,7TL23,87TH ST,CATALINA ST,0,NA,Y,A,-,N,NA,NA,NA,NA,NA,NA,NA,NA,NA,Y,4,0,2,2,A,-,09,21801,A,N,A,C,A,A,H,-,A,A,0,NA,NA,NA,NA,Y,NA,A,01,0,0,2,0,0,0,0,0,0,-,-,NA,NA,LOS ANGELES,LOS ANGELES,NA,NA
6645144,2014,2014-10-14,1942,2014-09-19,0730,37807,2069,5,5,7,1942,0,0,0,NA,0,20A69,PICO BL,MENLO AV,0,NA,Y,A,-,N,NA,NA,NA,NA,NA,NA,NA,NA,NA,Y,4,0,2,4,A,-,03,22350,NA,N,B,C,A,A,H,-,A,A,0,NA,NA,NA,NA,Y,NA,A,01,0,0,2,0,0,0,0,0,0,-,-,NA,NA,LOS ANGELES,LOS ANGELES,-118.29071006,34.04727004
6645148,2014,2014-10-14,1942,2014-09-22,1945,NA,2076,1,5,7,1942,0,0,0,NA,0,20A77,PICO BL,BORENDO ST,50,E,N,A,-,N,NA,NA,NA,NA,NA,NA,NA,NA,NA,N,4,0,1,2,A,-,03,22350,NA,N,C,C,A,A,H,-,C,D,0,NA,NA,NA,NA,Y,NA,A,08,0,0,1,0,0,0,0,0,0,-,-,NA,NA,LOS ANGELES,LOS ANGELES,-118.29352526,34.04728
6645152,2014,2016-01-12,1942,2014-09-19,1800,41535,2021,5,5,7,1942,0,0,0,NA,0,70A74,IRVING BL,4TH ST,0,NA,Y,A,-,N,NA,NA,NA,NA,NA,NA,NA,NA,NA,Y,4,0,1,2,A,-,12,22450,A,N,D,C,A,A,H,-,A,A,0,NA,NA,NA,NA,Y,NA,A,01,0,0,1,0,0,0,0,0,0,-,-,NA,NA,LOS ANGELES,LOS ANGELES,-118.31853006,34.06714004
6645155,2014,2014-10-14,1942,2014-01-18,0845,41523,2027,6,5,7,1942,0,0,0,NA,0,20A39,NORMANDIE AV,6TH ST,20,S,N,A,-,N,NA,NA,NA,NA,NA,NA,NA,NA,NA,Y,4,0,1,2,C,-,18,NA,NA,N,C,C,A,A,H,-,A,D,0,NA,NA,NA,NA,Y,NA,-,-,0,0,1,0,0,0,0,0,0,-,-,NA,NA,LOS ANGELES,LOS ANGELES,-118.30037,34.06354515
6645156,2014,2016-01-12,1942,2014-09-24,1900,41535,2038,3,5,7,1942,0,0,0,NA,0,20A34,LEEWARD AV,WESTMORELAND AV,255,W,N,A,-,N,NA,NA,NA,NA,NA,NA,NA,NA,NA,N,4,0,1,3,A,-,21,22106,NA,N,G,G,A,A,H,-,B,D,0,NA,Y,NA,NA,Y,NA,I,20,0,0,1,0,0,0,1,0,0,-,-,NA,NA,LOS ANGELES,LOS ANGELES,-118.28992023,34.05871347
6645163,2014,2014-10-20,1942,2014-08-26,2255,25495,0645,2,5,7,1942,0,0,0,F,0,7T23,SUNSET BL,ORANGE DR,5,E,N,A,-,N,NA,NA,NA,NA,NA,NA,NA,NA,NA,N,4,0,2,2,A,-,08,22100,A,F,B,C,A,A,H,-,C,A,0,NA,NA,NA,NA,Y,NA,-,99,0,0,2,0,0,0,0,0,0,-,-,NA,NA,LOS ANGELES,LOS ANGELES,-118.34157352,34.09797
6645167,2014,2014-10-22,1942,2014-09-15,0710,36027,0644,1,5,7,1942,0,0,0,F,0,20TL59,SUNSET BL,ALTA VISTA BL,46,E,N,A,-,N,NA,NA,NA,NA,NA,NA,NA,NA,NA,Y,3,0,1,2,A,-,07,21658,A,N,C,E,A,A,H,-,A,D,0,NA,NA,NA,Y,Y,NA,A,01,0,1,0,0,0,0,0,0,0,-,-,NA,NA,LOS ANGELES,LOS ANGELES,-118.34690834,34.09799
6645199,2014,2014-10-13,1942,2014-09-17,1220,38013,0755,3,5,7,1942,0,0,0,G,0,14T52,CARMONA AV,PICO BL,74,N,N,A,-,N,NA,NA,NA,NA,NA,NA,NA,NA,NA,Y,4,0,1,2,A,-,03,22350,NA,N,C,E,A,A,H,-,A,D,0,NA,NA,NA,NA,Y,NA,A,01,0,0,1,0,0,0,0,0,0,-,-,NA,NA,LOS ANGELES,LOS ANGELES,-118.35793,34.04907
6645208,2014,2016-06-08,9590,2014-09-02,0905,016692,NA,2,1,7,1942,0,1,1,NA,2,050,RT 110,92ND ST,50,N,N,A,-,Y,LA,7,110,-,-,15.5,H,-,N,Y,3,0,1,3,A,-,07,21658,A,M,B,C,A,A,H,-,A,D,1,NA,NA,NA,NA,Y,NA,-,99,0,1,0,0,0,0,0,0,0,-,-,33.95779,-118.28077,LOS ANGELES,LOS ANGELES,-118.280396,33.95318922
6645224,2014,2016-06-08,9590,2014-09-02,1435,15178,NA,2,2,7,1942,0,1,1,NA,2,013,RT 110,TEMPLE ST,155,N,N,A,-,Y,LA,7,110,-,-,23.917,R,3,S,Y,4,0,1,2,A,-,07,21658,A,N,B,C,A,A,H,-,A,D,1,NA,NA,NA,Y,Y,NA,F,26,0,0,1,0,0,0,0,0,0,TO,-,34.06179,-118.24741,LOS ANGELES,LOS ANGELES,-118.24625461,34.06461149
6645228,2014,2016-06-08,9590,2014-09-04,1250,20169,NA,4,1,7,1942,0,1,1,NA,2,052,RT 110,7TH ST,50,N,N,A,-,Y,LA,7,110,-,-,22.57,H,-,N,Y,4,0,4,3,A,-,03,22350,NA,N,C,C,A,A,H,-,A,D,1,NA,NA,NA,NA,Y,NA,A,01,0,0,4,0,0,0,0,0,0,-,-,34.05012,-118.26276,LOS ANGELES,LOS ANGELES,-118.26238911,34.05038649
6645236,2014,2016-06-04,9590,2014-07-29,1640,020773,NA,2,2,7,1942,0,1,1,NA,2,010,RT 110,AMADOR ST,150,S,N,A,-,Y,LA,7,110,-,-,25.01,H,-,N,N,4,0,2,3,A,-,03,22350,NA,N,C,C,A,A,H,-,A,D,1,NA,NA,NA,NA,Y,NA,A,08,0,0,2,0,0,0,0,0,0,-,-,34.07375,-118.23323,LOS ANGELES,LOS ANGELES,-118.23265419,34.07445886
6645248,2014,2016-05-25,9590,2014-08-28,1945,19805,NA,4,2,7,1942,0,1,1,NA,2,082,RT 5,MAIN ST,200,S,N,A,-,Y,LA,7,5,-,-,19.16,H,-,N,N,4,0,1,2,A,-,03,22350,NA,N,C,C,A,A,H,-,C,D,1,NA,NA,NA,Y,Y,NA,G,25,0,0,1,0,0,0,0,0,0,-,-,34.06551,-118.21613,LOS ANGELES,LOS ANGELES,-118.21613486,34.06527701
6645259,2014,2016-06-11,9590,2014-09-11,0840,14234,NA,4,1,7,1942,0,1,1,NA,2,063,RT 10,NORMANDIE AV,60,E,N,A,-,Y,LA,7,10,-,R,13.35,H,-,W,Y,4,0,1,2,A,-,03,22350,NA,N,C,C,A,A,H,-,A,D,1,NA,NA,Y,NA,Y,NA,C,02,0,0,1,0,0,0,0,0,0,-,-,34.0374,-118.29999,LOS ANGELES,LOS ANGELES,-118.29978815,34.03715708
6645261,2014,2014-10-20,1900,2014-09-26,1011,445344,28,5,5,5,1915,0,0,0,NA,0,282T1,COMPTON BL,PANNES AV,90,W,N,A,-,N,NA,NA,NA,NA,NA,NA,NA,NA,NA,N,3,0,1,2,A,-,08,22102,NA,N,D,C,A,A,H,-,A,D,0,NA,NA,NA,NA,Y,NA,A,01,0,1,0,0,0,0,0,0,0,-,-,NA,NA,LOS ANGELES,COMPTON,-118.2029759,33.89605442
6645263,2014,2016-06-04,9590,2014-09-06,1110,20783,NA,6,1,7,1942,0,1,1,NA,2,083,RT 5,BROADWAY,500,S,N,A,-,Y,LA,7,5,-,-,19.64,H,-,S,Y,4,0,6,4,A,-,03,22350,NA,N,C,A,A,A,H,-,A,D,1,NA,NA,NA,Y,Y,NA,G,25,0,0,6,0,0,0,0,0,0,-,-,NA,NA,LOS ANGELES,LOS ANGELES,-118.21893139,34.07180543
6645272,2014,2016-06-04,9590,2014-09-12,1335,20378,NA,5,1,7,1942,0,1,1,NA,2,010,RT 110,ALPINE ST,300,N,N,A,-,Y,LA,7,110,-,-,24.02,H,-,N,Y,4,0,1,2,A,-,03,22350,NA,N,C,C,A,A,H,-,A,D,1,NA,NA,NA,NA,Y,NA,D,22,0,0,1,0,0,0,0,0,0,-,-,34.0668,-118.24004,LOS ANGELES,LOS ANGELES,-118.2444741,34.06495233
6645276,2014,2016-06-04,9590,2014-08-20,1707,020229,NA,3,2,7,1942,0,1,3,NA,2,095,RT 2,LA RIVER,500,E,N,A,-,Y,LA,7,2,-,-,15.71,H,-,W,Y,3,0,3,5,A,-,07,21658,A,N,B,C,A,A,H,-,A,D,1,NA,NA,NA,NA,Y,NA,A,01,0,2,1,0,0,0,0,0,0,-,-,34.11364,-118.24361,LOS ANGELES,LOS ANGELES,-118.2481141,34.11091513
6645283,2014,2014-10-16,1942,2014-09-14,0230,38980,1642,7,5,7,1942,0,0,0,P,0,17T13,GARBER ST,TELFAIR AV,120,W,N,A,-,N,NA,NA,NA,NA,NA,NA,NA,NA,NA,N,3,0,1,2,A,-,03,22350,NA,N,C,E,A,A,H,-,C,D,0,NA,NA,NA,NA,Y,Y,D,22,0,1,0,0,0,0,0,0,0,-,-,NA,NA,LOS ANGELES,LOS ANGELES,-118.41875849,34.25662342
6645284,2014,2014-10-16,1942,2014-09-21,1145,38156,0638,7,5,7,1942,0,0,0,F,0,6A15,FRANKLIN AV,CARMEN,54,E,N,A,-,N,NA,NA,NA,NA,NA,NA,NA,NA,NA,Y,4,0,2,4,A,-,03,22350,NA,N,C,C,A,A,H,-,A,D,0,NA,NA,NA,NA,Y,NA,A,01,0,0,2,0,0,0,0,0,0,-,-,NA,NA,LOS ANGELES,LOS ANGELES,-118.32277205,34.10524468
6645287,2014,2014-10-21,1942,2014-08-17,0805,40065,1641,7,5,7,1942,0,0,0,P,0,16TL25,VAN NUYS BL,REMICK AV,205,E,N,A,-,N,NA,NA,NA,NA,NA,NA,NA,NA,NA,Y,3,0,2,2,A,-,04,21703,NA,N,C,C,A,A,H,-,A,D,0,NA,NA,NA,NA,Y,NA,A,01,0,1,1,0,0,0,0,0,0,-,-,NA,NA,LOS ANGELES,LOS ANGELES,-118.43329225,34.25796243
6645288,2014,2014-11-07,1942,2014-09-22,0820,40841,0647,1,5,7,1942,0,0,0,F,0,6TL11,SUNSET BL,GOWER ST,40,W,N,A,-,N,NA,NA,NA,NA,NA,NA,NA,NA,NA,Y,4,0,1,2,A,-,04,21703,NA,N,C,C,A,A,H,-,A,D,0,NA,NA,NA,NA,Y,NA,H,13,0,0,1,0,0,0,0,0,0,-,-,NA,NA,LOS ANGELES,LOS ANGELES,-118.32244187,34.09801
6645291,2014,2014-10-15,1942,2014-08-14,0840,36257,1681,4,5,7,1942,0,0,0,P,0,19TL73,ROSCOE BL,RHODES AV,0,NA,Y,A,-,N,NA,NA,NA,NA,NA,NA,NA,NA,NA,Y,3,0,2,2,A,-,12,21453,A,N,D,C,A,A,H,-,A,-,0,NA,NA,NA,NA,Y,NA,D,22,0,1,1,0,0,0,0,0,0,-,-,NA,NA,LOS ANGELES,LOS ANGELES,-118.40309006,34.22166002
6645295,2014,2014-10-21,1942,2014-08-12,0940,39701,1655,2,5,7,1942,0,0,0,P,0,21TL61,WENTWORTH ST,WHEATLAND AV,246,W,N,A,-,N,NA,NA,NA,NA,NA,NA,NA,NA,NA,Y,3,0,1,2,A,-,03,22350,NA,N,C,E,A,A,H,-,A,D,0,NA,NA,NA,Y,Y,NA,A,01,0,1,0,0,0,0,0,0,0,-,-,NA,NA,LOS ANGELES,LOS ANGELES,-118.35499788,34.26600273
6645296,2014,2014-10-27,1942,2014-09-04,2045,31652,1557,4,5,7,1942,0,0,0,O,0,19T73,MAGNOLIA BL,VINELAND AV,40,W,N,A,-,N,NA,NA,NA,NA,NA,NA,NA,NA,NA,N,4,0,2,2,A,-,03,22350,NA,F,C,C,A,A,H,-,C,A,0,NA,NA,NA,NA,Y,NA,-,99,0,0,2,0,0,0,0,0,0,-,-,NA,NA,LOS ANGELES,LOS ANGELES,-118.37059198,34.16487
6645299,2014,2014-10-21,1942,2014-08-14,1325,35481,1673,4,5,7,1942,0,0,0,P,0,21TL62,TUXFORD ST,SAN FERNANDO RD,0,E,N,A,-,N,NA,NA,NA,NA,NA,NA,NA,NA,NA,Y,4,0,1,2,A,-,09,21801,A,N,D,C,A,A,H,-,A,D,0,NA,NA,NA,Y,Y,NA,F,25,0,0,1,0,0,0,0,0,0,-,-,NA,NA,LOS ANGELES,LOS ANGELES,-118.38106014,34.22746004
6645300,2014,2014-10-27,1942,2014-09-06,1040,30596,1797,6,5,7,1942,0,0,0,Q,0,17T17,NORDHOFF ST,HAYVENHURST AV,344,W,N,A,-,N,NA,NA,NA,NA,NA,NA,NA,NA,NA,Y,3,0,1,3,A,-,08,22107,NA,N,C,C,A,A,H,-,A,D,0,NA,NA,NA,NA,Y,NA,A,01,0,1,0,0,0,0,0,0,0,-,-,NA,NA,LOS ANGELES,LOS ANGELES,-118.49493605,34.23570115
6645303,2014,2014-10-15,1942,2014-08-11,2335,36336,1645,1,5,7,1942,0,0,0,P,0,16T23,PIERCE ST,RALSTON AV,30,W,N,A,-,N,NA,NA,NA,NA,NA,NA,NA,NA,NA,Y,3,0,4,2,A,-,03,22350,NA,N,C,E,A,A,H,-,C,D,0,NA,NA,NA,NA,Y,Y,A,01,0,1,3,0,0,0,0,0,0,-,-,NA,NA,LOS ANGELES,LOS ANGELES,-118.41722413,34.26435538
6645304,2014,2016-05-25,1942,2014-09-02,1400,39243,1709,2,5,7,1942,0,0,0,Q,0,35E17,RINALDI ST,RT 405,0,NA,Y,A,-,Y,LA,7,405,-,-,47.998,R,4,S,Y,4,0,1,2,A,-,12,21453,A,N,F,C,A,A,H,-,A,D,0,NA,NA,Y,NA,Y,Y,C,06,0,0,1,0,0,0,0,0,1,-,-,NA,NA,LOS ANGELES,LOS ANGELES,-118.46898255,34.28230981
6645307,2014,2016-01-13,1942,2014-09-04,1645,33987,1651,4,5,7,1942,0,0,0,P,0,16A23,OSBORNE ST,LAUREL CANYON BL,100,E,N,A,-,N,NA,NA,NA,NA,NA,NA,NA,NA,NA,N,4,0,1,2,A,-,03,22350,NA,N,C,C,A,A,H,-,A,D,0,NA,NA,NA,NA,Y,Y,D,22,0,0,1,0,0,0,0,0,0,-,-,NA,NA,LOS ANGELES,LOS ANGELES,-118.41929026,34.2470595