CASE_ID,ACCIDENT_YEAR,PROC_DATE,JURIS,COLLISION_DATE,COLLISION_TIME,OFFICER_ID,REPORTING_DISTRICT,DAY_OF_WEEK,CHP_SHIFT,POPULATION,CNTY_CITY_LOC,SPECIAL_COND,BEAT_TYPE,CHP_BEAT_TYPE,CITY_DIVISION_LAPD,CHP_BEAT_CLASS,BEAT_NUMBER,PRIMARY_RD,SECONDARY_RD,DISTANCE,DIRECTION,INTERSECTION,WEATHER_1,WEATHER_2,STATE_HWY_IND,CALTRANS_COUNTY,CALTRANS_DISTRICT,STATE_ROUTE,ROUTE_SUFFIX,POSTMILE_PREFIX,POSTMILE,LOCATION_TYPE,RAMP_INTERSECTION,SIDE_OF_HWY,TOW_AWAY,COLLISION_SEVERITY,NUMBER_KILLED,NUMBER_INJURED,PARTY_COUNT,PRIMARY_COLL_FACTOR,PCF_CODE_OF_VIOL,PCF_VIOL_CATEGORY,PCF_VIOLATION,PCF_VIOL_SUBSECTION,HIT_AND_RUN,TYPE_OF_COLLISION,MVIW,PED_ACTION,ROAD_SURFACE,ROAD_COND_1,ROAD_COND_2,LIGHTING,CONTROL_DEVICE,CHP_ROAD_TYPE,PEDESTRIAN_ACCIDENT,BICYCLE_ACCIDENT,MOTORCYCLE_ACCIDENT,TRUCK_ACCIDENT,NOT_PRIVATE_PROPERTY,ALCOHOL_INVOLVED,STWD_VEHTYPE_AT_FAULT,CHP_VEHTYPE_AT_FAULT,COUNT_SEVERE_INJ,COUNT_VISIBLE_INJ,COUNT_COMPLAINT_PAIN,COUNT_PED_KILLED,COUNT_PED_INJURED,COUNT_BICYCLIST_KILLED,COUNT_BICYCLIST_INJURED,COUNT_MC_KILLED,COUNT_MC_INJURED,PRIMARY_RAMP,SECONDARY_RAMP,LATITUDE,LONGITUDE,COUNTY,CITY,POINT_X,POINT_Y
6661892,2014,2014-10-24,1942,2014-08-30,1405,38939,1956,6,5,7,1942,0,0,0,NA,0,19X2,SALOMA AV,MAYALL AV,0,NA,Y,A,-,N,NA,NA,NA,NA,NA,NA,NA,NA,NA,Y,4,0,2,2,A,-,12,22450,A,F,B,C,A,A,H,-,A,D,0,NA,NA,NA,NA,Y,NA,-,99,0,0,2,0,0,0,0,0,0,-,-,NA,NA,LOS ANGELES,LOS ANGELES,-118.45756003,34.25360002
6661894,2014,2014-12-12,1931,2014-10-05,0312,5649,1931,7,5,5,1931,0,0,0,NA,0,004,SALT LAKE AV,OTIS AV,10,N,N,A,-,N,NA,NA,NA,NA,NA,NA,NA,NA,NA,N,3,0,1,2,A,-,12,22450,A,N,D,G,A,A,H,-,C,A,0,NA,Y,NA,NA,Y,NA,A,07,0,1,0,0,0,0,1,0,0,-,-,NA,NA,LOS ANGELES,HUNTINGTON PARK,-118.19502335,33.96331932
6661895,2014,2014-10-23,1900,2014-08-15,0829,459123,1618,5,5,5,1977,0,0,0,NA,0,164T,CARSON ST,ORRICK AV,0,NA,Y,A,-,N,NA,NA,NA,NA,NA,NA,NA,NA,NA,N,4,0,1,2,A,-,05,21202,NA,N,D,G,A,A,H,-,A,A,0,NA,Y,NA,NA,Y,NA,L,04,0,0,1,0,0,0,1,0,0,-,-,NA,NA,LOS ANGELES,CARSON,-118.27450004,33.83168001
6661896,2014,2014-10-24,1942,2014-08-29,1135,33779,1966,5,5,7,1942,0,0,0,NA,0,15T44,PLUMMER ST,VAN NUYS BL,58,E,N,A,-,N,NA,NA,NA,NA,NA,NA,NA,NA,NA,N,3,0,1,2,A,-,21,22106,NA,F,-,B,E,A,H,-,A,A,0,Y,NA,NA,NA,Y,Y,-,99,0,1,0,0,1,0,0,0,0,-,-,NA,NA,LOS ANGELES,LOS ANGELES,-118.45003845,34.24267787
6661898,2014,2014-12-12,1931,2014-10-08,0835,5167,1931,3,5,5,1931,0,0,0,NA,0,001,PACIFIC BL,CLARENDON AV,45,N,N,A,-,N,NA,NA,NA,NA,NA,NA,NA,NA,NA,N,3,0,1,2,A,-,05,21202,A,N,G,B,F,A,H,-,A,D,0,Y,Y,NA,NA,Y,NA,L,04,0,1,0,0,1,0,0,0,0,-,-,NA,NA,LOS ANGELES,HUNTINGTON PARK,-118.22519514,33.98367333
6661899,2014,2014-10-23,1900,2014-08-01,2139,519515,1618,5,5,5,1977,0,0,0,NA,0,167T1,223RD ST,DOLORES ST,0,NA,Y,A,-,N,NA,NA,NA,NA,NA,NA,NA,NA,NA,Y,4,0,1,2,A,-,08,22107,NA,N,D,C,A,A,H,-,C,A,0,NA,NA,NA,NA,Y,NA,A,01,0,0,1,0,0,0,0,0,0,-,-,NA,NA,LOS ANGELES,CARSON,-118.27234003,33.82421007
6661900,2014,2014-10-24,1942,2014-08-30,1645,38273,1963,6,5,7,1942,0,0,0,NA,0,16T28,VAN NUYS BL,NOVICE ST,0,NA,Y,A,-,N,NA,NA,NA,NA,NA,NA,NA,NA,NA,N,3,0,1,2,A,-,12,22450,A,F,D,G,A,A,H,-,A,A,0,NA,Y,NA,NA,Y,NA,-,99,0,1,0,0,0,0,1,0,0,-,-,NA,NA,LOS ANGELES,LOS ANGELES,-118.45023008,34.2436501
6661902,2014,2014-12-15,1942,2014-10-03,2320,40337,1999,5,5,7,1942,0,0,0,NA,0,10T37,ALLOTT AV,BLYTHE ST,415,S,N,A,-,N,NA,NA,NA,NA,NA,NA,NA,NA,NA,Y,4,0,1,3,A,-,01,23152,E,N,B,E,A,A,H,-,C,D,0,NA,NA,NA,NA,Y,NA,A,07,0,0,1,0,0,0,0,0,0,-,-,NA,NA,LOS ANGELES,LOS ANGELES,-118.42765,34.21376187
6661903,2014,2014-10-23,1900,2014-08-10,1700,492689,1623,7,5,5,1977,0,0,0,NA,0,163A1,228TH ST,MAIN ST,0,NA,Y,A,-,N,NA,NA,NA,NA,NA,NA,NA,NA,NA,Y,3,0,1,3,A,-,12,21453,A,N,D,C,A,A,H,-,A,A,0,NA,NA,NA,NA,Y,NA,A,07,0,1,0,0,0,0,0,0,0,-,-,NA,NA,LOS ANGELES,CARSON,-118.27560008,33.81889001
6661904,2014,2014-10-24,1942,2014-08-04,2000,37739,1913,1,5,7,1942,0,0,0,NA,0,19A1,POLK ST,HERRICK AV,0,NA,Y,A,-,N,NA,NA,NA,NA,NA,NA,NA,NA,NA,N,4,0,1,2,A,-,12,22450,A,F,D,G,A,A,H,-,B,A,0,NA,Y,NA,NA,Y,NA,-,NA,0,0,1,0,0,0,1,0,0,-,-,NA,NA,LOS ANGELES,LOS ANGELES,-118.45271011,34.30494012
6661906,2014,2015-03-12,1942,2014-10-05,0940,36257,2146,7,5,7,1942,0,0,0,NA,0,19TL73,TOPANGA CANYON BLTOPANGA CYN BL,GAULT ST,154,S,N,A,-,N,NA,NA,NA,NA,NA,NA,NA,NA,NA,N,4,0,1,2,A,-,03,22350,NA,N,C,C,A,A,H,-,A,D,0,NA,NA,NA,NA,Y,NA,A,07,0,0,1,0,0,0,0,0,0,-,-,NA,NA,LOS ANGELES,LOS ANGELES,NA,NA
6661907,2014,2014-10-23,1900,2014-08-08,0915,430275,1621,5,5,5,1977,0,0,0,NA,0,166T,CARSON ST,WILMINGTON AV,0,E,Y,A,-,N,NA,NA,NA,NA,NA,NA,NA,NA,NA,Y,4,0,4,2,A,-,12,21453,A,N,D,C,A,A,H,-,A,A,0,NA,NA,NA,NA,Y,NA,A,07,0,0,4,0,0,0,0,0,0,-,-,NA,NA,LOS ANGELES,CARSON,-118.23959007,33.83168011
6661908,2014,2014-10-24,1942,2014-08-22,1715,39891,1981,5,5,7,1942,0,0,0,NA,0,19X8,SEPULVEDA BL,RAYEN ST,50,N,N,A,-,N,NA,NA,NA,NA,NA,NA,NA,NA,NA,N,4,0,1,2,A,-,04,21703,NA,F,C,C,A,A,H,-,A,D,0,NA,NA,NA,NA,Y,NA,-,NA,0,0,1,0,0,0,0,0,0,-,-,NA,NA,LOS ANGELES,LOS ANGELES,-118.46773319,34.23202712
6661912,2014,2014-10-24,1942,2014-08-25,2000,40643,2156,1,5,7,1942,0,0,0,NA,0,16T23,OWENSMOUTH AV,ERWIN ST,95,N,N,A,-,N,NA,NA,NA,NA,NA,NA,NA,NA,NA,Y,4,0,1,3,A,-,03,22350,NA,F,C,C,A,A,H,-,C,A,0,NA,NA,NA,NA,Y,NA,-,99,0,0,1,0,0,0,0,0,0,-,-,NA,NA,LOS ANGELES,LOS ANGELES,-118.60149263,34.18312061
6661915,2014,2014-10-23,1900,2014-08-01,1430,430275,1617,5,5,5,1977,0,0,0,NA,0,164T,213TH ST,FIGUEROA ST,0,NA,Y,A,-,N,NA,NA,NA,NA,NA,NA,NA,NA,NA,Y,4,0,1,2,A,-,09,21802,A,N,D,C,A,A,H,-,A,A,0,NA,NA,NA,NA,Y,NA,A,07,0,0,1,0,0,0,0,0,0,-,-,NA,NA,LOS ANGELES,CARSON,-118.28612003,33.83522002
6661923,2014,2014-11-12,1900,2014-09-20,1826,516682,0532,6,5,5,1959,0,0,0,NA,0,53HPM,HELLMAN AV,ALANREED AV,126,W,N,A,-,N,NA,NA,NA,NA,NA,NA,NA,NA,NA,N,4,0,1,3,A,-,09,21801,A,N,D,C,A,A,H,-,B,D,0,NA,NA,NA,NA,Y,NA,A,01,0,0,1,0,0,0,0,0,0,-,-,NA,NA,LOS ANGELES,ROSEMEAD,-118.09218514,34.06990384
6661927,2014,2016-06-06,1900,2014-09-23,0635,H70654,0531,2,5,5,1959,0,0,0,NA,0,53T1,ROSEMEAD BL,NEVADA AV,27,S,N,A,-,Y,LA,7,164,-,-,6.12,H,-,N,Y,3,0,2,3,A,-,08,22107,NA,N,C,C,A,A,H,-,B,D,0,NA,NA,NA,NA,Y,NA,A,01,0,2,0,0,0,0,0,0,0,-,-,NA,NA,LOS ANGELES,ROSEMEAD,-118.07309446,34.07940219
6661936,2014,2016-06-04,1942,2014-09-08,0810,37043,2185,1,5,7,1942,0,0,0,NA,0,21A29,TOPANGA CANYON BL,DUMETZ RD,80,S,N,B,-,Y,LA,7,27,-,-,11.45,H,-,S,N,4,0,2,2,A,-,03,22350,NA,N,C,C,A,B,H,-,A,D,0,NA,NA,NA,NA,Y,NA,A,01,0,0,2,0,0,0,0,0,0,-,-,NA,NA,LOS ANGELES,LOS ANGELES,-118.60582291,34.15653554
6661940,2014,2015-03-09,1942,2014-09-04,0730,41515,NA,4,5,7,1942,0,0,0,NA,0,21A57,VANOWEN ST,VANOWEN ST 20207,0,NA,Y,F,-,N,NA,NA,NA,NA,NA,NA,NA,NA,NA,N,4,0,2,2,A,-,08,22107,NA,N,D,C,A,A,G,-,A,D,0,NA,NA,NA,NA,Y,NA,A,01,0,0,2,0,0,0,0,0,0,-,-,NA,NA,LOS ANGELES,LOS ANGELES,-118.573514,34.19378
6661944,2014,2014-11-12,1942,2014-09-30,1425,39192,2147,2,5,7,1942,0,0,0,NA,0,10TL36,SHERMAN WY,DE SOTO AV,30,W,N,A,-,N,NA,NA,NA,NA,NA,NA,NA,NA,NA,Y,3,0,2,2,A,-,01,23152,A,N,C,C,A,A,H,-,A,D,0,NA,NA,NA,NA,Y,NA,A,01,0,1,1,0,0,0,0,0,0,-,-,NA,NA,LOS ANGELES,LOS ANGELES,-118.58854905,34.20112
6661955,2014,2014-11-12,1942,2014-09-02,0959,40065,1664,2,5,7,1942,0,0,0,P,0,10T35,SHELDON ST,SAN FERNANDO RD,600,E,N,A,-,N,NA,NA,NA,NA,NA,NA,NA,NA,NA,N,3,0,1,2,A,-,09,21801,A,F,H,A,A,A,H,-,A,D,0,NA,NA,Y,NA,Y,NA,-,99,0,1,0,0,0,0,0,0,1,-,-,NA,NA,LOS ANGELES,LOS ANGELES,-118.39223199,34.24039524
6661960,2014,2014-11-18,1942,2014-09-08,1405,37080,1993,1,5,7,1942,0,0,0,NA,0,19TL73,ROSCOE BL,SEPULVEDA PL,30,E,N,B,-,N,NA,NA,NA,NA,NA,NA,NA,NA,NA,Y,3,0,1,2,A,-,04,21703,NA,N,C,C,A,A,H,-,A,A,0,NA,NA,NA,NA,Y,NA,A,01,0,1,0,0,0,0,0,0,0,-,-,NA,NA,LOS ANGELES,LOS ANGELES,-118.46612096,34.22143165
6661964,2014,2014-11-12,1931,2014-09-29,1227,5277,1931,1,5,5,1931,0,0,0,NA,0,004,SANTA ANA ST,STATE ST,13,E,N,A,-,N,NA,NA,NA,NA,NA,NA,NA,NA,NA,Y,4,0,1,2,A,-,09,21800,A,N,D,C,A,A,H,-,A,A,0,NA,NA,Y,NA,Y,NA,A,07,0,0,1,0,0,0,0,0,0,-,-,NA,NA,LOS ANGELES,HUNTINGTON PARK,-118.21085749,33.96350597
6661972,2014,2014-11-12,1942,2014-09-19,0700,38185,2134,5,5,7,1942,0,0,0,NA,0,19TL75,SATICOY ST,FARRALONE AV,580,W,N,B,-,N,NA,NA,NA,NA,NA,NA,NA,NA,NA,Y,3,0,2,2,A,-,03,22350,NA,N,D,C,A,A,H,-,A,A,0,NA,NA,NA,NA,Y,NA,A,07,0,1,1,0,0,0,0,0,0,-,-,NA,NA,LOS ANGELES,LOS ANGELES,-118.61225507,34.20829
6661976,2014,2014-11-12,1942,2014-09-18,1240,38181,2187,4,5,7,1942,0,0,0,NA,0,16TL28,VENTURA BL,PARALTA AV,100,E,N,A,-,N,NA,NA,NA,NA,NA,NA,NA,NA,NA,N,3,0,1,2,A,-,11,21956,A,N,G,B,D,A,H,-,A,D,0,Y,NA,NA,NA,Y,NA,N,60,0,1,0,0,1,0,0,0,0,-,-,NA,NA,LOS ANGELES,LOS ANGELES,-118.5905025,34.16662612
6661980,2014,2014-11-12,1942,2014-09-04,0920,37353,1934,4,5,7,1942,0,0,0,NA,0,9T53,SEPULVEDA BL,RINALDI ST,590,S,N,B,-,N,NA,NA,NA,NA,NA,NA,NA,NA,NA,Y,4,0,1,2,A,-,09,21804,A,N,D,C,A,A,H,-,A,D,0,NA,NA,NA,NA,Y,NA,A,01,0,0,1,0,0,0,0,0,0,-,-,NA,NA,LOS ANGELES,LOS ANGELES,-118.46849628,34.27749022
6661983,2014,2014-11-12,1965,2014-09-23,1429,3693,0B3A,2,5,5,1965,0,0,0,NA,0,B003,23RD ST,WILSHIRE BL,161,S,N,A,-,N,NA,NA,NA,NA,NA,NA,NA,NA,NA,N,3,0,1,2,A,-,09,21804,A,N,D,G,A,A,H,-,A,D,0,NA,Y,NA,NA,Y,NA,A,01,0,1,0,0,0,0,1,0,0,-,-,NA,NA,LOS ANGELES,SANTA MONICA,-118.48033999,34.03307355
6661984,2014,2014-11-12,1942,2014-09-06,2050,31652,1912,6,5,7,1942,0,0,0,NA,0,19T73,HERRICK AV,KADOTA ST,80,N,N,A,-,N,NA,NA,NA,NA,NA,NA,NA,NA,NA,N,4,0,3,2,A,-,03,22350,NA,N,C,E,A,A,H,-,C,D,0,NA,NA,NA,NA,Y,NA,A,01,0,0,3,0,0,0,0,0,0,-,-,NA,NA,LOS ANGELES,LOS ANGELES,-118.46781263,34.31656035
6661987,2014,2014-11-12,1965,2014-09-29,0908,3816,0BIG,1,5,5,1965,0,0,0,NA,0,B001,COLORADO AV,MAIN ST,0,NA,Y,A,-,N,NA,NA,NA,NA,NA,NA,NA,NA,NA,N,4,0,1,2,A,-,12,21453,A,N,D,G,A,A,D,-,A,A,0,NA,Y,NA,NA,Y,NA,A,01,0,0,1,0,0,0,1,0,0,-,-,NA,NA,LOS ANGELES,SANTA MONICA,-118.49392012,34.01223008
6661988,2014,2014-11-12,1942,2014-09-07,2300,38356,1961,7,5,7,1942,0,0,0,NA,0,9T57,LANGDON AV,NORDHOFF ST,85,S,N,A,-,N,NA,NA,NA,NA,NA,NA,NA,NA,NA,Y,3,0,1,4,A,-,03,22350,NA,N,D,E,A,A,H,-,C,A,0,NA,NA,NA,NA,Y,Y,A,01,0,1,0,0,0,0,0,0,0,-,-,NA,NA,LOS ANGELES,LOS ANGELES,-118.46978064,34.23531685
6661991,2014,2014-11-12,1900,2014-09-27,1430,510568,2524,6,5,4,1971,0,0,0,NA,0,52T1PM,TEMPLE CITY BL,SPARKLETT ST,0,NA,Y,A,-,N,NA,NA,NA,NA,NA,NA,NA,NA,NA,Y,3,0,1,2,A,-,09,21801,A,N,D,D,A,A,H,-,A,D,0,NA,NA,NA,NA,Y,NA,A,07,0,1,0,0,0,0,0,0,0,-,-,NA,NA,LOS ANGELES,TEMPLE CITY,-118.05783009,34.0918801
6661992,2014,2014-11-12,1942,2014-09-07,1758,36565,1964,7,5,7,1942,0,0,0,NA,0,16T24,NORDHOFF ST,CEDROS AV,45,E,N,A,-,N,NA,NA,NA,NA,NA,NA,NA,NA,NA,N,4,0,1,2,A,-,08,22107,NA,N,B,C,A,A,H,-,A,D,0,NA,NA,NA,NA,Y,NA,A,01,0,0,1,0,0,0,0,0,0,-,-,NA,NA,LOS ANGELES,LOS ANGELES,-118.45340141,34.23543768
6661995,2014,2016-01-12,1900,2014-09-26,2143,510568,0521,5,5,4,1971,0,0,0,NA,0,58T1,RT 164,LONGDEN AV,193,S,N,A,-,N,NA,NA,NA,NA,NA,NA,NA,NA,NA,Y,2,0,1,2,A,-,11,21954,A,N,G,B,D,A,H,-,C,A,0,Y,NA,NA,NA,Y,Y,N,60,1,0,0,0,1,0,0,0,0,-,-,NA,NA,LOS ANGELES,TEMPLE CITY,-118.073744,34.113022
6662474,2014,2014-10-27,1931,2014-08-24,1523,529,1973,7,5,5,1931,0,0,0,NA,0,NA,PACIFIC BL,SATURN AV,398,N,N,A,-,N,NA,NA,NA,NA,NA,NA,NA,NA,NA,N,4,0,1,2,A,-,11,21456,B,N,G,B,C,A,H,-,A,A,0,Y,NA,NA,NA,Y,NA,N,60,0,0,1,0,1,0,0,0,0,-,-,NA,NA,LOS ANGELES,HUNTINGTON PARK,-118.22519455,33.97800146
6663273,2014,2014-12-22,1942,2014-11-20,1450,40099,133,4,5,7,1942,0,0,0,M,0,4TL6,GRIFFITH ST,33RD ST,6,S,N,A,-,N,NA,NA,NA,NA,NA,NA,NA,NA,NA,N,4,0,1,2,A,-,21,22106,NA,N,C,C,A,A,H,-,A,D,0,NA,NA,NA,NA,Y,NA,J,48,0,0,1,0,0,0,0,0,0,-,-,NA,NA,LOS ANGELES,LOS ANGELES,-118.26090928,34.01453547
6663455,2014,2014-11-10,1942,2014-10-20,1225,40726,1321,1,5,7,1942,0,0,0,M,0,2TL15,BROADWAY,21ST ST,45,N,N,A,-,N,NA,NA,NA,NA,NA,NA,NA,NA,NA,N,3,0,1,2,A,-,08,22107,NA,N,D,G,A,A,H,-,A,A,0,NA,Y,NA,NA,Y,NA,J,48,0,1,0,0,0,0,1,0,0,-,-,NA,NA,LOS ANGELES,LOS ANGELES,-118.267044,34.029525
6663463,2014,2014-11-10,9575,2014-10-06,0830,19853,NA,1,1,6,1953,0,1,1,NA,2,063,RT 210,MOUNTAIN ST,150,W,N,A,-,Y,NA,NA,210,NA,NA,NA,NA,NA,NA,Y,4,0,2,3,A,-,03,22350,NA,N,C,-,A,A,H,-,A,D,0,NA,NA,NA,NA,Y,NA,D,22,0,0,2,0,0,0,0,0,0,-,-,34.16138,-118.15874,LOS ANGELES,PASADENA,-118.15863686,34.16136899
6663482,2014,2014-11-17,1941,2014-10-22,1030,5407,NA,3,5,7,1941,0,0,0,NA,0,NA,LOS COYOTES DIAGONAL,PALO VERDE AV,15,S,N,A,-,N,NA,NA,NA,NA,NA,NA,NA,NA,NA,N,4,0,1,2,A,-,03,22350,NA,N,C,C,A,A,H,-,A,A,0,NA,NA,NA,NA,Y,NA,A,07,0,0,1,0,0,0,0,0,0,-,-,NA,NA,LOS ANGELES,LONG BEACH,-118.10812472,33.82075075
6663483,2014,2014-11-13,1900,2014-10-22,1150,525205,2843,3,5,5,1915,0,0,0,NA,0,282T2,SANTA FE AV,CYPRESS ST,50,S,N,A,-,N,NA,NA,NA,NA,NA,NA,NA,NA,NA,Y,4,0,1,2,A,-,03,22350,NA,N,H,E,A,A,H,-,A,A,0,NA,NA,Y,NA,Y,NA,C,02,0,0,1,0,0,0,0,0,1,-,-,NA,NA,LOS ANGELES,COMPTON,-118.21615593,33.89041298
6663499,2014,2014-11-20,1941,2014-10-01,1445,5546,NA,3,5,7,1941,0,0,0,NA,0,NA,PCH,TERMINO,0,NA,Y,A,-,Y,NA,NA,NA,NA,NA,NA,NA,NA,NA,N,3,0,1,2,A,-,09,21806,A,N,D,C,A,A,H,-,A,A,0,NA,NA,NA,NA,Y,NA,A,NA,0,1,0,0,0,0,0,0,0,-,-,NA,NA,LOS ANGELES,LONG BEACH,-118.14592013,33.78985002
6663506,2014,2014-11-17,1942,2014-09-30,1030,36406,1484,2,5,7,1942,0,0,0,N,0,7MQ56,LINCOLN BL,LOYOLA AV,30,N,N,A,-,N,NA,NA,NA,NA,NA,NA,NA,NA,NA,Y,4,0,3,2,A,-,03,22350,NA,N,C,C,A,A,H,-,A,A,0,NA,NA,NA,NA,Y,NA,A,01,0,0,3,0,0,0,0,0,0,-,-,NA,NA,LOS ANGELES,LOS ANGELES,-118.41746271,33.95790356
6663532,2014,2014-10-23,1909,2014-09-21,1643,489,1909,7,5,4,1909,0,0,0,NA,0,NORTH,LUBEC ST,EASTERN AV,138,E,N,A,-,N,NA,NA,NA,NA,NA,NA,NA,NA,NA,N,4,0,1,2,A,-,05,21650,1,N,H,G,A,A,H,-,A,D,0,NA,Y,NA,NA,Y,NA,L,04,0,0,1,0,0,0,1,0,0,-,-,NA,NA,LOS ANGELES,BELL GARDENS,-118.16385848,33.97151929
6663533,2014,2014-10-23,1909,2014-09-29,0748,507,NA,1,5,4,1909,0,0,0,NA,0,NORTH,LOVELAND ST,EL SELINDA AV,0,NA,Y,A,-,N,NA,NA,NA,NA,NA,NA,NA,NA,NA,N,3,0,1,2,A,-,12,22450,A,N,-,G,A,A,H,-,A,A,0,NA,Y,NA,NA,Y,NA,L,04,0,1,0,0,0,0,1,0,0,-,-,NA,NA,LOS ANGELES,BELL GARDENS,-118.15978003,33.97384012
6663541,2014,2014-10-23,1922,2014-09-30,1826,659,NA,2,5,6,1922,0,0,0,NA,0,NA,LOWER AZUSA RD,ARDEN DR,0,NA,Y,A,-,N,NA,NA,NA,NA,NA,NA,NA,NA,NA,Y,3,0,3,4,A,-,08,22107,NA,N,D,C,A,A,H,-,A,A,0,NA,NA,NA,NA,Y,NA,A,07,0,1,2,0,0,0,0,0,0,-,-,NA,NA,LOS ANGELES,EL MONTE,-118.0428001,34.09159002
6663542,2014,2014-10-23,1922,2014-09-30,1200,576,NA,2,5,6,1922,0,0,0,NA,0,NA,SANTA ANITA AV,MCGIRK AV,0,NA,Y,A,-,N,NA,NA,NA,NA,NA,NA,NA,NA,NA,Y,3,0,2,2,A,-,09,21804,A,N,D,C,A,A,H,-,A,A,0,NA,NA,NA,NA,Y,NA,A,07,0,1,1,0,0,0,0,0,0,-,-,NA,NA,LOS ANGELES,EL MONTE,-118.02902006,34.08621005
6663642,2014,2014-10-24,1925,2014-08-25,1345,20089,274,1,5,6,1925,0,0,0,NA,0,002,LOS FELIZ RD,SAN FERNANDO RD,85,E,N,A,-,N,NA,NA,NA,NA,NA,NA,NA,NA,NA,N,4,0,1,2,A,-,21,22106,NA,N,G,B,F,A,H,-,A,D,0,Y,NA,NA,NA,Y,NA,D,22,0,0,1,0,1,0,0,0,0,-,-,NA,NA,LOS ANGELES,GLENDALE,-118.2590108,34.12846409
6663653,2014,2016-06-09,9540,2014-09-29,1915,016659,NA,1,2,9,1900,0,1,3,NA,2,126,RT 126,COMMERCE CENTER DR,0,NA,Y,A,-,Y,LA,7,126,-,R,4.885,I,5,E,Y,4,0,1,2,A,-,12,21453,A,N,D,C,A,A,H,-,C,A,1,NA,NA,NA,NA,Y,NA,D,22,0,0,1,0,0,0,0,0,0,-,-,34.43471,-118.61774,LOS ANGELES,UNINCORPORATED,-118.61834928,34.43528288
6663654,2014,2014-11-10,9540,2014-09-30,1825,016659,NA,2,2,9,1900,0,2,4,NA,1,204,BOUQUET CANYON RD,VASQUEZ CANYON RD,0,NA,Y,A,-,N,NA,NA,NA,NA,NA,NA,NA,NA,NA,Y,4,0,1,2,A,-,09,21801,A,N,D,C,A,A,H,-,B,D,0,NA,NA,NA,NA,Y,NA,A,07,0,0,1,0,0,0,0,0,0,-,-,34.4744,-118.46745,LOS ANGELES,UNINCORPORATED,-118.46763013,34.47386001
6663657,2014,2014-12-16,9540,2014-10-08,0838,018037,NA,3,1,7,1942,0,1,1,NA,1,503,RT 5,ROXFORD ST,2100,N,N,A,-,Y,NA,NA,5,NA,NA,NA,NA,NA,NA,Y,4,0,1,4,A,-,03,22350,NA,N,C,C,A,A,H,-,A,D,0,NA,NA,NA,NA,Y,NA,D,22,0,0,1,0,0,0,0,0,0,-,-,34.30818,-118.48455,LOS ANGELES,LOS ANGELES,-118.48449023,34.30823547
6663664,2014,2014-12-10,9540,2014-10-05,1600,019332,NA,7,2,9,1900,0,1,1,NA,1,503,RT 5,WELDON CANYON,200,S,N,A,-,Y,NA,NA,NA,NA,NA,NA,NA,NA,NA,Y,4,0,1,2,A,-,03,22350,NA,N,C,C,A,A,H,-,A,-,0,NA,NA,NA,NA,Y,NA,A,01,0,0,1,0,0,0,0,0,0,-,-,NA,NA,LOS ANGELES,UNINCORPORATED,-118.52220662,34.34080544
6663670,2014,2016-05-27,9540,2014-09-29,1630,016168,NA,1,2,9,1900,0,1,3,NA,1,144,RT 14,NEWHALL AV,1056,N,N,A,-,Y,LA,7,14,-,R,27.23,H,-,N,Y,3,0,2,4,A,-,03,22350,NA,N,C,C,A,A,H,-,A,D,1,NA,NA,NA,NA,Y,NA,D,22,0,1,1,0,0,0,0,0,0,-,-,34.37124,-118.49988,LOS ANGELES,UNINCORPORATED,-118.50211315,34.36737396
6663677,2014,2016-06-07,9540,2014-09-25,1020,017076,NA,4,1,9,1900,0,1,3,NA,1,145,RT 14,GOLDEN VALLEY RD,1056,S,N,A,-,Y,LA,7,14,-,R,29.48,H,-,S,Y,4,0,1,1,A,-,08,22107,NA,N,E,I,A,A,H,-,A,D,1,NA,NA,NA,NA,Y,NA,D,23,0,0,1,0,0,0,0,0,0,-,-,34.39036,-118.47697,LOS ANGELES,UNINCORPORATED,-118.47567691,34.39095979
6663678,2014,2016-05-25,9540,2014-09-25,1020,018454,NA,4,1,7,1942,0,1,1,NA,1,405,RT 405,RINALDI ST,30,N,N,A,-,Y,LA,7,405,-,-,47.998,R,1,S,N,4,0,1,3,A,-,03,22350,NA,N,C,C,A,A,H,-,A,A,1,NA,NA,NA,Y,Y,NA,F,26,0,0,1,0,0,0,0,0,0,-,-,34.28124,-118.46883,LOS ANGELES,LOS ANGELES,-118.46898255,34.28230981
6663681,2014,2014-10-28,1925,2014-09-14,1657,24889,195,7,5,6,1925,0,0,0,NA,0,001,WESTERN,SAN FERNANDO,20,S,N,A,-,N,NA,NA,NA,NA,NA,NA,NA,NA,NA,N,4,0,1,2,A,-,03,22350,NA,N,C,C,A,A,H,-,A,A,0,NA,NA,NA,NA,Y,NA,A,NA,0,0,1,0,0,0,0,0,0,-,-,NA,NA,LOS ANGELES,GLENDALE,-118.29224236,34.16877361
6663682,2014,2014-10-21,1925,2014-09-12,1907,21975,101,5,5,6,1925,0,0,0,NA,0,001,SAN FERNANDO AV,SPAZIER,69,E,N,A,-,N,NA,NA,NA,NA,NA,NA,NA,NA,NA,N,4,0,3,3,A,-,03,22350,NA,N,C,C,A,A,H,-,A,D,0,NA,NA,NA,NA,Y,NA,A,NA,0,0,3,0,0,0,0,0,0,-,-,NA,NA,LOS ANGELES,GLENDALE,-118.29874711,34.17357779