CASE_ID,ACCIDENT_YEAR,PROC_DATE,JURIS,COLLISION_DATE,COLLISION_TIME,OFFICER_ID,REPORTING_DISTRICT,DAY_OF_WEEK,CHP_SHIFT,POPULATION,CNTY_CITY_LOC,SPECIAL_COND,BEAT_TYPE,CHP_BEAT_TYPE,CITY_DIVISION_LAPD,CHP_BEAT_CLASS,BEAT_NUMBER,PRIMARY_RD,SECONDARY_RD,DISTANCE,DIRECTION,INTERSECTION,WEATHER_1,WEATHER_2,STATE_HWY_IND,CALTRANS_COUNTY,CALTRANS_DISTRICT,STATE_ROUTE,ROUTE_SUFFIX,POSTMILE_PREFIX,POSTMILE,LOCATION_TYPE,RAMP_INTERSECTION,SIDE_OF_HWY,TOW_AWAY,COLLISION_SEVERITY,NUMBER_KILLED,NUMBER_INJURED,PARTY_COUNT,PRIMARY_COLL_FACTOR,PCF_CODE_OF_VIOL,PCF_VIOL_CATEGORY,PCF_VIOLATION,PCF_VIOL_SUBSECTION,HIT_AND_RUN,TYPE_OF_COLLISION,MVIW,PED_ACTION,ROAD_SURFACE,ROAD_COND_1,ROAD_COND_2,LIGHTING,CONTROL_DEVICE,CHP_ROAD_TYPE,PEDESTRIAN_ACCIDENT,BICYCLE_ACCIDENT,MOTORCYCLE_ACCIDENT,TRUCK_ACCIDENT,NOT_PRIVATE_PROPERTY,ALCOHOL_INVOLVED,STWD_VEHTYPE_AT_FAULT,CHP_VEHTYPE_AT_FAULT,COUNT_SEVERE_INJ,COUNT_VISIBLE_INJ,COUNT_COMPLAINT_PAIN,COUNT_PED_KILLED,COUNT_PED_INJURED,COUNT_BICYCLIST_KILLED,COUNT_BICYCLIST_INJURED,COUNT_MC_KILLED,COUNT_MC_INJURED,PRIMARY_RAMP,SECONDARY_RAMP,LATITUDE,LONGITUDE,COUNTY,CITY,POINT_X,POINT_Y
6664373,2014,2014-10-21,1942,2014-08-15,2310,36084,1785,5,5,7,1942,0,0,0,Q,0,21T61,NORDHOFF ST,BAIRD AV,54,E,N,A,-,N,NA,NA,NA,NA,NA,NA,NA,NA,NA,N,3,0,1,2,A,-,08,22107,NA,F,A,C,A,A,H,-,C,A,0,NA,NA,NA,NA,Y,NA,-,99,0,1,0,0,0,0,0,0,0,-,-,NA,NA,LOS ANGELES,LOS ANGELES,-118.53705174,34.23546518
6664374,2014,2014-10-22,1942,2014-08-18,1830,40207,1994,1,5,7,1942,0,0,0,NA,0,16T25,VAN NUYS BL,TITUS ST,0,NA,Y,A,-,N,NA,NA,NA,NA,NA,NA,NA,NA,NA,N,4,0,1,2,A,-,09,21801,A,N,D,C,A,A,H,-,A,A,0,NA,NA,NA,NA,Y,NA,A,07,0,0,1,0,0,0,0,0,0,-,-,NA,NA,LOS ANGELES,LOS ANGELES,-118.44877007,34.2197301
6664375,2014,2014-10-21,1942,2014-08-20,0830,33340,2185,3,5,7,1942,0,0,0,NA,0,21T61,TOPANGA CANYON,VENTURA BL,45,S,N,A,-,N,NA,NA,NA,NA,NA,NA,NA,NA,NA,N,4,0,1,2,A,-,04,21703,NA,N,C,C,A,A,H,-,C,A,0,NA,NA,NA,NA,Y,NA,A,01,0,0,1,0,0,0,0,0,0,-,-,NA,NA,LOS ANGELES,LOS ANGELES,-118.60591561,34.16838664
6664376,2014,2014-10-22,1942,2014-08-31,1630,33294,2172,7,5,7,1942,0,0,0,NA,0,35M74,KILLION ST,WILHELMINA AV,0,NA,Y,A,-,N,NA,NA,NA,NA,NA,NA,NA,NA,NA,Y,3,0,1,2,A,-,-,NA,NA,N,D,C,A,A,H,-,A,A,0,NA,NA,NA,NA,Y,NA,A,01,0,1,0,0,0,0,0,0,0,-,-,NA,NA,LOS ANGELES,LOS ANGELES,-118.64535001,34.16958011
6664377,2014,2014-10-21,1942,2014-08-11,1340,38603,1972,1,5,7,1942,0,0,0,NA,0,9T52,BURNET AV,NORDHOFF ST,0,NA,Y,A,-,N,NA,NA,NA,NA,NA,NA,NA,NA,NA,Y,3,0,5,3,A,-,09,21802,A,N,D,C,A,A,H,-,A,A,0,NA,NA,NA,NA,Y,NA,A,01,0,2,3,0,0,0,0,0,0,-,-,NA,NA,LOS ANGELES,LOS ANGELES,-118.46325012,34.23550011
6664378,2014,2014-10-21,1942,2014-08-19,0750,40527,1935,2,5,7,1942,0,0,0,NA,0,15T47,RINALDI ST,INDIAN HILLS RD,120,E,N,B,-,N,NA,NA,NA,NA,NA,NA,NA,NA,NA,N,4,0,1,3,A,-,04,21703,NA,N,C,C,A,A,H,-,A,A,0,NA,NA,NA,NA,Y,NA,A,01,0,0,1,0,0,0,0,0,0,-,-,NA,NA,LOS ANGELES,LOS ANGELES,-118.45852357,34.27901305
6664379,2014,2016-01-12,1942,2014-08-11,0650,37080,2138,1,5,7,1942,0,0,0,NA,0,21TL63,OSO AV,SATICOY ST,0,NA,Y,A,-,N,NA,NA,NA,NA,NA,NA,NA,NA,NA,N,4,0,2,2,A,-,09,21801,A,N,A,C,A,A,H,-,A,A,0,NA,NA,NA,NA,Y,NA,A,08,0,0,2,0,0,0,0,0,0,-,-,NA,NA,LOS ANGELES,LOS ANGELES,-118.57538014,34.20835001
6664380,2014,2014-10-21,1942,2014-08-19,1310,40731,2185,2,5,7,1942,0,0,0,NA,0,16T28,TOPANGA CANYON BL,DUMETZ RD,0,NA,Y,A,-,N,NA,NA,NA,NA,NA,NA,NA,NA,NA,Y,3,0,3,3,A,-,09,21801,A,N,A,C,A,A,H,-,A,A,0,NA,NA,NA,NA,Y,NA,A,07,0,1,2,0,0,0,0,0,0,-,-,NA,NA,LOS ANGELES,LOS ANGELES,-118.60581006,34.15691004
6664382,2014,2014-10-21,1942,2014-08-18,1610,38471,1961,1,5,7,1942,0,0,0,NA,0,16TL26,SEPULVEDA BL,PLUMMER ST,127,N,N,A,-,N,NA,NA,NA,NA,NA,NA,NA,NA,NA,N,4,0,5,4,A,-,04,21703,NA,N,C,C,A,A,H,-,A,A,0,NA,NA,NA,NA,Y,NA,A,07,0,0,5,0,0,0,0,0,0,-,-,NA,NA,LOS ANGELES,LOS ANGELES,-118.4676358,34.24313834
6664383,2014,2014-10-21,1942,2014-08-21,1825,33340,2185,4,5,7,1942,0,0,0,NA,0,21T61,ERWIN ST,VARIEL AV,0,NA,Y,A,-,N,NA,NA,NA,NA,NA,NA,NA,NA,NA,N,4,0,1,2,A,-,-,NA,NA,N,D,C,A,A,H,-,C,A,0,NA,NA,Y,NA,Y,NA,A,07,0,0,1,0,0,0,0,0,1,-,-,NA,NA,LOS ANGELES,LOS ANGELES,-118.59276002,34.18286004
6664384,2014,2014-10-22,1942,2014-08-28,0625,37353,2104,4,5,7,1942,0,0,0,NA,0,9T53,OSBORN ST,OWENSMOUTH AV,300,E,N,A,-,N,NA,NA,NA,NA,NA,NA,NA,NA,NA,N,4,0,1,2,A,-,21,22106,NA,N,H,E,A,A,H,-,A,D,0,NA,NA,NA,NA,Y,NA,A,08,0,0,1,0,0,0,0,0,0,-,-,NA,NA,LOS ANGELES,LOS ANGELES,-118.600663,34.233652
6664386,2014,2014-10-22,1942,2014-08-28,0805,41423,1982,4,5,7,1942,0,0,0,NA,0,19A7,MEMORY PARK AV,RAYEN ST,0,NA,Y,A,-,N,NA,NA,NA,NA,NA,NA,NA,NA,NA,N,3,0,1,2,A,-,10,21950,A,N,G,B,B,A,-,-,A,D,0,Y,NA,NA,NA,Y,NA,A,01,0,1,0,0,1,0,0,0,0,-,-,NA,NA,LOS ANGELES,LOS ANGELES,-118.46437012,34.23184003
6664387,2014,2016-01-12,1942,2014-08-12,1705,39217,2138,2,5,7,1942,0,0,0,NA,0,17T12,MASON AV,VALERIO ST,0,NA,Y,A,-,N,NA,NA,NA,NA,NA,NA,NA,NA,NA,Y,3,0,1,2,A,-,09,21801,A,N,D,C,A,A,H,-,A,D,0,NA,NA,NA,NA,Y,NA,A,01,0,1,0,0,0,0,0,0,0,-,-,NA,NA,LOS ANGELES,LOS ANGELES,-118.57971013,34.20469001
6664388,2014,2014-10-22,1942,2014-08-12,1520,38603,2156,2,5,7,1942,0,0,0,NA,0,9T52,CANOGA AV,VICTORY BL,375,N,N,A,-,N,NA,NA,NA,NA,NA,NA,NA,NA,NA,Y,4,0,1,2,A,-,09,21801,A,N,D,C,A,A,H,-,A,D,0,NA,NA,NA,NA,Y,NA,A,07,0,0,1,0,0,0,0,0,0,-,-,NA,NA,LOS ANGELES,LOS ANGELES,-118.59748,34.18939874
6664389,2014,2014-10-21,1942,2014-08-30,1950,40207,1682,6,5,7,1942,0,0,0,P,0,19T75,REDBANK ST,AMBOY AV,0,NA,Y,A,-,N,NA,NA,NA,NA,NA,NA,NA,NA,NA,N,3,0,1,2,A,-,12,22450,A,F,G,B,B,A,H,-,C,A,0,Y,NA,NA,NA,Y,Y,-,99,0,1,0,0,1,0,0,0,0,-,-,NA,NA,LOS ANGELES,LOS ANGELES,-118.39424,34.2257101
6664390,2014,2014-10-28,1942,2014-08-27,1000,30596,1944,3,5,7,1942,0,0,0,NA,0,17T17,LAUREL CANYON BL,BRAND BL,0,NA,Y,A,-,N,NA,NA,NA,NA,NA,NA,NA,NA,NA,N,3,0,1,2,A,-,12,21453,A,N,D,C,A,A,H,-,A,A,0,NA,NA,NA,NA,Y,NA,-,-,0,1,0,0,0,0,0,0,0,-,-,NA,NA,LOS ANGELES,LOS ANGELES,-118.44925004,34.27485006
6664391,2014,2014-10-21,1942,2014-08-17,2027,33340,1966,7,5,7,1942,0,0,0,NA,0,21T61,NORDHOFF ST,WAKEFIELD AV,56,W,N,A,-,N,NA,NA,NA,NA,NA,NA,NA,NA,NA,Y,3,0,3,2,A,-,01,23152,A,N,C,C,A,A,H,-,C,D,0,NA,NA,NA,NA,Y,Y,A,01,0,2,1,0,0,0,0,0,0,-,-,NA,NA,LOS ANGELES,LOS ANGELES,-118.44823494,34.2354
6664392,2014,2016-01-12,1942,2014-08-21,1445,33779,2141,4,5,7,1942,0,0,0,NA,0,15T44,VICTORY BL,VALLEY CIRCLE BL,0,NA,Y,A,-,N,NA,NA,NA,NA,NA,NA,NA,NA,NA,Y,3,0,2,3,A,-,12,21453,A,N,D,C,A,A,H,-,A,A,0,NA,NA,NA,NA,Y,NA,A,08,0,1,1,0,0,0,0,0,0,-,-,NA,NA,LOS ANGELES,LOS ANGELES,-118.65584011,34.18465006
6664393,2014,2014-10-21,1942,2014-08-06,1755,36153,1729,3,5,7,1942,0,0,0,Q,0,15T45,ZELZAH AV,SIMMONS,100,S,N,A,-,N,NA,NA,NA,NA,NA,NA,NA,NA,NA,N,3,0,1,2,A,-,08,22107,NA,F,B,C,A,A,H,-,A,D,0,NA,NA,NA,NA,Y,Y,-,99,0,1,0,0,0,0,0,0,0,-,-,NA,NA,LOS ANGELES,LOS ANGELES,-118.52343429,34.27613571
6664394,2014,2014-10-22,1942,2014-08-16,2040,37637,1981,6,5,7,1942,0,0,0,NA,0,15T43,SEPULVEDA BL,CHASE ST,329,N,N,A,-,N,NA,NA,NA,NA,NA,NA,NA,NA,NA,N,4,0,2,2,A,-,04,21703,NA,N,C,C,A,A,H,-,C,A,0,NA,NA,NA,NA,Y,NA,A,07,0,0,2,0,0,0,0,0,0,-,-,NA,NA,LOS ANGELES,LOS ANGELES,-118.46769607,34.22552235
6664395,2014,2016-06-04,1942,2014-08-27,2235,34332,2185,3,5,7,1942,0,0,0,NA,0,16T25,VENTURA BL,TOPANGA CANYON BL,25,E,N,A,-,Y,LA,7,27,-,-,12.276,I,6,N,Y,3,0,1,2,A,-,01,23152,A,N,C,C,A,A,H,-,C,A,0,NA,NA,Y,NA,Y,Y,A,01,0,1,0,0,0,0,0,0,1,-,-,NA,NA,LOS ANGELES,LOS ANGELES,-118.60577219,34.16845819
6664396,2014,2014-10-22,1942,2014-08-15,0050,40643,2138,5,5,7,1942,0,0,0,NA,0,9T53,SATICOY ST,MASON AV,0,NA,Y,A,-,N,NA,NA,NA,NA,NA,NA,NA,NA,NA,Y,3,0,2,2,A,-,12,21453,A,N,D,C,A,A,H,-,C,A,0,NA,NA,NA,NA,Y,NA,A,07,0,1,1,0,0,0,0,0,0,-,-,NA,NA,LOS ANGELES,LOS ANGELES,-118.57972006,34.20834003
6664397,2014,2014-10-21,1942,2014-08-17,1255,30596,1752,7,5,7,1942,0,0,0,Q,0,17TL17,DESOTO AV,DEVONSHIRE ST,40,N,N,A,-,N,NA,NA,NA,NA,NA,NA,NA,NA,NA,N,4,0,5,2,A,-,21,22106,NA,F,C,C,A,A,H,-,A,A,0,NA,NA,NA,NA,Y,NA,-,99,0,0,5,0,0,0,0,0,0,-,-,NA,NA,LOS ANGELES,LOS ANGELES,-118.58858,34.25735973
6664398,2014,2014-10-28,1942,2014-08-14,1315,38033,1924,4,5,7,1942,0,0,0,NA,0,19TL72,SAN FERNANDO RD,ASTORIA ST,10,S,N,A,-,N,NA,NA,NA,NA,NA,NA,NA,NA,NA,N,3,0,1,2,A,-,12,21453,A,N,B,G,A,A,H,-,A,A,0,NA,Y,NA,NA,Y,NA,-,-,0,1,0,0,0,0,1,0,0,-,-,NA,NA,LOS ANGELES,LOS ANGELES,-118.45547581,34.29629131
6664399,2014,2014-10-21,1942,2014-08-24,2050,38273,1991,7,5,7,1942,0,0,0,NA,0,16T24,ROSCOE BL,LANGDON AV,40,E,N,A,-,N,NA,NA,NA,NA,NA,NA,NA,NA,NA,Y,3,0,2,2,A,-,01,23152,A,N,C,C,A,A,H,-,C,D,0,NA,NA,NA,NA,Y,Y,A,01,0,1,1,0,0,0,0,0,0,-,-,NA,NA,LOS ANGELES,LOS ANGELES,-118.46979792,34.22139
6664400,2014,2014-10-22,1942,2014-08-13,0725,30596,2162,3,5,7,1942,0,0,0,NA,0,17TL17,HATTERAS ST,FALLBROOK AV,33,W,N,A,-,N,NA,NA,NA,NA,NA,NA,NA,NA,NA,Y,4,0,2,1,A,-,08,22107,NA,N,E,I,A,A,H,-,A,D,0,NA,NA,NA,NA,Y,NA,A,01,0,0,2,0,0,0,0,0,0,-,-,NA,NA,LOS ANGELES,LOS ANGELES,-118.62342735,34.17629939
6664401,2014,2014-10-22,1965,2014-09-13,1615,3693,0133A,6,5,5,1965,0,0,0,NA,0,13003,ARIZONA AV,17TH ST,38,W,N,A,-,N,NA,NA,NA,NA,NA,NA,NA,NA,NA,N,3,0,1,2,A,-,17,22517,NA,F,B,G,A,A,H,-,A,D,0,NA,Y,NA,NA,Y,NA,A,01,0,1,0,0,0,0,1,0,0,-,-,NA,NA,LOS ANGELES,SANTA MONICA,-118.4845393,34.02764694
6664404,2014,2014-10-20,1925,2014-08-30,0942,24345,197,6,5,6,1925,0,0,0,NA,0,001,DAVIS AV,SAN FERNANDO RD,2,N,N,A,-,N,NA,NA,NA,NA,NA,NA,NA,NA,NA,N,4,0,1,2,A,-,10,21950,A,N,G,B,B,A,H,-,A,A,0,Y,NA,NA,NA,Y,NA,A,NA,0,0,1,0,1,0,0,0,0,-,-,NA,NA,LOS ANGELES,GLENDALE,-118.28655557,34.16471407
6664409,2014,2014-10-22,1965,2014-09-25,1615,2970,03BD,4,5,5,1965,0,0,0,NA,0,003,14TH ST,OLYMPIC BL,50,N,N,A,-,N,NA,NA,NA,NA,NA,NA,NA,NA,NA,N,4,0,1,2,A,-,-,NA,NA,N,B,G,A,A,H,-,A,A,0,NA,Y,NA,NA,Y,NA,-,NA,0,0,1,0,0,0,1,0,0,-,-,NA,NA,LOS ANGELES,SANTA MONICA,-118.48077282,34.01984993
6664411,2014,2014-10-21,1900,2014-08-21,0710,529377,1511,4,5,5,1954,0,0,0,NA,0,151T1,BEVERLY BL,DELAND AV,0,NA,N,A,-,N,NA,NA,NA,NA,NA,NA,NA,NA,NA,N,4,0,2,2,A,-,09,21801,A,N,A,C,A,A,H,-,A,D,0,NA,NA,NA,NA,Y,NA,A,01,0,0,2,0,0,0,0,0,0,-,-,NA,NA,LOS ANGELES,PICO RIVERA,-118.07732005,34.00923012
6664412,2014,2016-01-12,1925,2014-08-29,1700,21139,271,5,5,6,1925,0,0,0,NA,0,002,CHEVY CHASE DR,COLUMBUS AV,0,NA,Y,A,-,N,NA,NA,NA,NA,NA,NA,NA,NA,NA,Y,4,0,1,2,A,-,09,21802,A,N,-,C,A,A,H,-,A,A,0,NA,NA,NA,NA,Y,NA,-,NA,0,0,1,0,0,0,0,0,0,-,-,NA,NA,LOS ANGELES,GLENDALE,-118.26074013,34.13350012
6664413,2014,2014-10-22,1965,2014-09-23,1850,3158,0B2B,2,5,5,1965,0,0,0,NA,0,B002,PICO BL,14TH ST,0,NA,Y,A,-,N,NA,NA,NA,NA,NA,NA,NA,NA,NA,Y,4,0,1,2,A,-,09,21801,A,N,D,C,A,A,H,-,C,A,0,NA,NA,NA,NA,Y,NA,A,01,0,0,1,0,0,0,0,0,0,-,-,NA,NA,LOS ANGELES,SANTA MONICA,-118.47613008,34.01593012
6664414,2014,2014-10-22,1925,2014-09-12,0728,16899,274,5,5,6,1925,0,0,0,NA,0,002,SAN FERNANDO RD,LOS FELIZ RD,0,NA,Y,A,-,N,NA,NA,NA,NA,NA,NA,NA,NA,NA,Y,4,0,1,2,A,-,09,21801,A,F,D,C,A,A,H,-,A,A,0,NA,NA,NA,NA,Y,NA,A,01,0,0,1,0,0,0,0,0,0,-,-,NA,NA,LOS ANGELES,GLENDALE,-118.25924005,34.12833005
6664417,2014,2014-10-22,1965,2014-09-25,1815,2970,0B3A,4,5,5,1965,0,0,0,NA,0,003,EUCLID ST,WILSHIRE BL,124,N,N,A,-,N,NA,NA,NA,NA,NA,NA,NA,NA,NA,N,3,0,1,2,A,-,17,22517,NA,N,B,G,A,A,H,-,A,A,0,NA,Y,NA,NA,Y,NA,-,NA,0,1,0,0,0,0,1,0,0,-,-,NA,NA,LOS ANGELES,SANTA MONICA,-118.49010465,34.02626398
6664418,2014,2014-10-28,1925,2014-09-21,1945,20834,109,7,5,6,1925,0,0,0,NA,0,005,FOOTHILL BL,DUNSMORE AV,0,NA,Y,A,-,N,NA,NA,NA,NA,NA,NA,NA,NA,NA,Y,4,0,1,2,A,-,12,21453,A,N,D,C,A,A,H,-,C,A,0,NA,NA,NA,NA,Y,NA,-,-,0,0,1,0,0,0,0,0,0,-,-,NA,NA,LOS ANGELES,GLENDALE,-118.25740002,34.2349901
6664420,2014,2014-10-30,1925,2014-08-26,1035,20089,162,2,5,6,1925,0,0,0,NA,0,004,STOCKER ST,CAMPBELL ST,0,NA,Y,A,-,N,NA,NA,NA,NA,NA,NA,NA,NA,NA,Y,4,0,1,2,A,-,09,21802,A,N,D,C,A,A,H,-,A,A,0,NA,NA,NA,NA,Y,NA,A,07,0,0,1,0,0,0,0,0,0,-,-,NA,NA,LOS ANGELES,GLENDALE,-118.25122012,34.16369008
6664421,2014,2014-10-22,1965,2014-09-27,1714,3808,0B10,6,5,5,1965,0,0,0,NA,0,B001,OCEAN AV,GEORGINA AV,0,NA,Y,A,-,N,NA,NA,NA,NA,NA,NA,NA,NA,NA,N,3,0,1,2,A,-,08,22107,NA,N,H,J,A,A,H,-,A,D,0,NA,Y,Y,NA,Y,NA,L,04,0,1,0,0,0,0,0,0,1,-,-,NA,NA,LOS ANGELES,SANTA MONICA,-118.51259007,34.02558008
6664422,2014,2014-10-29,1925,2014-09-30,1533,21601,146,2,5,6,1925,0,0,0,NA,0,005,VERDUGO RD,GLENCOE WY,0,NA,Y,A,-,N,NA,NA,NA,NA,NA,NA,NA,NA,NA,Y,3,0,2,2,A,-,09,21802,A,N,D,C,A,A,-,-,A,A,0,NA,NA,NA,NA,Y,NA,A,07,0,2,0,0,0,0,0,0,0,-,-,NA,NA,LOS ANGELES,GLENDALE,-118.22934004,34.1983601
6664423,2014,2014-10-20,1900,2014-08-29,1525,434609,0810,5,5,4,1960,0,0,0,NA,0,81T2,SAN DIMAS CANYON RD,GOLDEN HILLS RD,2112,N,N,A,-,N,NA,NA,NA,NA,NA,NA,NA,NA,NA,Y,2,0,1,1,A,-,05,21650,NA,N,E,I,A,A,H,-,A,D,0,NA,NA,Y,NA,Y,NA,C,02,1,0,0,0,0,0,0,0,1,-,-,NA,NA,LOS ANGELES,SAN DIMAS,-117.77460685,34.15017336
6664424,2014,2014-10-21,1925,2014-08-30,1420,22800,2,6,5,6,1925,0,0,0,NA,0,277,SAN FERNANDO RD,CENTRAL AV,0,NA,Y,A,-,N,NA,NA,NA,NA,NA,NA,NA,NA,NA,Y,3,0,1,2,A,-,09,21801,A,N,B,C,A,A,H,-,A,A,0,NA,NA,NA,NA,Y,NA,-,NA,0,1,0,0,0,0,0,0,0,-,-,34.126,-118.257,LOS ANGELES,GLENDALE,-118.25794006,34.12679002
6664426,2014,2014-10-22,1925,2014-09-28,0618,24341,174,7,5,6,1925,0,0,0,NA,0,001,GLENOAKS,NORTON,23,E,N,B,-,N,NA,NA,NA,NA,NA,NA,NA,NA,NA,Y,3,0,1,6,A,-,03,22350,NA,N,B,E,A,A,H,-,C,D,0,NA,NA,NA,NA,Y,Y,A,01,0,1,0,0,0,0,0,0,0,-,-,NA,NA,LOS ANGELES,GLENDALE,-118.2775189,34.16215259
6664427,2014,2014-10-21,1900,2014-08-20,1046,458111,NA,3,5,4,1960,0,0,0,NA,0,0814,ARROW HWY,CIENEGA AV,10,E,N,A,-,N,NA,NA,NA,NA,NA,NA,NA,NA,NA,Y,4,0,1,2,A,-,12,21453,A,N,D,C,A,A,A,-,A,A,0,NA,NA,NA,NA,Y,NA,A,01,0,0,1,0,0,0,0,0,0,-,-,NA,NA,LOS ANGELES,SAN DIMAS,-117.81653251,34.10334488
6664428,2014,2014-10-21,1925,2014-08-31,1807,20153,248,7,5,6,1925,0,0,0,NA,0,003,HARVARD ST,MARYLAND,25,E,N,A,-,N,NA,NA,NA,NA,NA,NA,NA,NA,NA,N,4,0,2,2,A,-,03,22350,NA,N,C,C,A,A,H,-,A,-,0,NA,NA,NA,NA,Y,NA,A,01,0,0,2,0,0,0,0,0,0,-,-,NA,NA,LOS ANGELES,GLENDALE,-118.25377757,34.14441196
6664429,2014,2014-10-22,1925,2014-09-07,2045,19980,254,7,5,6,1925,0,0,0,NA,0,003,GLENDALE AV,ELK AV,46,S,N,A,-,N,NA,NA,NA,NA,NA,NA,NA,NA,NA,N,4,0,1,2,A,-,10,21952,NA,N,G,B,F,A,H,-,C,D,0,Y,NA,NA,NA,Y,Y,A,07,0,0,1,0,1,0,0,0,0,-,-,NA,NA,LOS ANGELES,GLENDALE,-118.24983093,34.14150117
6664430,2014,2014-10-22,1925,2014-09-16,0747,21995,281,2,5,6,1925,0,0,0,NA,0,003,CHEVY CHASE DR,LA BOICE DR,0,NA,Y,A,-,N,NA,NA,NA,NA,NA,NA,NA,NA,NA,Y,3,0,1,2,A,-,09,21802,A,N,D,C,A,A,H,-,A,D,0,NA,NA,NA,NA,Y,NA,A,01,0,1,0,0,0,0,0,0,0,-,-,NA,NA,LOS ANGELES,GLENDALE,-118.24382006,34.13381007
6664433,2014,2014-10-22,1925,2014-09-02,0933,21995,217,2,5,6,1925,0,0,0,NA,0,002,SAN FERNANDO RD,BROADWAY,0,NA,Y,A,-,N,NA,NA,NA,NA,NA,NA,NA,NA,NA,Y,4,0,3,2,A,-,09,21801,A,N,A,C,A,A,H,-,A,A,0,NA,NA,NA,NA,Y,NA,A,01,0,0,3,0,0,0,0,0,0,-,-,NA,NA,LOS ANGELES,GLENDALE,-118.2718301,34.14678005
6664434,2014,2014-10-22,1925,2014-09-16,1521,15427,279,2,5,6,1925,0,0,0,NA,0,003,GLENDALE AV,GARFIELD AV,25,S,N,A,-,N,NA,NA,NA,NA,NA,NA,NA,NA,NA,N,4,0,1,3,A,-,03,22350,NA,N,C,C,A,A,C,D,A,D,0,NA,NA,NA,NA,Y,NA,A,01,0,0,1,0,0,0,0,0,0,-,-,NA,NA,LOS ANGELES,GLENDALE,-118.25163073,34.13576202
6664436,2014,2016-01-13,1925,2014-08-28,0858,14881,116,4,5,6,1925,0,0,0,NA,0,005,LOWELL AV,HONOLULU AV,0,NA,Y,A,-,N,NA,NA,NA,NA,NA,NA,NA,NA,NA,Y,3,0,1,2,A,-,09,21801,A,F,A,C,A,A,H,-,A,A,0,NA,NA,NA,NA,Y,NA,A,01,0,1,0,0,0,0,0,0,0,-,-,NA,NA,LOS ANGELES,GLENDALE,-118.26619011,34.23172005
6664438,2014,2014-10-22,1925,2014-09-18,1257,21601,224,4,5,6,1925,0,0,0,NA,0,002,COLUMBUS AV,BROADWAY,0,NA,Y,A,-,N,NA,NA,NA,NA,NA,NA,NA,NA,NA,N,3,0,1,2,A,-,10,21950,A,F,G,B,B,A,H,-,A,A,0,Y,NA,NA,NA,Y,NA,A,01,0,1,0,0,1,0,0,0,0,-,-,NA,NA,LOS ANGELES,GLENDALE,-118.26133001,34.14686011
6664440,2014,2014-10-21,1925,2014-08-25,0949,20089,150,1,5,6,1925,0,0,0,NA,0,004,MOUNTAIN ST,COLLEGE AV,0,NA,Y,A,-,N,NA,NA,NA,NA,NA,NA,NA,NA,NA,Y,4,0,1,2,A,-,09,21453,C,N,D,C,A,A,H,-,A,A,0,NA,NA,NA,NA,Y,NA,A,01,0,0,1,0,0,0,0,0,0,-,-,NA,NA,LOS ANGELES,GLENDALE,-118.227137,34.164589
6664446,2014,2016-01-13,1925,2014-09-24,0801,16351,280,3,5,6,1925,0,0,0,NA,0,002,BRAND BL,ACACIA AV,6,N,N,A,-,N,NA,NA,NA,NA,NA,NA,NA,NA,NA,N,3,0,1,2,A,-,00,20001,NA,F,B,G,A,A,H,-,A,D,0,NA,Y,NA,NA,Y,NA,-,99,0,1,0,0,0,0,1,0,0,-,-,NA,NA,LOS ANGELES,GLENDALE,-118.25499,34.13450645
6664450,2014,2014-10-28,1925,2014-09-16,1829,21090,240,2,5,6,1925,0,0,0,NA,0,003,WILSON AV,SINCLAIR AV,0,NA,Y,A,-,N,NA,NA,NA,NA,NA,NA,NA,NA,NA,N,3,0,1,2,A,-,10,21950,A,N,B,B,B,A,H,-,A,A,0,Y,NA,NA,NA,Y,NA,A,01,0,1,0,0,1,0,0,0,0,-,-,NA,NA,LOS ANGELES,GLENDALE,-118.23244013,34.14805011
6664454,2014,2014-10-22,1925,2014-09-10,1701,24818,237,3,5,6,1925,0,0,0,NA,0,004,CALIFORNIA AV,HOWARD ST,105,W,N,A,-,N,NA,NA,NA,NA,NA,NA,NA,NA,NA,N,4,0,1,2,A,-,05,21650,NA,N,H,G,A,A,H,-,A,A,0,NA,Y,NA,NA,Y,NA,L,04,0,0,1,0,0,0,1,0,0,-,-,NA,NA,LOS ANGELES,GLENDALE,-118.24796635,34.14998
6664471,2014,2014-11-24,1900,2014-08-24,1648,536339,0973,7,5,4,1979,0,0,0,NA,0,92T3,LA BREA AV,SANTA MONICA BL,0,NA,Y,A,-,N,NA,NA,NA,NA,NA,NA,NA,NA,NA,Y,4,0,1,2,A,-,09,21801,A,N,A,C,A,A,H,-,A,A,0,NA,NA,NA,NA,Y,NA,A,01,0,0,1,0,0,0,0,0,0,-,-,NA,NA,LOS ANGELES,WEST HOLLYWOOD,-118.34408007,34.09070004
6664476,2014,2014-10-21,9575,2014-08-14,1605,20438,NA,4,2,9,1900,0,3,5,NA,2,008,MICHILLINDA AV,COLORADO BL,75,N,N,A,-,N,NA,NA,NA,NA,NA,NA,NA,NA,NA,N,4,0,1,2,A,-,03,22350,NA,N,C,C,A,A,H,-,A,D,0,NA,NA,NA,NA,Y,NA,A,01,0,0,1,0,0,0,0,0,0,-,-,34.14867,-118.06782,LOS ANGELES,UNINCORPORATED,-118.06778522,34.1481356
6664483,2014,2014-10-20,1942,2014-09-28,0050,33340,1925,7,5,7,1942,0,0,0,NA,0,21T61,FRANK MODUGNO DR,SAYER ST,227,S,N,A,-,N,NA,NA,NA,NA,NA,NA,NA,NA,NA,Y,3,0,1,1,A,-,01,23152,A,N,E,J,A,A,H,-,A,D,0,NA,NA,NA,NA,Y,Y,A,01,0,1,0,0,0,0,0,0,0,-,-,NA,NA,LOS ANGELES,LOS ANGELES,-118.45129522,34.29404131