CASE_ID,ACCIDENT_YEAR,PROC_DATE,JURIS,COLLISION_DATE,COLLISION_TIME,OFFICER_ID,REPORTING_DISTRICT,DAY_OF_WEEK,CHP_SHIFT,POPULATION,CNTY_CITY_LOC,SPECIAL_COND,BEAT_TYPE,CHP_BEAT_TYPE,CITY_DIVISION_LAPD,CHP_BEAT_CLASS,BEAT_NUMBER,PRIMARY_RD,SECONDARY_RD,DISTANCE,DIRECTION,INTERSECTION,WEATHER_1,WEATHER_2,STATE_HWY_IND,CALTRANS_COUNTY,CALTRANS_DISTRICT,STATE_ROUTE,ROUTE_SUFFIX,POSTMILE_PREFIX,POSTMILE,LOCATION_TYPE,RAMP_INTERSECTION,SIDE_OF_HWY,TOW_AWAY,COLLISION_SEVERITY,NUMBER_KILLED,NUMBER_INJURED,PARTY_COUNT,PRIMARY_COLL_FACTOR,PCF_CODE_OF_VIOL,PCF_VIOL_CATEGORY,PCF_VIOLATION,PCF_VIOL_SUBSECTION,HIT_AND_RUN,TYPE_OF_COLLISION,MVIW,PED_ACTION,ROAD_SURFACE,ROAD_COND_1,ROAD_COND_2,LIGHTING,CONTROL_DEVICE,CHP_ROAD_TYPE,PEDESTRIAN_ACCIDENT,BICYCLE_ACCIDENT,MOTORCYCLE_ACCIDENT,TRUCK_ACCIDENT,NOT_PRIVATE_PROPERTY,ALCOHOL_INVOLVED,STWD_VEHTYPE_AT_FAULT,CHP_VEHTYPE_AT_FAULT,COUNT_SEVERE_INJ,COUNT_VISIBLE_INJ,COUNT_COMPLAINT_PAIN,COUNT_PED_KILLED,COUNT_PED_INJURED,COUNT_BICYCLIST_KILLED,COUNT_BICYCLIST_INJURED,COUNT_MC_KILLED,COUNT_MC_INJURED,PRIMARY_RAMP,SECONDARY_RAMP,LATITUDE,LONGITUDE,COUNTY,CITY,POINT_X,POINT_Y
6664487,2014,2014-10-21,1942,2014-09-20,0355,38995,1918,6,5,7,1942,0,0,0,NA,0,10T37,ROXFORD ST,HERRICK AV,270,E,N,A,-,N,NA,NA,NA,NA,NA,NA,NA,NA,NA,Y,4,0,1,2,A,-,01,23152,A,N,C,E,A,A,H,-,C,-,0,NA,NA,NA,NA,Y,Y,A,01,0,0,1,0,0,0,0,0,0,-,-,NA,NA,LOS ANGELES,LOS ANGELES,-118.4661154,34.31626478
6664491,2014,2014-10-20,1942,2014-09-11,1830,35991,2185,4,5,7,1942,0,0,0,NA,0,21A42,SAN LUIS AV,SAN FELICIANO DR,0,NA,Y,A,-,N,NA,NA,NA,NA,NA,NA,NA,NA,NA,Y,4,0,1,1,D,-,00,NA,NA,N,A,I,A,A,H,-,A,D,0,NA,NA,NA,NA,Y,NA,-,-,0,0,1,0,0,0,0,0,0,-,-,NA,NA,LOS ANGELES,LOS ANGELES,-118.6103701,34.16598004
6664503,2014,2014-10-20,1942,2014-09-25,0320,40643,2141,4,5,7,1942,0,0,0,NA,0,10T37,VICTORY BL,VALLEY CIR,10,E,N,A,-,N,NA,NA,NA,NA,NA,NA,NA,NA,NA,Y,3,0,1,1,A,-,01,23152,A,N,A,I,A,A,H,-,A,A,0,NA,NA,NA,NA,Y,NA,A,01,0,1,0,0,0,0,0,0,0,-,-,NA,NA,LOS ANGELES,LOS ANGELES,-118.65580708,34.18464801
6664518,2014,2014-10-22,1969,2014-09-23,0803,10119,PTROL,2,5,5,1969,0,0,0,NA,0,A 2,SOUTHERN AV,CALIFORNIA AV,40,W,N,A,-,N,NA,NA,NA,NA,NA,NA,NA,NA,NA,N,4,0,2,2,A,-,03,22350,NA,N,C,C,A,A,H,-,A,A,0,NA,NA,NA,NA,Y,NA,A,07,0,0,2,0,0,0,0,0,0,-,-,NA,NA,LOS ANGELES,SOUTH GATE,-118.20669051,33.95110424
6664525,2014,2014-10-22,1965,2014-09-26,0909,3178,B3C,5,5,5,1965,0,0,0,NA,0,B003,20TH ST,COLORADO,48,S,N,A,-,N,NA,NA,NA,NA,NA,NA,NA,NA,NA,N,3,0,1,2,A,-,10,21950,A,N,G,B,B,A,H,-,A,A,0,Y,NA,NA,NA,Y,NA,A,01,0,1,0,0,1,0,0,0,0,-,-,NA,NA,LOS ANGELES,SANTA MONICA,-118.47679941,34.02591588
6664528,2014,2014-10-21,1942,2014-09-12,1140,37080,2158,5,5,7,1942,0,0,0,NA,0,21TL63,WINNETKA AV,VICTORY BL,340,S,N,A,-,N,NA,NA,NA,NA,NA,NA,NA,NA,NA,N,3,0,1,2,A,-,05,21460,C,N,D,C,A,A,H,-,A,A,0,NA,NA,NA,NA,Y,NA,A,08,0,1,0,0,0,0,0,0,0,-,-,NA,NA,LOS ANGELES,LOS ANGELES,-118.57096934,34.1847973
6664529,2014,2014-10-22,1965,2014-09-30,0940,2606,0B4E,2,5,5,1965,0,0,0,NA,0,004,MONTANA AV,ALLEY 13,0,NA,Y,A,-,N,NA,NA,NA,NA,NA,NA,NA,NA,NA,N,3,0,1,2,A,-,08,22107,NA,N,D,G,A,A,H,-,A,D,0,NA,Y,NA,NA,Y,NA,A,01,0,1,0,0,0,0,1,0,0,-,-,NA,NA,LOS ANGELES,SANTA MONICA,NA,NA
6664530,2014,2014-10-22,1969,2014-09-23,0745,10119,PTROL,2,5,5,1969,0,0,0,NA,0,0A2,LIBERTY BL,STATE ST,35,W,N,A,-,N,NA,NA,NA,NA,NA,NA,NA,NA,NA,N,4,0,1,2,A,-,09,21804,B,N,D,C,A,A,H,-,A,A,0,NA,NA,NA,NA,Y,NA,A,01,0,0,1,0,0,0,0,0,0,-,-,NA,NA,LOS ANGELES,SOUTH GATE,-118.21143457,33.96073996
6664532,2014,2014-10-21,1942,2014-09-09,1035,39085,2158,2,5,7,1942,0,0,0,NA,0,15TL47,VICTORY BL,WINNETKA AV,517,E,N,A,-,N,NA,NA,NA,NA,NA,NA,NA,NA,NA,Y,4,0,2,2,A,-,09,21804,A,N,D,C,A,A,H,-,A,D,0,NA,NA,NA,NA,Y,NA,A,01,0,0,2,0,0,0,0,0,0,-,-,NA,NA,LOS ANGELES,LOS ANGELES,-118.56932375,34.1854658
6664533,2014,2014-10-22,1965,2014-09-18,1400,3238,0B1N,4,5,5,1965,0,0,0,NA,0,001,OCEAN AV,WASHINGTON BL,123,S,N,A,-,N,NA,NA,NA,NA,NA,NA,NA,NA,NA,N,3,0,1,2,A,-,06,21750,NA,N,D,C,A,A,H,-,A,D,0,NA,NA,NA,NA,Y,NA,-,NA,0,1,0,0,0,0,0,0,0,-,-,NA,NA,LOS ANGELES,SANTA MONICA,-118.50411738,34.01931039
6664534,2014,2014-10-22,1976,2014-09-26,1953,858,NA,5,5,5,1976,0,0,0,NA,0,001,PICKERING AV,HADLEY ST,45,S,N,A,-,N,NA,NA,NA,NA,NA,NA,NA,NA,NA,N,3,0,1,2,A,-,11,21954,A,N,G,B,D,A,H,-,C,D,0,Y,NA,NA,NA,Y,NA,N,60,0,1,0,0,1,0,0,0,0,-,-,NA,NA,LOS ANGELES,WHITTIER,-118.04206,33.98258662
6664536,2014,2014-10-21,1942,2014-09-09,1635,38471,2187,2,5,7,1942,0,0,0,NA,0,16TL26,ALHAMA DR,VENTURA BL,15,S,N,A,-,N,NA,NA,NA,NA,NA,NA,NA,NA,NA,N,3,0,1,2,A,-,10,21950,A,N,A,B,B,A,H,-,A,A,0,Y,NA,NA,NA,Y,NA,A,01,0,1,0,0,1,0,0,0,0,-,-,NA,NA,LOS ANGELES,LOS ANGELES,-118.59278266,34.16691022
6664538,2014,2014-10-22,1969,2014-09-14,1015,10097,PTROL,7,5,5,1969,0,0,0,NA,0,A 3,SOUTHERN AV,MCNERNEY AV,0,NA,Y,A,-,N,NA,NA,NA,NA,NA,NA,NA,NA,NA,Y,4,0,1,2,A,-,09,21802,A,N,D,C,A,A,H,-,A,D,0,NA,NA,NA,NA,Y,NA,A,07,0,0,1,0,0,0,0,0,0,-,-,NA,NA,LOS ANGELES,SOUTH GATE,-118.19564013,33.94993003
6664540,2014,2014-10-21,1942,2014-09-30,1430,38471,2158,2,5,7,1942,0,0,0,NA,0,16T26,VICTORY BL,VARIEL AV,19,W,N,A,-,N,NA,NA,NA,NA,NA,NA,NA,NA,NA,N,4,0,1,2,A,-,09,21801,A,N,D,C,A,A,H,-,A,A,0,NA,NA,NA,NA,Y,NA,A,01,0,0,1,0,0,0,0,0,0,-,-,NA,NA,LOS ANGELES,LOS ANGELES,-118.59282272,34.18836
6664541,2014,2014-10-22,1965,2014-09-30,1738,3270,SM,2,5,5,1965,0,0,0,NA,0,002,PICO BL,PICO BL 3200,0,NA,-,A,-,N,NA,NA,NA,NA,NA,NA,NA,NA,NA,Y,4,0,1,2,D,-,00,NA,NA,N,H,A,A,A,H,-,B,D,0,NA,NA,NA,NA,Y,NA,-,-,0,0,1,0,0,0,0,0,0,-,-,NA,NA,LOS ANGELES,SANTA MONICA,-118.455975,34.026525
6664542,2014,2014-10-22,1969,2014-09-18,0455,10073,PTROL,4,5,5,1969,0,0,0,NA,0,0A3,FIRESTONE BL,MCNERNEY AV,55,E,N,A,-,N,NA,NA,NA,NA,NA,NA,NA,NA,NA,Y,4,0,1,4,A,-,08,22107,NA,N,B,E,A,A,H,-,C,D,0,NA,NA,NA,NA,Y,NA,A,01,0,0,1,0,0,0,0,0,0,-,-,NA,NA,LOS ANGELES,SOUTH GATE,-118.19497114,33.95309692
6664546,2014,2014-10-22,1969,2014-09-14,1315,10097,PTRL,7,5,5,1969,0,0,0,NA,0,A 5,FIRESTONE BL,GARFIELD AV,0,NA,Y,A,-,N,NA,NA,NA,NA,NA,NA,NA,NA,NA,Y,3,0,3,2,A,-,09,21801,A,N,-,C,A,A,H,-,A,A,0,NA,NA,NA,NA,Y,NA,A,01,0,1,2,0,0,0,0,0,0,-,-,NA,NA,LOS ANGELES,SOUTH GATE,-118.16525012,33.94909008
6664548,2014,2014-10-21,1942,2014-09-19,1255,37080,2111,5,5,7,1942,0,0,0,NA,0,21TL63,VALLEY CIR,DORIE DR,279,N,N,A,-,N,NA,NA,NA,NA,NA,NA,NA,NA,NA,Y,4,0,1,1,A,-,03,22350,NA,N,F,I,A,A,H,-,A,A,0,NA,NA,NA,NA,Y,NA,A,07,0,0,1,0,0,0,0,0,0,-,-,NA,NA,LOS ANGELES,LOS ANGELES,-118.6475914,34.20882508
6664552,2014,2014-10-21,1942,2014-09-03,1141,40068,2189,3,5,7,1942,0,0,0,NA,0,21A57,VENTURA BL,DON PIO DR,220,W,N,A,-,N,NA,NA,NA,NA,NA,NA,NA,NA,NA,N,4,0,1,2,A,-,03,22350,NA,N,C,C,A,A,H,-,A,D,0,NA,NA,NA,NA,Y,NA,A,01,0,0,1,0,0,0,0,0,0,-,-,NA,NA,LOS ANGELES,LOS ANGELES,-118.60455542,34.16847199
6664554,2014,2014-10-22,1900,2014-09-24,1400,507889,2111,3,5,5,1943,0,0,0,NA,0,212T3,STATE ST,MLK BL,20,N,N,A,-,N,NA,NA,NA,NA,NA,NA,NA,NA,NA,N,4,0,1,2,A,-,09,21801,A,N,A,C,A,A,H,-,A,A,0,NA,NA,NA,NA,Y,NA,A,01,0,0,1,0,0,0,0,0,0,-,-,NA,NA,LOS ANGELES,LYNWOOD,-118.215588,33.937098
6664556,2014,2014-10-21,1942,2014-09-03,1515,39600,2147,3,5,7,1942,0,0,0,NA,0,21Z9,SHERMAN WY,LURLINE AV,300,E,N,A,-,N,NA,NA,NA,NA,NA,NA,NA,NA,NA,Y,3,0,1,3,A,-,03,22350,NA,N,D,E,A,A,H,-,A,D,0,NA,NA,NA,NA,Y,NA,A,01,0,1,0,0,0,0,0,0,0,-,-,NA,NA,LOS ANGELES,LOS ANGELES,-118.58314961,34.20112
6664560,2014,2014-10-24,1942,2014-09-23,0545,3985,2107,2,5,7,1942,0,0,0,NA,0,15TL47,PARTHENIA ST,CANOGA AV,0,NA,Y,A,-,N,NA,NA,NA,NA,NA,NA,NA,NA,NA,Y,4,0,1,2,A,-,12,21453,A,N,D,C,A,A,H,-,A,A,0,NA,NA,NA,NA,Y,NA,-,-,0,0,1,0,0,0,0,0,0,-,-,NA,NA,LOS ANGELES,LOS ANGELES,-118.59754007,34.2282001
6664562,2014,2014-12-15,1942,2014-10-05,0325,40643,1602,7,5,7,1942,0,0,0,P,0,19T75,DRONFIELD AV,PAXTON ST,2,E,N,A,-,N,NA,NA,NA,NA,NA,NA,NA,NA,NA,Y,2,0,1,1,A,-,01,23152,A,N,A,I,A,A,H,-,C,A,0,NA,NA,NA,NA,Y,Y,A,01,1,0,0,0,0,0,0,0,0,-,-,NA,NA,LOS ANGELES,LOS ANGELES,-118.41144565,34.28441587
6664569,2014,2014-12-15,1956,2014-10-02,0739,1236,26,4,5,5,1956,0,0,0,NA,0,002,DIAMOND ST,MARIA AV,0,NA,Y,A,-,N,NA,NA,NA,NA,NA,NA,NA,NA,NA,N,3,0,1,2,A,-,11,21956,NA,N,G,B,E,A,H,-,A,D,0,Y,NA,NA,NA,Y,NA,N,60,0,1,0,0,1,0,0,0,0,-,-,NA,NA,LOS ANGELES,REDONDO BEACH,-118.38053009,33.85029007
6664577,2014,2014-12-16,1956,2014-10-04,1500,1252,01,6,5,5,1956,0,0,0,NA,0,001,CATALINA AV,PALOS VERDES BL,0,NA,Y,A,-,N,NA,NA,NA,NA,NA,NA,NA,NA,NA,N,3,0,2,3,A,-,10,21950,A,N,G,B,B,A,H,-,A,A,0,Y,NA,NA,NA,Y,NA,A,07,0,1,1,0,2,0,0,0,0,-,-,NA,NA,LOS ANGELES,REDONDO BEACH,-118.38659005,33.81540006
6664578,2014,2014-12-16,1942,2014-10-05,0925,37080,2148,7,5,7,1942,0,0,0,NA,0,21TL63,MASON AV,SHERMAN WY,207,N,N,A,-,N,NA,NA,NA,NA,NA,NA,NA,NA,NA,Y,4,0,1,2,A,-,09,21804,A,N,D,C,A,A,H,-,A,D,0,NA,NA,NA,NA,Y,NA,A,07,0,0,1,0,0,0,0,0,0,-,-,NA,NA,LOS ANGELES,LOS ANGELES,-118.57972,34.20157757
6664609,2014,2014-12-15,1976,2014-10-03,1548,MOREY,NA,5,5,5,1976,0,0,0,NA,0,002,NEWLIN AV,MAR VISTA ST,20,N,N,A,-,N,NA,NA,NA,NA,NA,NA,NA,NA,NA,Y,4,0,1,2,A,-,08,22107,NA,N,B,C,A,A,H,-,A,D,0,NA,NA,NA,NA,Y,NA,A,01,0,0,1,0,0,0,0,0,0,-,-,NA,NA,LOS ANGELES,WHITTIER,-118.04092875,33.97373483
6664617,2014,2014-12-15,1976,2014-10-03,2111,858,NA,5,5,5,1976,0,0,0,NA,0,001,HAVILAND AV,HADLEY ST,15,N,N,A,-,N,NA,NA,NA,NA,NA,NA,NA,NA,NA,N,2,0,1,2,A,-,-,NA,NA,N,G,B,B,A,H,-,C,D,0,Y,NA,NA,NA,Y,NA,A,07,1,0,0,0,1,0,0,0,0,-,-,NA,NA,LOS ANGELES,WHITTIER,-118.0317,33.98271
6664621,2014,2014-12-15,1902,2014-10-05,0837,708,14,7,5,5,1902,0,0,0,NA,0,002,2ND AV,HUNTINGTON DR,18,S,N,A,-,N,NA,NA,NA,NA,NA,NA,NA,NA,NA,N,4,0,1,2,A,-,04,21703,NA,N,C,C,A,A,H,-,A,A,0,NA,NA,NA,NA,Y,NA,A,01,0,0,1,0,0,0,0,0,0,-,-,NA,NA,LOS ANGELES,ARCADIA,-118.02489,34.14008065
6664622,2014,2014-12-15,1962,2014-10-09,2246,054,1962,4,5,4,1962,0,0,0,NA,0,024,BROADWAY,CHARLOTTE AV,0,NA,Y,A,-,N,NA,NA,NA,NA,NA,NA,NA,NA,NA,Y,4,0,5,2,A,-,09,21802,A,N,D,C,A,A,H,-,C,A,0,NA,NA,NA,NA,Y,NA,A,07,0,0,5,0,0,0,0,0,0,-,-,NA,NA,LOS ANGELES,SAN GABRIEL,-118.08849006,34.09905008
6664624,2014,2014-12-10,1942,2014-10-03,2120,35471,0901,5,5,7,1942,0,0,0,I,0,19T75,SEPULVEDA BL,COVELLO ST,0,NA,Y,A,-,N,NA,NA,NA,NA,NA,NA,NA,NA,NA,N,2,0,1,2,A,-,10,21950,A,N,G,B,B,A,H,-,C,A,0,Y,NA,NA,NA,Y,NA,A,01,1,0,0,0,1,0,0,0,0,-,-,NA,NA,LOS ANGELES,LOS ANGELES,-118.46621004000001,34.20753011
6664632,2014,2014-12-10,1942,2014-10-05,2120,40820,1716,7,5,7,1942,0,0,0,Q,0,16T23,MILWOOD DR,EL ORO WY,31,E,N,A,-,N,NA,NA,NA,NA,NA,NA,NA,NA,NA,N,3,0,2,1,A,-,01,23152,A,N,H,A,A,A,H,-,C,D,0,NA,NA,Y,NA,Y,Y,C,02,0,2,0,0,0,0,0,0,2,-,-,NA,NA,LOS ANGELES,LOS ANGELES,-118.503213,34.287441
6664633,2014,2014-12-15,1976,2014-10-02,1422,MOREY,NA,4,5,5,1976,0,0,0,NA,0,001,BAILEY ST,PAINTER AV,20,E,N,A,-,N,NA,NA,NA,NA,NA,NA,NA,NA,NA,N,4,0,1,2,A,-,21,22106,NA,N,H,C,A,A,H,-,A,A,0,NA,NA,NA,NA,Y,NA,A,01,0,0,1,0,0,0,0,0,0,-,-,NA,NA,LOS ANGELES,WHITTIER,-118.0326242,33.98090833
6664636,2014,2014-12-10,1942,2014-10-03,2310,32828,1003,5,5,7,1942,0,0,0,J,0,35T70,ROSCOE BL,WILBUR AV,60,E,N,A,-,N,NA,NA,NA,NA,NA,NA,NA,NA,NA,Y,3,0,2,2,A,-,03,22350,NA,N,B,C,A,A,H,-,C,A,0,NA,NA,NA,NA,Y,NA,A,01,0,2,0,0,0,0,0,0,0,-,-,NA,NA,LOS ANGELES,LOS ANGELES,-118.5446119,34.22061305
6664640,2014,2015-08-03,1942,2014-10-02,1920,27792,1028,4,5,7,1942,0,0,0,J,0,10T35W,BALBOA BL,SHERMAN WAY,379,N,N,A,-,N,NA,NA,NA,NA,NA,NA,NA,NA,NA,N,2,0,1,2,A,-,11,21955,NA,F,G,B,D,A,H,-,C,D,0,Y,NA,NA,NA,Y,Y,N,60,1,0,0,0,1,0,0,0,0,-,-,NA,NA,LOS ANGELES,LOS ANGELES,-118.50113,34.20226957
6664706,2014,2014-11-12,1916,2014-09-25,0753,1853,33,4,5,4,1916,0,0,0,NA,0,001,CYPRESS ST,BARRANCA AV,154,E,N,A,-,N,NA,NA,NA,NA,NA,NA,NA,NA,NA,N,4,0,2,2,A,-,09,21804,A,N,D,C,A,A,H,-,A,D,0,NA,NA,NA,NA,Y,NA,D,22,0,0,2,0,0,0,0,0,0,-,-,NA,NA,LOS ANGELES,COVINA,-117.88089255,34.09573242
6664789,2014,2014-12-12,1942,2014-10-04,1900,30211,0477,6,5,7,1942,0,0,0,D,0,4A98,SOTO ST,TERRACE HEIGHTS,64,S,N,A,-,N,NA,NA,NA,NA,NA,NA,NA,NA,NA,N,2,0,1,2,A,-,10,21950,C,N,G,B,E,A,G,-,C,D,0,Y,NA,NA,NA,Y,NA,A,01,1,0,0,0,1,0,0,0,0,-,-,NA,NA,LOS ANGELES,LOS ANGELES,-118.21493794,34.03559458
6664793,2014,2014-12-12,1942,2014-10-02,1542,39049,0423,4,5,7,1942,0,0,0,D,0,1T24W5,GRIFFIN AV,MAIN ST,52,N,N,A,-,N,NA,NA,NA,NA,NA,NA,NA,NA,NA,Y,3,0,3,5,A,-,03,22350,NA,F,C,E,A,A,H,-,A,D,0,NA,NA,NA,NA,Y,NA,A,01,0,3,0,0,0,0,0,0,0,-,-,NA,NA,LOS ANGELES,LOS ANGELES,-118.21157348,34.06616257
6664797,2014,2014-12-12,1942,2014-10-05,1550,34426,0461,7,5,7,1942,0,0,0,D,0,4TL43,4TH ST,GLESS ST,15,W,N,A,-,N,NA,NA,NA,NA,NA,NA,NA,NA,NA,N,3,0,2,2,A,-,05,21650,1,N,D,G,A,A,H,-,A,D,0,NA,Y,NA,NA,Y,NA,L,04,0,1,1,0,0,0,2,0,0,-,-,NA,NA,LOS ANGELES,LOS ANGELES,-118.22280926,34.04291672
6664862,2014,2015-05-16,1948,2014-09-18,1806,414,1948,4,5,5,1948,0,0,0,NA,0,002,HELLMAN AV,CHAPEL AV,5,W,N,A,-,N,NA,NA,NA,NA,NA,NA,NA,NA,NA,Y,4,0,2,2,A,-,09,21804,A,N,A,C,A,A,H,-,A,D,0,NA,NA,NA,NA,Y,NA,-,NA,0,0,2,0,0,0,0,0,0,-,-,NA,NA,LOS ANGELES,MONTEREY PARK,-118.11965648,34.06977
6664881,2014,2014-11-06,1916,2014-09-19,1307,2161,21,5,5,4,1916,0,0,0,NA,0,003,2ND ST,S BROOKPORT ST,53,S,N,A,-,N,NA,NA,NA,NA,NA,NA,NA,NA,NA,Y,4,0,1,3,A,-,08,22107,NA,N,B,E,A,A,H,-,A,D,0,NA,NA,NA,NA,Y,NA,A,01,0,0,1,0,0,0,0,0,0,-,-,NA,NA,LOS ANGELES,COVINA,-117.88779,34.09850471
6664885,2014,2014-11-06,1916,2014-09-28,1330,2044,50A,7,5,4,1916,0,0,0,NA,0,002,HOLLENBECK AV,PUENTE ST,0,NA,Y,B,-,N,NA,NA,NA,NA,NA,NA,NA,NA,NA,Y,4,0,1,1,A,-,03,22350,NA,N,B,I,A,A,H,-,A,A,0,NA,NA,NA,NA,Y,NA,-,NA,0,0,1,0,0,0,0,0,0,-,-,NA,NA,LOS ANGELES,COVINA,-117.89895,34.08269008
6664887,2014,2014-11-13,1948,2014-09-09,1257,398,1948,2,5,5,1948,0,0,0,NA,0,001,1ST ST,COLLEGIAN AV,0,NA,Y,A,-,N,NA,NA,NA,NA,NA,NA,NA,NA,NA,N,3,0,1,2,A,-,10,21950,A,N,G,B,B,A,H,-,A,A,0,Y,NA,NA,NA,Y,NA,A,01,0,1,0,0,1,0,0,0,0,-,-,NA,NA,LOS ANGELES,MONTEREY PARK,-118.14891011,34.0371701
6664889,2014,2015-01-08,1916,2014-09-19,2118,2624,62A,5,5,4,1916,0,0,0,NA,0,001,PUENTE ST,GLENDORA AV,0,NA,Y,A,-,N,NA,NA,NA,NA,NA,NA,NA,NA,NA,Y,4,0,1,1,A,-,01,23152,A,N,A,I,A,A,H,-,C,D,0,NA,NA,NA,NA,Y,Y,A,NA,0,0,1,0,0,0,0,0,0,-,-,NA,NA,LOS ANGELES,COVINA,-117.8637501,34.08254011
6664893,2014,2014-11-06,1916,2014-09-30,0636,2285,22A,2,5,4,1916,0,0,0,NA,0,003,GRAND AV,CYPRESS ST,0,NA,Y,A,-,N,NA,NA,NA,NA,NA,NA,NA,NA,NA,N,4,0,1,2,A,-,05,21202,A,N,-,G,A,-,H,-,A,A,0,NA,Y,NA,NA,Y,NA,L,04,0,0,1,0,0,0,1,0,0,-,-,NA,NA,LOS ANGELES,COVINA,-117.87265009,34.09570002
6664897,2014,2014-11-06,1916,2014-09-04,0156,2653,3A,4,5,4,1916,0,0,0,NA,0,004,N HOLLENBECK AV,ARROW HWY,571,S,N,A,-,N,NA,NA,NA,NA,NA,NA,NA,NA,NA,Y,2,0,2,1,A,-,01,23153,A,N,E,I,A,A,H,-,C,D,0,NA,NA,NA,NA,Y,Y,A,01,1,1,0,0,0,0,0,0,0,-,-,NA,NA,LOS ANGELES,COVINA,-117.89897087,34.10520469
6664901,2014,2015-01-08,1916,2014-09-12,1822,2624,5C,5,5,4,1916,0,0,0,NA,0,003,COVINA BL,BARRANCA,0,NA,Y,A,-,N,NA,NA,NA,NA,NA,NA,NA,NA,NA,Y,4,0,2,3,A,-,12,21453,A,N,B,C,A,A,H,-,A,A,0,NA,NA,NA,NA,Y,NA,A,01,0,0,2,0,0,0,0,0,0,-,-,NA,NA,LOS ANGELES,COVINA,-117.88143006,34.09942003
6664905,2014,2015-01-08,1916,2014-09-06,1602,2235,49A,6,5,4,1916,0,0,0,NA,0,002,CITRUS AV,COLLEGE,54,S,N,A,-,N,NA,NA,NA,NA,NA,NA,NA,NA,NA,Y,4,0,2,3,A,-,08,22107,NA,N,A,B,F,A,H,-,A,A,0,Y,NA,NA,NA,Y,NA,A,01,0,0,2,0,1,0,0,0,0,-,-,NA,NA,LOS ANGELES,COVINA,-117.89016745,34.08728198
6664907,2014,2014-11-13,1948,2014-09-14,0022,441,ALHAM,7,5,5,1948,0,0,0,NA,0,003,GARFIELD AV,GRANDRIDGE AV,927,S,N,A,-,N,NA,NA,NA,NA,NA,NA,NA,NA,NA,Y,4,0,2,4,A,-,08,22107,NA,N,B,E,A,A,H,-,C,D,0,NA,NA,NA,NA,Y,NA,-,NA,0,0,2,0,0,0,0,0,0,-,-,NA,NA,LOS ANGELES,MONTEREY PARK,-118.12669387,34.05275548
6664911,2014,2014-12-01,1948,2014-09-26,2313,447,1948,5,5,5,1948,0,0,0,NA,0,001,MONTEREY PASS RD,MABEL AV,161,N,N,A,-,N,NA,NA,NA,NA,NA,NA,NA,NA,NA,Y,3,0,1,1,A,-,03,22350,NA,N,F,I,A,A,H,-,C,D,0,NA,NA,NA,NA,Y,NA,-,NA,0,1,0,0,0,0,0,0,0,-,-,NA,NA,LOS ANGELES,MONTEREY PARK,-118.14289828,34.06038782
6664915,2014,2014-11-13,1948,2014-09-14,1023,391,NA,7,5,5,1948,0,0,0,NA,0,004,GARVEY AV,ALHAMBRA AV,0,NA,Y,A,-,N,NA,NA,NA,NA,NA,NA,NA,NA,NA,N,4,0,1,2,A,-,08,22100,A,N,D,C,A,A,H,-,A,A,0,NA,NA,NA,NA,Y,NA,-,NA,0,0,1,0,0,0,0,0,0,-,-,NA,NA,LOS ANGELES,MONTEREY PARK,-118.11680013,34.06260012
6664917,2014,2014-11-06,1916,2014-09-06,1447,2565,20A,6,5,4,1916,0,0,0,NA,0,003,COVINA BL,CITRUS AV,0,NA,Y,A,-,N,NA,NA,NA,NA,NA,NA,NA,NA,NA,Y,4,0,1,2,A,-,09,21801,A,N,D,C,A,A,H,-,A,A,0,NA,NA,NA,NA,Y,NA,A,01,0,0,1,0,0,0,0,0,0,-,-,NA,NA,LOS ANGELES,COVINA,-117.89019006,34.09943007
6664919,2014,2014-11-13,1948,2014-09-18,0943,400,1948,4,5,5,1948,0,0,0,NA,0,002,MCPHERRIN AV,AVONDALE AV,0,NA,Y,A,-,N,NA,NA,NA,NA,NA,NA,NA,NA,NA,Y,4,0,1,2,A,-,09,21802,A,N,D,C,A,A,H,-,A,D,0,NA,NA,NA,NA,Y,NA,-,NA,0,0,1,0,0,0,0,0,0,-,-,NA,NA,LOS ANGELES,MONTEREY PARK,-118.12759008,34.06370011
6664921,2014,2014-11-06,1900,2014-09-25,0900,522454,0264,4,5,4,1917,0,0,0,NA,0,26T,ATLANTIC AV,SALT LAKE AV,0,NA,Y,A,-,N,NA,NA,NA,NA,NA,NA,NA,NA,NA,N,3,0,1,2,A,-,12,21453,A,N,H,G,A,A,H,-,A,A,0,NA,Y,NA,NA,Y,NA,L,04,0,1,0,0,0,0,1,0,0,-,-,NA,NA,LOS ANGELES,CUDAHY,-118.18397001,33.95555012
6664923,2014,2014-11-13,1948,2014-09-18,2134,357,1948,4,5,5,1948,0,0,0,NA,0,003,ATLANTIC BL,CADIZ ST,0,NA,Y,A,-,N,NA,NA,NA,NA,NA,NA,NA,NA,NA,Y,4,0,1,2,A,-,01,23153,A,N,C,C,A,A,H,-,C,A,0,NA,NA,NA,NA,Y,Y,-,NA,0,0,1,0,0,0,0,0,0,-,-,NA,NA,LOS ANGELES,MONTEREY PARK,-118.13771005,34.05151005
6664925,2014,2014-11-06,1900,2014-09-23,1820,527696,0243,2,5,3,1914,0,0,0,NA,0,27T,ATLANTIC BL,JARDINE ST,112,S,N,A,-,N,NA,NA,NA,NA,NA,NA,NA,NA,NA,N,4,0,1,3,A,-,03,22350,NA,N,C,C,A,A,H,-,A,A,0,NA,NA,NA,NA,Y,NA,A,07,0,0,1,0,0,0,0,0,0,-,-,NA,NA,LOS ANGELES,COMMERCE,-118.1652779,34.00470807